input_file,line_in_file,position_in_file,component,old_row,new_row
basins_carbon.tes,3,1,cbn_tes,"{'Line in File': '3', 'Position in File': '1', 'Condition': '-', 'Local (Y/N)': 'N', 'TYPE': '-', 'Component': 'cbn_tes', 'Type': 'unknown', 'Dimensions': '-', 'Swat_codetype': 'cbn_tes'}",{}
basins_carbon.tes,3,1,er_POC_para,{},"{'Line in File': '3', 'Position in File': '1', 'Condition': '-', 'Local (Y/N)': 'N', 'TYPE': 'cbn_tes', 'Component': 'er_POC_para', 'Type': 'real', 'Dimensions': '-', 'Swat_codetype': 'cbn_tes'}"
basins_carbon.tes,3,10,ABCO2_para_sur,{},"{'Line in File': '3', 'Position in File': '10', 'Condition': '-', 'Local (Y/N)': 'N', 'TYPE': 'cbn_tes', 'Component': 'ABCO2_para_sur', 'Type': 'real', 'Dimensions': '-', 'Swat_codetype': 'cbn_tes'}"
basins_carbon.tes,3,11,ABCO2_para_sub,{},"{'Line in File': '3', 'Position in File': '11', 'Condition': '-', 'Local (Y/N)': 'N', 'TYPE': 'cbn_tes', 'Component': 'ABCO2_para_sub', 'Type': 'real', 'Dimensions': '-', 'Swat_codetype': 'cbn_tes'}"
basins_carbon.tes,3,12,ABP_para_sur,{},"{'Line in File': '3', 'Position in File': '12', 'Condition': '-', 'Local (Y/N)': 'N', 'TYPE': 'cbn_tes', 'Component': 'ABP_para_sur', 'Type': 'real', 'Dimensions': '-', 'Swat_codetype': 'cbn_tes'}"
basins_carbon.tes,3,13,ABP_para_sub,{},"{'Line in File': '3', 'Position in File': '13', 'Condition': '-', 'Local (Y/N)': 'N', 'TYPE': 'cbn_tes', 'Component': 'ABP_para_sub', 'Type': 'real', 'Dimensions': '-', 'Swat_codetype': 'cbn_tes'}"
basins_carbon.tes,3,14,ALMCO2_para_sur,{},"{'Line in File': '3', 'Position in File': '14', 'Condition': '-', 'Local (Y/N)': 'N', 'TYPE': 'cbn_tes', 'Component': 'ALMCO2_para_sur', 'Type': 'real', 'Dimensions': '-', 'Swat_codetype': 'cbn_tes'}"
basins_carbon.tes,3,15,ALMCO2_para_sub,{},"{'Line in File': '3', 'Position in File': '15', 'Condition': '-', 'Local (Y/N)': 'N', 'TYPE': 'cbn_tes', 'Component': 'ALMCO2_para_sub', 'Type': 'real', 'Dimensions': '-', 'Swat_codetype': 'cbn_tes'}"
basins_carbon.tes,3,16,ALSLNCO2_para_sur,{},"{'Line in File': '3', 'Position in File': '16', 'Condition': '-', 'Local (Y/N)': 'N', 'TYPE': 'cbn_tes', 'Component': 'ALSLNCO2_para_sur', 'Type': 'real', 'Dimensions': '-', 'Swat_codetype': 'cbn_tes'}"
basins_carbon.tes,3,17,ALSLNCO2_para_sub,{},"{'Line in File': '3', 'Position in File': '17', 'Condition': '-', 'Local (Y/N)': 'N', 'TYPE': 'cbn_tes', 'Component': 'ALSLNCO2_para_sub', 'Type': 'real', 'Dimensions': '-', 'Swat_codetype': 'cbn_tes'}"
basins_carbon.tes,3,18,ASP_para_sur,{},"{'Line in File': '3', 'Position in File': '18', 'Condition': '-', 'Local (Y/N)': 'N', 'TYPE': 'cbn_tes', 'Component': 'ASP_para_sur', 'Type': 'real', 'Dimensions': '-', 'Swat_codetype': 'cbn_tes'}"
basins_carbon.tes,3,19,ASP_para_sub,{},"{'Line in File': '3', 'Position in File': '19', 'Condition': '-', 'Local (Y/N)': 'N', 'TYPE': 'cbn_tes', 'Component': 'ASP_para_sub', 'Type': 'real', 'Dimensions': '-', 'Swat_codetype': 'cbn_tes'}"
basins_carbon.tes,3,2,CFB_para,{},"{'Line in File': '3', 'Position in File': '2', 'Condition': '-', 'Local (Y/N)': 'N', 'TYPE': 'cbn_tes', 'Component': 'CFB_para', 'Type': 'real', 'Dimensions': '-', 'Swat_codetype': 'cbn_tes'}"
basins_carbon.tes,3,20,ALSLCO2_para,{},"{'Line in File': '3', 'Position in File': '20', 'Condition': '-', 'Local (Y/N)': 'N', 'TYPE': 'cbn_tes', 'Component': 'ALSLCO2_para', 'Type': 'real', 'Dimensions': '-', 'Swat_codetype': 'cbn_tes'}"
basins_carbon.tes,3,21,APCO2_para,{},"{'Line in File': '3', 'Position in File': '21', 'Condition': '-', 'Local (Y/N)': 'N', 'TYPE': 'cbn_tes', 'Component': 'APCO2_para', 'Type': 'real', 'Dimensions': '-', 'Swat_codetype': 'cbn_tes'}"
basins_carbon.tes,3,22,ASCO2_para,{},"{'Line in File': '3', 'Position in File': '22', 'Condition': '-', 'Local (Y/N)': 'N', 'TYPE': 'cbn_tes', 'Component': 'ASCO2_para', 'Type': 'real', 'Dimensions': '-', 'Swat_codetype': 'cbn_tes'}"
basins_carbon.tes,3,23,PRMT_51_para,{},"{'Line in File': '3', 'Position in File': '23', 'Condition': '-', 'Local (Y/N)': 'N', 'TYPE': 'cbn_tes', 'Component': 'PRMT_51_para', 'Type': 'real', 'Dimensions': '-', 'Swat_codetype': 'cbn_tes'}"
basins_carbon.tes,3,24,PRMT_45_para,{},"{'Line in File': '3', 'Position in File': '24', 'Condition': '-', 'Local (Y/N)': 'N', 'TYPE': 'cbn_tes', 'Component': 'PRMT_45_para', 'Type': 'real', 'Dimensions': '-', 'Swat_codetype': 'cbn_tes'}"
basins_carbon.tes,3,25,BMR_para_sur,{},"{'Line in File': '3', 'Position in File': '25', 'Condition': '-', 'Local (Y/N)': 'N', 'TYPE': 'cbn_tes', 'Component': 'BMR_para_sur', 'Type': 'real', 'Dimensions': '-', 'Swat_codetype': 'cbn_tes'}"
basins_carbon.tes,3,26,BMR_para_sub,{},"{'Line in File': '3', 'Position in File': '26', 'Condition': '-', 'Local (Y/N)': 'N', 'TYPE': 'cbn_tes', 'Component': 'BMR_para_sub', 'Type': 'real', 'Dimensions': '-', 'Swat_codetype': 'cbn_tes'}"
basins_carbon.tes,3,27,HPR_para,{},"{'Line in File': '3', 'Position in File': '27', 'Condition': '-', 'Local (Y/N)': 'N', 'TYPE': 'cbn_tes', 'Component': 'HPR_para', 'Type': 'real', 'Dimensions': '-', 'Swat_codetype': 'cbn_tes'}"
basins_carbon.tes,3,28,HSR_para,{},"{'Line in File': '3', 'Position in File': '28', 'Condition': '-', 'Local (Y/N)': 'N', 'TYPE': 'cbn_tes', 'Component': 'HSR_para', 'Type': 'real', 'Dimensions': '-', 'Swat_codetype': 'cbn_tes'}"
basins_carbon.tes,3,29,LMR_para_sur,{},"{'Line in File': '3', 'Position in File': '29', 'Condition': '-', 'Local (Y/N)': 'N', 'TYPE': 'cbn_tes', 'Component': 'LMR_para_sur', 'Type': 'real', 'Dimensions': '-', 'Swat_codetype': 'cbn_tes'}"
basins_carbon.tes,3,3,Sf_para_sur,{},"{'Line in File': '3', 'Position in File': '3', 'Condition': '-', 'Local (Y/N)': 'N', 'TYPE': 'cbn_tes', 'Component': 'Sf_para_sur', 'Type': 'real', 'Dimensions': '-', 'Swat_codetype': 'cbn_tes'}"
basins_carbon.tes,3,30,LMR_para_sub,{},"{'Line in File': '3', 'Position in File': '30', 'Condition': '-', 'Local (Y/N)': 'N', 'TYPE': 'cbn_tes', 'Component': 'LMR_para_sub', 'Type': 'real', 'Dimensions': '-', 'Swat_codetype': 'cbn_tes'}"
basins_carbon.tes,3,31,LSR_para_sur,{},"{'Line in File': '3', 'Position in File': '31', 'Condition': '-', 'Local (Y/N)': 'N', 'TYPE': 'cbn_tes', 'Component': 'LSR_para_sur', 'Type': 'real', 'Dimensions': '-', 'Swat_codetype': 'cbn_tes'}"
basins_carbon.tes,3,32,LSR_para_sub,{},"{'Line in File': '3', 'Position in File': '32', 'Condition': '-', 'Local (Y/N)': 'N', 'TYPE': 'cbn_tes', 'Component': 'LSR_para_sub', 'Type': 'real', 'Dimensions': '-', 'Swat_codetype': 'cbn_tes'}"
basins_carbon.tes,3,33,XBM_para_sur,{},"{'Line in File': '3', 'Position in File': '33', 'Condition': '-', 'Local (Y/N)': 'N', 'TYPE': 'cbn_tes', 'Component': 'XBM_para_sur', 'Type': 'real', 'Dimensions': '-', 'Swat_codetype': 'cbn_tes'}"
basins_carbon.tes,3,34,XBM_para_sub,{},"{'Line in File': '3', 'Position in File': '34', 'Condition': '-', 'Local (Y/N)': 'N', 'TYPE': 'cbn_tes', 'Component': 'XBM_para_sub', 'Type': 'real', 'Dimensions': '-', 'Swat_codetype': 'cbn_tes'}"
basins_carbon.tes,3,35,XLSLF_para,{},"{'Line in File': '3', 'Position in File': '35', 'Condition': '-', 'Local (Y/N)': 'N', 'TYPE': 'cbn_tes', 'Component': 'XLSLF_para', 'Type': 'real', 'Dimensions': '-', 'Swat_codetype': 'cbn_tes'}"
basins_carbon.tes,3,36,OX_aa_para,{},"{'Line in File': '3', 'Position in File': '36', 'Condition': '-', 'Local (Y/N)': 'N', 'TYPE': 'cbn_tes', 'Component': 'OX_aa_para', 'Type': 'real', 'Dimensions': '-', 'Swat_codetype': 'cbn_tes'}"
basins_carbon.tes,3,37,OX_bb_para,{},"{'Line in File': '3', 'Position in File': '37', 'Condition': '-', 'Local (Y/N)': 'N', 'TYPE': 'cbn_tes', 'Component': 'OX_bb_para', 'Type': 'real', 'Dimensions': '-', 'Swat_codetype': 'cbn_tes'}"
basins_carbon.tes,3,4,Sf_para_sub,{},"{'Line in File': '3', 'Position in File': '4', 'Condition': '-', 'Local (Y/N)': 'N', 'TYPE': 'cbn_tes', 'Component': 'Sf_para_sub', 'Type': 'real', 'Dimensions': '-', 'Swat_codetype': 'cbn_tes'}"
basins_carbon.tes,3,5,ABL_para,{},"{'Line in File': '3', 'Position in File': '5', 'Condition': '-', 'Local (Y/N)': 'N', 'TYPE': 'cbn_tes', 'Component': 'ABL_para', 'Type': 'real', 'Dimensions': '-', 'Swat_codetype': 'cbn_tes'}"
basins_carbon.tes,3,6,peroc_DIC_para,{},"{'Line in File': '3', 'Position in File': '6', 'Condition': '-', 'Local (Y/N)': 'N', 'TYPE': 'cbn_tes', 'Component': 'peroc_DIC_para', 'Type': 'real', 'Dimensions': '-', 'Swat_codetype': 'cbn_tes'}"
basins_carbon.tes,3,7,peroc_DOC_para,{},"{'Line in File': '3', 'Position in File': '7', 'Condition': '-', 'Local (Y/N)': 'N', 'TYPE': 'cbn_tes', 'Component': 'peroc_DOC_para', 'Type': 'real', 'Dimensions': '-', 'Swat_codetype': 'cbn_tes'}"
basins_carbon.tes,3,8,part_DOC_para,{},"{'Line in File': '3', 'Position in File': '8', 'Condition': '-', 'Local (Y/N)': 'N', 'TYPE': 'cbn_tes', 'Component': 'part_DOC_para', 'Type': 'real', 'Dimensions': '-', 'Swat_codetype': 'cbn_tes'}"
basins_carbon.tes,3,9,hlife_doc_para,{},"{'Line in File': '3', 'Position in File': '9', 'Condition': '-', 'Local (Y/N)': 'N', 'TYPE': 'cbn_tes', 'Component': 'hlife_doc_para', 'Type': 'real', 'Dimensions': '-', 'Swat_codetype': 'cbn_tes'}"
calibration.cal,5,1,cond,"{'Line in File': '5', 'Position in File': '1', 'Condition': 'if (nconds > 0)', 'Local (Y/N)': 'N', 'TYPE': 'cal_upd', 'Component': 'cond', 'Type': 'type(calibration_conditions)', 'Dimensions': 'allocatable', 'Swat_codetype': 'in_chg'}",{}
calibration.cal,5,1,range,{},"{'Line in File': '5', 'Position in File': '1', 'Condition': 'if (range == ""range"")', 'Local (Y/N)': 'Y', 'TYPE': '-', 'Component': 'range', 'Type': 'character(len=10)', 'Dimensions': '-', 'Swat_codetype': '-'}"
calibration.cal,5,2,var,{},"{'Line in File': '5', 'Position in File': '2', 'Condition': 'if (range == ""range"")', 'Local (Y/N)': 'N', 'TYPE': 'cal_upd', 'Component': 'var', 'Type': 'unknown', 'Dimensions': '-', 'Swat_codetype': 'in_chg'}"
calibration.cal,5,3,val1,{},"{'Line in File': '5', 'Position in File': '3', 'Condition': 'if (range == ""range"")', 'Local (Y/N)': 'N', 'TYPE': 'cal_upd', 'Component': 'val1', 'Type': 'real', 'Dimensions': '-', 'Swat_codetype': 'in_chg'}"
calibration.cal,5,4,val2,{},"{'Line in File': '5', 'Position in File': '4', 'Condition': 'if (range == ""range"")', 'Local (Y/N)': 'N', 'TYPE': 'cal_upd', 'Component': 'val2', 'Type': 'real', 'Dimensions': '-', 'Swat_codetype': 'in_chg'}"
calibration.cal,6,1,cond,{},"{'Line in File': '6', 'Position in File': '1', 'Condition': 'if (range == ""range"")', 'Local (Y/N)': 'N', 'TYPE': 'cal_upd', 'Component': 'cond', 'Type': 'type(calibration_conditions)', 'Dimensions': 'allocatable', 'Swat_codetype': 'in_chg'}"
codes.bsn,3,24,i_fpwet,"{'Line in File': '3', 'Position in File': '24', 'Condition': '-', 'Local (Y/N)': 'N', 'TYPE': 'bsn_cc', 'Component': 'i_fpwet', 'Type': 'integer', 'Dimensions': '-', 'Swat_codetype': 'in_basin'}",{}
codes.bsn,3,24,qual2e,{},"{'Line in File': '3', 'Position in File': '24', 'Condition': '-', 'Local (Y/N)': 'N', 'TYPE': 'bsn_cc', 'Component': 'qual2e', 'Type': 'integer', 'Dimensions': '-', 'Swat_codetype': 'in_basin'}"
codes.bsn,3,26,idc_till,{},"{'Line in File': '3', 'Position in File': '26', 'Condition': '-', 'Local (Y/N)': 'N', 'TYPE': 'bsn_cc', 'Component': 'idc_till', 'Type': 'integer', 'Dimensions': '-', 'Swat_codetype': 'in_basin'}"
codes.bsn,3,4,event,"{'Line in File': '3', 'Position in File': '4', 'Condition': '-', 'Local (Y/N)': 'N', 'TYPE': 'bsn_cc', 'Component': 'event', 'Type': 'integer', 'Dimensions': '-', 'Swat_codetype': 'in_basin'}",{}
codes.bsn,3,4,nam1,{},"{'Line in File': '3', 'Position in File': '4', 'Condition': '-', 'Local (Y/N)': 'N', 'TYPE': 'bsn_cc', 'Component': 'nam1', 'Type': 'integer', 'Dimensions': '-', 'Swat_codetype': 'in_basin'}"
exco.exc,3,1,name,{},"{'Line in File': '3', 'Position in File': '1', 'Condition': '-', 'Local (Y/N)': 'N', 'TYPE': 'exco_db', 'Component': 'name', 'Type': 'character(len=16)', 'Dimensions': '-', 'Swat_codetype': 'in_exco'}"
exco.exc,3,1,namedum,"{'Line in File': '3', 'Position in File': '1', 'Condition': '-', 'Local (Y/N)': 'Y', 'TYPE': '-', 'Component': 'namedum', 'Type': 'character(len=16)', 'Dimensions': '-', 'Swat_codetype': '-'}",{}
exco.exc,3,10,no2,"{'Line in File': '3', 'Position in File': '10', 'Condition': '-', 'Local (Y/N)': 'N', 'TYPE': 'exco', 'Component': 'no2', 'Type': 'real', 'Dimensions': '-', 'Swat_codetype': 'in_exco'}",{}
exco.exc,3,11,cbod,"{'Line in File': '3', 'Position in File': '11', 'Condition': '-', 'Local (Y/N)': 'N', 'TYPE': 'exco', 'Component': 'cbod', 'Type': 'real', 'Dimensions': '-', 'Swat_codetype': 'in_exco'}",{}
exco.exc,3,12,dox,"{'Line in File': '3', 'Position in File': '12', 'Condition': '-', 'Local (Y/N)': 'N', 'TYPE': 'exco', 'Component': 'dox', 'Type': 'real', 'Dimensions': '-', 'Swat_codetype': 'in_exco'}",{}
exco.exc,3,13,san,"{'Line in File': '3', 'Position in File': '13', 'Condition': '-', 'Local (Y/N)': 'N', 'TYPE': 'exco', 'Component': 'san', 'Type': 'real', 'Dimensions': '-', 'Swat_codetype': 'in_exco'}",{}
exco.exc,3,14,sil,"{'Line in File': '3', 'Position in File': '14', 'Condition': '-', 'Local (Y/N)': 'N', 'TYPE': 'exco', 'Component': 'sil', 'Type': 'real', 'Dimensions': '-', 'Swat_codetype': 'in_exco'}",{}
exco.exc,3,15,cla,"{'Line in File': '3', 'Position in File': '15', 'Condition': '-', 'Local (Y/N)': 'N', 'TYPE': 'exco', 'Component': 'cla', 'Type': 'real', 'Dimensions': '-', 'Swat_codetype': 'in_exco'}",{}
exco.exc,3,16,sag,"{'Line in File': '3', 'Position in File': '16', 'Condition': '-', 'Local (Y/N)': 'N', 'TYPE': 'exco', 'Component': 'sag', 'Type': 'real', 'Dimensions': '-', 'Swat_codetype': 'in_exco'}",{}
exco.exc,3,17,lag,"{'Line in File': '3', 'Position in File': '17', 'Condition': '-', 'Local (Y/N)': 'N', 'TYPE': 'exco', 'Component': 'lag', 'Type': 'real', 'Dimensions': '-', 'Swat_codetype': 'in_exco'}",{}
exco.exc,3,18,grv,"{'Line in File': '3', 'Position in File': '18', 'Condition': '-', 'Local (Y/N)': 'N', 'TYPE': 'exco', 'Component': 'grv', 'Type': 'real', 'Dimensions': '-', 'Swat_codetype': 'in_exco'}",{}
exco.exc,3,19,temp,"{'Line in File': '3', 'Position in File': '19', 'Condition': '-', 'Local (Y/N)': 'N', 'TYPE': 'exco', 'Component': 'temp', 'Type': 'real', 'Dimensions': '-', 'Swat_codetype': 'in_exco'}",{}
exco.exc,3,2,flo,"{'Line in File': '3', 'Position in File': '2', 'Condition': '-', 'Local (Y/N)': 'N', 'TYPE': 'exco', 'Component': 'flo', 'Type': 'real', 'Dimensions': '-', 'Swat_codetype': 'in_exco'}",{}
exco.exc,3,2,om_file,{},"{'Line in File': '3', 'Position in File': '2', 'Condition': '-', 'Local (Y/N)': 'N', 'TYPE': 'exco_db', 'Component': 'om_file', 'Type': 'character(len=16)', 'Dimensions': '-', 'Swat_codetype': 'in_exco'}"
exco.exc,3,3,pest_file,{},"{'Line in File': '3', 'Position in File': '3', 'Condition': '-', 'Local (Y/N)': 'N', 'TYPE': 'exco_db', 'Component': 'pest_file', 'Type': 'character(len=16)', 'Dimensions': '-', 'Swat_codetype': 'in_exco'}"
exco.exc,3,3,sed,"{'Line in File': '3', 'Position in File': '3', 'Condition': '-', 'Local (Y/N)': 'N', 'TYPE': 'exco', 'Component': 'sed', 'Type': 'real', 'Dimensions': '-', 'Swat_codetype': 'in_exco'}",{}
exco.exc,3,4,orgn,"{'Line in File': '3', 'Position in File': '4', 'Condition': '-', 'Local (Y/N)': 'N', 'TYPE': 'exco', 'Component': 'orgn', 'Type': 'real', 'Dimensions': '-', 'Swat_codetype': 'in_exco'}",{}
exco.exc,3,4,path_file,{},"{'Line in File': '3', 'Position in File': '4', 'Condition': '-', 'Local (Y/N)': 'N', 'TYPE': 'exco_db', 'Component': 'path_file', 'Type': 'character(len=16)', 'Dimensions': '-', 'Swat_codetype': 'in_exco'}"
exco.exc,3,5,hmet_file,{},"{'Line in File': '3', 'Position in File': '5', 'Condition': '-', 'Local (Y/N)': 'N', 'TYPE': 'exco_db', 'Component': 'hmet_file', 'Type': 'character(len=16)', 'Dimensions': '-', 'Swat_codetype': 'in_exco'}"
exco.exc,3,5,sedp,"{'Line in File': '3', 'Position in File': '5', 'Condition': '-', 'Local (Y/N)': 'N', 'TYPE': 'exco', 'Component': 'sedp', 'Type': 'real', 'Dimensions': '-', 'Swat_codetype': 'in_exco'}",{}
exco.exc,3,6,no3,"{'Line in File': '3', 'Position in File': '6', 'Condition': '-', 'Local (Y/N)': 'N', 'TYPE': 'exco', 'Component': 'no3', 'Type': 'real', 'Dimensions': '-', 'Swat_codetype': 'in_exco'}",{}
exco.exc,3,6,salts_file,{},"{'Line in File': '3', 'Position in File': '6', 'Condition': '-', 'Local (Y/N)': 'N', 'TYPE': 'exco_db', 'Component': 'salts_file', 'Type': 'character(len=16)', 'Dimensions': '-', 'Swat_codetype': 'in_exco'}"
exco.exc,3,7,solp,"{'Line in File': '3', 'Position in File': '7', 'Condition': '-', 'Local (Y/N)': 'N', 'TYPE': 'exco', 'Component': 'solp', 'Type': 'real', 'Dimensions': '-', 'Swat_codetype': 'in_exco'}",{}
exco.exc,3,8,chla,"{'Line in File': '3', 'Position in File': '8', 'Condition': '-', 'Local (Y/N)': 'N', 'TYPE': 'exco', 'Component': 'chla', 'Type': 'real', 'Dimensions': '-', 'Swat_codetype': 'in_exco'}",{}
exco.exc,3,9,nh3,"{'Line in File': '3', 'Position in File': '9', 'Condition': '-', 'Local (Y/N)': 'N', 'TYPE': 'exco', 'Component': 'nh3', 'Type': 'real', 'Dimensions': '-', 'Swat_codetype': 'in_exco'}",{}
file.cio,32,1,line_buffer,{},"{'Line in File': '32', 'Position in File': '1', 'Condition': '-', 'Local (Y/N)': 'Y', 'TYPE': '-', 'Component': 'line_buffer', 'Type': 'character(len=512)', 'Dimensions': '-', 'Swat_codetype': '-'}"
flo_con.dtl,5,1,name,"{'Line in File': '5', 'Position in File': '1', 'Condition': '-', 'Local (Y/N)': 'N', 'TYPE': 'dtbl_flo', 'Component': 'name', 'Type': 'character(len=25)', 'Dimensions': '-', 'Swat_codetype': 'in_cond'}","{'Line in File': '5', 'Position in File': '1', 'Condition': '-', 'Local (Y/N)': 'N', 'TYPE': 'dtbl_flo', 'Component': 'name', 'Type': 'character(len=40)', 'Dimensions': '-', 'Swat_codetype': 'in_cond'}"
gwflow.chancells,4,1,cell_ID,"{'Line in File': '4', 'Position in File': '1', 'Condition': '-', 'Local (Y/N)': 'N', 'TYPE': '-', 'Component': 'cell_ID', 'Type': 'integer', 'Dimensions': '-', 'Swat_codetype': 'cell_ID'}","{'Line in File': '4', 'Position in File': '1', 'Condition': '-', 'Local (Y/N)': 'Y', 'TYPE': '-', 'Component': 'cell_ID', 'Type': 'integer', 'Dimensions': '-', 'Swat_codetype': '-'}"
gwflow.chancells,4,2,bed_elev,"{'Line in File': '4', 'Position in File': '2', 'Condition': '-', 'Local (Y/N)': 'N', 'TYPE': '-', 'Component': 'bed_elev', 'Type': 'real', 'Dimensions': '-', 'Swat_codetype': 'bed_elev'}","{'Line in File': '4', 'Position in File': '2', 'Condition': '-', 'Local (Y/N)': 'Y', 'TYPE': '-', 'Component': 'bed_elev', 'Type': 'real', 'Dimensions': '-', 'Swat_codetype': '-'}"
gwflow.chancells,4,3,channel,"{'Line in File': '4', 'Position in File': '3', 'Condition': '-', 'Local (Y/N)': 'N', 'TYPE': '-', 'Component': 'channel', 'Type': 'integer', 'Dimensions': '-', 'Swat_codetype': 'channel'}","{'Line in File': '4', 'Position in File': '3', 'Condition': '-', 'Local (Y/N)': 'Y', 'TYPE': '-', 'Component': 'channel', 'Type': 'integer', 'Dimensions': '-', 'Swat_codetype': '-'}"
gwflow.chancells,4,4,chan_length,"{'Line in File': '4', 'Position in File': '4', 'Condition': '-', 'Local (Y/N)': 'N', 'TYPE': '-', 'Component': 'chan_length', 'Type': 'real', 'Dimensions': '-', 'Swat_codetype': 'chan_length'}","{'Line in File': '4', 'Position in File': '4', 'Condition': '-', 'Local (Y/N)': 'Y', 'TYPE': '-', 'Component': 'chan_length', 'Type': 'real', 'Dimensions': '-', 'Swat_codetype': '-'}"
gwflow.chancells,4,5,chan_zone,"{'Line in File': '4', 'Position in File': '5', 'Condition': '-', 'Local (Y/N)': 'N', 'TYPE': '-', 'Component': 'chan_zone', 'Type': 'integer', 'Dimensions': '-', 'Swat_codetype': 'chan_zone'}","{'Line in File': '4', 'Position in File': '5', 'Condition': '-', 'Local (Y/N)': 'Y', 'TYPE': '-', 'Component': 'chan_zone', 'Type': 'integer', 'Dimensions': '-', 'Swat_codetype': '-'}"
gwflow.input,10,1,gw_satx_flag,"{'Line in File': '10', 'Position in File': '1', 'Condition': 'elseif (grid_type == ""unstructured"")', 'Local (Y/N)': 'N', 'TYPE': '-', 'Component': 'gw_satx_flag', 'Type': 'integer', 'Dimensions': '-', 'Swat_codetype': 'gw_satx_flag'}","{'Line in File': '10', 'Position in File': '1', 'Condition': 'else', 'Local (Y/N)': 'N', 'TYPE': '-', 'Component': 'gw_satx_flag', 'Type': 'integer', 'Dimensions': '-', 'Swat_codetype': 'gw_satx_flag'}"
gwflow.input,11,1,gw_pumpex_flag,"{'Line in File': '11', 'Position in File': '1', 'Condition': 'elseif (grid_type == ""unstructured"")', 'Local (Y/N)': 'N', 'TYPE': '-', 'Component': 'gw_pumpex_flag', 'Type': 'integer', 'Dimensions': '-', 'Swat_codetype': 'gw_pumpex_flag'}","{'Line in File': '11', 'Position in File': '1', 'Condition': 'else', 'Local (Y/N)': 'N', 'TYPE': '-', 'Component': 'gw_pumpex_flag', 'Type': 'integer', 'Dimensions': '-', 'Swat_codetype': 'gw_pumpex_flag'}"
gwflow.input,12,1,gw_tile_flag,"{'Line in File': '12', 'Position in File': '1', 'Condition': 'elseif (grid_type == ""unstructured"")', 'Local (Y/N)': 'N', 'TYPE': '-', 'Component': 'gw_tile_flag', 'Type': 'integer', 'Dimensions': '-', 'Swat_codetype': 'gw_tile_flag'}","{'Line in File': '12', 'Position in File': '1', 'Condition': 'else', 'Local (Y/N)': 'N', 'TYPE': '-', 'Component': 'gw_tile_flag', 'Type': 'integer', 'Dimensions': '-', 'Swat_codetype': 'gw_tile_flag'}"
gwflow.input,13,1,gw_res_flag,"{'Line in File': '13', 'Position in File': '1', 'Condition': 'elseif (grid_type == ""unstructured"")', 'Local (Y/N)': 'N', 'TYPE': '-', 'Component': 'gw_res_flag', 'Type': 'integer', 'Dimensions': '-', 'Swat_codetype': 'gw_res_flag'}","{'Line in File': '13', 'Position in File': '1', 'Condition': 'else', 'Local (Y/N)': 'N', 'TYPE': '-', 'Component': 'gw_res_flag', 'Type': 'integer', 'Dimensions': '-', 'Swat_codetype': 'gw_res_flag'}"
gwflow.input,14,1,gw_wet_flag,"{'Line in File': '14', 'Position in File': '1', 'Condition': 'elseif (grid_type == ""unstructured"")', 'Local (Y/N)': 'N', 'TYPE': '-', 'Component': 'gw_wet_flag', 'Type': 'integer', 'Dimensions': '-', 'Swat_codetype': 'gw_wet_flag'}","{'Line in File': '14', 'Position in File': '1', 'Condition': 'else', 'Local (Y/N)': 'N', 'TYPE': '-', 'Component': 'gw_wet_flag', 'Type': 'integer', 'Dimensions': '-', 'Swat_codetype': 'gw_wet_flag'}"
gwflow.input,15,1,gw_fp_flag,"{'Line in File': '15', 'Position in File': '1', 'Condition': 'elseif (grid_type == ""unstructured"")', 'Local (Y/N)': 'N', 'TYPE': '-', 'Component': 'gw_fp_flag', 'Type': 'integer', 'Dimensions': '-', 'Swat_codetype': 'gw_fp_flag'}","{'Line in File': '15', 'Position in File': '1', 'Condition': 'else', 'Local (Y/N)': 'N', 'TYPE': '-', 'Component': 'gw_fp_flag', 'Type': 'integer', 'Dimensions': '-', 'Swat_codetype': 'gw_fp_flag'}"
gwflow.input,16,1,gw_canal_flag,"{'Line in File': '16', 'Position in File': '1', 'Condition': 'elseif (grid_type == ""unstructured"")', 'Local (Y/N)': 'N', 'TYPE': '-', 'Component': 'gw_canal_flag', 'Type': 'integer', 'Dimensions': '-', 'Swat_codetype': 'gw_canal_flag'}","{'Line in File': '16', 'Position in File': '1', 'Condition': 'else', 'Local (Y/N)': 'N', 'TYPE': '-', 'Component': 'gw_canal_flag', 'Type': 'integer', 'Dimensions': '-', 'Swat_codetype': 'gw_canal_flag'}"
gwflow.input,17,1,gw_solute_flag,"{'Line in File': '17', 'Position in File': '1', 'Condition': 'elseif (grid_type == ""unstructured"")', 'Local (Y/N)': 'N', 'TYPE': '-', 'Component': 'gw_solute_flag', 'Type': 'integer', 'Dimensions': '-', 'Swat_codetype': 'gw_solute_flag'}","{'Line in File': '17', 'Position in File': '1', 'Condition': 'else', 'Local (Y/N)': 'N', 'TYPE': '-', 'Component': 'gw_solute_flag', 'Type': 'integer', 'Dimensions': '-', 'Swat_codetype': 'gw_solute_flag'}"
gwflow.input,18,1,gw_time_step,"{'Line in File': '18', 'Position in File': '1', 'Condition': 'elseif (grid_type == ""unstructured"")', 'Local (Y/N)': 'N', 'TYPE': '-', 'Component': 'gw_time_step', 'Type': 'real', 'Dimensions': '-', 'Swat_codetype': 'gw_time_step'}","{'Line in File': '18', 'Position in File': '1', 'Condition': 'else', 'Local (Y/N)': 'N', 'TYPE': '-', 'Component': 'gw_time_step', 'Type': 'real', 'Dimensions': '-', 'Swat_codetype': 'gw_time_step'}"
gwflow.input,19,1,gwflag_day,"{'Line in File': '19', 'Position in File': '1', 'Condition': 'elseif (grid_type == ""unstructured"")', 'Local (Y/N)': 'N', 'TYPE': '-', 'Component': 'gwflag_day', 'Type': 'integer', 'Dimensions': '-', 'Swat_codetype': 'gwflag_day'}","{'Line in File': '19', 'Position in File': '1', 'Condition': 'else', 'Local (Y/N)': 'N', 'TYPE': '-', 'Component': 'gwflag_day', 'Type': 'integer', 'Dimensions': '-', 'Swat_codetype': 'gwflag_day'}"
gwflow.input,19,2,gwflag_yr,"{'Line in File': '19', 'Position in File': '2', 'Condition': 'elseif (grid_type == ""unstructured"")', 'Local (Y/N)': 'N', 'TYPE': '-', 'Component': 'gwflag_yr', 'Type': 'integer', 'Dimensions': '-', 'Swat_codetype': 'gwflag_yr'}","{'Line in File': '19', 'Position in File': '2', 'Condition': 'else', 'Local (Y/N)': 'N', 'TYPE': '-', 'Component': 'gwflag_yr', 'Type': 'integer', 'Dimensions': '-', 'Swat_codetype': 'gwflag_yr'}"
gwflow.input,19,3,gwflag_aa,"{'Line in File': '19', 'Position in File': '3', 'Condition': 'elseif (grid_type == ""unstructured"")', 'Local (Y/N)': 'N', 'TYPE': '-', 'Component': 'gwflag_aa', 'Type': 'integer', 'Dimensions': '-', 'Swat_codetype': 'gwflag_aa'}","{'Line in File': '19', 'Position in File': '3', 'Condition': 'else', 'Local (Y/N)': 'N', 'TYPE': '-', 'Component': 'gwflag_aa', 'Type': 'integer', 'Dimensions': '-', 'Swat_codetype': 'gwflag_aa'}"
gwflow.input,20,1,out_cols,"{'Line in File': '20', 'Position in File': '1', 'Condition': 'elseif (grid_type == ""unstructured"")', 'Local (Y/N)': 'N', 'TYPE': '-', 'Component': 'out_cols', 'Type': 'integer', 'Dimensions': '-', 'Swat_codetype': 'out_cols'}","{'Line in File': '20', 'Position in File': '1', 'Condition': 'else', 'Local (Y/N)': 'N', 'TYPE': '-', 'Component': 'out_cols', 'Type': 'integer', 'Dimensions': '-', 'Swat_codetype': 'out_cols'}"
gwflow.input,54,1,gw_num_output,"{'Line in File': '54', 'Position in File': '1', 'Condition': 'if (gw_state(i)%stat > 0)', 'Local (Y/N)': 'N', 'TYPE': '-', 'Component': 'gw_num_output', 'Type': 'integer', 'Dimensions': '-', 'Swat_codetype': 'gw_num_output'}","{'Line in File': '54', 'Position in File': '1', 'Condition': 'if (distance.lt.min_dist)', 'Local (Y/N)': 'N', 'TYPE': '-', 'Component': 'gw_num_output', 'Type': 'integer', 'Dimensions': '-', 'Swat_codetype': 'gw_num_output'}"
gwflow.input,55,1,gw_output_yr(i),"{'Line in File': '55', 'Position in File': '1', 'Condition': 'if (gw_state(i)%stat > 0)', 'Local (Y/N)': 'N', 'TYPE': '-', 'Component': 'gw_output_yr(i)', 'Type': 'integer', 'Dimensions': 'allocatable', 'Swat_codetype': 'gw_output_yr'}","{'Line in File': '55', 'Position in File': '1', 'Condition': 'if (distance.lt.min_dist)', 'Local (Y/N)': 'N', 'TYPE': '-', 'Component': 'gw_output_yr(i)', 'Type': 'integer', 'Dimensions': 'allocatable', 'Swat_codetype': 'gw_output_yr'}"
gwflow.input,55,2,gw_output_day(i),"{'Line in File': '55', 'Position in File': '2', 'Condition': 'if (gw_state(i)%stat > 0)', 'Local (Y/N)': 'N', 'TYPE': '-', 'Component': 'gw_output_day(i)', 'Type': 'integer', 'Dimensions': 'allocatable', 'Swat_codetype': 'gw_output_day'}","{'Line in File': '55', 'Position in File': '2', 'Condition': 'if (distance.lt.min_dist)', 'Local (Y/N)': 'N', 'TYPE': '-', 'Component': 'gw_output_day(i)', 'Type': 'integer', 'Dimensions': 'allocatable', 'Swat_codetype': 'gw_output_day'}"
gwflow.input,57,1,gw_num_obs_wells,"{'Line in File': '57', 'Position in File': '1', 'Condition': 'if (gw_state(i)%stat > 0)', 'Local (Y/N)': 'N', 'TYPE': '-', 'Component': 'gw_num_obs_wells', 'Type': 'integer', 'Dimensions': '-', 'Swat_codetype': 'gw_num_obs_wells'}","{'Line in File': '57', 'Position in File': '1', 'Condition': 'if (distance.lt.min_dist)', 'Local (Y/N)': 'N', 'TYPE': '-', 'Component': 'gw_num_obs_wells', 'Type': 'integer', 'Dimensions': '-', 'Swat_codetype': 'gw_num_obs_wells'}"
gwflow.input,6,1,ncell,"{'Line in File': '6', 'Position in File': '1', 'Condition': 'elseif (grid_type == ""unstructured"")', 'Local (Y/N)': 'N', 'TYPE': '-', 'Component': 'ncell', 'Type': 'integer', 'Dimensions': '-', 'Swat_codetype': 'ncell'}","{'Line in File': '6', 'Position in File': '1', 'Condition': 'else', 'Local (Y/N)': 'N', 'TYPE': '-', 'Component': 'ncell', 'Type': 'integer', 'Dimensions': '-', 'Swat_codetype': 'ncell'}"
gwflow.input,63,1,bed_change,"{'Line in File': '63', 'Position in File': '1', 'Condition': 'elseif (grid_type == ""unstructured"")', 'Local (Y/N)': 'N', 'TYPE': '-', 'Component': 'bed_change', 'Type': 'real', 'Dimensions': '-', 'Swat_codetype': 'bed_change'}",{}
gwflow.input,63,1,gw_bed_change,{},"{'Line in File': '63', 'Position in File': '1', 'Condition': 'elseif (grid_type == ""unstructured"")', 'Local (Y/N)': 'N', 'TYPE': '-', 'Component': 'gw_bed_change', 'Type': 'real', 'Dimensions': '-', 'Swat_codetype': 'gw_bed_change'}"
gwflow.input,7,1,bc_type,"{'Line in File': '7', 'Position in File': '1', 'Condition': 'elseif (grid_type == ""unstructured"")', 'Local (Y/N)': 'N', 'TYPE': '-', 'Component': 'bc_type', 'Type': 'integer', 'Dimensions': '-', 'Swat_codetype': 'bc_type'}","{'Line in File': '7', 'Position in File': '1', 'Condition': 'else', 'Local (Y/N)': 'N', 'TYPE': '-', 'Component': 'bc_type', 'Type': 'integer', 'Dimensions': '-', 'Swat_codetype': 'bc_type'}"
gwflow.input,8,1,conn_type,"{'Line in File': '8', 'Position in File': '1', 'Condition': 'elseif (grid_type == ""unstructured"")', 'Local (Y/N)': 'N', 'TYPE': '-', 'Component': 'conn_type', 'Type': 'integer', 'Dimensions': '-', 'Swat_codetype': 'conn_type'}","{'Line in File': '8', 'Position in File': '1', 'Condition': 'else', 'Local (Y/N)': 'N', 'TYPE': '-', 'Component': 'conn_type', 'Type': 'integer', 'Dimensions': '-', 'Swat_codetype': 'conn_type'}"
gwflow.input,9,1,gw_soil_flag,"{'Line in File': '9', 'Position in File': '1', 'Condition': 'elseif (grid_type == ""unstructured"")', 'Local (Y/N)': 'N', 'TYPE': '-', 'Component': 'gw_soil_flag', 'Type': 'integer', 'Dimensions': '-', 'Swat_codetype': 'gw_soil_flag'}","{'Line in File': '9', 'Position in File': '1', 'Condition': 'else', 'Local (Y/N)': 'N', 'TYPE': '-', 'Component': 'gw_soil_flag', 'Type': 'integer', 'Dimensions': '-', 'Swat_codetype': 'gw_soil_flag'}"
gwflow.pumpex,4,1,gw_pumpex_cell(i),"{'Line in File': '4', 'Position in File': '1', 'Condition': '-', 'Local (Y/N)': 'N', 'TYPE': '-', 'Component': 'gw_pumpex_cell(i)', 'Type': 'integer', 'Dimensions': 'allocatable', 'Swat_codetype': 'gw_pumpex_cell'}",{}
gwflow.pumpex,4,1,pumpex_cell,{},"{'Line in File': '4', 'Position in File': '1', 'Condition': '-', 'Local (Y/N)': 'Y', 'TYPE': '-', 'Component': 'pumpex_cell', 'Type': 'integer', 'Dimensions': '-', 'Swat_codetype': '-'}"
gwflow.pumpex,5,1,"gw_pumpex_dates(i,1,j)","{'Line in File': '5', 'Position in File': '1', 'Condition': '-', 'Local (Y/N)': 'N', 'TYPE': '-', 'Component': 'gw_pumpex_dates(i,1,j)', 'Type': 'integer', 'Dimensions': 'allocatable', 'Swat_codetype': 'gw_pumpex_dates'}","{'Line in File': '5', 'Position in File': '1', 'Condition': 'elseif (grid_type == ""unstructured"")', 'Local (Y/N)': 'N', 'TYPE': '-', 'Component': 'gw_pumpex_dates(i,1,j)', 'Type': 'integer', 'Dimensions': 'allocatable', 'Swat_codetype': 'gw_pumpex_dates'}"
gwflow.pumpex,5,2,"gw_pumpex_dates(i,2,j)","{'Line in File': '5', 'Position in File': '2', 'Condition': '-', 'Local (Y/N)': 'N', 'TYPE': '-', 'Component': 'gw_pumpex_dates(i,2,j)', 'Type': 'integer', 'Dimensions': 'allocatable', 'Swat_codetype': 'gw_pumpex_dates'}","{'Line in File': '5', 'Position in File': '2', 'Condition': 'elseif (grid_type == ""unstructured"")', 'Local (Y/N)': 'N', 'TYPE': '-', 'Component': 'gw_pumpex_dates(i,2,j)', 'Type': 'integer', 'Dimensions': 'allocatable', 'Swat_codetype': 'gw_pumpex_dates'}"
gwflow.pumpex,5,3,"gw_pumpex_rates(i,j)","{'Line in File': '5', 'Position in File': '3', 'Condition': '-', 'Local (Y/N)': 'N', 'TYPE': '-', 'Component': 'gw_pumpex_rates(i,j)', 'Type': 'real', 'Dimensions': 'allocatable', 'Swat_codetype': 'gw_pumpex_rates'}","{'Line in File': '5', 'Position in File': '3', 'Condition': 'elseif (grid_type == ""unstructured"")', 'Local (Y/N)': 'N', 'TYPE': '-', 'Component': 'gw_pumpex_rates(i,j)', 'Type': 'real', 'Dimensions': 'allocatable', 'Swat_codetype': 'gw_pumpex_rates'}"
gwflow.tiles,10,1,header,"{'Line in File': '10', 'Position in File': '1', 'Condition': 'if (gw_tile_group_flag.eq.1)', 'Local (Y/N)': 'N', 'TYPE': '-', 'Component': 'header', 'Type': 'character(len=13)', 'Dimensions': '-', 'Swat_codetype': 'header'}","{'Line in File': '10', 'Position in File': '1', 'Condition': 'if (gw_tile_group_flag == 1)', 'Local (Y/N)': 'N', 'TYPE': '-', 'Component': 'header', 'Type': 'character(len=13)', 'Dimensions': '-', 'Swat_codetype': 'header'}"
gwflow.tiles,6,1,gw_tile_num_group,"{'Line in File': '6', 'Position in File': '1', 'Condition': 'if (gw_tile_group_flag.eq.1)', 'Local (Y/N)': 'N', 'TYPE': '-', 'Component': 'gw_tile_num_group', 'Type': 'integer', 'Dimensions': '-', 'Swat_codetype': 'gw_tile_num_group'}","{'Line in File': '6', 'Position in File': '1', 'Condition': 'if (gw_tile_group_flag == 1)', 'Local (Y/N)': 'N', 'TYPE': '-', 'Component': 'gw_tile_num_group', 'Type': 'integer', 'Dimensions': '-', 'Swat_codetype': 'gw_tile_num_group'}"
gwflow.tiles,8,1,num_tile_cells(i),"{'Line in File': '8', 'Position in File': '1', 'Condition': 'if (gw_tile_group_flag.eq.1)', 'Local (Y/N)': 'N', 'TYPE': '-', 'Component': 'num_tile_cells(i)', 'Type': 'integer', 'Dimensions': 'dimension (50)', 'Swat_codetype': 'num_tile_cells'}","{'Line in File': '8', 'Position in File': '1', 'Condition': 'if (gw_tile_group_flag == 1)', 'Local (Y/N)': 'N', 'TYPE': '-', 'Component': 'num_tile_cells(i)', 'Type': 'integer', 'Dimensions': 'dimension (50)', 'Swat_codetype': 'num_tile_cells'}"
gwflow.tiles,9,1,"gw_tile_groups(i,j)","{'Line in File': '9', 'Position in File': '1', 'Condition': 'if (gw_tile_group_flag.eq.1)', 'Local (Y/N)': 'N', 'TYPE': '-', 'Component': 'gw_tile_groups(i,j)', 'Type': 'integer', 'Dimensions': 'allocatable', 'Swat_codetype': 'gw_tile_groups'}","{'Line in File': '9', 'Position in File': '1', 'Condition': 'if (gw_tile_group_flag == 1)', 'Local (Y/N)': 'N', 'TYPE': '-', 'Component': 'gw_tile_groups(i,j)', 'Type': 'integer', 'Dimensions': 'allocatable', 'Swat_codetype': 'gw_tile_groups'}"
hyd-sed-lte.cha,3,12,chseq,"{'Line in File': '3', 'Position in File': '12', 'Condition': '-', 'Local (Y/N)': 'N', 'TYPE': 'sd_chd', 'Component': 'chseq', 'Type': 'real', 'Dimensions': '-', 'Swat_codetype': 'in_cha'}",{}
hyd-sed-lte.cha,3,12,vcr_coef,{},"{'Line in File': '3', 'Position in File': '12', 'Condition': '-', 'Local (Y/N)': 'N', 'TYPE': 'sd_chd', 'Component': 'vcr_coef', 'Type': 'real', 'Dimensions': '-', 'Swat_codetype': 'in_cha'}"
hyd-sed-lte.cha,3,2,order,"{'Line in File': '3', 'Position in File': '2', 'Condition': '-', 'Local (Y/N)': 'N', 'TYPE': 'sd_chd', 'Component': 'order', 'Type': 'character(len=16)', 'Dimensions': '-', 'Swat_codetype': 'in_cha'}","{'Line in File': '3', 'Position in File': '2', 'Condition': '-', 'Local (Y/N)': 'N', 'TYPE': 'sd_chd', 'Component': 'order', 'Type': 'integer', 'Dimensions': '-', 'Swat_codetype': 'in_cha'}"
hyd-sed-lte.cha,3,9,bank_exp,{},"{'Line in File': '3', 'Position in File': '9', 'Condition': '-', 'Local (Y/N)': 'N', 'TYPE': 'sd_chd', 'Component': 'bank_exp', 'Type': 'real', 'Dimensions': '-', 'Swat_codetype': 'in_cha'}"
hyd-sed-lte.cha,3,9,cherod,"{'Line in File': '3', 'Position in File': '9', 'Condition': '-', 'Local (Y/N)': 'N', 'TYPE': 'sd_chd', 'Component': 'cherod', 'Type': 'real', 'Dimensions': '-', 'Swat_codetype': 'in_cha'}",{}
hydrology.res,3,1,name,"{'Line in File': '3', 'Position in File': '1', 'Condition': '-', 'Local (Y/N)': 'N', 'TYPE': 'res_hyd', 'Component': 'name', 'Type': 'character(len=25)', 'Dimensions': '-', 'Swat_codetype': 'in_res'}","{'Line in File': '3', 'Position in File': '1', 'Condition': '-', 'Local (Y/N)': 'N', 'TYPE': 'res_hyddb', 'Component': 'name', 'Type': 'character(len=25)', 'Dimensions': '-', 'Swat_codetype': 'in_res'}"
hydrology.res,3,10,br1,"{'Line in File': '3', 'Position in File': '10', 'Condition': '-', 'Local (Y/N)': 'N', 'TYPE': 'res_hyd', 'Component': 'br1', 'Type': 'real', 'Dimensions': '-', 'Swat_codetype': 'in_res'}","{'Line in File': '3', 'Position in File': '10', 'Condition': '-', 'Local (Y/N)': 'N', 'TYPE': 'res_hyddb', 'Component': 'br1', 'Type': 'real', 'Dimensions': '-', 'Swat_codetype': 'in_res'}"
hydrology.res,3,11,br2,"{'Line in File': '3', 'Position in File': '11', 'Condition': '-', 'Local (Y/N)': 'N', 'TYPE': 'res_hyd', 'Component': 'br2', 'Type': 'real', 'Dimensions': '-', 'Swat_codetype': 'in_res'}","{'Line in File': '3', 'Position in File': '11', 'Condition': '-', 'Local (Y/N)': 'N', 'TYPE': 'res_hyddb', 'Component': 'br2', 'Type': 'real', 'Dimensions': '-', 'Swat_codetype': 'in_res'}"
hydrology.res,3,2,iyres,"{'Line in File': '3', 'Position in File': '2', 'Condition': '-', 'Local (Y/N)': 'N', 'TYPE': 'res_hyd', 'Component': 'iyres', 'Type': 'integer', 'Dimensions': '-', 'Swat_codetype': 'in_res'}","{'Line in File': '3', 'Position in File': '2', 'Condition': '-', 'Local (Y/N)': 'N', 'TYPE': 'res_hyddb', 'Component': 'iyres', 'Type': 'integer', 'Dimensions': '-', 'Swat_codetype': 'in_res'}"
hydrology.res,3,3,mores,"{'Line in File': '3', 'Position in File': '3', 'Condition': '-', 'Local (Y/N)': 'N', 'TYPE': 'res_hyd', 'Component': 'mores', 'Type': 'integer', 'Dimensions': '-', 'Swat_codetype': 'in_res'}","{'Line in File': '3', 'Position in File': '3', 'Condition': '-', 'Local (Y/N)': 'N', 'TYPE': 'res_hyddb', 'Component': 'mores', 'Type': 'integer', 'Dimensions': '-', 'Swat_codetype': 'in_res'}"
hydrology.res,3,4,psa,"{'Line in File': '3', 'Position in File': '4', 'Condition': '-', 'Local (Y/N)': 'N', 'TYPE': 'res_hyd', 'Component': 'psa', 'Type': 'real', 'Dimensions': '-', 'Swat_codetype': 'in_res'}","{'Line in File': '3', 'Position in File': '4', 'Condition': '-', 'Local (Y/N)': 'N', 'TYPE': 'res_hyddb', 'Component': 'psa', 'Type': 'real', 'Dimensions': '-', 'Swat_codetype': 'in_res'}"
hydrology.res,3,5,pvol,"{'Line in File': '3', 'Position in File': '5', 'Condition': '-', 'Local (Y/N)': 'N', 'TYPE': 'res_hyd', 'Component': 'pvol', 'Type': 'real', 'Dimensions': '-', 'Swat_codetype': 'in_res'}","{'Line in File': '3', 'Position in File': '5', 'Condition': '-', 'Local (Y/N)': 'N', 'TYPE': 'res_hyddb', 'Component': 'pvol', 'Type': 'real', 'Dimensions': '-', 'Swat_codetype': 'in_res'}"
hydrology.res,3,6,esa,"{'Line in File': '3', 'Position in File': '6', 'Condition': '-', 'Local (Y/N)': 'N', 'TYPE': 'res_hyd', 'Component': 'esa', 'Type': 'real', 'Dimensions': '-', 'Swat_codetype': 'in_res'}","{'Line in File': '3', 'Position in File': '6', 'Condition': '-', 'Local (Y/N)': 'N', 'TYPE': 'res_hyddb', 'Component': 'esa', 'Type': 'real', 'Dimensions': '-', 'Swat_codetype': 'in_res'}"
hydrology.res,3,7,evol,"{'Line in File': '3', 'Position in File': '7', 'Condition': '-', 'Local (Y/N)': 'N', 'TYPE': 'res_hyd', 'Component': 'evol', 'Type': 'real', 'Dimensions': '-', 'Swat_codetype': 'in_res'}","{'Line in File': '3', 'Position in File': '7', 'Condition': '-', 'Local (Y/N)': 'N', 'TYPE': 'res_hyddb', 'Component': 'evol', 'Type': 'real', 'Dimensions': '-', 'Swat_codetype': 'in_res'}"
hydrology.res,3,8,k,"{'Line in File': '3', 'Position in File': '8', 'Condition': '-', 'Local (Y/N)': 'N', 'TYPE': 'res_hyd', 'Component': 'k', 'Type': 'real', 'Dimensions': '-', 'Swat_codetype': 'in_res'}","{'Line in File': '3', 'Position in File': '8', 'Condition': '-', 'Local (Y/N)': 'N', 'TYPE': 'res_hyddb', 'Component': 'k', 'Type': 'real', 'Dimensions': '-', 'Swat_codetype': 'in_res'}"
hydrology.res,3,9,evrsv,"{'Line in File': '3', 'Position in File': '9', 'Condition': '-', 'Local (Y/N)': 'N', 'TYPE': 'res_hyd', 'Component': 'evrsv', 'Type': 'real', 'Dimensions': '-', 'Swat_codetype': 'in_res'}","{'Line in File': '3', 'Position in File': '9', 'Condition': '-', 'Local (Y/N)': 'N', 'TYPE': 'res_hyddb', 'Component': 'evrsv', 'Type': 'real', 'Dimensions': '-', 'Swat_codetype': 'in_res'}"
hydrology.wet,3,1,name,"{'Line in File': '3', 'Position in File': '1', 'Condition': '-', 'Local (Y/N)': 'N', 'TYPE': 'wet_hyd', 'Component': 'name', 'Type': 'character(len=25)', 'Dimensions': '-', 'Swat_codetype': 'in_res'}","{'Line in File': '3', 'Position in File': '1', 'Condition': '-', 'Local (Y/N)': 'N', 'TYPE': 'wet_hyddb', 'Component': 'name', 'Type': 'character(len=25)', 'Dimensions': '-', 'Swat_codetype': 'in_res'}"
hydrology.wet,3,10,ccoef,"{'Line in File': '3', 'Position in File': '10', 'Condition': '-', 'Local (Y/N)': 'N', 'TYPE': 'wet_hyd', 'Component': 'ccoef', 'Type': 'real', 'Dimensions': '-', 'Swat_codetype': 'in_res'}","{'Line in File': '3', 'Position in File': '10', 'Condition': '-', 'Local (Y/N)': 'N', 'TYPE': 'wet_hyddb', 'Component': 'ccoef', 'Type': 'real', 'Dimensions': '-', 'Swat_codetype': 'in_res'}"
hydrology.wet,3,11,frac,"{'Line in File': '3', 'Position in File': '11', 'Condition': '-', 'Local (Y/N)': 'N', 'TYPE': 'wet_hyd', 'Component': 'frac', 'Type': 'real', 'Dimensions': '-', 'Swat_codetype': 'in_res'}","{'Line in File': '3', 'Position in File': '11', 'Condition': '-', 'Local (Y/N)': 'N', 'TYPE': 'wet_hyddb', 'Component': 'frac', 'Type': 'real', 'Dimensions': '-', 'Swat_codetype': 'in_res'}"
hydrology.wet,3,2,psa,"{'Line in File': '3', 'Position in File': '2', 'Condition': '-', 'Local (Y/N)': 'N', 'TYPE': 'wet_hyd', 'Component': 'psa', 'Type': 'real', 'Dimensions': '-', 'Swat_codetype': 'in_res'}","{'Line in File': '3', 'Position in File': '2', 'Condition': '-', 'Local (Y/N)': 'N', 'TYPE': 'wet_hyddb', 'Component': 'psa', 'Type': 'real', 'Dimensions': '-', 'Swat_codetype': 'in_res'}"
hydrology.wet,3,3,pdep,"{'Line in File': '3', 'Position in File': '3', 'Condition': '-', 'Local (Y/N)': 'N', 'TYPE': 'wet_hyd', 'Component': 'pdep', 'Type': 'real', 'Dimensions': '-', 'Swat_codetype': 'in_res'}","{'Line in File': '3', 'Position in File': '3', 'Condition': '-', 'Local (Y/N)': 'N', 'TYPE': 'wet_hyddb', 'Component': 'pdep', 'Type': 'real', 'Dimensions': '-', 'Swat_codetype': 'in_res'}"
hydrology.wet,3,4,esa,"{'Line in File': '3', 'Position in File': '4', 'Condition': '-', 'Local (Y/N)': 'N', 'TYPE': 'wet_hyd', 'Component': 'esa', 'Type': 'real', 'Dimensions': '-', 'Swat_codetype': 'in_res'}","{'Line in File': '3', 'Position in File': '4', 'Condition': '-', 'Local (Y/N)': 'N', 'TYPE': 'wet_hyddb', 'Component': 'esa', 'Type': 'real', 'Dimensions': '-', 'Swat_codetype': 'in_res'}"
hydrology.wet,3,5,edep,"{'Line in File': '3', 'Position in File': '5', 'Condition': '-', 'Local (Y/N)': 'N', 'TYPE': 'wet_hyd', 'Component': 'edep', 'Type': 'real', 'Dimensions': '-', 'Swat_codetype': 'in_res'}","{'Line in File': '3', 'Position in File': '5', 'Condition': '-', 'Local (Y/N)': 'N', 'TYPE': 'wet_hyddb', 'Component': 'edep', 'Type': 'real', 'Dimensions': '-', 'Swat_codetype': 'in_res'}"
hydrology.wet,3,6,k,"{'Line in File': '3', 'Position in File': '6', 'Condition': '-', 'Local (Y/N)': 'N', 'TYPE': 'wet_hyd', 'Component': 'k', 'Type': 'real', 'Dimensions': '-', 'Swat_codetype': 'in_res'}","{'Line in File': '3', 'Position in File': '6', 'Condition': '-', 'Local (Y/N)': 'N', 'TYPE': 'wet_hyddb', 'Component': 'k', 'Type': 'real', 'Dimensions': '-', 'Swat_codetype': 'in_res'}"
hydrology.wet,3,7,evrsv,"{'Line in File': '3', 'Position in File': '7', 'Condition': '-', 'Local (Y/N)': 'N', 'TYPE': 'wet_hyd', 'Component': 'evrsv', 'Type': 'real', 'Dimensions': '-', 'Swat_codetype': 'in_res'}","{'Line in File': '3', 'Position in File': '7', 'Condition': '-', 'Local (Y/N)': 'N', 'TYPE': 'wet_hyddb', 'Component': 'evrsv', 'Type': 'real', 'Dimensions': '-', 'Swat_codetype': 'in_res'}"
hydrology.wet,3,8,acoef,"{'Line in File': '3', 'Position in File': '8', 'Condition': '-', 'Local (Y/N)': 'N', 'TYPE': 'wet_hyd', 'Component': 'acoef', 'Type': 'real', 'Dimensions': '-', 'Swat_codetype': 'in_res'}","{'Line in File': '3', 'Position in File': '8', 'Condition': '-', 'Local (Y/N)': 'N', 'TYPE': 'wet_hyddb', 'Component': 'acoef', 'Type': 'real', 'Dimensions': '-', 'Swat_codetype': 'in_res'}"
hydrology.wet,3,9,bcoef,"{'Line in File': '3', 'Position in File': '9', 'Condition': '-', 'Local (Y/N)': 'N', 'TYPE': 'wet_hyd', 'Component': 'bcoef', 'Type': 'real', 'Dimensions': '-', 'Swat_codetype': 'in_res'}","{'Line in File': '3', 'Position in File': '9', 'Condition': '-', 'Local (Y/N)': 'N', 'TYPE': 'wet_hyddb', 'Component': 'bcoef', 'Type': 'real', 'Dimensions': '-', 'Swat_codetype': 'in_res'}"
lum.dtl,5,1,name,"{'Line in File': '5', 'Position in File': '1', 'Condition': '-', 'Local (Y/N)': 'N', 'TYPE': 'dtbl_lum', 'Component': 'name', 'Type': 'character(len=25)', 'Dimensions': '-', 'Swat_codetype': 'in_cond'}","{'Line in File': '5', 'Position in File': '1', 'Condition': '-', 'Local (Y/N)': 'N', 'TYPE': 'dtbl_lum', 'Component': 'name', 'Type': 'character(len=40)', 'Dimensions': '-', 'Swat_codetype': 'in_cond'}"
manure_allo.mnu,4,4,dmd_obs,"{'Line in File': '4', 'Position in File': '4', 'Condition': '-', 'Local (Y/N)': 'N', 'TYPE': 'mallo', 'Component': 'dmd_obs', 'Type': 'integer', 'Dimensions': '-', 'Swat_codetype': 'mallo'}",{}
manure_allo.mnu,4,4,trn_obs,{},"{'Line in File': '4', 'Position in File': '4', 'Condition': '-', 'Local (Y/N)': 'N', 'TYPE': 'mallo', 'Component': 'trn_obs', 'Type': 'integer', 'Dimensions': '-', 'Swat_codetype': 'mallo'}"
nutrients.res,3,8,chlar,"{'Line in File': '3', 'Position in File': '8', 'Condition': '-', 'Local (Y/N)': 'N', 'TYPE': 'res_nut', 'Component': 'chlar', 'Type': 'real', 'Dimensions': '-', 'Swat_codetype': 'in_res'}",{}
nutrients.res,3,8,nsolr,{},"{'Line in File': '3', 'Position in File': '8', 'Condition': '-', 'Local (Y/N)': 'N', 'TYPE': 'res_nut', 'Component': 'nsolr', 'Type': 'real', 'Dimensions': '-', 'Swat_codetype': 'in_res'}"
nutrients.res,3,9,psolr,{},"{'Line in File': '3', 'Position in File': '9', 'Condition': '-', 'Local (Y/N)': 'N', 'TYPE': 'res_nut', 'Component': 'psolr', 'Type': 'real', 'Dimensions': '-', 'Swat_codetype': 'in_res'}"
nutrients.res,3,9,seccir,"{'Line in File': '3', 'Position in File': '9', 'Condition': '-', 'Local (Y/N)': 'N', 'TYPE': 'res_nut', 'Component': 'seccir', 'Type': 'real', 'Dimensions': '-', 'Swat_codetype': 'in_res'}",{}
object.prt,3,2,obtyp,"{'Line in File': '3', 'Position in File': '2', 'Condition': '-', 'Local (Y/N)': 'N', 'TYPE': 'ob_out', 'Component': 'obtyp', 'Type': 'character(len=3)', 'Dimensions': '-', 'Swat_codetype': 'in_sim'}","{'Line in File': '3', 'Position in File': '2', 'Condition': '-', 'Local (Y/N)': 'N', 'TYPE': 'ob_out', 'Component': 'obtyp', 'Type': 'character(len=10)', 'Dimensions': '-', 'Swat_codetype': 'in_sim'}"
object.prt,3,4,hydtyp,"{'Line in File': '3', 'Position in File': '4', 'Condition': '-', 'Local (Y/N)': 'N', 'TYPE': 'ob_out', 'Component': 'hydtyp', 'Type': 'character(len=6)', 'Dimensions': '-', 'Swat_codetype': 'in_sim'}","{'Line in File': '3', 'Position in File': '4', 'Condition': '-', 'Local (Y/N)': 'N', 'TYPE': 'ob_out', 'Component': 'hydtyp', 'Type': 'character(len=20)', 'Dimensions': '-', 'Swat_codetype': 'in_sim'}"
path_hru.ini,4,3,plt,{},"{'Line in File': '4', 'Position in File': '3', 'Condition': '-', 'Local (Y/N)': 'N', 'TYPE': 'path_soil_ini', 'Component': 'plt', 'Type': 'real', 'Dimensions': 'allocatable', 'Swat_codetype': 'in_init'}"
path_hru.ini,5,1,titldum,"{'Line in File': '5', 'Position in File': '1', 'Condition': '-', 'Local (Y/N)': 'Y', 'TYPE': '-', 'Component': 'titldum', 'Type': 'character(len=80)', 'Dimensions': '-', 'Swat_codetype': '-'}",{}
path_hru.ini,5,2,plt,"{'Line in File': '5', 'Position in File': '2', 'Condition': '-', 'Local (Y/N)': 'N', 'TYPE': 'path_soil_ini', 'Component': 'plt', 'Type': 'real', 'Dimensions': 'allocatable', 'Swat_codetype': 'in_init'}",{}
path_water.ini,4,3,benthic,{},"{'Line in File': '4', 'Position in File': '3', 'Condition': '-', 'Local (Y/N)': 'N', 'TYPE': 'path_water_ini', 'Component': 'benthic', 'Type': 'real', 'Dimensions': 'allocatable', 'Swat_codetype': 'in_init'}"
path_water.ini,5,1,titldum,"{'Line in File': '5', 'Position in File': '1', 'Condition': '-', 'Local (Y/N)': 'Y', 'TYPE': '-', 'Component': 'titldum', 'Type': 'character(len=80)', 'Dimensions': '-', 'Swat_codetype': '-'}",{}
path_water.ini,5,2,benthic,"{'Line in File': '5', 'Position in File': '2', 'Condition': '-', 'Local (Y/N)': 'N', 'TYPE': 'path_water_ini', 'Component': 'benthic', 'Type': 'real', 'Dimensions': 'allocatable', 'Swat_codetype': 'in_init'}",{}
pathogens.pth,3,18,conc_min,{},"{'Line in File': '3', 'Position in File': '18', 'Condition': '-', 'Local (Y/N)': 'N', 'TYPE': 'path_db', 'Component': 'conc_min', 'Type': 'real', 'Dimensions': '-', 'Swat_codetype': 'in_parmdb'}"
pathogens.pth,3,18,swf,"{'Line in File': '3', 'Position in File': '18', 'Condition': '-', 'Local (Y/N)': 'N', 'TYPE': 'path_db', 'Component': 'swf', 'Type': 'real', 'Dimensions': '-', 'Swat_codetype': 'in_parmdb'}",{}
pathogens.pth,3,19,conc_min,"{'Line in File': '3', 'Position in File': '19', 'Condition': '-', 'Local (Y/N)': 'N', 'TYPE': 'path_db', 'Component': 'conc_min', 'Type': 'real', 'Dimensions': '-', 'Swat_codetype': 'in_parmdb'}",{}
pest_water.ini,4,3,benthic,{},"{'Line in File': '4', 'Position in File': '3', 'Condition': '-', 'Local (Y/N)': 'N', 'TYPE': 'pest_water_ini', 'Component': 'benthic', 'Type': 'real', 'Dimensions': 'allocatable', 'Swat_codetype': 'in_init'}"
pest_water.ini,5,1,titldum,"{'Line in File': '5', 'Position in File': '1', 'Condition': '-', 'Local (Y/N)': 'Y', 'TYPE': '-', 'Component': 'titldum', 'Type': 'character(len=80)', 'Dimensions': '-', 'Swat_codetype': '-'}",{}
pest_water.ini,5,2,benthic,"{'Line in File': '5', 'Position in File': '2', 'Condition': '-', 'Local (Y/N)': 'N', 'TYPE': 'pest_water_ini', 'Component': 'benthic', 'Type': 'real', 'Dimensions': 'allocatable', 'Swat_codetype': 'in_init'}",{}
plants.plt,3,1,plantnm,"{'Line in File': '3', 'Position in File': '1', 'Condition': '-', 'Local (Y/N)': 'N', 'TYPE': 'pldb', 'Component': 'plantnm', 'Type': 'character(len=40)', 'Dimensions': '-', 'Swat_codetype': 'in_parmdb'}","{'Line in File': '3', 'Position in File': '1', 'Condition': 'if (bsn_cc%nam1 == 0)', 'Local (Y/N)': 'N', 'TYPE': 'pldb', 'Component': 'plantnm', 'Type': 'character(len=40)', 'Dimensions': '-', 'Swat_codetype': 'in_parmdb'}"
plants.plt,3,10,laimx1,"{'Line in File': '3', 'Position in File': '10', 'Condition': '-', 'Local (Y/N)': 'N', 'TYPE': 'pldb', 'Component': 'laimx1', 'Type': 'real', 'Dimensions': '-', 'Swat_codetype': 'in_parmdb'}","{'Line in File': '3', 'Position in File': '10', 'Condition': 'if (bsn_cc%nam1 == 0)', 'Local (Y/N)': 'N', 'TYPE': 'pldb', 'Component': 'laimx1', 'Type': 'real', 'Dimensions': '-', 'Swat_codetype': 'in_parmdb'}"
plants.plt,3,11,frgrw2,"{'Line in File': '3', 'Position in File': '11', 'Condition': '-', 'Local (Y/N)': 'N', 'TYPE': 'pldb', 'Component': 'frgrw2', 'Type': 'real', 'Dimensions': '-', 'Swat_codetype': 'in_parmdb'}","{'Line in File': '3', 'Position in File': '11', 'Condition': 'if (bsn_cc%nam1 == 0)', 'Local (Y/N)': 'N', 'TYPE': 'pldb', 'Component': 'frgrw2', 'Type': 'real', 'Dimensions': '-', 'Swat_codetype': 'in_parmdb'}"
plants.plt,3,12,laimx2,"{'Line in File': '3', 'Position in File': '12', 'Condition': '-', 'Local (Y/N)': 'N', 'TYPE': 'pldb', 'Component': 'laimx2', 'Type': 'real', 'Dimensions': '-', 'Swat_codetype': 'in_parmdb'}","{'Line in File': '3', 'Position in File': '12', 'Condition': 'if (bsn_cc%nam1 == 0)', 'Local (Y/N)': 'N', 'TYPE': 'pldb', 'Component': 'laimx2', 'Type': 'real', 'Dimensions': '-', 'Swat_codetype': 'in_parmdb'}"
plants.plt,3,13,dlai,"{'Line in File': '3', 'Position in File': '13', 'Condition': '-', 'Local (Y/N)': 'N', 'TYPE': 'pldb', 'Component': 'dlai', 'Type': 'real', 'Dimensions': '-', 'Swat_codetype': 'in_parmdb'}","{'Line in File': '3', 'Position in File': '13', 'Condition': 'if (bsn_cc%nam1 == 0)', 'Local (Y/N)': 'N', 'TYPE': 'pldb', 'Component': 'dlai', 'Type': 'real', 'Dimensions': '-', 'Swat_codetype': 'in_parmdb'}"
plants.plt,3,14,dlai_rate,"{'Line in File': '3', 'Position in File': '14', 'Condition': '-', 'Local (Y/N)': 'N', 'TYPE': 'pldb', 'Component': 'dlai_rate', 'Type': 'real', 'Dimensions': '-', 'Swat_codetype': 'in_parmdb'}","{'Line in File': '3', 'Position in File': '14', 'Condition': 'if (bsn_cc%nam1 == 0)', 'Local (Y/N)': 'N', 'TYPE': 'pldb', 'Component': 'dlai_rate', 'Type': 'real', 'Dimensions': '-', 'Swat_codetype': 'in_parmdb'}"
plants.plt,3,15,chtmx,"{'Line in File': '3', 'Position in File': '15', 'Condition': '-', 'Local (Y/N)': 'N', 'TYPE': 'pldb', 'Component': 'chtmx', 'Type': 'real', 'Dimensions': '-', 'Swat_codetype': 'in_parmdb'}","{'Line in File': '3', 'Position in File': '15', 'Condition': 'if (bsn_cc%nam1 == 0)', 'Local (Y/N)': 'N', 'TYPE': 'pldb', 'Component': 'chtmx', 'Type': 'real', 'Dimensions': '-', 'Swat_codetype': 'in_parmdb'}"
plants.plt,3,16,rdmx,"{'Line in File': '3', 'Position in File': '16', 'Condition': '-', 'Local (Y/N)': 'N', 'TYPE': 'pldb', 'Component': 'rdmx', 'Type': 'real', 'Dimensions': '-', 'Swat_codetype': 'in_parmdb'}","{'Line in File': '3', 'Position in File': '16', 'Condition': 'if (bsn_cc%nam1 == 0)', 'Local (Y/N)': 'N', 'TYPE': 'pldb', 'Component': 'rdmx', 'Type': 'real', 'Dimensions': '-', 'Swat_codetype': 'in_parmdb'}"
plants.plt,3,17,t_opt,"{'Line in File': '3', 'Position in File': '17', 'Condition': '-', 'Local (Y/N)': 'N', 'TYPE': 'pldb', 'Component': 't_opt', 'Type': 'real', 'Dimensions': '-', 'Swat_codetype': 'in_parmdb'}","{'Line in File': '3', 'Position in File': '17', 'Condition': 'if (bsn_cc%nam1 == 0)', 'Local (Y/N)': 'N', 'TYPE': 'pldb', 'Component': 't_opt', 'Type': 'real', 'Dimensions': '-', 'Swat_codetype': 'in_parmdb'}"
plants.plt,3,18,t_base,"{'Line in File': '3', 'Position in File': '18', 'Condition': '-', 'Local (Y/N)': 'N', 'TYPE': 'pldb', 'Component': 't_base', 'Type': 'real', 'Dimensions': '-', 'Swat_codetype': 'in_parmdb'}","{'Line in File': '3', 'Position in File': '18', 'Condition': 'if (bsn_cc%nam1 == 0)', 'Local (Y/N)': 'N', 'TYPE': 'pldb', 'Component': 't_base', 'Type': 'real', 'Dimensions': '-', 'Swat_codetype': 'in_parmdb'}"
plants.plt,3,19,cnyld,"{'Line in File': '3', 'Position in File': '19', 'Condition': '-', 'Local (Y/N)': 'N', 'TYPE': 'pldb', 'Component': 'cnyld', 'Type': 'real', 'Dimensions': '-', 'Swat_codetype': 'in_parmdb'}","{'Line in File': '3', 'Position in File': '19', 'Condition': 'if (bsn_cc%nam1 == 0)', 'Local (Y/N)': 'N', 'TYPE': 'pldb', 'Component': 'cnyld', 'Type': 'real', 'Dimensions': '-', 'Swat_codetype': 'in_parmdb'}"
plants.plt,3,2,typ,"{'Line in File': '3', 'Position in File': '2', 'Condition': '-', 'Local (Y/N)': 'N', 'TYPE': 'pldb', 'Component': 'typ', 'Type': 'character(len=18)', 'Dimensions': '-', 'Swat_codetype': 'in_parmdb'}","{'Line in File': '3', 'Position in File': '2', 'Condition': 'if (bsn_cc%nam1 == 0)', 'Local (Y/N)': 'N', 'TYPE': 'pldb', 'Component': 'typ', 'Type': 'character(len=18)', 'Dimensions': '-', 'Swat_codetype': 'in_parmdb'}"
plants.plt,3,20,cpyld,"{'Line in File': '3', 'Position in File': '20', 'Condition': '-', 'Local (Y/N)': 'N', 'TYPE': 'pldb', 'Component': 'cpyld', 'Type': 'real', 'Dimensions': '-', 'Swat_codetype': 'in_parmdb'}","{'Line in File': '3', 'Position in File': '20', 'Condition': 'if (bsn_cc%nam1 == 0)', 'Local (Y/N)': 'N', 'TYPE': 'pldb', 'Component': 'cpyld', 'Type': 'real', 'Dimensions': '-', 'Swat_codetype': 'in_parmdb'}"
plants.plt,3,21,pltnfr1,"{'Line in File': '3', 'Position in File': '21', 'Condition': '-', 'Local (Y/N)': 'N', 'TYPE': 'pldb', 'Component': 'pltnfr1', 'Type': 'real', 'Dimensions': '-', 'Swat_codetype': 'in_parmdb'}","{'Line in File': '3', 'Position in File': '21', 'Condition': 'if (bsn_cc%nam1 == 0)', 'Local (Y/N)': 'N', 'TYPE': 'pldb', 'Component': 'pltnfr1', 'Type': 'real', 'Dimensions': '-', 'Swat_codetype': 'in_parmdb'}"
plants.plt,3,22,pltnfr2,"{'Line in File': '3', 'Position in File': '22', 'Condition': '-', 'Local (Y/N)': 'N', 'TYPE': 'pldb', 'Component': 'pltnfr2', 'Type': 'real', 'Dimensions': '-', 'Swat_codetype': 'in_parmdb'}","{'Line in File': '3', 'Position in File': '22', 'Condition': 'if (bsn_cc%nam1 == 0)', 'Local (Y/N)': 'N', 'TYPE': 'pldb', 'Component': 'pltnfr2', 'Type': 'real', 'Dimensions': '-', 'Swat_codetype': 'in_parmdb'}"
plants.plt,3,23,pltnfr3,"{'Line in File': '3', 'Position in File': '23', 'Condition': '-', 'Local (Y/N)': 'N', 'TYPE': 'pldb', 'Component': 'pltnfr3', 'Type': 'real', 'Dimensions': '-', 'Swat_codetype': 'in_parmdb'}","{'Line in File': '3', 'Position in File': '23', 'Condition': 'if (bsn_cc%nam1 == 0)', 'Local (Y/N)': 'N', 'TYPE': 'pldb', 'Component': 'pltnfr3', 'Type': 'real', 'Dimensions': '-', 'Swat_codetype': 'in_parmdb'}"
plants.plt,3,24,pltpfr1,"{'Line in File': '3', 'Position in File': '24', 'Condition': '-', 'Local (Y/N)': 'N', 'TYPE': 'pldb', 'Component': 'pltpfr1', 'Type': 'real', 'Dimensions': '-', 'Swat_codetype': 'in_parmdb'}","{'Line in File': '3', 'Position in File': '24', 'Condition': 'if (bsn_cc%nam1 == 0)', 'Local (Y/N)': 'N', 'TYPE': 'pldb', 'Component': 'pltpfr1', 'Type': 'real', 'Dimensions': '-', 'Swat_codetype': 'in_parmdb'}"
plants.plt,3,25,pltpfr2,"{'Line in File': '3', 'Position in File': '25', 'Condition': '-', 'Local (Y/N)': 'N', 'TYPE': 'pldb', 'Component': 'pltpfr2', 'Type': 'real', 'Dimensions': '-', 'Swat_codetype': 'in_parmdb'}","{'Line in File': '3', 'Position in File': '25', 'Condition': 'if (bsn_cc%nam1 == 0)', 'Local (Y/N)': 'N', 'TYPE': 'pldb', 'Component': 'pltpfr2', 'Type': 'real', 'Dimensions': '-', 'Swat_codetype': 'in_parmdb'}"
plants.plt,3,26,pltpfr3,"{'Line in File': '3', 'Position in File': '26', 'Condition': '-', 'Local (Y/N)': 'N', 'TYPE': 'pldb', 'Component': 'pltpfr3', 'Type': 'real', 'Dimensions': '-', 'Swat_codetype': 'in_parmdb'}","{'Line in File': '3', 'Position in File': '26', 'Condition': 'if (bsn_cc%nam1 == 0)', 'Local (Y/N)': 'N', 'TYPE': 'pldb', 'Component': 'pltpfr3', 'Type': 'real', 'Dimensions': '-', 'Swat_codetype': 'in_parmdb'}"
plants.plt,3,27,wsyf,"{'Line in File': '3', 'Position in File': '27', 'Condition': '-', 'Local (Y/N)': 'N', 'TYPE': 'pldb', 'Component': 'wsyf', 'Type': 'real', 'Dimensions': '-', 'Swat_codetype': 'in_parmdb'}","{'Line in File': '3', 'Position in File': '27', 'Condition': 'if (bsn_cc%nam1 == 0)', 'Local (Y/N)': 'N', 'TYPE': 'pldb', 'Component': 'wsyf', 'Type': 'real', 'Dimensions': '-', 'Swat_codetype': 'in_parmdb'}"
plants.plt,3,28,usle_c,"{'Line in File': '3', 'Position in File': '28', 'Condition': '-', 'Local (Y/N)': 'N', 'TYPE': 'pldb', 'Component': 'usle_c', 'Type': 'real', 'Dimensions': '-', 'Swat_codetype': 'in_parmdb'}","{'Line in File': '3', 'Position in File': '28', 'Condition': 'if (bsn_cc%nam1 == 0)', 'Local (Y/N)': 'N', 'TYPE': 'pldb', 'Component': 'usle_c', 'Type': 'real', 'Dimensions': '-', 'Swat_codetype': 'in_parmdb'}"
plants.plt,3,29,gsi,"{'Line in File': '3', 'Position in File': '29', 'Condition': '-', 'Local (Y/N)': 'N', 'TYPE': 'pldb', 'Component': 'gsi', 'Type': 'real', 'Dimensions': '-', 'Swat_codetype': 'in_parmdb'}","{'Line in File': '3', 'Position in File': '29', 'Condition': 'if (bsn_cc%nam1 == 0)', 'Local (Y/N)': 'N', 'TYPE': 'pldb', 'Component': 'gsi', 'Type': 'real', 'Dimensions': '-', 'Swat_codetype': 'in_parmdb'}"
plants.plt,3,3,trig,"{'Line in File': '3', 'Position in File': '3', 'Condition': '-', 'Local (Y/N)': 'N', 'TYPE': 'pldb', 'Component': 'trig', 'Type': 'character(len=18)', 'Dimensions': '-', 'Swat_codetype': 'in_parmdb'}","{'Line in File': '3', 'Position in File': '3', 'Condition': 'if (bsn_cc%nam1 == 0)', 'Local (Y/N)': 'N', 'TYPE': 'pldb', 'Component': 'trig', 'Type': 'character(len=18)', 'Dimensions': '-', 'Swat_codetype': 'in_parmdb'}"
plants.plt,3,30,vpdfr,"{'Line in File': '3', 'Position in File': '30', 'Condition': '-', 'Local (Y/N)': 'N', 'TYPE': 'pldb', 'Component': 'vpdfr', 'Type': 'real', 'Dimensions': '-', 'Swat_codetype': 'in_parmdb'}","{'Line in File': '3', 'Position in File': '30', 'Condition': 'if (bsn_cc%nam1 == 0)', 'Local (Y/N)': 'N', 'TYPE': 'pldb', 'Component': 'vpdfr', 'Type': 'real', 'Dimensions': '-', 'Swat_codetype': 'in_parmdb'}"
plants.plt,3,31,gmaxfr,"{'Line in File': '3', 'Position in File': '31', 'Condition': '-', 'Local (Y/N)': 'N', 'TYPE': 'pldb', 'Component': 'gmaxfr', 'Type': 'real', 'Dimensions': '-', 'Swat_codetype': 'in_parmdb'}","{'Line in File': '3', 'Position in File': '31', 'Condition': 'if (bsn_cc%nam1 == 0)', 'Local (Y/N)': 'N', 'TYPE': 'pldb', 'Component': 'gmaxfr', 'Type': 'real', 'Dimensions': '-', 'Swat_codetype': 'in_parmdb'}"
plants.plt,3,32,wavp,"{'Line in File': '3', 'Position in File': '32', 'Condition': '-', 'Local (Y/N)': 'N', 'TYPE': 'pldb', 'Component': 'wavp', 'Type': 'real', 'Dimensions': '-', 'Swat_codetype': 'in_parmdb'}","{'Line in File': '3', 'Position in File': '32', 'Condition': 'if (bsn_cc%nam1 == 0)', 'Local (Y/N)': 'N', 'TYPE': 'pldb', 'Component': 'wavp', 'Type': 'real', 'Dimensions': '-', 'Swat_codetype': 'in_parmdb'}"
plants.plt,3,33,co2hi,"{'Line in File': '3', 'Position in File': '33', 'Condition': '-', 'Local (Y/N)': 'N', 'TYPE': 'pldb', 'Component': 'co2hi', 'Type': 'real', 'Dimensions': '-', 'Swat_codetype': 'in_parmdb'}","{'Line in File': '3', 'Position in File': '33', 'Condition': 'if (bsn_cc%nam1 == 0)', 'Local (Y/N)': 'N', 'TYPE': 'pldb', 'Component': 'co2hi', 'Type': 'real', 'Dimensions': '-', 'Swat_codetype': 'in_parmdb'}"
plants.plt,3,34,bioehi,"{'Line in File': '3', 'Position in File': '34', 'Condition': '-', 'Local (Y/N)': 'N', 'TYPE': 'pldb', 'Component': 'bioehi', 'Type': 'real', 'Dimensions': '-', 'Swat_codetype': 'in_parmdb'}","{'Line in File': '3', 'Position in File': '34', 'Condition': 'if (bsn_cc%nam1 == 0)', 'Local (Y/N)': 'N', 'TYPE': 'pldb', 'Component': 'bioehi', 'Type': 'real', 'Dimensions': '-', 'Swat_codetype': 'in_parmdb'}"
plants.plt,3,35,rsdco_pl,"{'Line in File': '3', 'Position in File': '35', 'Condition': '-', 'Local (Y/N)': 'N', 'TYPE': 'pldb', 'Component': 'rsdco_pl', 'Type': 'real', 'Dimensions': '-', 'Swat_codetype': 'in_parmdb'}","{'Line in File': '3', 'Position in File': '35', 'Condition': 'if (bsn_cc%nam1 == 0)', 'Local (Y/N)': 'N', 'TYPE': 'pldb', 'Component': 'rsdco_pl', 'Type': 'real', 'Dimensions': '-', 'Swat_codetype': 'in_parmdb'}"
plants.plt,3,36,alai_min,"{'Line in File': '3', 'Position in File': '36', 'Condition': '-', 'Local (Y/N)': 'N', 'TYPE': 'pldb', 'Component': 'alai_min', 'Type': 'real', 'Dimensions': '-', 'Swat_codetype': 'in_parmdb'}","{'Line in File': '3', 'Position in File': '36', 'Condition': 'if (bsn_cc%nam1 == 0)', 'Local (Y/N)': 'N', 'TYPE': 'pldb', 'Component': 'alai_min', 'Type': 'real', 'Dimensions': '-', 'Swat_codetype': 'in_parmdb'}"
plants.plt,3,37,laixco_tree,"{'Line in File': '3', 'Position in File': '37', 'Condition': '-', 'Local (Y/N)': 'N', 'TYPE': 'pldb', 'Component': 'laixco_tree', 'Type': 'real', 'Dimensions': '-', 'Swat_codetype': 'in_parmdb'}","{'Line in File': '3', 'Position in File': '37', 'Condition': 'if (bsn_cc%nam1 == 0)', 'Local (Y/N)': 'N', 'TYPE': 'pldb', 'Component': 'laixco_tree', 'Type': 'real', 'Dimensions': '-', 'Swat_codetype': 'in_parmdb'}"
plants.plt,3,38,mat_yrs,"{'Line in File': '3', 'Position in File': '38', 'Condition': '-', 'Local (Y/N)': 'N', 'TYPE': 'pldb', 'Component': 'mat_yrs', 'Type': 'integer', 'Dimensions': '-', 'Swat_codetype': 'in_parmdb'}","{'Line in File': '3', 'Position in File': '38', 'Condition': 'if (bsn_cc%nam1 == 0)', 'Local (Y/N)': 'N', 'TYPE': 'pldb', 'Component': 'mat_yrs', 'Type': 'integer', 'Dimensions': '-', 'Swat_codetype': 'in_parmdb'}"
plants.plt,3,39,bmx_peren,"{'Line in File': '3', 'Position in File': '39', 'Condition': '-', 'Local (Y/N)': 'N', 'TYPE': 'pldb', 'Component': 'bmx_peren', 'Type': 'real', 'Dimensions': '-', 'Swat_codetype': 'in_parmdb'}","{'Line in File': '3', 'Position in File': '39', 'Condition': 'if (bsn_cc%nam1 == 0)', 'Local (Y/N)': 'N', 'TYPE': 'pldb', 'Component': 'bmx_peren', 'Type': 'real', 'Dimensions': '-', 'Swat_codetype': 'in_parmdb'}"
plants.plt,3,4,nfix_co,"{'Line in File': '3', 'Position in File': '4', 'Condition': '-', 'Local (Y/N)': 'N', 'TYPE': 'pldb', 'Component': 'nfix_co', 'Type': 'real', 'Dimensions': '-', 'Swat_codetype': 'in_parmdb'}","{'Line in File': '3', 'Position in File': '4', 'Condition': 'if (bsn_cc%nam1 == 0)', 'Local (Y/N)': 'N', 'TYPE': 'pldb', 'Component': 'nfix_co', 'Type': 'real', 'Dimensions': '-', 'Swat_codetype': 'in_parmdb'}"
plants.plt,3,40,ext_coef,"{'Line in File': '3', 'Position in File': '40', 'Condition': '-', 'Local (Y/N)': 'N', 'TYPE': 'pldb', 'Component': 'ext_coef', 'Type': 'real', 'Dimensions': '-', 'Swat_codetype': 'in_parmdb'}","{'Line in File': '3', 'Position in File': '40', 'Condition': 'if (bsn_cc%nam1 == 0)', 'Local (Y/N)': 'N', 'TYPE': 'pldb', 'Component': 'ext_coef', 'Type': 'real', 'Dimensions': '-', 'Swat_codetype': 'in_parmdb'}"
plants.plt,3,41,leaf_tov_min,"{'Line in File': '3', 'Position in File': '41', 'Condition': '-', 'Local (Y/N)': 'N', 'TYPE': 'pldb', 'Component': 'leaf_tov_min', 'Type': 'real', 'Dimensions': '-', 'Swat_codetype': 'in_parmdb'}","{'Line in File': '3', 'Position in File': '41', 'Condition': 'if (bsn_cc%nam1 == 0)', 'Local (Y/N)': 'N', 'TYPE': 'pldb', 'Component': 'leaf_tov_min', 'Type': 'real', 'Dimensions': '-', 'Swat_codetype': 'in_parmdb'}"
plants.plt,3,42,leaf_tov_max,"{'Line in File': '3', 'Position in File': '42', 'Condition': '-', 'Local (Y/N)': 'N', 'TYPE': 'pldb', 'Component': 'leaf_tov_max', 'Type': 'real', 'Dimensions': '-', 'Swat_codetype': 'in_parmdb'}","{'Line in File': '3', 'Position in File': '42', 'Condition': 'if (bsn_cc%nam1 == 0)', 'Local (Y/N)': 'N', 'TYPE': 'pldb', 'Component': 'leaf_tov_max', 'Type': 'real', 'Dimensions': '-', 'Swat_codetype': 'in_parmdb'}"
plants.plt,3,43,bm_dieoff,"{'Line in File': '3', 'Position in File': '43', 'Condition': '-', 'Local (Y/N)': 'N', 'TYPE': 'pldb', 'Component': 'bm_dieoff', 'Type': 'real', 'Dimensions': '-', 'Swat_codetype': 'in_parmdb'}","{'Line in File': '3', 'Position in File': '43', 'Condition': 'if (bsn_cc%nam1 == 0)', 'Local (Y/N)': 'N', 'TYPE': 'pldb', 'Component': 'bm_dieoff', 'Type': 'real', 'Dimensions': '-', 'Swat_codetype': 'in_parmdb'}"
plants.plt,3,44,rsr1,"{'Line in File': '3', 'Position in File': '44', 'Condition': '-', 'Local (Y/N)': 'N', 'TYPE': 'pldb', 'Component': 'rsr1', 'Type': 'real', 'Dimensions': '-', 'Swat_codetype': 'in_parmdb'}","{'Line in File': '3', 'Position in File': '44', 'Condition': 'if (bsn_cc%nam1 == 0)', 'Local (Y/N)': 'N', 'TYPE': 'pldb', 'Component': 'rsr1', 'Type': 'real', 'Dimensions': '-', 'Swat_codetype': 'in_parmdb'}"
plants.plt,3,45,rsr2,"{'Line in File': '3', 'Position in File': '45', 'Condition': '-', 'Local (Y/N)': 'N', 'TYPE': 'pldb', 'Component': 'rsr2', 'Type': 'real', 'Dimensions': '-', 'Swat_codetype': 'in_parmdb'}","{'Line in File': '3', 'Position in File': '45', 'Condition': 'if (bsn_cc%nam1 == 0)', 'Local (Y/N)': 'N', 'TYPE': 'pldb', 'Component': 'rsr2', 'Type': 'real', 'Dimensions': '-', 'Swat_codetype': 'in_parmdb'}"
plants.plt,3,46,pop1,"{'Line in File': '3', 'Position in File': '46', 'Condition': '-', 'Local (Y/N)': 'N', 'TYPE': 'pldb', 'Component': 'pop1', 'Type': 'real', 'Dimensions': '-', 'Swat_codetype': 'in_parmdb'}","{'Line in File': '3', 'Position in File': '46', 'Condition': 'if (bsn_cc%nam1 == 0)', 'Local (Y/N)': 'N', 'TYPE': 'pldb', 'Component': 'pop1', 'Type': 'real', 'Dimensions': '-', 'Swat_codetype': 'in_parmdb'}"
plants.plt,3,47,frlai1,"{'Line in File': '3', 'Position in File': '47', 'Condition': '-', 'Local (Y/N)': 'N', 'TYPE': 'pldb', 'Component': 'frlai1', 'Type': 'real', 'Dimensions': '-', 'Swat_codetype': 'in_parmdb'}","{'Line in File': '3', 'Position in File': '47', 'Condition': 'if (bsn_cc%nam1 == 0)', 'Local (Y/N)': 'N', 'TYPE': 'pldb', 'Component': 'frlai1', 'Type': 'real', 'Dimensions': '-', 'Swat_codetype': 'in_parmdb'}"
plants.plt,3,48,pop2,"{'Line in File': '3', 'Position in File': '48', 'Condition': '-', 'Local (Y/N)': 'N', 'TYPE': 'pldb', 'Component': 'pop2', 'Type': 'real', 'Dimensions': '-', 'Swat_codetype': 'in_parmdb'}","{'Line in File': '3', 'Position in File': '48', 'Condition': 'if (bsn_cc%nam1 == 0)', 'Local (Y/N)': 'N', 'TYPE': 'pldb', 'Component': 'pop2', 'Type': 'real', 'Dimensions': '-', 'Swat_codetype': 'in_parmdb'}"
plants.plt,3,49,frlai2,"{'Line in File': '3', 'Position in File': '49', 'Condition': '-', 'Local (Y/N)': 'N', 'TYPE': 'pldb', 'Component': 'frlai2', 'Type': 'real', 'Dimensions': '-', 'Swat_codetype': 'in_parmdb'}","{'Line in File': '3', 'Position in File': '49', 'Condition': 'if (bsn_cc%nam1 == 0)', 'Local (Y/N)': 'N', 'TYPE': 'pldb', 'Component': 'frlai2', 'Type': 'real', 'Dimensions': '-', 'Swat_codetype': 'in_parmdb'}"
plants.plt,3,5,days_mat,"{'Line in File': '3', 'Position in File': '5', 'Condition': '-', 'Local (Y/N)': 'N', 'TYPE': 'pldb', 'Component': 'days_mat', 'Type': 'integer', 'Dimensions': '-', 'Swat_codetype': 'in_parmdb'}","{'Line in File': '3', 'Position in File': '5', 'Condition': 'if (bsn_cc%nam1 == 0)', 'Local (Y/N)': 'N', 'TYPE': 'pldb', 'Component': 'days_mat', 'Type': 'integer', 'Dimensions': '-', 'Swat_codetype': 'in_parmdb'}"
plants.plt,3,50,frsw_gro,"{'Line in File': '3', 'Position in File': '50', 'Condition': '-', 'Local (Y/N)': 'N', 'TYPE': 'pldb', 'Component': 'frsw_gro', 'Type': 'real', 'Dimensions': '-', 'Swat_codetype': 'in_parmdb'}","{'Line in File': '3', 'Position in File': '50', 'Condition': 'if (bsn_cc%nam1 == 0)', 'Local (Y/N)': 'N', 'TYPE': 'pldb', 'Component': 'frsw_gro', 'Type': 'real', 'Dimensions': '-', 'Swat_codetype': 'in_parmdb'}"
plants.plt,3,51,aeration,"{'Line in File': '3', 'Position in File': '51', 'Condition': '-', 'Local (Y/N)': 'N', 'TYPE': 'pldb', 'Component': 'aeration', 'Type': 'real', 'Dimensions': '-', 'Swat_codetype': 'in_parmdb'}","{'Line in File': '3', 'Position in File': '51', 'Condition': 'if (bsn_cc%nam1 == 0)', 'Local (Y/N)': 'N', 'TYPE': 'pldb', 'Component': 'aeration', 'Type': 'real', 'Dimensions': '-', 'Swat_codetype': 'in_parmdb'}"
plants.plt,3,52,rsd_pctcov,"{'Line in File': '3', 'Position in File': '52', 'Condition': '-', 'Local (Y/N)': 'N', 'TYPE': 'pldb', 'Component': 'rsd_pctcov', 'Type': 'real', 'Dimensions': '-', 'Swat_codetype': 'in_parmdb'}","{'Line in File': '3', 'Position in File': '52', 'Condition': 'if (bsn_cc%nam1 == 0)', 'Local (Y/N)': 'N', 'TYPE': 'pldb', 'Component': 'rsd_pctcov', 'Type': 'real', 'Dimensions': '-', 'Swat_codetype': 'in_parmdb'}"
plants.plt,3,53,rsd_covfac,"{'Line in File': '3', 'Position in File': '53', 'Condition': '-', 'Local (Y/N)': 'N', 'TYPE': 'pldb', 'Component': 'rsd_covfac', 'Type': 'real', 'Dimensions': '-', 'Swat_codetype': 'in_parmdb'}","{'Line in File': '3', 'Position in File': '53', 'Condition': 'if (bsn_cc%nam1 == 0)', 'Local (Y/N)': 'N', 'TYPE': 'pldb', 'Component': 'rsd_covfac', 'Type': 'real', 'Dimensions': '-', 'Swat_codetype': 'in_parmdb'}"
plants.plt,3,54,meta_frac,{},"{'Line in File': '3', 'Position in File': '54', 'Condition': 'if (bsn_cc%nam1 == 0)', 'Local (Y/N)': 'N', 'TYPE': 'res_part_fracs', 'Component': 'meta_frac', 'Type': 'unknown', 'Dimensions': '-', 'Swat_codetype': 'in_parmdb'}"
plants.plt,3,55,str_frac,{},"{'Line in File': '3', 'Position in File': '55', 'Condition': 'if (bsn_cc%nam1 == 0)', 'Local (Y/N)': 'N', 'TYPE': 'res_part_fracs', 'Component': 'str_frac', 'Type': 'unknown', 'Dimensions': '-', 'Swat_codetype': 'in_parmdb'}"
plants.plt,3,56,lig_frac,{},"{'Line in File': '3', 'Position in File': '56', 'Condition': 'if (bsn_cc%nam1 == 0)', 'Local (Y/N)': 'N', 'TYPE': 'res_part_fracs', 'Component': 'lig_frac', 'Type': 'unknown', 'Dimensions': '-', 'Swat_codetype': 'in_parmdb'}"
plants.plt,3,6,bio_e,"{'Line in File': '3', 'Position in File': '6', 'Condition': '-', 'Local (Y/N)': 'N', 'TYPE': 'pldb', 'Component': 'bio_e', 'Type': 'real', 'Dimensions': '-', 'Swat_codetype': 'in_parmdb'}","{'Line in File': '3', 'Position in File': '6', 'Condition': 'if (bsn_cc%nam1 == 0)', 'Local (Y/N)': 'N', 'TYPE': 'pldb', 'Component': 'bio_e', 'Type': 'real', 'Dimensions': '-', 'Swat_codetype': 'in_parmdb'}"
plants.plt,3,7,hvsti,"{'Line in File': '3', 'Position in File': '7', 'Condition': '-', 'Local (Y/N)': 'N', 'TYPE': 'pldb', 'Component': 'hvsti', 'Type': 'real', 'Dimensions': '-', 'Swat_codetype': 'in_parmdb'}","{'Line in File': '3', 'Position in File': '7', 'Condition': 'if (bsn_cc%nam1 == 0)', 'Local (Y/N)': 'N', 'TYPE': 'pldb', 'Component': 'hvsti', 'Type': 'real', 'Dimensions': '-', 'Swat_codetype': 'in_parmdb'}"
plants.plt,3,8,blai,"{'Line in File': '3', 'Position in File': '8', 'Condition': '-', 'Local (Y/N)': 'N', 'TYPE': 'pldb', 'Component': 'blai', 'Type': 'real', 'Dimensions': '-', 'Swat_codetype': 'in_parmdb'}","{'Line in File': '3', 'Position in File': '8', 'Condition': 'if (bsn_cc%nam1 == 0)', 'Local (Y/N)': 'N', 'TYPE': 'pldb', 'Component': 'blai', 'Type': 'real', 'Dimensions': '-', 'Swat_codetype': 'in_parmdb'}"
plants.plt,3,9,frgrw1,"{'Line in File': '3', 'Position in File': '9', 'Condition': '-', 'Local (Y/N)': 'N', 'TYPE': 'pldb', 'Component': 'frgrw1', 'Type': 'real', 'Dimensions': '-', 'Swat_codetype': 'in_parmdb'}","{'Line in File': '3', 'Position in File': '9', 'Condition': 'if (bsn_cc%nam1 == 0)', 'Local (Y/N)': 'N', 'TYPE': 'pldb', 'Component': 'frgrw1', 'Type': 'real', 'Dimensions': '-', 'Swat_codetype': 'in_parmdb'}"
plants.plt,4,1,plantnm,{},"{'Line in File': '4', 'Position in File': '1', 'Condition': 'if (bsn_cc%nam1 == 0)', 'Local (Y/N)': 'N', 'TYPE': 'pldb', 'Component': 'plantnm', 'Type': 'character(len=40)', 'Dimensions': '-', 'Swat_codetype': 'in_parmdb'}"
plants.plt,4,10,laimx1,{},"{'Line in File': '4', 'Position in File': '10', 'Condition': 'if (bsn_cc%nam1 == 0)', 'Local (Y/N)': 'N', 'TYPE': 'pldb', 'Component': 'laimx1', 'Type': 'real', 'Dimensions': '-', 'Swat_codetype': 'in_parmdb'}"
plants.plt,4,11,frgrw2,{},"{'Line in File': '4', 'Position in File': '11', 'Condition': 'if (bsn_cc%nam1 == 0)', 'Local (Y/N)': 'N', 'TYPE': 'pldb', 'Component': 'frgrw2', 'Type': 'real', 'Dimensions': '-', 'Swat_codetype': 'in_parmdb'}"
plants.plt,4,12,laimx2,{},"{'Line in File': '4', 'Position in File': '12', 'Condition': 'if (bsn_cc%nam1 == 0)', 'Local (Y/N)': 'N', 'TYPE': 'pldb', 'Component': 'laimx2', 'Type': 'real', 'Dimensions': '-', 'Swat_codetype': 'in_parmdb'}"
plants.plt,4,13,dlai,{},"{'Line in File': '4', 'Position in File': '13', 'Condition': 'if (bsn_cc%nam1 == 0)', 'Local (Y/N)': 'N', 'TYPE': 'pldb', 'Component': 'dlai', 'Type': 'real', 'Dimensions': '-', 'Swat_codetype': 'in_parmdb'}"
plants.plt,4,14,dlai_rate,{},"{'Line in File': '4', 'Position in File': '14', 'Condition': 'if (bsn_cc%nam1 == 0)', 'Local (Y/N)': 'N', 'TYPE': 'pldb', 'Component': 'dlai_rate', 'Type': 'real', 'Dimensions': '-', 'Swat_codetype': 'in_parmdb'}"
plants.plt,4,15,chtmx,{},"{'Line in File': '4', 'Position in File': '15', 'Condition': 'if (bsn_cc%nam1 == 0)', 'Local (Y/N)': 'N', 'TYPE': 'pldb', 'Component': 'chtmx', 'Type': 'real', 'Dimensions': '-', 'Swat_codetype': 'in_parmdb'}"
plants.plt,4,16,rdmx,{},"{'Line in File': '4', 'Position in File': '16', 'Condition': 'if (bsn_cc%nam1 == 0)', 'Local (Y/N)': 'N', 'TYPE': 'pldb', 'Component': 'rdmx', 'Type': 'real', 'Dimensions': '-', 'Swat_codetype': 'in_parmdb'}"
plants.plt,4,17,t_opt,{},"{'Line in File': '4', 'Position in File': '17', 'Condition': 'if (bsn_cc%nam1 == 0)', 'Local (Y/N)': 'N', 'TYPE': 'pldb', 'Component': 't_opt', 'Type': 'real', 'Dimensions': '-', 'Swat_codetype': 'in_parmdb'}"
plants.plt,4,18,t_base,{},"{'Line in File': '4', 'Position in File': '18', 'Condition': 'if (bsn_cc%nam1 == 0)', 'Local (Y/N)': 'N', 'TYPE': 'pldb', 'Component': 't_base', 'Type': 'real', 'Dimensions': '-', 'Swat_codetype': 'in_parmdb'}"
plants.plt,4,19,cnyld,{},"{'Line in File': '4', 'Position in File': '19', 'Condition': 'if (bsn_cc%nam1 == 0)', 'Local (Y/N)': 'N', 'TYPE': 'pldb', 'Component': 'cnyld', 'Type': 'real', 'Dimensions': '-', 'Swat_codetype': 'in_parmdb'}"
plants.plt,4,2,typ,{},"{'Line in File': '4', 'Position in File': '2', 'Condition': 'if (bsn_cc%nam1 == 0)', 'Local (Y/N)': 'N', 'TYPE': 'pldb', 'Component': 'typ', 'Type': 'character(len=18)', 'Dimensions': '-', 'Swat_codetype': 'in_parmdb'}"
plants.plt,4,20,cpyld,{},"{'Line in File': '4', 'Position in File': '20', 'Condition': 'if (bsn_cc%nam1 == 0)', 'Local (Y/N)': 'N', 'TYPE': 'pldb', 'Component': 'cpyld', 'Type': 'real', 'Dimensions': '-', 'Swat_codetype': 'in_parmdb'}"
plants.plt,4,21,pltnfr1,{},"{'Line in File': '4', 'Position in File': '21', 'Condition': 'if (bsn_cc%nam1 == 0)', 'Local (Y/N)': 'N', 'TYPE': 'pldb', 'Component': 'pltnfr1', 'Type': 'real', 'Dimensions': '-', 'Swat_codetype': 'in_parmdb'}"
plants.plt,4,22,pltnfr2,{},"{'Line in File': '4', 'Position in File': '22', 'Condition': 'if (bsn_cc%nam1 == 0)', 'Local (Y/N)': 'N', 'TYPE': 'pldb', 'Component': 'pltnfr2', 'Type': 'real', 'Dimensions': '-', 'Swat_codetype': 'in_parmdb'}"
plants.plt,4,23,pltnfr3,{},"{'Line in File': '4', 'Position in File': '23', 'Condition': 'if (bsn_cc%nam1 == 0)', 'Local (Y/N)': 'N', 'TYPE': 'pldb', 'Component': 'pltnfr3', 'Type': 'real', 'Dimensions': '-', 'Swat_codetype': 'in_parmdb'}"
plants.plt,4,24,pltpfr1,{},"{'Line in File': '4', 'Position in File': '24', 'Condition': 'if (bsn_cc%nam1 == 0)', 'Local (Y/N)': 'N', 'TYPE': 'pldb', 'Component': 'pltpfr1', 'Type': 'real', 'Dimensions': '-', 'Swat_codetype': 'in_parmdb'}"
plants.plt,4,25,pltpfr2,{},"{'Line in File': '4', 'Position in File': '25', 'Condition': 'if (bsn_cc%nam1 == 0)', 'Local (Y/N)': 'N', 'TYPE': 'pldb', 'Component': 'pltpfr2', 'Type': 'real', 'Dimensions': '-', 'Swat_codetype': 'in_parmdb'}"
plants.plt,4,26,pltpfr3,{},"{'Line in File': '4', 'Position in File': '26', 'Condition': 'if (bsn_cc%nam1 == 0)', 'Local (Y/N)': 'N', 'TYPE': 'pldb', 'Component': 'pltpfr3', 'Type': 'real', 'Dimensions': '-', 'Swat_codetype': 'in_parmdb'}"
plants.plt,4,27,wsyf,{},"{'Line in File': '4', 'Position in File': '27', 'Condition': 'if (bsn_cc%nam1 == 0)', 'Local (Y/N)': 'N', 'TYPE': 'pldb', 'Component': 'wsyf', 'Type': 'real', 'Dimensions': '-', 'Swat_codetype': 'in_parmdb'}"
plants.plt,4,28,usle_c,{},"{'Line in File': '4', 'Position in File': '28', 'Condition': 'if (bsn_cc%nam1 == 0)', 'Local (Y/N)': 'N', 'TYPE': 'pldb', 'Component': 'usle_c', 'Type': 'real', 'Dimensions': '-', 'Swat_codetype': 'in_parmdb'}"
plants.plt,4,29,gsi,{},"{'Line in File': '4', 'Position in File': '29', 'Condition': 'if (bsn_cc%nam1 == 0)', 'Local (Y/N)': 'N', 'TYPE': 'pldb', 'Component': 'gsi', 'Type': 'real', 'Dimensions': '-', 'Swat_codetype': 'in_parmdb'}"
plants.plt,4,3,trig,{},"{'Line in File': '4', 'Position in File': '3', 'Condition': 'if (bsn_cc%nam1 == 0)', 'Local (Y/N)': 'N', 'TYPE': 'pldb', 'Component': 'trig', 'Type': 'character(len=18)', 'Dimensions': '-', 'Swat_codetype': 'in_parmdb'}"
plants.plt,4,30,vpdfr,{},"{'Line in File': '4', 'Position in File': '30', 'Condition': 'if (bsn_cc%nam1 == 0)', 'Local (Y/N)': 'N', 'TYPE': 'pldb', 'Component': 'vpdfr', 'Type': 'real', 'Dimensions': '-', 'Swat_codetype': 'in_parmdb'}"
plants.plt,4,31,gmaxfr,{},"{'Line in File': '4', 'Position in File': '31', 'Condition': 'if (bsn_cc%nam1 == 0)', 'Local (Y/N)': 'N', 'TYPE': 'pldb', 'Component': 'gmaxfr', 'Type': 'real', 'Dimensions': '-', 'Swat_codetype': 'in_parmdb'}"
plants.plt,4,32,wavp,{},"{'Line in File': '4', 'Position in File': '32', 'Condition': 'if (bsn_cc%nam1 == 0)', 'Local (Y/N)': 'N', 'TYPE': 'pldb', 'Component': 'wavp', 'Type': 'real', 'Dimensions': '-', 'Swat_codetype': 'in_parmdb'}"
plants.plt,4,33,co2hi,{},"{'Line in File': '4', 'Position in File': '33', 'Condition': 'if (bsn_cc%nam1 == 0)', 'Local (Y/N)': 'N', 'TYPE': 'pldb', 'Component': 'co2hi', 'Type': 'real', 'Dimensions': '-', 'Swat_codetype': 'in_parmdb'}"
plants.plt,4,34,bioehi,{},"{'Line in File': '4', 'Position in File': '34', 'Condition': 'if (bsn_cc%nam1 == 0)', 'Local (Y/N)': 'N', 'TYPE': 'pldb', 'Component': 'bioehi', 'Type': 'real', 'Dimensions': '-', 'Swat_codetype': 'in_parmdb'}"
plants.plt,4,35,rsdco_pl,{},"{'Line in File': '4', 'Position in File': '35', 'Condition': 'if (bsn_cc%nam1 == 0)', 'Local (Y/N)': 'N', 'TYPE': 'pldb', 'Component': 'rsdco_pl', 'Type': 'real', 'Dimensions': '-', 'Swat_codetype': 'in_parmdb'}"
plants.plt,4,36,alai_min,{},"{'Line in File': '4', 'Position in File': '36', 'Condition': 'if (bsn_cc%nam1 == 0)', 'Local (Y/N)': 'N', 'TYPE': 'pldb', 'Component': 'alai_min', 'Type': 'real', 'Dimensions': '-', 'Swat_codetype': 'in_parmdb'}"
plants.plt,4,37,laixco_tree,{},"{'Line in File': '4', 'Position in File': '37', 'Condition': 'if (bsn_cc%nam1 == 0)', 'Local (Y/N)': 'N', 'TYPE': 'pldb', 'Component': 'laixco_tree', 'Type': 'real', 'Dimensions': '-', 'Swat_codetype': 'in_parmdb'}"
plants.plt,4,38,mat_yrs,{},"{'Line in File': '4', 'Position in File': '38', 'Condition': 'if (bsn_cc%nam1 == 0)', 'Local (Y/N)': 'N', 'TYPE': 'pldb', 'Component': 'mat_yrs', 'Type': 'integer', 'Dimensions': '-', 'Swat_codetype': 'in_parmdb'}"
plants.plt,4,39,bmx_peren,{},"{'Line in File': '4', 'Position in File': '39', 'Condition': 'if (bsn_cc%nam1 == 0)', 'Local (Y/N)': 'N', 'TYPE': 'pldb', 'Component': 'bmx_peren', 'Type': 'real', 'Dimensions': '-', 'Swat_codetype': 'in_parmdb'}"
plants.plt,4,4,nfix_co,{},"{'Line in File': '4', 'Position in File': '4', 'Condition': 'if (bsn_cc%nam1 == 0)', 'Local (Y/N)': 'N', 'TYPE': 'pldb', 'Component': 'nfix_co', 'Type': 'real', 'Dimensions': '-', 'Swat_codetype': 'in_parmdb'}"
plants.plt,4,40,ext_coef,{},"{'Line in File': '4', 'Position in File': '40', 'Condition': 'if (bsn_cc%nam1 == 0)', 'Local (Y/N)': 'N', 'TYPE': 'pldb', 'Component': 'ext_coef', 'Type': 'real', 'Dimensions': '-', 'Swat_codetype': 'in_parmdb'}"
plants.plt,4,41,leaf_tov_min,{},"{'Line in File': '4', 'Position in File': '41', 'Condition': 'if (bsn_cc%nam1 == 0)', 'Local (Y/N)': 'N', 'TYPE': 'pldb', 'Component': 'leaf_tov_min', 'Type': 'real', 'Dimensions': '-', 'Swat_codetype': 'in_parmdb'}"
plants.plt,4,42,leaf_tov_max,{},"{'Line in File': '4', 'Position in File': '42', 'Condition': 'if (bsn_cc%nam1 == 0)', 'Local (Y/N)': 'N', 'TYPE': 'pldb', 'Component': 'leaf_tov_max', 'Type': 'real', 'Dimensions': '-', 'Swat_codetype': 'in_parmdb'}"
plants.plt,4,43,bm_dieoff,{},"{'Line in File': '4', 'Position in File': '43', 'Condition': 'if (bsn_cc%nam1 == 0)', 'Local (Y/N)': 'N', 'TYPE': 'pldb', 'Component': 'bm_dieoff', 'Type': 'real', 'Dimensions': '-', 'Swat_codetype': 'in_parmdb'}"
plants.plt,4,44,rsr1,{},"{'Line in File': '4', 'Position in File': '44', 'Condition': 'if (bsn_cc%nam1 == 0)', 'Local (Y/N)': 'N', 'TYPE': 'pldb', 'Component': 'rsr1', 'Type': 'real', 'Dimensions': '-', 'Swat_codetype': 'in_parmdb'}"
plants.plt,4,45,rsr2,{},"{'Line in File': '4', 'Position in File': '45', 'Condition': 'if (bsn_cc%nam1 == 0)', 'Local (Y/N)': 'N', 'TYPE': 'pldb', 'Component': 'rsr2', 'Type': 'real', 'Dimensions': '-', 'Swat_codetype': 'in_parmdb'}"
plants.plt,4,46,pop1,{},"{'Line in File': '4', 'Position in File': '46', 'Condition': 'if (bsn_cc%nam1 == 0)', 'Local (Y/N)': 'N', 'TYPE': 'pldb', 'Component': 'pop1', 'Type': 'real', 'Dimensions': '-', 'Swat_codetype': 'in_parmdb'}"
plants.plt,4,47,frlai1,{},"{'Line in File': '4', 'Position in File': '47', 'Condition': 'if (bsn_cc%nam1 == 0)', 'Local (Y/N)': 'N', 'TYPE': 'pldb', 'Component': 'frlai1', 'Type': 'real', 'Dimensions': '-', 'Swat_codetype': 'in_parmdb'}"
plants.plt,4,48,pop2,{},"{'Line in File': '4', 'Position in File': '48', 'Condition': 'if (bsn_cc%nam1 == 0)', 'Local (Y/N)': 'N', 'TYPE': 'pldb', 'Component': 'pop2', 'Type': 'real', 'Dimensions': '-', 'Swat_codetype': 'in_parmdb'}"
plants.plt,4,49,frlai2,{},"{'Line in File': '4', 'Position in File': '49', 'Condition': 'if (bsn_cc%nam1 == 0)', 'Local (Y/N)': 'N', 'TYPE': 'pldb', 'Component': 'frlai2', 'Type': 'real', 'Dimensions': '-', 'Swat_codetype': 'in_parmdb'}"
plants.plt,4,5,days_mat,{},"{'Line in File': '4', 'Position in File': '5', 'Condition': 'if (bsn_cc%nam1 == 0)', 'Local (Y/N)': 'N', 'TYPE': 'pldb', 'Component': 'days_mat', 'Type': 'integer', 'Dimensions': '-', 'Swat_codetype': 'in_parmdb'}"
plants.plt,4,50,frsw_gro,{},"{'Line in File': '4', 'Position in File': '50', 'Condition': 'if (bsn_cc%nam1 == 0)', 'Local (Y/N)': 'N', 'TYPE': 'pldb', 'Component': 'frsw_gro', 'Type': 'real', 'Dimensions': '-', 'Swat_codetype': 'in_parmdb'}"
plants.plt,4,51,aeration,{},"{'Line in File': '4', 'Position in File': '51', 'Condition': 'if (bsn_cc%nam1 == 0)', 'Local (Y/N)': 'N', 'TYPE': 'pldb', 'Component': 'aeration', 'Type': 'real', 'Dimensions': '-', 'Swat_codetype': 'in_parmdb'}"
plants.plt,4,52,rsd_pctcov,{},"{'Line in File': '4', 'Position in File': '52', 'Condition': 'if (bsn_cc%nam1 == 0)', 'Local (Y/N)': 'N', 'TYPE': 'pldb', 'Component': 'rsd_pctcov', 'Type': 'real', 'Dimensions': '-', 'Swat_codetype': 'in_parmdb'}"
plants.plt,4,53,rsd_covfac,{},"{'Line in File': '4', 'Position in File': '53', 'Condition': 'if (bsn_cc%nam1 == 0)', 'Local (Y/N)': 'N', 'TYPE': 'pldb', 'Component': 'rsd_covfac', 'Type': 'real', 'Dimensions': '-', 'Swat_codetype': 'in_parmdb'}"
plants.plt,4,54,meta_frac,{},"{'Line in File': '4', 'Position in File': '54', 'Condition': 'if (bsn_cc%nam1 == 0)', 'Local (Y/N)': 'N', 'TYPE': 'res_part_fracs', 'Component': 'meta_frac', 'Type': 'unknown', 'Dimensions': '-', 'Swat_codetype': 'in_parmdb'}"
plants.plt,4,55,str_frac,{},"{'Line in File': '4', 'Position in File': '55', 'Condition': 'if (bsn_cc%nam1 == 0)', 'Local (Y/N)': 'N', 'TYPE': 'res_part_fracs', 'Component': 'str_frac', 'Type': 'unknown', 'Dimensions': '-', 'Swat_codetype': 'in_parmdb'}"
plants.plt,4,56,lig_frac,{},"{'Line in File': '4', 'Position in File': '56', 'Condition': 'if (bsn_cc%nam1 == 0)', 'Local (Y/N)': 'N', 'TYPE': 'res_part_fracs', 'Component': 'lig_frac', 'Type': 'unknown', 'Dimensions': '-', 'Swat_codetype': 'in_parmdb'}"
plants.plt,4,57,pl_class(ic),{},"{'Line in File': '4', 'Position in File': '57', 'Condition': 'if (bsn_cc%nam1 == 0)', 'Local (Y/N)': 'N', 'TYPE': '-', 'Component': 'pl_class(ic)', 'Type': 'character(len=25)', 'Dimensions': 'allocatable', 'Swat_codetype': 'in_parmdb'}"
plants.plt,4,6,bio_e,{},"{'Line in File': '4', 'Position in File': '6', 'Condition': 'if (bsn_cc%nam1 == 0)', 'Local (Y/N)': 'N', 'TYPE': 'pldb', 'Component': 'bio_e', 'Type': 'real', 'Dimensions': '-', 'Swat_codetype': 'in_parmdb'}"
plants.plt,4,7,hvsti,{},"{'Line in File': '4', 'Position in File': '7', 'Condition': 'if (bsn_cc%nam1 == 0)', 'Local (Y/N)': 'N', 'TYPE': 'pldb', 'Component': 'hvsti', 'Type': 'real', 'Dimensions': '-', 'Swat_codetype': 'in_parmdb'}"
plants.plt,4,8,blai,{},"{'Line in File': '4', 'Position in File': '8', 'Condition': 'if (bsn_cc%nam1 == 0)', 'Local (Y/N)': 'N', 'TYPE': 'pldb', 'Component': 'blai', 'Type': 'real', 'Dimensions': '-', 'Swat_codetype': 'in_parmdb'}"
plants.plt,4,9,frgrw1,{},"{'Line in File': '4', 'Position in File': '9', 'Condition': 'if (bsn_cc%nam1 == 0)', 'Local (Y/N)': 'N', 'TYPE': 'pldb', 'Component': 'frgrw1', 'Type': 'real', 'Dimensions': '-', 'Swat_codetype': 'in_parmdb'}"
print.prt,11,1,name,"{'Line in File': '11', 'Position in File': '1', 'Condition': 'if (pco%aa_numint > 0)', 'Local (Y/N)': 'Y', 'TYPE': '-', 'Component': 'name', 'Type': 'character(len=16)', 'Dimensions': '-', 'Swat_codetype': '-'}","{'Line in File': '11', 'Position in File': '1', 'Condition': 'if (pco%use_obj_labels == ""n"")', 'Local (Y/N)': 'Y', 'TYPE': '-', 'Component': 'name', 'Type': 'character(len=16)', 'Dimensions': '-', 'Swat_codetype': '-'}"
print.prt,11,2,d,{},"{'Line in File': '11', 'Position in File': '2', 'Condition': 'if (pco%use_obj_labels == ""n"")', 'Local (Y/N)': 'N', 'TYPE': 'pco', 'Component': 'd', 'Type': 'unknown', 'Dimensions': '-', 'Swat_codetype': 'in_sim'}"
print.prt,11,2,wb_bsn,"{'Line in File': '11', 'Position in File': '2', 'Condition': 'if (pco%aa_numint > 0)', 'Local (Y/N)': 'N', 'TYPE': 'pco', 'Component': 'wb_bsn', 'Type': 'type(print_interval)', 'Dimensions': '-', 'Swat_codetype': 'in_sim'}",{}
print.prt,11,3,m,{},"{'Line in File': '11', 'Position in File': '3', 'Condition': 'if (pco%use_obj_labels == ""n"")', 'Local (Y/N)': 'N', 'TYPE': 'pco', 'Component': 'm', 'Type': 'unknown', 'Dimensions': '-', 'Swat_codetype': 'in_sim'}"
print.prt,11,4,y,{},"{'Line in File': '11', 'Position in File': '4', 'Condition': 'if (pco%use_obj_labels == ""n"")', 'Local (Y/N)': 'N', 'TYPE': 'pco', 'Component': 'y', 'Type': 'unknown', 'Dimensions': '-', 'Swat_codetype': 'in_sim'}"
print.prt,11,5,a,{},"{'Line in File': '11', 'Position in File': '5', 'Condition': 'if (pco%use_obj_labels == ""n"")', 'Local (Y/N)': 'N', 'TYPE': 'pco', 'Component': 'a', 'Type': 'unknown', 'Dimensions': '-', 'Swat_codetype': 'in_sim'}"
print.prt,12,1,name,"{'Line in File': '12', 'Position in File': '1', 'Condition': 'if (pco%aa_numint > 0)', 'Local (Y/N)': 'Y', 'TYPE': '-', 'Component': 'name', 'Type': 'character(len=16)', 'Dimensions': '-', 'Swat_codetype': '-'}","{'Line in File': '12', 'Position in File': '1', 'Condition': 'if (pco%use_obj_labels == ""n"")', 'Local (Y/N)': 'Y', 'TYPE': '-', 'Component': 'name', 'Type': 'character(len=16)', 'Dimensions': '-', 'Swat_codetype': '-'}"
print.prt,12,2,d,{},"{'Line in File': '12', 'Position in File': '2', 'Condition': 'if (pco%use_obj_labels == ""n"")', 'Local (Y/N)': 'N', 'TYPE': 'pco', 'Component': 'd', 'Type': 'unknown', 'Dimensions': '-', 'Swat_codetype': 'in_sim'}"
print.prt,12,2,nb_bsn,"{'Line in File': '12', 'Position in File': '2', 'Condition': 'if (pco%aa_numint > 0)', 'Local (Y/N)': 'N', 'TYPE': 'pco', 'Component': 'nb_bsn', 'Type': 'type(print_interval)', 'Dimensions': '-', 'Swat_codetype': 'in_sim'}",{}
print.prt,12,3,m,{},"{'Line in File': '12', 'Position in File': '3', 'Condition': 'if (pco%use_obj_labels == ""n"")', 'Local (Y/N)': 'N', 'TYPE': 'pco', 'Component': 'm', 'Type': 'unknown', 'Dimensions': '-', 'Swat_codetype': 'in_sim'}"
print.prt,12,4,y,{},"{'Line in File': '12', 'Position in File': '4', 'Condition': 'if (pco%use_obj_labels == ""n"")', 'Local (Y/N)': 'N', 'TYPE': 'pco', 'Component': 'y', 'Type': 'unknown', 'Dimensions': '-', 'Swat_codetype': 'in_sim'}"
print.prt,12,5,a,{},"{'Line in File': '12', 'Position in File': '5', 'Condition': 'if (pco%use_obj_labels == ""n"")', 'Local (Y/N)': 'N', 'TYPE': 'pco', 'Component': 'a', 'Type': 'unknown', 'Dimensions': '-', 'Swat_codetype': 'in_sim'}"
print.prt,13,1,name,"{'Line in File': '13', 'Position in File': '1', 'Condition': 'if (pco%aa_numint > 0)', 'Local (Y/N)': 'Y', 'TYPE': '-', 'Component': 'name', 'Type': 'character(len=16)', 'Dimensions': '-', 'Swat_codetype': '-'}","{'Line in File': '13', 'Position in File': '1', 'Condition': 'if (pco%use_obj_labels == ""n"")', 'Local (Y/N)': 'Y', 'TYPE': '-', 'Component': 'name', 'Type': 'character(len=16)', 'Dimensions': '-', 'Swat_codetype': '-'}"
print.prt,13,2,d,{},"{'Line in File': '13', 'Position in File': '2', 'Condition': 'if (pco%use_obj_labels == ""n"")', 'Local (Y/N)': 'N', 'TYPE': 'pco', 'Component': 'd', 'Type': 'unknown', 'Dimensions': '-', 'Swat_codetype': 'in_sim'}"
print.prt,13,2,ls_bsn,"{'Line in File': '13', 'Position in File': '2', 'Condition': 'if (pco%aa_numint > 0)', 'Local (Y/N)': 'N', 'TYPE': 'pco', 'Component': 'ls_bsn', 'Type': 'type(print_interval)', 'Dimensions': '-', 'Swat_codetype': 'in_sim'}",{}
print.prt,13,3,m,{},"{'Line in File': '13', 'Position in File': '3', 'Condition': 'if (pco%use_obj_labels == ""n"")', 'Local (Y/N)': 'N', 'TYPE': 'pco', 'Component': 'm', 'Type': 'unknown', 'Dimensions': '-', 'Swat_codetype': 'in_sim'}"
print.prt,13,4,y,{},"{'Line in File': '13', 'Position in File': '4', 'Condition': 'if (pco%use_obj_labels == ""n"")', 'Local (Y/N)': 'N', 'TYPE': 'pco', 'Component': 'y', 'Type': 'unknown', 'Dimensions': '-', 'Swat_codetype': 'in_sim'}"
print.prt,13,5,a,{},"{'Line in File': '13', 'Position in File': '5', 'Condition': 'if (pco%use_obj_labels == ""n"")', 'Local (Y/N)': 'N', 'TYPE': 'pco', 'Component': 'a', 'Type': 'unknown', 'Dimensions': '-', 'Swat_codetype': 'in_sim'}"
print.prt,14,1,name,"{'Line in File': '14', 'Position in File': '1', 'Condition': 'if (pco%aa_numint > 0)', 'Local (Y/N)': 'Y', 'TYPE': '-', 'Component': 'name', 'Type': 'character(len=16)', 'Dimensions': '-', 'Swat_codetype': '-'}","{'Line in File': '14', 'Position in File': '1', 'Condition': 'if (pco%use_obj_labels == ""n"")', 'Local (Y/N)': 'Y', 'TYPE': '-', 'Component': 'name', 'Type': 'character(len=16)', 'Dimensions': '-', 'Swat_codetype': '-'}"
print.prt,14,2,d,{},"{'Line in File': '14', 'Position in File': '2', 'Condition': 'if (pco%use_obj_labels == ""n"")', 'Local (Y/N)': 'N', 'TYPE': 'pco', 'Component': 'd', 'Type': 'unknown', 'Dimensions': '-', 'Swat_codetype': 'in_sim'}"
print.prt,14,2,pw_bsn,"{'Line in File': '14', 'Position in File': '2', 'Condition': 'if (pco%aa_numint > 0)', 'Local (Y/N)': 'N', 'TYPE': 'pco', 'Component': 'pw_bsn', 'Type': 'type(print_interval)', 'Dimensions': '-', 'Swat_codetype': 'in_sim'}",{}
print.prt,14,3,m,{},"{'Line in File': '14', 'Position in File': '3', 'Condition': 'if (pco%use_obj_labels == ""n"")', 'Local (Y/N)': 'N', 'TYPE': 'pco', 'Component': 'm', 'Type': 'unknown', 'Dimensions': '-', 'Swat_codetype': 'in_sim'}"
print.prt,14,4,y,{},"{'Line in File': '14', 'Position in File': '4', 'Condition': 'if (pco%use_obj_labels == ""n"")', 'Local (Y/N)': 'N', 'TYPE': 'pco', 'Component': 'y', 'Type': 'unknown', 'Dimensions': '-', 'Swat_codetype': 'in_sim'}"
print.prt,14,5,a,{},"{'Line in File': '14', 'Position in File': '5', 'Condition': 'if (pco%use_obj_labels == ""n"")', 'Local (Y/N)': 'N', 'TYPE': 'pco', 'Component': 'a', 'Type': 'unknown', 'Dimensions': '-', 'Swat_codetype': 'in_sim'}"
print.prt,15,1,name,"{'Line in File': '15', 'Position in File': '1', 'Condition': 'if (pco%aa_numint > 0)', 'Local (Y/N)': 'Y', 'TYPE': '-', 'Component': 'name', 'Type': 'character(len=16)', 'Dimensions': '-', 'Swat_codetype': '-'}","{'Line in File': '15', 'Position in File': '1', 'Condition': 'if (pco%use_obj_labels == ""n"")', 'Local (Y/N)': 'Y', 'TYPE': '-', 'Component': 'name', 'Type': 'character(len=16)', 'Dimensions': '-', 'Swat_codetype': '-'}"
print.prt,15,2,aqu_bsn,"{'Line in File': '15', 'Position in File': '2', 'Condition': 'if (pco%aa_numint > 0)', 'Local (Y/N)': 'N', 'TYPE': 'pco', 'Component': 'aqu_bsn', 'Type': 'type(print_interval)', 'Dimensions': '-', 'Swat_codetype': 'in_sim'}",{}
print.prt,15,2,d,{},"{'Line in File': '15', 'Position in File': '2', 'Condition': 'if (pco%use_obj_labels == ""n"")', 'Local (Y/N)': 'N', 'TYPE': 'pco', 'Component': 'd', 'Type': 'unknown', 'Dimensions': '-', 'Swat_codetype': 'in_sim'}"
print.prt,15,3,m,{},"{'Line in File': '15', 'Position in File': '3', 'Condition': 'if (pco%use_obj_labels == ""n"")', 'Local (Y/N)': 'N', 'TYPE': 'pco', 'Component': 'm', 'Type': 'unknown', 'Dimensions': '-', 'Swat_codetype': 'in_sim'}"
print.prt,15,4,y,{},"{'Line in File': '15', 'Position in File': '4', 'Condition': 'if (pco%use_obj_labels == ""n"")', 'Local (Y/N)': 'N', 'TYPE': 'pco', 'Component': 'y', 'Type': 'unknown', 'Dimensions': '-', 'Swat_codetype': 'in_sim'}"
print.prt,15,5,a,{},"{'Line in File': '15', 'Position in File': '5', 'Condition': 'if (pco%use_obj_labels == ""n"")', 'Local (Y/N)': 'N', 'TYPE': 'pco', 'Component': 'a', 'Type': 'unknown', 'Dimensions': '-', 'Swat_codetype': 'in_sim'}"
print.prt,16,1,name,"{'Line in File': '16', 'Position in File': '1', 'Condition': 'if (pco%aa_numint > 0)', 'Local (Y/N)': 'Y', 'TYPE': '-', 'Component': 'name', 'Type': 'character(len=16)', 'Dimensions': '-', 'Swat_codetype': '-'}","{'Line in File': '16', 'Position in File': '1', 'Condition': 'if (pco%use_obj_labels == ""n"")', 'Local (Y/N)': 'Y', 'TYPE': '-', 'Component': 'name', 'Type': 'character(len=16)', 'Dimensions': '-', 'Swat_codetype': '-'}"
print.prt,16,2,d,{},"{'Line in File': '16', 'Position in File': '2', 'Condition': 'if (pco%use_obj_labels == ""n"")', 'Local (Y/N)': 'N', 'TYPE': 'pco', 'Component': 'd', 'Type': 'unknown', 'Dimensions': '-', 'Swat_codetype': 'in_sim'}"
print.prt,16,2,res_bsn,"{'Line in File': '16', 'Position in File': '2', 'Condition': 'if (pco%aa_numint > 0)', 'Local (Y/N)': 'N', 'TYPE': 'pco', 'Component': 'res_bsn', 'Type': 'type(print_interval)', 'Dimensions': '-', 'Swat_codetype': 'in_sim'}",{}
print.prt,16,3,m,{},"{'Line in File': '16', 'Position in File': '3', 'Condition': 'if (pco%use_obj_labels == ""n"")', 'Local (Y/N)': 'N', 'TYPE': 'pco', 'Component': 'm', 'Type': 'unknown', 'Dimensions': '-', 'Swat_codetype': 'in_sim'}"
print.prt,16,4,y,{},"{'Line in File': '16', 'Position in File': '4', 'Condition': 'if (pco%use_obj_labels == ""n"")', 'Local (Y/N)': 'N', 'TYPE': 'pco', 'Component': 'y', 'Type': 'unknown', 'Dimensions': '-', 'Swat_codetype': 'in_sim'}"
print.prt,16,5,a,{},"{'Line in File': '16', 'Position in File': '5', 'Condition': 'if (pco%use_obj_labels == ""n"")', 'Local (Y/N)': 'N', 'TYPE': 'pco', 'Component': 'a', 'Type': 'unknown', 'Dimensions': '-', 'Swat_codetype': 'in_sim'}"
print.prt,17,1,name,"{'Line in File': '17', 'Position in File': '1', 'Condition': 'if (pco%aa_numint > 0)', 'Local (Y/N)': 'Y', 'TYPE': '-', 'Component': 'name', 'Type': 'character(len=16)', 'Dimensions': '-', 'Swat_codetype': '-'}","{'Line in File': '17', 'Position in File': '1', 'Condition': 'if (pco%use_obj_labels == ""n"")', 'Local (Y/N)': 'Y', 'TYPE': '-', 'Component': 'name', 'Type': 'character(len=16)', 'Dimensions': '-', 'Swat_codetype': '-'}"
print.prt,17,2,chan_bsn,"{'Line in File': '17', 'Position in File': '2', 'Condition': 'if (pco%aa_numint > 0)', 'Local (Y/N)': 'N', 'TYPE': 'pco', 'Component': 'chan_bsn', 'Type': 'type(print_interval)', 'Dimensions': '-', 'Swat_codetype': 'in_sim'}",{}
print.prt,17,2,d,{},"{'Line in File': '17', 'Position in File': '2', 'Condition': 'if (pco%use_obj_labels == ""n"")', 'Local (Y/N)': 'N', 'TYPE': 'pco', 'Component': 'd', 'Type': 'unknown', 'Dimensions': '-', 'Swat_codetype': 'in_sim'}"
print.prt,17,3,m,{},"{'Line in File': '17', 'Position in File': '3', 'Condition': 'if (pco%use_obj_labels == ""n"")', 'Local (Y/N)': 'N', 'TYPE': 'pco', 'Component': 'm', 'Type': 'unknown', 'Dimensions': '-', 'Swat_codetype': 'in_sim'}"
print.prt,17,4,y,{},"{'Line in File': '17', 'Position in File': '4', 'Condition': 'if (pco%use_obj_labels == ""n"")', 'Local (Y/N)': 'N', 'TYPE': 'pco', 'Component': 'y', 'Type': 'unknown', 'Dimensions': '-', 'Swat_codetype': 'in_sim'}"
print.prt,17,5,a,{},"{'Line in File': '17', 'Position in File': '5', 'Condition': 'if (pco%use_obj_labels == ""n"")', 'Local (Y/N)': 'N', 'TYPE': 'pco', 'Component': 'a', 'Type': 'unknown', 'Dimensions': '-', 'Swat_codetype': 'in_sim'}"
print.prt,18,1,name,"{'Line in File': '18', 'Position in File': '1', 'Condition': 'if (pco%aa_numint > 0)', 'Local (Y/N)': 'Y', 'TYPE': '-', 'Component': 'name', 'Type': 'character(len=16)', 'Dimensions': '-', 'Swat_codetype': '-'}","{'Line in File': '18', 'Position in File': '1', 'Condition': 'if (pco%use_obj_labels == ""n"")', 'Local (Y/N)': 'Y', 'TYPE': '-', 'Component': 'name', 'Type': 'character(len=16)', 'Dimensions': '-', 'Swat_codetype': '-'}"
print.prt,18,2,d,{},"{'Line in File': '18', 'Position in File': '2', 'Condition': 'if (pco%use_obj_labels == ""n"")', 'Local (Y/N)': 'N', 'TYPE': 'pco', 'Component': 'd', 'Type': 'unknown', 'Dimensions': '-', 'Swat_codetype': 'in_sim'}"
print.prt,18,2,sd_chan_bsn,"{'Line in File': '18', 'Position in File': '2', 'Condition': 'if (pco%aa_numint > 0)', 'Local (Y/N)': 'N', 'TYPE': 'pco', 'Component': 'sd_chan_bsn', 'Type': 'type(print_interval)', 'Dimensions': '-', 'Swat_codetype': 'in_sim'}",{}
print.prt,18,3,m,{},"{'Line in File': '18', 'Position in File': '3', 'Condition': 'if (pco%use_obj_labels == ""n"")', 'Local (Y/N)': 'N', 'TYPE': 'pco', 'Component': 'm', 'Type': 'unknown', 'Dimensions': '-', 'Swat_codetype': 'in_sim'}"
print.prt,18,4,y,{},"{'Line in File': '18', 'Position in File': '4', 'Condition': 'if (pco%use_obj_labels == ""n"")', 'Local (Y/N)': 'N', 'TYPE': 'pco', 'Component': 'y', 'Type': 'unknown', 'Dimensions': '-', 'Swat_codetype': 'in_sim'}"
print.prt,18,5,a,{},"{'Line in File': '18', 'Position in File': '5', 'Condition': 'if (pco%use_obj_labels == ""n"")', 'Local (Y/N)': 'N', 'TYPE': 'pco', 'Component': 'a', 'Type': 'unknown', 'Dimensions': '-', 'Swat_codetype': 'in_sim'}"
print.prt,19,1,name,"{'Line in File': '19', 'Position in File': '1', 'Condition': 'if (pco%aa_numint > 0)', 'Local (Y/N)': 'Y', 'TYPE': '-', 'Component': 'name', 'Type': 'character(len=16)', 'Dimensions': '-', 'Swat_codetype': '-'}","{'Line in File': '19', 'Position in File': '1', 'Condition': 'if (pco%use_obj_labels == ""n"")', 'Local (Y/N)': 'Y', 'TYPE': '-', 'Component': 'name', 'Type': 'character(len=16)', 'Dimensions': '-', 'Swat_codetype': '-'}"
print.prt,19,2,d,{},"{'Line in File': '19', 'Position in File': '2', 'Condition': 'if (pco%use_obj_labels == ""n"")', 'Local (Y/N)': 'N', 'TYPE': 'pco', 'Component': 'd', 'Type': 'unknown', 'Dimensions': '-', 'Swat_codetype': 'in_sim'}"
print.prt,19,2,recall_bsn,"{'Line in File': '19', 'Position in File': '2', 'Condition': 'if (pco%aa_numint > 0)', 'Local (Y/N)': 'N', 'TYPE': 'pco', 'Component': 'recall_bsn', 'Type': 'type(print_interval)', 'Dimensions': '-', 'Swat_codetype': 'in_sim'}",{}
print.prt,19,3,m,{},"{'Line in File': '19', 'Position in File': '3', 'Condition': 'if (pco%use_obj_labels == ""n"")', 'Local (Y/N)': 'N', 'TYPE': 'pco', 'Component': 'm', 'Type': 'unknown', 'Dimensions': '-', 'Swat_codetype': 'in_sim'}"
print.prt,19,4,y,{},"{'Line in File': '19', 'Position in File': '4', 'Condition': 'if (pco%use_obj_labels == ""n"")', 'Local (Y/N)': 'N', 'TYPE': 'pco', 'Component': 'y', 'Type': 'unknown', 'Dimensions': '-', 'Swat_codetype': 'in_sim'}"
print.prt,19,5,a,{},"{'Line in File': '19', 'Position in File': '5', 'Condition': 'if (pco%use_obj_labels == ""n"")', 'Local (Y/N)': 'N', 'TYPE': 'pco', 'Component': 'a', 'Type': 'unknown', 'Dimensions': '-', 'Swat_codetype': 'in_sim'}"
print.prt,20,1,name,"{'Line in File': '20', 'Position in File': '1', 'Condition': 'if (pco%aa_numint > 0)', 'Local (Y/N)': 'Y', 'TYPE': '-', 'Component': 'name', 'Type': 'character(len=16)', 'Dimensions': '-', 'Swat_codetype': '-'}","{'Line in File': '20', 'Position in File': '1', 'Condition': 'if (pco%use_obj_labels == ""n"")', 'Local (Y/N)': 'Y', 'TYPE': '-', 'Component': 'name', 'Type': 'character(len=16)', 'Dimensions': '-', 'Swat_codetype': '-'}"
print.prt,20,2,d,{},"{'Line in File': '20', 'Position in File': '2', 'Condition': 'if (pco%use_obj_labels == ""n"")', 'Local (Y/N)': 'N', 'TYPE': 'pco', 'Component': 'd', 'Type': 'unknown', 'Dimensions': '-', 'Swat_codetype': 'in_sim'}"
print.prt,20,2,wb_reg,"{'Line in File': '20', 'Position in File': '2', 'Condition': 'if (pco%aa_numint > 0)', 'Local (Y/N)': 'N', 'TYPE': 'pco', 'Component': 'wb_reg', 'Type': 'type(print_interval)', 'Dimensions': '-', 'Swat_codetype': 'in_sim'}",{}
print.prt,20,3,m,{},"{'Line in File': '20', 'Position in File': '3', 'Condition': 'if (pco%use_obj_labels == ""n"")', 'Local (Y/N)': 'N', 'TYPE': 'pco', 'Component': 'm', 'Type': 'unknown', 'Dimensions': '-', 'Swat_codetype': 'in_sim'}"
print.prt,20,4,y,{},"{'Line in File': '20', 'Position in File': '4', 'Condition': 'if (pco%use_obj_labels == ""n"")', 'Local (Y/N)': 'N', 'TYPE': 'pco', 'Component': 'y', 'Type': 'unknown', 'Dimensions': '-', 'Swat_codetype': 'in_sim'}"
print.prt,20,5,a,{},"{'Line in File': '20', 'Position in File': '5', 'Condition': 'if (pco%use_obj_labels == ""n"")', 'Local (Y/N)': 'N', 'TYPE': 'pco', 'Component': 'a', 'Type': 'unknown', 'Dimensions': '-', 'Swat_codetype': 'in_sim'}"
print.prt,21,1,name,"{'Line in File': '21', 'Position in File': '1', 'Condition': 'if (pco%aa_numint > 0)', 'Local (Y/N)': 'Y', 'TYPE': '-', 'Component': 'name', 'Type': 'character(len=16)', 'Dimensions': '-', 'Swat_codetype': '-'}","{'Line in File': '21', 'Position in File': '1', 'Condition': 'if (pco%use_obj_labels == ""n"")', 'Local (Y/N)': 'Y', 'TYPE': '-', 'Component': 'name', 'Type': 'character(len=16)', 'Dimensions': '-', 'Swat_codetype': '-'}"
print.prt,21,2,d,{},"{'Line in File': '21', 'Position in File': '2', 'Condition': 'if (pco%use_obj_labels == ""n"")', 'Local (Y/N)': 'N', 'TYPE': 'pco', 'Component': 'd', 'Type': 'unknown', 'Dimensions': '-', 'Swat_codetype': 'in_sim'}"
print.prt,21,2,nb_reg,"{'Line in File': '21', 'Position in File': '2', 'Condition': 'if (pco%aa_numint > 0)', 'Local (Y/N)': 'N', 'TYPE': 'pco', 'Component': 'nb_reg', 'Type': 'type(print_interval)', 'Dimensions': '-', 'Swat_codetype': 'in_sim'}",{}
print.prt,21,3,m,{},"{'Line in File': '21', 'Position in File': '3', 'Condition': 'if (pco%use_obj_labels == ""n"")', 'Local (Y/N)': 'N', 'TYPE': 'pco', 'Component': 'm', 'Type': 'unknown', 'Dimensions': '-', 'Swat_codetype': 'in_sim'}"
print.prt,21,4,y,{},"{'Line in File': '21', 'Position in File': '4', 'Condition': 'if (pco%use_obj_labels == ""n"")', 'Local (Y/N)': 'N', 'TYPE': 'pco', 'Component': 'y', 'Type': 'unknown', 'Dimensions': '-', 'Swat_codetype': 'in_sim'}"
print.prt,21,5,a,{},"{'Line in File': '21', 'Position in File': '5', 'Condition': 'if (pco%use_obj_labels == ""n"")', 'Local (Y/N)': 'N', 'TYPE': 'pco', 'Component': 'a', 'Type': 'unknown', 'Dimensions': '-', 'Swat_codetype': 'in_sim'}"
print.prt,22,1,name,"{'Line in File': '22', 'Position in File': '1', 'Condition': 'if (pco%aa_numint > 0)', 'Local (Y/N)': 'Y', 'TYPE': '-', 'Component': 'name', 'Type': 'character(len=16)', 'Dimensions': '-', 'Swat_codetype': '-'}","{'Line in File': '22', 'Position in File': '1', 'Condition': 'if (pco%use_obj_labels == ""n"")', 'Local (Y/N)': 'Y', 'TYPE': '-', 'Component': 'name', 'Type': 'character(len=16)', 'Dimensions': '-', 'Swat_codetype': '-'}"
print.prt,22,2,d,{},"{'Line in File': '22', 'Position in File': '2', 'Condition': 'if (pco%use_obj_labels == ""n"")', 'Local (Y/N)': 'N', 'TYPE': 'pco', 'Component': 'd', 'Type': 'unknown', 'Dimensions': '-', 'Swat_codetype': 'in_sim'}"
print.prt,22,2,ls_reg,"{'Line in File': '22', 'Position in File': '2', 'Condition': 'if (pco%aa_numint > 0)', 'Local (Y/N)': 'N', 'TYPE': 'pco', 'Component': 'ls_reg', 'Type': 'type(print_interval)', 'Dimensions': '-', 'Swat_codetype': 'in_sim'}",{}
print.prt,22,3,m,{},"{'Line in File': '22', 'Position in File': '3', 'Condition': 'if (pco%use_obj_labels == ""n"")', 'Local (Y/N)': 'N', 'TYPE': 'pco', 'Component': 'm', 'Type': 'unknown', 'Dimensions': '-', 'Swat_codetype': 'in_sim'}"
print.prt,22,4,y,{},"{'Line in File': '22', 'Position in File': '4', 'Condition': 'if (pco%use_obj_labels == ""n"")', 'Local (Y/N)': 'N', 'TYPE': 'pco', 'Component': 'y', 'Type': 'unknown', 'Dimensions': '-', 'Swat_codetype': 'in_sim'}"
print.prt,22,5,a,{},"{'Line in File': '22', 'Position in File': '5', 'Condition': 'if (pco%use_obj_labels == ""n"")', 'Local (Y/N)': 'N', 'TYPE': 'pco', 'Component': 'a', 'Type': 'unknown', 'Dimensions': '-', 'Swat_codetype': 'in_sim'}"
print.prt,23,1,name,"{'Line in File': '23', 'Position in File': '1', 'Condition': 'if (pco%aa_numint > 0)', 'Local (Y/N)': 'Y', 'TYPE': '-', 'Component': 'name', 'Type': 'character(len=16)', 'Dimensions': '-', 'Swat_codetype': '-'}","{'Line in File': '23', 'Position in File': '1', 'Condition': 'if (pco%use_obj_labels == ""n"")', 'Local (Y/N)': 'Y', 'TYPE': '-', 'Component': 'name', 'Type': 'character(len=16)', 'Dimensions': '-', 'Swat_codetype': '-'}"
print.prt,23,2,d,{},"{'Line in File': '23', 'Position in File': '2', 'Condition': 'if (pco%use_obj_labels == ""n"")', 'Local (Y/N)': 'N', 'TYPE': 'pco', 'Component': 'd', 'Type': 'unknown', 'Dimensions': '-', 'Swat_codetype': 'in_sim'}"
print.prt,23,2,pw_reg,"{'Line in File': '23', 'Position in File': '2', 'Condition': 'if (pco%aa_numint > 0)', 'Local (Y/N)': 'N', 'TYPE': 'pco', 'Component': 'pw_reg', 'Type': 'type(print_interval)', 'Dimensions': '-', 'Swat_codetype': 'in_sim'}",{}
print.prt,23,3,m,{},"{'Line in File': '23', 'Position in File': '3', 'Condition': 'if (pco%use_obj_labels == ""n"")', 'Local (Y/N)': 'N', 'TYPE': 'pco', 'Component': 'm', 'Type': 'unknown', 'Dimensions': '-', 'Swat_codetype': 'in_sim'}"
print.prt,23,4,y,{},"{'Line in File': '23', 'Position in File': '4', 'Condition': 'if (pco%use_obj_labels == ""n"")', 'Local (Y/N)': 'N', 'TYPE': 'pco', 'Component': 'y', 'Type': 'unknown', 'Dimensions': '-', 'Swat_codetype': 'in_sim'}"
print.prt,23,5,a,{},"{'Line in File': '23', 'Position in File': '5', 'Condition': 'if (pco%use_obj_labels == ""n"")', 'Local (Y/N)': 'N', 'TYPE': 'pco', 'Component': 'a', 'Type': 'unknown', 'Dimensions': '-', 'Swat_codetype': 'in_sim'}"
print.prt,24,1,name,"{'Line in File': '24', 'Position in File': '1', 'Condition': 'if (pco%aa_numint > 0)', 'Local (Y/N)': 'Y', 'TYPE': '-', 'Component': 'name', 'Type': 'character(len=16)', 'Dimensions': '-', 'Swat_codetype': '-'}","{'Line in File': '24', 'Position in File': '1', 'Condition': 'if (pco%use_obj_labels == ""n"")', 'Local (Y/N)': 'Y', 'TYPE': '-', 'Component': 'name', 'Type': 'character(len=16)', 'Dimensions': '-', 'Swat_codetype': '-'}"
print.prt,24,2,aqu_reg,"{'Line in File': '24', 'Position in File': '2', 'Condition': 'if (pco%aa_numint > 0)', 'Local (Y/N)': 'N', 'TYPE': 'pco', 'Component': 'aqu_reg', 'Type': 'type(print_interval)', 'Dimensions': '-', 'Swat_codetype': 'in_sim'}",{}
print.prt,24,2,d,{},"{'Line in File': '24', 'Position in File': '2', 'Condition': 'if (pco%use_obj_labels == ""n"")', 'Local (Y/N)': 'N', 'TYPE': 'pco', 'Component': 'd', 'Type': 'unknown', 'Dimensions': '-', 'Swat_codetype': 'in_sim'}"
print.prt,24,3,m,{},"{'Line in File': '24', 'Position in File': '3', 'Condition': 'if (pco%use_obj_labels == ""n"")', 'Local (Y/N)': 'N', 'TYPE': 'pco', 'Component': 'm', 'Type': 'unknown', 'Dimensions': '-', 'Swat_codetype': 'in_sim'}"
print.prt,24,4,y,{},"{'Line in File': '24', 'Position in File': '4', 'Condition': 'if (pco%use_obj_labels == ""n"")', 'Local (Y/N)': 'N', 'TYPE': 'pco', 'Component': 'y', 'Type': 'unknown', 'Dimensions': '-', 'Swat_codetype': 'in_sim'}"
print.prt,24,5,a,{},"{'Line in File': '24', 'Position in File': '5', 'Condition': 'if (pco%use_obj_labels == ""n"")', 'Local (Y/N)': 'N', 'TYPE': 'pco', 'Component': 'a', 'Type': 'unknown', 'Dimensions': '-', 'Swat_codetype': 'in_sim'}"
print.prt,25,1,name,"{'Line in File': '25', 'Position in File': '1', 'Condition': 'if (pco%aa_numint > 0)', 'Local (Y/N)': 'Y', 'TYPE': '-', 'Component': 'name', 'Type': 'character(len=16)', 'Dimensions': '-', 'Swat_codetype': '-'}","{'Line in File': '25', 'Position in File': '1', 'Condition': 'if (pco%use_obj_labels == ""n"")', 'Local (Y/N)': 'Y', 'TYPE': '-', 'Component': 'name', 'Type': 'character(len=16)', 'Dimensions': '-', 'Swat_codetype': '-'}"
print.prt,25,2,d,{},"{'Line in File': '25', 'Position in File': '2', 'Condition': 'if (pco%use_obj_labels == ""n"")', 'Local (Y/N)': 'N', 'TYPE': 'pco', 'Component': 'd', 'Type': 'unknown', 'Dimensions': '-', 'Swat_codetype': 'in_sim'}"
print.prt,25,2,res_reg,"{'Line in File': '25', 'Position in File': '2', 'Condition': 'if (pco%aa_numint > 0)', 'Local (Y/N)': 'N', 'TYPE': 'pco', 'Component': 'res_reg', 'Type': 'type(print_interval)', 'Dimensions': '-', 'Swat_codetype': 'in_sim'}",{}
print.prt,25,3,m,{},"{'Line in File': '25', 'Position in File': '3', 'Condition': 'if (pco%use_obj_labels == ""n"")', 'Local (Y/N)': 'N', 'TYPE': 'pco', 'Component': 'm', 'Type': 'unknown', 'Dimensions': '-', 'Swat_codetype': 'in_sim'}"
print.prt,25,4,y,{},"{'Line in File': '25', 'Position in File': '4', 'Condition': 'if (pco%use_obj_labels == ""n"")', 'Local (Y/N)': 'N', 'TYPE': 'pco', 'Component': 'y', 'Type': 'unknown', 'Dimensions': '-', 'Swat_codetype': 'in_sim'}"
print.prt,25,5,a,{},"{'Line in File': '25', 'Position in File': '5', 'Condition': 'if (pco%use_obj_labels == ""n"")', 'Local (Y/N)': 'N', 'TYPE': 'pco', 'Component': 'a', 'Type': 'unknown', 'Dimensions': '-', 'Swat_codetype': 'in_sim'}"
print.prt,26,1,name,"{'Line in File': '26', 'Position in File': '1', 'Condition': 'if (pco%aa_numint > 0)', 'Local (Y/N)': 'Y', 'TYPE': '-', 'Component': 'name', 'Type': 'character(len=16)', 'Dimensions': '-', 'Swat_codetype': '-'}","{'Line in File': '26', 'Position in File': '1', 'Condition': 'if (pco%use_obj_labels == ""n"")', 'Local (Y/N)': 'Y', 'TYPE': '-', 'Component': 'name', 'Type': 'character(len=16)', 'Dimensions': '-', 'Swat_codetype': '-'}"
print.prt,26,2,d,{},"{'Line in File': '26', 'Position in File': '2', 'Condition': 'if (pco%use_obj_labels == ""n"")', 'Local (Y/N)': 'N', 'TYPE': 'pco', 'Component': 'd', 'Type': 'unknown', 'Dimensions': '-', 'Swat_codetype': 'in_sim'}"
print.prt,26,2,sd_chan_reg,"{'Line in File': '26', 'Position in File': '2', 'Condition': 'if (pco%aa_numint > 0)', 'Local (Y/N)': 'N', 'TYPE': 'pco', 'Component': 'sd_chan_reg', 'Type': 'type(print_interval)', 'Dimensions': '-', 'Swat_codetype': 'in_sim'}",{}
print.prt,26,3,m,{},"{'Line in File': '26', 'Position in File': '3', 'Condition': 'if (pco%use_obj_labels == ""n"")', 'Local (Y/N)': 'N', 'TYPE': 'pco', 'Component': 'm', 'Type': 'unknown', 'Dimensions': '-', 'Swat_codetype': 'in_sim'}"
print.prt,26,4,y,{},"{'Line in File': '26', 'Position in File': '4', 'Condition': 'if (pco%use_obj_labels == ""n"")', 'Local (Y/N)': 'N', 'TYPE': 'pco', 'Component': 'y', 'Type': 'unknown', 'Dimensions': '-', 'Swat_codetype': 'in_sim'}"
print.prt,26,5,a,{},"{'Line in File': '26', 'Position in File': '5', 'Condition': 'if (pco%use_obj_labels == ""n"")', 'Local (Y/N)': 'N', 'TYPE': 'pco', 'Component': 'a', 'Type': 'unknown', 'Dimensions': '-', 'Swat_codetype': 'in_sim'}"
print.prt,27,1,name,"{'Line in File': '27', 'Position in File': '1', 'Condition': 'if (pco%aa_numint > 0)', 'Local (Y/N)': 'Y', 'TYPE': '-', 'Component': 'name', 'Type': 'character(len=16)', 'Dimensions': '-', 'Swat_codetype': '-'}","{'Line in File': '27', 'Position in File': '1', 'Condition': 'if (pco%use_obj_labels == ""n"")', 'Local (Y/N)': 'Y', 'TYPE': '-', 'Component': 'name', 'Type': 'character(len=16)', 'Dimensions': '-', 'Swat_codetype': '-'}"
print.prt,27,2,d,{},"{'Line in File': '27', 'Position in File': '2', 'Condition': 'if (pco%use_obj_labels == ""n"")', 'Local (Y/N)': 'N', 'TYPE': 'pco', 'Component': 'd', 'Type': 'unknown', 'Dimensions': '-', 'Swat_codetype': 'in_sim'}"
print.prt,27,2,recall_reg,"{'Line in File': '27', 'Position in File': '2', 'Condition': 'if (pco%aa_numint > 0)', 'Local (Y/N)': 'N', 'TYPE': 'pco', 'Component': 'recall_reg', 'Type': 'type(print_interval)', 'Dimensions': '-', 'Swat_codetype': 'in_sim'}",{}
print.prt,27,3,m,{},"{'Line in File': '27', 'Position in File': '3', 'Condition': 'if (pco%use_obj_labels == ""n"")', 'Local (Y/N)': 'N', 'TYPE': 'pco', 'Component': 'm', 'Type': 'unknown', 'Dimensions': '-', 'Swat_codetype': 'in_sim'}"
print.prt,27,4,y,{},"{'Line in File': '27', 'Position in File': '4', 'Condition': 'if (pco%use_obj_labels == ""n"")', 'Local (Y/N)': 'N', 'TYPE': 'pco', 'Component': 'y', 'Type': 'unknown', 'Dimensions': '-', 'Swat_codetype': 'in_sim'}"
print.prt,27,5,a,{},"{'Line in File': '27', 'Position in File': '5', 'Condition': 'if (pco%use_obj_labels == ""n"")', 'Local (Y/N)': 'N', 'TYPE': 'pco', 'Component': 'a', 'Type': 'unknown', 'Dimensions': '-', 'Swat_codetype': 'in_sim'}"
print.prt,28,1,name,"{'Line in File': '28', 'Position in File': '1', 'Condition': 'if (pco%aa_numint > 0)', 'Local (Y/N)': 'Y', 'TYPE': '-', 'Component': 'name', 'Type': 'character(len=16)', 'Dimensions': '-', 'Swat_codetype': '-'}","{'Line in File': '28', 'Position in File': '1', 'Condition': 'if (pco%use_obj_labels == ""n"")', 'Local (Y/N)': 'Y', 'TYPE': '-', 'Component': 'name', 'Type': 'character(len=16)', 'Dimensions': '-', 'Swat_codetype': '-'}"
print.prt,28,2,d,{},"{'Line in File': '28', 'Position in File': '2', 'Condition': 'if (pco%use_obj_labels == ""n"")', 'Local (Y/N)': 'N', 'TYPE': 'pco', 'Component': 'd', 'Type': 'unknown', 'Dimensions': '-', 'Swat_codetype': 'in_sim'}"
print.prt,28,2,water_allo,"{'Line in File': '28', 'Position in File': '2', 'Condition': 'if (pco%aa_numint > 0)', 'Local (Y/N)': 'N', 'TYPE': 'pco', 'Component': 'water_allo', 'Type': 'type(print_interval)', 'Dimensions': '-', 'Swat_codetype': 'in_sim'}",{}
print.prt,28,3,m,{},"{'Line in File': '28', 'Position in File': '3', 'Condition': 'if (pco%use_obj_labels == ""n"")', 'Local (Y/N)': 'N', 'TYPE': 'pco', 'Component': 'm', 'Type': 'unknown', 'Dimensions': '-', 'Swat_codetype': 'in_sim'}"
print.prt,28,4,y,{},"{'Line in File': '28', 'Position in File': '4', 'Condition': 'if (pco%use_obj_labels == ""n"")', 'Local (Y/N)': 'N', 'TYPE': 'pco', 'Component': 'y', 'Type': 'unknown', 'Dimensions': '-', 'Swat_codetype': 'in_sim'}"
print.prt,28,5,a,{},"{'Line in File': '28', 'Position in File': '5', 'Condition': 'if (pco%use_obj_labels == ""n"")', 'Local (Y/N)': 'N', 'TYPE': 'pco', 'Component': 'a', 'Type': 'unknown', 'Dimensions': '-', 'Swat_codetype': 'in_sim'}"
print.prt,29,1,name,"{'Line in File': '29', 'Position in File': '1', 'Condition': 'if (pco%aa_numint > 0)', 'Local (Y/N)': 'Y', 'TYPE': '-', 'Component': 'name', 'Type': 'character(len=16)', 'Dimensions': '-', 'Swat_codetype': '-'}","{'Line in File': '29', 'Position in File': '1', 'Condition': 'if (pco%use_obj_labels == ""n"")', 'Local (Y/N)': 'Y', 'TYPE': '-', 'Component': 'name', 'Type': 'character(len=16)', 'Dimensions': '-', 'Swat_codetype': '-'}"
print.prt,29,2,d,{},"{'Line in File': '29', 'Position in File': '2', 'Condition': 'if (pco%use_obj_labels == ""n"")', 'Local (Y/N)': 'N', 'TYPE': 'pco', 'Component': 'd', 'Type': 'unknown', 'Dimensions': '-', 'Swat_codetype': 'in_sim'}"
print.prt,29,2,wb_lsu,"{'Line in File': '29', 'Position in File': '2', 'Condition': 'if (pco%aa_numint > 0)', 'Local (Y/N)': 'N', 'TYPE': 'pco', 'Component': 'wb_lsu', 'Type': 'type(print_interval)', 'Dimensions': '-', 'Swat_codetype': 'in_sim'}",{}
print.prt,29,3,m,{},"{'Line in File': '29', 'Position in File': '3', 'Condition': 'if (pco%use_obj_labels == ""n"")', 'Local (Y/N)': 'N', 'TYPE': 'pco', 'Component': 'm', 'Type': 'unknown', 'Dimensions': '-', 'Swat_codetype': 'in_sim'}"
print.prt,29,4,y,{},"{'Line in File': '29', 'Position in File': '4', 'Condition': 'if (pco%use_obj_labels == ""n"")', 'Local (Y/N)': 'N', 'TYPE': 'pco', 'Component': 'y', 'Type': 'unknown', 'Dimensions': '-', 'Swat_codetype': 'in_sim'}"
print.prt,29,5,a,{},"{'Line in File': '29', 'Position in File': '5', 'Condition': 'if (pco%use_obj_labels == ""n"")', 'Local (Y/N)': 'N', 'TYPE': 'pco', 'Component': 'a', 'Type': 'unknown', 'Dimensions': '-', 'Swat_codetype': 'in_sim'}"
print.prt,30,1,name,"{'Line in File': '30', 'Position in File': '1', 'Condition': 'if (pco%aa_numint > 0)', 'Local (Y/N)': 'Y', 'TYPE': '-', 'Component': 'name', 'Type': 'character(len=16)', 'Dimensions': '-', 'Swat_codetype': '-'}","{'Line in File': '30', 'Position in File': '1', 'Condition': 'if (pco%use_obj_labels == ""n"")', 'Local (Y/N)': 'Y', 'TYPE': '-', 'Component': 'name', 'Type': 'character(len=16)', 'Dimensions': '-', 'Swat_codetype': '-'}"
print.prt,30,2,d,{},"{'Line in File': '30', 'Position in File': '2', 'Condition': 'if (pco%use_obj_labels == ""n"")', 'Local (Y/N)': 'N', 'TYPE': 'pco', 'Component': 'd', 'Type': 'unknown', 'Dimensions': '-', 'Swat_codetype': 'in_sim'}"
print.prt,30,2,nb_lsu,"{'Line in File': '30', 'Position in File': '2', 'Condition': 'if (pco%aa_numint > 0)', 'Local (Y/N)': 'N', 'TYPE': 'pco', 'Component': 'nb_lsu', 'Type': 'type(print_interval)', 'Dimensions': '-', 'Swat_codetype': 'in_sim'}",{}
print.prt,30,3,m,{},"{'Line in File': '30', 'Position in File': '3', 'Condition': 'if (pco%use_obj_labels == ""n"")', 'Local (Y/N)': 'N', 'TYPE': 'pco', 'Component': 'm', 'Type': 'unknown', 'Dimensions': '-', 'Swat_codetype': 'in_sim'}"
print.prt,30,4,y,{},"{'Line in File': '30', 'Position in File': '4', 'Condition': 'if (pco%use_obj_labels == ""n"")', 'Local (Y/N)': 'N', 'TYPE': 'pco', 'Component': 'y', 'Type': 'unknown', 'Dimensions': '-', 'Swat_codetype': 'in_sim'}"
print.prt,30,5,a,{},"{'Line in File': '30', 'Position in File': '5', 'Condition': 'if (pco%use_obj_labels == ""n"")', 'Local (Y/N)': 'N', 'TYPE': 'pco', 'Component': 'a', 'Type': 'unknown', 'Dimensions': '-', 'Swat_codetype': 'in_sim'}"
print.prt,31,1,name,"{'Line in File': '31', 'Position in File': '1', 'Condition': 'if (pco%aa_numint > 0)', 'Local (Y/N)': 'Y', 'TYPE': '-', 'Component': 'name', 'Type': 'character(len=16)', 'Dimensions': '-', 'Swat_codetype': '-'}","{'Line in File': '31', 'Position in File': '1', 'Condition': 'if (pco%use_obj_labels == ""n"")', 'Local (Y/N)': 'Y', 'TYPE': '-', 'Component': 'name', 'Type': 'character(len=16)', 'Dimensions': '-', 'Swat_codetype': '-'}"
print.prt,31,2,d,{},"{'Line in File': '31', 'Position in File': '2', 'Condition': 'if (pco%use_obj_labels == ""n"")', 'Local (Y/N)': 'N', 'TYPE': 'pco', 'Component': 'd', 'Type': 'unknown', 'Dimensions': '-', 'Swat_codetype': 'in_sim'}"
print.prt,31,2,ls_lsu,"{'Line in File': '31', 'Position in File': '2', 'Condition': 'if (pco%aa_numint > 0)', 'Local (Y/N)': 'N', 'TYPE': 'pco', 'Component': 'ls_lsu', 'Type': 'type(print_interval)', 'Dimensions': '-', 'Swat_codetype': 'in_sim'}",{}
print.prt,31,3,m,{},"{'Line in File': '31', 'Position in File': '3', 'Condition': 'if (pco%use_obj_labels == ""n"")', 'Local (Y/N)': 'N', 'TYPE': 'pco', 'Component': 'm', 'Type': 'unknown', 'Dimensions': '-', 'Swat_codetype': 'in_sim'}"
print.prt,31,4,y,{},"{'Line in File': '31', 'Position in File': '4', 'Condition': 'if (pco%use_obj_labels == ""n"")', 'Local (Y/N)': 'N', 'TYPE': 'pco', 'Component': 'y', 'Type': 'unknown', 'Dimensions': '-', 'Swat_codetype': 'in_sim'}"
print.prt,31,5,a,{},"{'Line in File': '31', 'Position in File': '5', 'Condition': 'if (pco%use_obj_labels == ""n"")', 'Local (Y/N)': 'N', 'TYPE': 'pco', 'Component': 'a', 'Type': 'unknown', 'Dimensions': '-', 'Swat_codetype': 'in_sim'}"
print.prt,32,1,name,"{'Line in File': '32', 'Position in File': '1', 'Condition': 'if (pco%aa_numint > 0)', 'Local (Y/N)': 'Y', 'TYPE': '-', 'Component': 'name', 'Type': 'character(len=16)', 'Dimensions': '-', 'Swat_codetype': '-'}","{'Line in File': '32', 'Position in File': '1', 'Condition': 'if (pco%use_obj_labels == ""n"")', 'Local (Y/N)': 'Y', 'TYPE': '-', 'Component': 'name', 'Type': 'character(len=16)', 'Dimensions': '-', 'Swat_codetype': '-'}"
print.prt,32,2,d,{},"{'Line in File': '32', 'Position in File': '2', 'Condition': 'if (pco%use_obj_labels == ""n"")', 'Local (Y/N)': 'N', 'TYPE': 'pco', 'Component': 'd', 'Type': 'unknown', 'Dimensions': '-', 'Swat_codetype': 'in_sim'}"
print.prt,32,2,pw_lsu,"{'Line in File': '32', 'Position in File': '2', 'Condition': 'if (pco%aa_numint > 0)', 'Local (Y/N)': 'N', 'TYPE': 'pco', 'Component': 'pw_lsu', 'Type': 'type(print_interval)', 'Dimensions': '-', 'Swat_codetype': 'in_sim'}",{}
print.prt,32,3,m,{},"{'Line in File': '32', 'Position in File': '3', 'Condition': 'if (pco%use_obj_labels == ""n"")', 'Local (Y/N)': 'N', 'TYPE': 'pco', 'Component': 'm', 'Type': 'unknown', 'Dimensions': '-', 'Swat_codetype': 'in_sim'}"
print.prt,32,4,y,{},"{'Line in File': '32', 'Position in File': '4', 'Condition': 'if (pco%use_obj_labels == ""n"")', 'Local (Y/N)': 'N', 'TYPE': 'pco', 'Component': 'y', 'Type': 'unknown', 'Dimensions': '-', 'Swat_codetype': 'in_sim'}"
print.prt,32,5,a,{},"{'Line in File': '32', 'Position in File': '5', 'Condition': 'if (pco%use_obj_labels == ""n"")', 'Local (Y/N)': 'N', 'TYPE': 'pco', 'Component': 'a', 'Type': 'unknown', 'Dimensions': '-', 'Swat_codetype': 'in_sim'}"
print.prt,33,1,name,"{'Line in File': '33', 'Position in File': '1', 'Condition': 'if (pco%aa_numint > 0)', 'Local (Y/N)': 'Y', 'TYPE': '-', 'Component': 'name', 'Type': 'character(len=16)', 'Dimensions': '-', 'Swat_codetype': '-'}","{'Line in File': '33', 'Position in File': '1', 'Condition': 'if (pco%use_obj_labels == ""n"")', 'Local (Y/N)': 'Y', 'TYPE': '-', 'Component': 'name', 'Type': 'character(len=16)', 'Dimensions': '-', 'Swat_codetype': '-'}"
print.prt,33,2,d,{},"{'Line in File': '33', 'Position in File': '2', 'Condition': 'if (pco%use_obj_labels == ""n"")', 'Local (Y/N)': 'N', 'TYPE': 'pco', 'Component': 'd', 'Type': 'unknown', 'Dimensions': '-', 'Swat_codetype': 'in_sim'}"
print.prt,33,2,wb_hru,"{'Line in File': '33', 'Position in File': '2', 'Condition': 'if (pco%aa_numint > 0)', 'Local (Y/N)': 'N', 'TYPE': 'pco', 'Component': 'wb_hru', 'Type': 'type(print_interval)', 'Dimensions': '-', 'Swat_codetype': 'in_sim'}",{}
print.prt,33,3,m,{},"{'Line in File': '33', 'Position in File': '3', 'Condition': 'if (pco%use_obj_labels == ""n"")', 'Local (Y/N)': 'N', 'TYPE': 'pco', 'Component': 'm', 'Type': 'unknown', 'Dimensions': '-', 'Swat_codetype': 'in_sim'}"
print.prt,33,4,y,{},"{'Line in File': '33', 'Position in File': '4', 'Condition': 'if (pco%use_obj_labels == ""n"")', 'Local (Y/N)': 'N', 'TYPE': 'pco', 'Component': 'y', 'Type': 'unknown', 'Dimensions': '-', 'Swat_codetype': 'in_sim'}"
print.prt,33,5,a,{},"{'Line in File': '33', 'Position in File': '5', 'Condition': 'if (pco%use_obj_labels == ""n"")', 'Local (Y/N)': 'N', 'TYPE': 'pco', 'Component': 'a', 'Type': 'unknown', 'Dimensions': '-', 'Swat_codetype': 'in_sim'}"
print.prt,34,1,name,"{'Line in File': '34', 'Position in File': '1', 'Condition': 'if (pco%aa_numint > 0)', 'Local (Y/N)': 'Y', 'TYPE': '-', 'Component': 'name', 'Type': 'character(len=16)', 'Dimensions': '-', 'Swat_codetype': '-'}","{'Line in File': '34', 'Position in File': '1', 'Condition': 'if (pco%use_obj_labels == ""n"")', 'Local (Y/N)': 'Y', 'TYPE': '-', 'Component': 'name', 'Type': 'character(len=16)', 'Dimensions': '-', 'Swat_codetype': '-'}"
print.prt,34,2,d,{},"{'Line in File': '34', 'Position in File': '2', 'Condition': 'if (pco%use_obj_labels == ""n"")', 'Local (Y/N)': 'N', 'TYPE': 'pco', 'Component': 'd', 'Type': 'unknown', 'Dimensions': '-', 'Swat_codetype': 'in_sim'}"
print.prt,34,2,nb_hru,"{'Line in File': '34', 'Position in File': '2', 'Condition': 'if (pco%aa_numint > 0)', 'Local (Y/N)': 'N', 'TYPE': 'pco', 'Component': 'nb_hru', 'Type': 'type(print_interval)', 'Dimensions': '-', 'Swat_codetype': 'in_sim'}",{}
print.prt,34,3,m,{},"{'Line in File': '34', 'Position in File': '3', 'Condition': 'if (pco%use_obj_labels == ""n"")', 'Local (Y/N)': 'N', 'TYPE': 'pco', 'Component': 'm', 'Type': 'unknown', 'Dimensions': '-', 'Swat_codetype': 'in_sim'}"
print.prt,34,4,y,{},"{'Line in File': '34', 'Position in File': '4', 'Condition': 'if (pco%use_obj_labels == ""n"")', 'Local (Y/N)': 'N', 'TYPE': 'pco', 'Component': 'y', 'Type': 'unknown', 'Dimensions': '-', 'Swat_codetype': 'in_sim'}"
print.prt,34,5,a,{},"{'Line in File': '34', 'Position in File': '5', 'Condition': 'if (pco%use_obj_labels == ""n"")', 'Local (Y/N)': 'N', 'TYPE': 'pco', 'Component': 'a', 'Type': 'unknown', 'Dimensions': '-', 'Swat_codetype': 'in_sim'}"
print.prt,35,1,name,"{'Line in File': '35', 'Position in File': '1', 'Condition': 'if (pco%aa_numint > 0)', 'Local (Y/N)': 'Y', 'TYPE': '-', 'Component': 'name', 'Type': 'character(len=16)', 'Dimensions': '-', 'Swat_codetype': '-'}","{'Line in File': '35', 'Position in File': '1', 'Condition': 'if (pco%use_obj_labels == ""n"")', 'Local (Y/N)': 'Y', 'TYPE': '-', 'Component': 'name', 'Type': 'character(len=16)', 'Dimensions': '-', 'Swat_codetype': '-'}"
print.prt,35,2,d,{},"{'Line in File': '35', 'Position in File': '2', 'Condition': 'if (pco%use_obj_labels == ""n"")', 'Local (Y/N)': 'N', 'TYPE': 'pco', 'Component': 'd', 'Type': 'unknown', 'Dimensions': '-', 'Swat_codetype': 'in_sim'}"
print.prt,35,2,ls_hru,"{'Line in File': '35', 'Position in File': '2', 'Condition': 'if (pco%aa_numint > 0)', 'Local (Y/N)': 'N', 'TYPE': 'pco', 'Component': 'ls_hru', 'Type': 'type(print_interval)', 'Dimensions': '-', 'Swat_codetype': 'in_sim'}",{}
print.prt,35,3,m,{},"{'Line in File': '35', 'Position in File': '3', 'Condition': 'if (pco%use_obj_labels == ""n"")', 'Local (Y/N)': 'N', 'TYPE': 'pco', 'Component': 'm', 'Type': 'unknown', 'Dimensions': '-', 'Swat_codetype': 'in_sim'}"
print.prt,35,4,y,{},"{'Line in File': '35', 'Position in File': '4', 'Condition': 'if (pco%use_obj_labels == ""n"")', 'Local (Y/N)': 'N', 'TYPE': 'pco', 'Component': 'y', 'Type': 'unknown', 'Dimensions': '-', 'Swat_codetype': 'in_sim'}"
print.prt,35,5,a,{},"{'Line in File': '35', 'Position in File': '5', 'Condition': 'if (pco%use_obj_labels == ""n"")', 'Local (Y/N)': 'N', 'TYPE': 'pco', 'Component': 'a', 'Type': 'unknown', 'Dimensions': '-', 'Swat_codetype': 'in_sim'}"
print.prt,36,1,name,"{'Line in File': '36', 'Position in File': '1', 'Condition': 'if (pco%aa_numint > 0)', 'Local (Y/N)': 'Y', 'TYPE': '-', 'Component': 'name', 'Type': 'character(len=16)', 'Dimensions': '-', 'Swat_codetype': '-'}","{'Line in File': '36', 'Position in File': '1', 'Condition': 'if (pco%use_obj_labels == ""n"")', 'Local (Y/N)': 'Y', 'TYPE': '-', 'Component': 'name', 'Type': 'character(len=16)', 'Dimensions': '-', 'Swat_codetype': '-'}"
print.prt,36,2,d,{},"{'Line in File': '36', 'Position in File': '2', 'Condition': 'if (pco%use_obj_labels == ""n"")', 'Local (Y/N)': 'N', 'TYPE': 'pco', 'Component': 'd', 'Type': 'unknown', 'Dimensions': '-', 'Swat_codetype': 'in_sim'}"
print.prt,36,2,pw_hru,"{'Line in File': '36', 'Position in File': '2', 'Condition': 'if (pco%aa_numint > 0)', 'Local (Y/N)': 'N', 'TYPE': 'pco', 'Component': 'pw_hru', 'Type': 'type(print_interval)', 'Dimensions': '-', 'Swat_codetype': 'in_sim'}",{}
print.prt,36,3,m,{},"{'Line in File': '36', 'Position in File': '3', 'Condition': 'if (pco%use_obj_labels == ""n"")', 'Local (Y/N)': 'N', 'TYPE': 'pco', 'Component': 'm', 'Type': 'unknown', 'Dimensions': '-', 'Swat_codetype': 'in_sim'}"
print.prt,36,4,y,{},"{'Line in File': '36', 'Position in File': '4', 'Condition': 'if (pco%use_obj_labels == ""n"")', 'Local (Y/N)': 'N', 'TYPE': 'pco', 'Component': 'y', 'Type': 'unknown', 'Dimensions': '-', 'Swat_codetype': 'in_sim'}"
print.prt,36,5,a,{},"{'Line in File': '36', 'Position in File': '5', 'Condition': 'if (pco%use_obj_labels == ""n"")', 'Local (Y/N)': 'N', 'TYPE': 'pco', 'Component': 'a', 'Type': 'unknown', 'Dimensions': '-', 'Swat_codetype': 'in_sim'}"
print.prt,37,1,name,"{'Line in File': '37', 'Position in File': '1', 'Condition': 'if (pco%aa_numint > 0)', 'Local (Y/N)': 'Y', 'TYPE': '-', 'Component': 'name', 'Type': 'character(len=16)', 'Dimensions': '-', 'Swat_codetype': '-'}","{'Line in File': '37', 'Position in File': '1', 'Condition': 'if (pco%use_obj_labels == ""n"")', 'Local (Y/N)': 'Y', 'TYPE': '-', 'Component': 'name', 'Type': 'character(len=16)', 'Dimensions': '-', 'Swat_codetype': '-'}"
print.prt,37,2,d,{},"{'Line in File': '37', 'Position in File': '2', 'Condition': 'if (pco%use_obj_labels == ""n"")', 'Local (Y/N)': 'N', 'TYPE': 'pco', 'Component': 'd', 'Type': 'unknown', 'Dimensions': '-', 'Swat_codetype': 'in_sim'}"
print.prt,37,2,wb_sd,"{'Line in File': '37', 'Position in File': '2', 'Condition': 'if (pco%aa_numint > 0)', 'Local (Y/N)': 'N', 'TYPE': 'pco', 'Component': 'wb_sd', 'Type': 'type(print_interval)', 'Dimensions': '-', 'Swat_codetype': 'in_sim'}",{}
print.prt,37,3,m,{},"{'Line in File': '37', 'Position in File': '3', 'Condition': 'if (pco%use_obj_labels == ""n"")', 'Local (Y/N)': 'N', 'TYPE': 'pco', 'Component': 'm', 'Type': 'unknown', 'Dimensions': '-', 'Swat_codetype': 'in_sim'}"
print.prt,37,4,y,{},"{'Line in File': '37', 'Position in File': '4', 'Condition': 'if (pco%use_obj_labels == ""n"")', 'Local (Y/N)': 'N', 'TYPE': 'pco', 'Component': 'y', 'Type': 'unknown', 'Dimensions': '-', 'Swat_codetype': 'in_sim'}"
print.prt,37,5,a,{},"{'Line in File': '37', 'Position in File': '5', 'Condition': 'if (pco%use_obj_labels == ""n"")', 'Local (Y/N)': 'N', 'TYPE': 'pco', 'Component': 'a', 'Type': 'unknown', 'Dimensions': '-', 'Swat_codetype': 'in_sim'}"
print.prt,38,1,name,"{'Line in File': '38', 'Position in File': '1', 'Condition': 'if (pco%aa_numint > 0)', 'Local (Y/N)': 'Y', 'TYPE': '-', 'Component': 'name', 'Type': 'character(len=16)', 'Dimensions': '-', 'Swat_codetype': '-'}","{'Line in File': '38', 'Position in File': '1', 'Condition': 'if (pco%use_obj_labels == ""n"")', 'Local (Y/N)': 'Y', 'TYPE': '-', 'Component': 'name', 'Type': 'character(len=16)', 'Dimensions': '-', 'Swat_codetype': '-'}"
print.prt,38,2,d,{},"{'Line in File': '38', 'Position in File': '2', 'Condition': 'if (pco%use_obj_labels == ""n"")', 'Local (Y/N)': 'N', 'TYPE': 'pco', 'Component': 'd', 'Type': 'unknown', 'Dimensions': '-', 'Swat_codetype': 'in_sim'}"
print.prt,38,2,nb_sd,"{'Line in File': '38', 'Position in File': '2', 'Condition': 'if (pco%aa_numint > 0)', 'Local (Y/N)': 'N', 'TYPE': 'pco', 'Component': 'nb_sd', 'Type': 'type(print_interval)', 'Dimensions': '-', 'Swat_codetype': 'in_sim'}",{}
print.prt,38,3,m,{},"{'Line in File': '38', 'Position in File': '3', 'Condition': 'if (pco%use_obj_labels == ""n"")', 'Local (Y/N)': 'N', 'TYPE': 'pco', 'Component': 'm', 'Type': 'unknown', 'Dimensions': '-', 'Swat_codetype': 'in_sim'}"
print.prt,38,4,y,{},"{'Line in File': '38', 'Position in File': '4', 'Condition': 'if (pco%use_obj_labels == ""n"")', 'Local (Y/N)': 'N', 'TYPE': 'pco', 'Component': 'y', 'Type': 'unknown', 'Dimensions': '-', 'Swat_codetype': 'in_sim'}"
print.prt,38,5,a,{},"{'Line in File': '38', 'Position in File': '5', 'Condition': 'if (pco%use_obj_labels == ""n"")', 'Local (Y/N)': 'N', 'TYPE': 'pco', 'Component': 'a', 'Type': 'unknown', 'Dimensions': '-', 'Swat_codetype': 'in_sim'}"
print.prt,39,1,name,"{'Line in File': '39', 'Position in File': '1', 'Condition': 'if (pco%aa_numint > 0)', 'Local (Y/N)': 'Y', 'TYPE': '-', 'Component': 'name', 'Type': 'character(len=16)', 'Dimensions': '-', 'Swat_codetype': '-'}","{'Line in File': '39', 'Position in File': '1', 'Condition': 'if (pco%use_obj_labels == ""n"")', 'Local (Y/N)': 'Y', 'TYPE': '-', 'Component': 'name', 'Type': 'character(len=16)', 'Dimensions': '-', 'Swat_codetype': '-'}"
print.prt,39,2,d,{},"{'Line in File': '39', 'Position in File': '2', 'Condition': 'if (pco%use_obj_labels == ""n"")', 'Local (Y/N)': 'N', 'TYPE': 'pco', 'Component': 'd', 'Type': 'unknown', 'Dimensions': '-', 'Swat_codetype': 'in_sim'}"
print.prt,39,2,ls_sd,"{'Line in File': '39', 'Position in File': '2', 'Condition': 'if (pco%aa_numint > 0)', 'Local (Y/N)': 'N', 'TYPE': 'pco', 'Component': 'ls_sd', 'Type': 'type(print_interval)', 'Dimensions': '-', 'Swat_codetype': 'in_sim'}",{}
print.prt,39,3,m,{},"{'Line in File': '39', 'Position in File': '3', 'Condition': 'if (pco%use_obj_labels == ""n"")', 'Local (Y/N)': 'N', 'TYPE': 'pco', 'Component': 'm', 'Type': 'unknown', 'Dimensions': '-', 'Swat_codetype': 'in_sim'}"
print.prt,39,4,y,{},"{'Line in File': '39', 'Position in File': '4', 'Condition': 'if (pco%use_obj_labels == ""n"")', 'Local (Y/N)': 'N', 'TYPE': 'pco', 'Component': 'y', 'Type': 'unknown', 'Dimensions': '-', 'Swat_codetype': 'in_sim'}"
print.prt,39,5,a,{},"{'Line in File': '39', 'Position in File': '5', 'Condition': 'if (pco%use_obj_labels == ""n"")', 'Local (Y/N)': 'N', 'TYPE': 'pco', 'Component': 'a', 'Type': 'unknown', 'Dimensions': '-', 'Swat_codetype': 'in_sim'}"
print.prt,40,1,name,"{'Line in File': '40', 'Position in File': '1', 'Condition': 'if (pco%aa_numint > 0)', 'Local (Y/N)': 'Y', 'TYPE': '-', 'Component': 'name', 'Type': 'character(len=16)', 'Dimensions': '-', 'Swat_codetype': '-'}","{'Line in File': '40', 'Position in File': '1', 'Condition': 'if (pco%use_obj_labels == ""n"")', 'Local (Y/N)': 'Y', 'TYPE': '-', 'Component': 'name', 'Type': 'character(len=16)', 'Dimensions': '-', 'Swat_codetype': '-'}"
print.prt,40,2,d,{},"{'Line in File': '40', 'Position in File': '2', 'Condition': 'if (pco%use_obj_labels == ""n"")', 'Local (Y/N)': 'N', 'TYPE': 'pco', 'Component': 'd', 'Type': 'unknown', 'Dimensions': '-', 'Swat_codetype': 'in_sim'}"
print.prt,40,2,pw_sd,"{'Line in File': '40', 'Position in File': '2', 'Condition': 'if (pco%aa_numint > 0)', 'Local (Y/N)': 'N', 'TYPE': 'pco', 'Component': 'pw_sd', 'Type': 'type(print_interval)', 'Dimensions': '-', 'Swat_codetype': 'in_sim'}",{}
print.prt,40,3,m,{},"{'Line in File': '40', 'Position in File': '3', 'Condition': 'if (pco%use_obj_labels == ""n"")', 'Local (Y/N)': 'N', 'TYPE': 'pco', 'Component': 'm', 'Type': 'unknown', 'Dimensions': '-', 'Swat_codetype': 'in_sim'}"
print.prt,40,4,y,{},"{'Line in File': '40', 'Position in File': '4', 'Condition': 'if (pco%use_obj_labels == ""n"")', 'Local (Y/N)': 'N', 'TYPE': 'pco', 'Component': 'y', 'Type': 'unknown', 'Dimensions': '-', 'Swat_codetype': 'in_sim'}"
print.prt,40,5,a,{},"{'Line in File': '40', 'Position in File': '5', 'Condition': 'if (pco%use_obj_labels == ""n"")', 'Local (Y/N)': 'N', 'TYPE': 'pco', 'Component': 'a', 'Type': 'unknown', 'Dimensions': '-', 'Swat_codetype': 'in_sim'}"
print.prt,41,1,name,"{'Line in File': '41', 'Position in File': '1', 'Condition': 'if (pco%aa_numint > 0)', 'Local (Y/N)': 'Y', 'TYPE': '-', 'Component': 'name', 'Type': 'character(len=16)', 'Dimensions': '-', 'Swat_codetype': '-'}","{'Line in File': '41', 'Position in File': '1', 'Condition': 'if (pco%use_obj_labels == ""n"")', 'Local (Y/N)': 'Y', 'TYPE': '-', 'Component': 'name', 'Type': 'character(len=16)', 'Dimensions': '-', 'Swat_codetype': '-'}"
print.prt,41,2,chan,"{'Line in File': '41', 'Position in File': '2', 'Condition': 'if (pco%aa_numint > 0)', 'Local (Y/N)': 'N', 'TYPE': 'pco', 'Component': 'chan', 'Type': 'type(print_interval)', 'Dimensions': '-', 'Swat_codetype': 'in_sim'}",{}
print.prt,41,2,d,{},"{'Line in File': '41', 'Position in File': '2', 'Condition': 'if (pco%use_obj_labels == ""n"")', 'Local (Y/N)': 'N', 'TYPE': 'pco', 'Component': 'd', 'Type': 'unknown', 'Dimensions': '-', 'Swat_codetype': 'in_sim'}"
print.prt,41,3,m,{},"{'Line in File': '41', 'Position in File': '3', 'Condition': 'if (pco%use_obj_labels == ""n"")', 'Local (Y/N)': 'N', 'TYPE': 'pco', 'Component': 'm', 'Type': 'unknown', 'Dimensions': '-', 'Swat_codetype': 'in_sim'}"
print.prt,41,4,y,{},"{'Line in File': '41', 'Position in File': '4', 'Condition': 'if (pco%use_obj_labels == ""n"")', 'Local (Y/N)': 'N', 'TYPE': 'pco', 'Component': 'y', 'Type': 'unknown', 'Dimensions': '-', 'Swat_codetype': 'in_sim'}"
print.prt,41,5,a,{},"{'Line in File': '41', 'Position in File': '5', 'Condition': 'if (pco%use_obj_labels == ""n"")', 'Local (Y/N)': 'N', 'TYPE': 'pco', 'Component': 'a', 'Type': 'unknown', 'Dimensions': '-', 'Swat_codetype': 'in_sim'}"
print.prt,42,1,name,"{'Line in File': '42', 'Position in File': '1', 'Condition': 'if (pco%aa_numint > 0)', 'Local (Y/N)': 'Y', 'TYPE': '-', 'Component': 'name', 'Type': 'character(len=16)', 'Dimensions': '-', 'Swat_codetype': '-'}","{'Line in File': '42', 'Position in File': '1', 'Condition': 'if (pco%use_obj_labels == ""n"")', 'Local (Y/N)': 'Y', 'TYPE': '-', 'Component': 'name', 'Type': 'character(len=16)', 'Dimensions': '-', 'Swat_codetype': '-'}"
print.prt,42,2,d,{},"{'Line in File': '42', 'Position in File': '2', 'Condition': 'if (pco%use_obj_labels == ""n"")', 'Local (Y/N)': 'N', 'TYPE': 'pco', 'Component': 'd', 'Type': 'unknown', 'Dimensions': '-', 'Swat_codetype': 'in_sim'}"
print.prt,42,2,sd_chan,"{'Line in File': '42', 'Position in File': '2', 'Condition': 'if (pco%aa_numint > 0)', 'Local (Y/N)': 'N', 'TYPE': 'pco', 'Component': 'sd_chan', 'Type': 'type(print_interval)', 'Dimensions': '-', 'Swat_codetype': 'in_sim'}",{}
print.prt,42,3,m,{},"{'Line in File': '42', 'Position in File': '3', 'Condition': 'if (pco%use_obj_labels == ""n"")', 'Local (Y/N)': 'N', 'TYPE': 'pco', 'Component': 'm', 'Type': 'unknown', 'Dimensions': '-', 'Swat_codetype': 'in_sim'}"
print.prt,42,4,y,{},"{'Line in File': '42', 'Position in File': '4', 'Condition': 'if (pco%use_obj_labels == ""n"")', 'Local (Y/N)': 'N', 'TYPE': 'pco', 'Component': 'y', 'Type': 'unknown', 'Dimensions': '-', 'Swat_codetype': 'in_sim'}"
print.prt,42,5,a,{},"{'Line in File': '42', 'Position in File': '5', 'Condition': 'if (pco%use_obj_labels == ""n"")', 'Local (Y/N)': 'N', 'TYPE': 'pco', 'Component': 'a', 'Type': 'unknown', 'Dimensions': '-', 'Swat_codetype': 'in_sim'}"
print.prt,43,1,name,"{'Line in File': '43', 'Position in File': '1', 'Condition': 'if (pco%aa_numint > 0)', 'Local (Y/N)': 'Y', 'TYPE': '-', 'Component': 'name', 'Type': 'character(len=16)', 'Dimensions': '-', 'Swat_codetype': '-'}","{'Line in File': '43', 'Position in File': '1', 'Condition': 'if (pco%use_obj_labels == ""n"")', 'Local (Y/N)': 'Y', 'TYPE': '-', 'Component': 'name', 'Type': 'character(len=16)', 'Dimensions': '-', 'Swat_codetype': '-'}"
print.prt,43,2,aqu,"{'Line in File': '43', 'Position in File': '2', 'Condition': 'if (pco%aa_numint > 0)', 'Local (Y/N)': 'N', 'TYPE': 'pco', 'Component': 'aqu', 'Type': 'type(print_interval)', 'Dimensions': '-', 'Swat_codetype': 'in_sim'}",{}
print.prt,43,2,d,{},"{'Line in File': '43', 'Position in File': '2', 'Condition': 'if (pco%use_obj_labels == ""n"")', 'Local (Y/N)': 'N', 'TYPE': 'pco', 'Component': 'd', 'Type': 'unknown', 'Dimensions': '-', 'Swat_codetype': 'in_sim'}"
print.prt,43,3,m,{},"{'Line in File': '43', 'Position in File': '3', 'Condition': 'if (pco%use_obj_labels == ""n"")', 'Local (Y/N)': 'N', 'TYPE': 'pco', 'Component': 'm', 'Type': 'unknown', 'Dimensions': '-', 'Swat_codetype': 'in_sim'}"
print.prt,43,4,y,{},"{'Line in File': '43', 'Position in File': '4', 'Condition': 'if (pco%use_obj_labels == ""n"")', 'Local (Y/N)': 'N', 'TYPE': 'pco', 'Component': 'y', 'Type': 'unknown', 'Dimensions': '-', 'Swat_codetype': 'in_sim'}"
print.prt,43,5,a,{},"{'Line in File': '43', 'Position in File': '5', 'Condition': 'if (pco%use_obj_labels == ""n"")', 'Local (Y/N)': 'N', 'TYPE': 'pco', 'Component': 'a', 'Type': 'unknown', 'Dimensions': '-', 'Swat_codetype': 'in_sim'}"
print.prt,44,1,name,"{'Line in File': '44', 'Position in File': '1', 'Condition': 'if (pco%aa_numint > 0)', 'Local (Y/N)': 'Y', 'TYPE': '-', 'Component': 'name', 'Type': 'character(len=16)', 'Dimensions': '-', 'Swat_codetype': '-'}","{'Line in File': '44', 'Position in File': '1', 'Condition': 'if (pco%use_obj_labels == ""n"")', 'Local (Y/N)': 'Y', 'TYPE': '-', 'Component': 'name', 'Type': 'character(len=16)', 'Dimensions': '-', 'Swat_codetype': '-'}"
print.prt,44,2,d,{},"{'Line in File': '44', 'Position in File': '2', 'Condition': 'if (pco%use_obj_labels == ""n"")', 'Local (Y/N)': 'N', 'TYPE': 'pco', 'Component': 'd', 'Type': 'unknown', 'Dimensions': '-', 'Swat_codetype': 'in_sim'}"
print.prt,44,2,res,"{'Line in File': '44', 'Position in File': '2', 'Condition': 'if (pco%aa_numint > 0)', 'Local (Y/N)': 'N', 'TYPE': 'pco', 'Component': 'res', 'Type': 'type(print_interval)', 'Dimensions': '-', 'Swat_codetype': 'in_sim'}",{}
print.prt,44,3,m,{},"{'Line in File': '44', 'Position in File': '3', 'Condition': 'if (pco%use_obj_labels == ""n"")', 'Local (Y/N)': 'N', 'TYPE': 'pco', 'Component': 'm', 'Type': 'unknown', 'Dimensions': '-', 'Swat_codetype': 'in_sim'}"
print.prt,44,4,y,{},"{'Line in File': '44', 'Position in File': '4', 'Condition': 'if (pco%use_obj_labels == ""n"")', 'Local (Y/N)': 'N', 'TYPE': 'pco', 'Component': 'y', 'Type': 'unknown', 'Dimensions': '-', 'Swat_codetype': 'in_sim'}"
print.prt,44,5,a,{},"{'Line in File': '44', 'Position in File': '5', 'Condition': 'if (pco%use_obj_labels == ""n"")', 'Local (Y/N)': 'N', 'TYPE': 'pco', 'Component': 'a', 'Type': 'unknown', 'Dimensions': '-', 'Swat_codetype': 'in_sim'}"
print.prt,45,1,name,"{'Line in File': '45', 'Position in File': '1', 'Condition': 'if (pco%aa_numint > 0)', 'Local (Y/N)': 'Y', 'TYPE': '-', 'Component': 'name', 'Type': 'character(len=16)', 'Dimensions': '-', 'Swat_codetype': '-'}","{'Line in File': '45', 'Position in File': '1', 'Condition': 'if (pco%use_obj_labels == ""n"")', 'Local (Y/N)': 'Y', 'TYPE': '-', 'Component': 'name', 'Type': 'character(len=16)', 'Dimensions': '-', 'Swat_codetype': '-'}"
print.prt,45,2,d,{},"{'Line in File': '45', 'Position in File': '2', 'Condition': 'if (pco%use_obj_labels == ""n"")', 'Local (Y/N)': 'N', 'TYPE': 'pco', 'Component': 'd', 'Type': 'unknown', 'Dimensions': '-', 'Swat_codetype': 'in_sim'}"
print.prt,45,2,recall,"{'Line in File': '45', 'Position in File': '2', 'Condition': 'if (pco%aa_numint > 0)', 'Local (Y/N)': 'N', 'TYPE': 'pco', 'Component': 'recall', 'Type': 'type(print_interval)', 'Dimensions': '-', 'Swat_codetype': 'in_sim'}",{}
print.prt,45,3,m,{},"{'Line in File': '45', 'Position in File': '3', 'Condition': 'if (pco%use_obj_labels == ""n"")', 'Local (Y/N)': 'N', 'TYPE': 'pco', 'Component': 'm', 'Type': 'unknown', 'Dimensions': '-', 'Swat_codetype': 'in_sim'}"
print.prt,45,4,y,{},"{'Line in File': '45', 'Position in File': '4', 'Condition': 'if (pco%use_obj_labels == ""n"")', 'Local (Y/N)': 'N', 'TYPE': 'pco', 'Component': 'y', 'Type': 'unknown', 'Dimensions': '-', 'Swat_codetype': 'in_sim'}"
print.prt,45,5,a,{},"{'Line in File': '45', 'Position in File': '5', 'Condition': 'if (pco%use_obj_labels == ""n"")', 'Local (Y/N)': 'N', 'TYPE': 'pco', 'Component': 'a', 'Type': 'unknown', 'Dimensions': '-', 'Swat_codetype': 'in_sim'}"
print.prt,46,1,name,"{'Line in File': '46', 'Position in File': '1', 'Condition': 'if (pco%aa_numint > 0)', 'Local (Y/N)': 'Y', 'TYPE': '-', 'Component': 'name', 'Type': 'character(len=16)', 'Dimensions': '-', 'Swat_codetype': '-'}","{'Line in File': '46', 'Position in File': '1', 'Condition': 'if (pco%use_obj_labels == ""n"")', 'Local (Y/N)': 'Y', 'TYPE': '-', 'Component': 'name', 'Type': 'character(len=16)', 'Dimensions': '-', 'Swat_codetype': '-'}"
print.prt,46,2,d,{},"{'Line in File': '46', 'Position in File': '2', 'Condition': 'if (pco%use_obj_labels == ""n"")', 'Local (Y/N)': 'N', 'TYPE': 'pco', 'Component': 'd', 'Type': 'unknown', 'Dimensions': '-', 'Swat_codetype': 'in_sim'}"
print.prt,46,2,hyd,"{'Line in File': '46', 'Position in File': '2', 'Condition': 'if (pco%aa_numint > 0)', 'Local (Y/N)': 'N', 'TYPE': 'pco', 'Component': 'hyd', 'Type': 'type(print_interval)', 'Dimensions': '-', 'Swat_codetype': 'in_sim'}",{}
print.prt,46,3,m,{},"{'Line in File': '46', 'Position in File': '3', 'Condition': 'if (pco%use_obj_labels == ""n"")', 'Local (Y/N)': 'N', 'TYPE': 'pco', 'Component': 'm', 'Type': 'unknown', 'Dimensions': '-', 'Swat_codetype': 'in_sim'}"
print.prt,46,4,y,{},"{'Line in File': '46', 'Position in File': '4', 'Condition': 'if (pco%use_obj_labels == ""n"")', 'Local (Y/N)': 'N', 'TYPE': 'pco', 'Component': 'y', 'Type': 'unknown', 'Dimensions': '-', 'Swat_codetype': 'in_sim'}"
print.prt,46,5,a,{},"{'Line in File': '46', 'Position in File': '5', 'Condition': 'if (pco%use_obj_labels == ""n"")', 'Local (Y/N)': 'N', 'TYPE': 'pco', 'Component': 'a', 'Type': 'unknown', 'Dimensions': '-', 'Swat_codetype': 'in_sim'}"
print.prt,47,1,name,"{'Line in File': '47', 'Position in File': '1', 'Condition': 'if (pco%aa_numint > 0)', 'Local (Y/N)': 'Y', 'TYPE': '-', 'Component': 'name', 'Type': 'character(len=16)', 'Dimensions': '-', 'Swat_codetype': '-'}","{'Line in File': '47', 'Position in File': '1', 'Condition': 'if (pco%use_obj_labels == ""n"")', 'Local (Y/N)': 'Y', 'TYPE': '-', 'Component': 'name', 'Type': 'character(len=16)', 'Dimensions': '-', 'Swat_codetype': '-'}"
print.prt,47,2,d,{},"{'Line in File': '47', 'Position in File': '2', 'Condition': 'if (pco%use_obj_labels == ""n"")', 'Local (Y/N)': 'N', 'TYPE': 'pco', 'Component': 'd', 'Type': 'unknown', 'Dimensions': '-', 'Swat_codetype': 'in_sim'}"
print.prt,47,2,ru,"{'Line in File': '47', 'Position in File': '2', 'Condition': 'if (pco%aa_numint > 0)', 'Local (Y/N)': 'N', 'TYPE': 'pco', 'Component': 'ru', 'Type': 'type(print_interval)', 'Dimensions': '-', 'Swat_codetype': 'in_sim'}",{}
print.prt,47,3,m,{},"{'Line in File': '47', 'Position in File': '3', 'Condition': 'if (pco%use_obj_labels == ""n"")', 'Local (Y/N)': 'N', 'TYPE': 'pco', 'Component': 'm', 'Type': 'unknown', 'Dimensions': '-', 'Swat_codetype': 'in_sim'}"
print.prt,47,4,y,{},"{'Line in File': '47', 'Position in File': '4', 'Condition': 'if (pco%use_obj_labels == ""n"")', 'Local (Y/N)': 'N', 'TYPE': 'pco', 'Component': 'y', 'Type': 'unknown', 'Dimensions': '-', 'Swat_codetype': 'in_sim'}"
print.prt,47,5,a,{},"{'Line in File': '47', 'Position in File': '5', 'Condition': 'if (pco%use_obj_labels == ""n"")', 'Local (Y/N)': 'N', 'TYPE': 'pco', 'Component': 'a', 'Type': 'unknown', 'Dimensions': '-', 'Swat_codetype': 'in_sim'}"
print.prt,48,1,name,"{'Line in File': '48', 'Position in File': '1', 'Condition': 'if (pco%aa_numint > 0)', 'Local (Y/N)': 'Y', 'TYPE': '-', 'Component': 'name', 'Type': 'character(len=16)', 'Dimensions': '-', 'Swat_codetype': '-'}","{'Line in File': '48', 'Position in File': '1', 'Condition': 'if (pco%use_obj_labels == ""n"")', 'Local (Y/N)': 'Y', 'TYPE': '-', 'Component': 'name', 'Type': 'character(len=16)', 'Dimensions': '-', 'Swat_codetype': '-'}"
print.prt,48,2,d,{},"{'Line in File': '48', 'Position in File': '2', 'Condition': 'if (pco%use_obj_labels == ""n"")', 'Local (Y/N)': 'N', 'TYPE': 'pco', 'Component': 'd', 'Type': 'unknown', 'Dimensions': '-', 'Swat_codetype': 'in_sim'}"
print.prt,48,2,pest,"{'Line in File': '48', 'Position in File': '2', 'Condition': 'if (pco%aa_numint > 0)', 'Local (Y/N)': 'N', 'TYPE': 'pco', 'Component': 'pest', 'Type': 'type(print_interval)', 'Dimensions': '-', 'Swat_codetype': 'in_sim'}",{}
print.prt,48,3,m,{},"{'Line in File': '48', 'Position in File': '3', 'Condition': 'if (pco%use_obj_labels == ""n"")', 'Local (Y/N)': 'N', 'TYPE': 'pco', 'Component': 'm', 'Type': 'unknown', 'Dimensions': '-', 'Swat_codetype': 'in_sim'}"
print.prt,48,4,y,{},"{'Line in File': '48', 'Position in File': '4', 'Condition': 'if (pco%use_obj_labels == ""n"")', 'Local (Y/N)': 'N', 'TYPE': 'pco', 'Component': 'y', 'Type': 'unknown', 'Dimensions': '-', 'Swat_codetype': 'in_sim'}"
print.prt,48,5,a,{},"{'Line in File': '48', 'Position in File': '5', 'Condition': 'if (pco%use_obj_labels == ""n"")', 'Local (Y/N)': 'N', 'TYPE': 'pco', 'Component': 'a', 'Type': 'unknown', 'Dimensions': '-', 'Swat_codetype': 'in_sim'}"
print.prt,49,1,name,"{'Line in File': '49', 'Position in File': '1', 'Condition': 'if (pco%aa_numint > 0)', 'Local (Y/N)': 'Y', 'TYPE': '-', 'Component': 'name', 'Type': 'character(len=16)', 'Dimensions': '-', 'Swat_codetype': '-'}","{'Line in File': '49', 'Position in File': '1', 'Condition': 'if (pco%use_obj_labels == ""n"")', 'Local (Y/N)': 'Y', 'TYPE': '-', 'Component': 'name', 'Type': 'character(len=16)', 'Dimensions': '-', 'Swat_codetype': '-'}"
print.prt,49,2,d,{},"{'Line in File': '49', 'Position in File': '2', 'Condition': 'if (pco%use_obj_labels == ""n"")', 'Local (Y/N)': 'N', 'TYPE': 'pco', 'Component': 'd', 'Type': 'unknown', 'Dimensions': '-', 'Swat_codetype': 'in_sim'}"
print.prt,49,2,salt_basin,"{'Line in File': '49', 'Position in File': '2', 'Condition': 'if (pco%aa_numint > 0)', 'Local (Y/N)': 'N', 'TYPE': 'pco', 'Component': 'salt_basin', 'Type': 'type(print_interval)', 'Dimensions': '-', 'Swat_codetype': 'in_sim'}",{}
print.prt,49,3,m,{},"{'Line in File': '49', 'Position in File': '3', 'Condition': 'if (pco%use_obj_labels == ""n"")', 'Local (Y/N)': 'N', 'TYPE': 'pco', 'Component': 'm', 'Type': 'unknown', 'Dimensions': '-', 'Swat_codetype': 'in_sim'}"
print.prt,49,4,y,{},"{'Line in File': '49', 'Position in File': '4', 'Condition': 'if (pco%use_obj_labels == ""n"")', 'Local (Y/N)': 'N', 'TYPE': 'pco', 'Component': 'y', 'Type': 'unknown', 'Dimensions': '-', 'Swat_codetype': 'in_sim'}"
print.prt,49,5,a,{},"{'Line in File': '49', 'Position in File': '5', 'Condition': 'if (pco%use_obj_labels == ""n"")', 'Local (Y/N)': 'N', 'TYPE': 'pco', 'Component': 'a', 'Type': 'unknown', 'Dimensions': '-', 'Swat_codetype': 'in_sim'}"
print.prt,50,1,name,"{'Line in File': '50', 'Position in File': '1', 'Condition': 'if (pco%aa_numint > 0)', 'Local (Y/N)': 'Y', 'TYPE': '-', 'Component': 'name', 'Type': 'character(len=16)', 'Dimensions': '-', 'Swat_codetype': '-'}","{'Line in File': '50', 'Position in File': '1', 'Condition': 'if (pco%use_obj_labels == ""n"")', 'Local (Y/N)': 'Y', 'TYPE': '-', 'Component': 'name', 'Type': 'character(len=16)', 'Dimensions': '-', 'Swat_codetype': '-'}"
print.prt,50,2,d,{},"{'Line in File': '50', 'Position in File': '2', 'Condition': 'if (pco%use_obj_labels == ""n"")', 'Local (Y/N)': 'N', 'TYPE': 'pco', 'Component': 'd', 'Type': 'unknown', 'Dimensions': '-', 'Swat_codetype': 'in_sim'}"
print.prt,50,2,salt_hru,"{'Line in File': '50', 'Position in File': '2', 'Condition': 'if (pco%aa_numint > 0)', 'Local (Y/N)': 'N', 'TYPE': 'pco', 'Component': 'salt_hru', 'Type': 'type(print_interval)', 'Dimensions': '-', 'Swat_codetype': 'in_sim'}",{}
print.prt,50,3,m,{},"{'Line in File': '50', 'Position in File': '3', 'Condition': 'if (pco%use_obj_labels == ""n"")', 'Local (Y/N)': 'N', 'TYPE': 'pco', 'Component': 'm', 'Type': 'unknown', 'Dimensions': '-', 'Swat_codetype': 'in_sim'}"
print.prt,50,4,y,{},"{'Line in File': '50', 'Position in File': '4', 'Condition': 'if (pco%use_obj_labels == ""n"")', 'Local (Y/N)': 'N', 'TYPE': 'pco', 'Component': 'y', 'Type': 'unknown', 'Dimensions': '-', 'Swat_codetype': 'in_sim'}"
print.prt,50,5,a,{},"{'Line in File': '50', 'Position in File': '5', 'Condition': 'if (pco%use_obj_labels == ""n"")', 'Local (Y/N)': 'N', 'TYPE': 'pco', 'Component': 'a', 'Type': 'unknown', 'Dimensions': '-', 'Swat_codetype': 'in_sim'}"
print.prt,51,1,name,"{'Line in File': '51', 'Position in File': '1', 'Condition': 'if (pco%aa_numint > 0)', 'Local (Y/N)': 'Y', 'TYPE': '-', 'Component': 'name', 'Type': 'character(len=16)', 'Dimensions': '-', 'Swat_codetype': '-'}","{'Line in File': '51', 'Position in File': '1', 'Condition': 'if (pco%use_obj_labels == ""n"")', 'Local (Y/N)': 'Y', 'TYPE': '-', 'Component': 'name', 'Type': 'character(len=16)', 'Dimensions': '-', 'Swat_codetype': '-'}"
print.prt,51,2,d,{},"{'Line in File': '51', 'Position in File': '2', 'Condition': 'if (pco%use_obj_labels == ""n"")', 'Local (Y/N)': 'N', 'TYPE': 'pco', 'Component': 'd', 'Type': 'unknown', 'Dimensions': '-', 'Swat_codetype': 'in_sim'}"
print.prt,51,2,salt_ru,"{'Line in File': '51', 'Position in File': '2', 'Condition': 'if (pco%aa_numint > 0)', 'Local (Y/N)': 'N', 'TYPE': 'pco', 'Component': 'salt_ru', 'Type': 'type(print_interval)', 'Dimensions': '-', 'Swat_codetype': 'in_sim'}",{}
print.prt,51,3,m,{},"{'Line in File': '51', 'Position in File': '3', 'Condition': 'if (pco%use_obj_labels == ""n"")', 'Local (Y/N)': 'N', 'TYPE': 'pco', 'Component': 'm', 'Type': 'unknown', 'Dimensions': '-', 'Swat_codetype': 'in_sim'}"
print.prt,51,4,y,{},"{'Line in File': '51', 'Position in File': '4', 'Condition': 'if (pco%use_obj_labels == ""n"")', 'Local (Y/N)': 'N', 'TYPE': 'pco', 'Component': 'y', 'Type': 'unknown', 'Dimensions': '-', 'Swat_codetype': 'in_sim'}"
print.prt,51,5,a,{},"{'Line in File': '51', 'Position in File': '5', 'Condition': 'if (pco%use_obj_labels == ""n"")', 'Local (Y/N)': 'N', 'TYPE': 'pco', 'Component': 'a', 'Type': 'unknown', 'Dimensions': '-', 'Swat_codetype': 'in_sim'}"
print.prt,52,1,name,"{'Line in File': '52', 'Position in File': '1', 'Condition': 'if (pco%aa_numint > 0)', 'Local (Y/N)': 'Y', 'TYPE': '-', 'Component': 'name', 'Type': 'character(len=16)', 'Dimensions': '-', 'Swat_codetype': '-'}","{'Line in File': '52', 'Position in File': '1', 'Condition': 'if (pco%use_obj_labels == ""n"")', 'Local (Y/N)': 'Y', 'TYPE': '-', 'Component': 'name', 'Type': 'character(len=16)', 'Dimensions': '-', 'Swat_codetype': '-'}"
print.prt,52,2,d,{},"{'Line in File': '52', 'Position in File': '2', 'Condition': 'if (pco%use_obj_labels == ""n"")', 'Local (Y/N)': 'N', 'TYPE': 'pco', 'Component': 'd', 'Type': 'unknown', 'Dimensions': '-', 'Swat_codetype': 'in_sim'}"
print.prt,52,2,salt_aqu,"{'Line in File': '52', 'Position in File': '2', 'Condition': 'if (pco%aa_numint > 0)', 'Local (Y/N)': 'N', 'TYPE': 'pco', 'Component': 'salt_aqu', 'Type': 'type(print_interval)', 'Dimensions': '-', 'Swat_codetype': 'in_sim'}",{}
print.prt,52,3,m,{},"{'Line in File': '52', 'Position in File': '3', 'Condition': 'if (pco%use_obj_labels == ""n"")', 'Local (Y/N)': 'N', 'TYPE': 'pco', 'Component': 'm', 'Type': 'unknown', 'Dimensions': '-', 'Swat_codetype': 'in_sim'}"
print.prt,52,4,y,{},"{'Line in File': '52', 'Position in File': '4', 'Condition': 'if (pco%use_obj_labels == ""n"")', 'Local (Y/N)': 'N', 'TYPE': 'pco', 'Component': 'y', 'Type': 'unknown', 'Dimensions': '-', 'Swat_codetype': 'in_sim'}"
print.prt,52,5,a,{},"{'Line in File': '52', 'Position in File': '5', 'Condition': 'if (pco%use_obj_labels == ""n"")', 'Local (Y/N)': 'N', 'TYPE': 'pco', 'Component': 'a', 'Type': 'unknown', 'Dimensions': '-', 'Swat_codetype': 'in_sim'}"
print.prt,53,1,name,"{'Line in File': '53', 'Position in File': '1', 'Condition': 'if (pco%aa_numint > 0)', 'Local (Y/N)': 'Y', 'TYPE': '-', 'Component': 'name', 'Type': 'character(len=16)', 'Dimensions': '-', 'Swat_codetype': '-'}","{'Line in File': '53', 'Position in File': '1', 'Condition': 'if (pco%use_obj_labels == ""n"")', 'Local (Y/N)': 'Y', 'TYPE': '-', 'Component': 'name', 'Type': 'character(len=16)', 'Dimensions': '-', 'Swat_codetype': '-'}"
print.prt,53,2,d,{},"{'Line in File': '53', 'Position in File': '2', 'Condition': 'if (pco%use_obj_labels == ""n"")', 'Local (Y/N)': 'N', 'TYPE': 'pco', 'Component': 'd', 'Type': 'unknown', 'Dimensions': '-', 'Swat_codetype': 'in_sim'}"
print.prt,53,2,salt_chn,"{'Line in File': '53', 'Position in File': '2', 'Condition': 'if (pco%aa_numint > 0)', 'Local (Y/N)': 'N', 'TYPE': 'pco', 'Component': 'salt_chn', 'Type': 'type(print_interval)', 'Dimensions': '-', 'Swat_codetype': 'in_sim'}",{}
print.prt,53,3,m,{},"{'Line in File': '53', 'Position in File': '3', 'Condition': 'if (pco%use_obj_labels == ""n"")', 'Local (Y/N)': 'N', 'TYPE': 'pco', 'Component': 'm', 'Type': 'unknown', 'Dimensions': '-', 'Swat_codetype': 'in_sim'}"
print.prt,53,4,y,{},"{'Line in File': '53', 'Position in File': '4', 'Condition': 'if (pco%use_obj_labels == ""n"")', 'Local (Y/N)': 'N', 'TYPE': 'pco', 'Component': 'y', 'Type': 'unknown', 'Dimensions': '-', 'Swat_codetype': 'in_sim'}"
print.prt,53,5,a,{},"{'Line in File': '53', 'Position in File': '5', 'Condition': 'if (pco%use_obj_labels == ""n"")', 'Local (Y/N)': 'N', 'TYPE': 'pco', 'Component': 'a', 'Type': 'unknown', 'Dimensions': '-', 'Swat_codetype': 'in_sim'}"
print.prt,54,1,name,"{'Line in File': '54', 'Position in File': '1', 'Condition': 'if (pco%aa_numint > 0)', 'Local (Y/N)': 'Y', 'TYPE': '-', 'Component': 'name', 'Type': 'character(len=16)', 'Dimensions': '-', 'Swat_codetype': '-'}","{'Line in File': '54', 'Position in File': '1', 'Condition': 'if (pco%use_obj_labels == ""n"")', 'Local (Y/N)': 'Y', 'TYPE': '-', 'Component': 'name', 'Type': 'character(len=16)', 'Dimensions': '-', 'Swat_codetype': '-'}"
print.prt,54,2,d,{},"{'Line in File': '54', 'Position in File': '2', 'Condition': 'if (pco%use_obj_labels == ""n"")', 'Local (Y/N)': 'N', 'TYPE': 'pco', 'Component': 'd', 'Type': 'unknown', 'Dimensions': '-', 'Swat_codetype': 'in_sim'}"
print.prt,54,2,salt_res,"{'Line in File': '54', 'Position in File': '2', 'Condition': 'if (pco%aa_numint > 0)', 'Local (Y/N)': 'N', 'TYPE': 'pco', 'Component': 'salt_res', 'Type': 'type(print_interval)', 'Dimensions': '-', 'Swat_codetype': 'in_sim'}",{}
print.prt,54,3,m,{},"{'Line in File': '54', 'Position in File': '3', 'Condition': 'if (pco%use_obj_labels == ""n"")', 'Local (Y/N)': 'N', 'TYPE': 'pco', 'Component': 'm', 'Type': 'unknown', 'Dimensions': '-', 'Swat_codetype': 'in_sim'}"
print.prt,54,4,y,{},"{'Line in File': '54', 'Position in File': '4', 'Condition': 'if (pco%use_obj_labels == ""n"")', 'Local (Y/N)': 'N', 'TYPE': 'pco', 'Component': 'y', 'Type': 'unknown', 'Dimensions': '-', 'Swat_codetype': 'in_sim'}"
print.prt,54,5,a,{},"{'Line in File': '54', 'Position in File': '5', 'Condition': 'if (pco%use_obj_labels == ""n"")', 'Local (Y/N)': 'N', 'TYPE': 'pco', 'Component': 'a', 'Type': 'unknown', 'Dimensions': '-', 'Swat_codetype': 'in_sim'}"
print.prt,55,1,name,"{'Line in File': '55', 'Position in File': '1', 'Condition': 'if (pco%aa_numint > 0)', 'Local (Y/N)': 'Y', 'TYPE': '-', 'Component': 'name', 'Type': 'character(len=16)', 'Dimensions': '-', 'Swat_codetype': '-'}","{'Line in File': '55', 'Position in File': '1', 'Condition': 'if (pco%use_obj_labels == ""n"")', 'Local (Y/N)': 'Y', 'TYPE': '-', 'Component': 'name', 'Type': 'character(len=16)', 'Dimensions': '-', 'Swat_codetype': '-'}"
print.prt,55,2,d,{},"{'Line in File': '55', 'Position in File': '2', 'Condition': 'if (pco%use_obj_labels == ""n"")', 'Local (Y/N)': 'N', 'TYPE': 'pco', 'Component': 'd', 'Type': 'unknown', 'Dimensions': '-', 'Swat_codetype': 'in_sim'}"
print.prt,55,2,salt_wet,"{'Line in File': '55', 'Position in File': '2', 'Condition': 'if (pco%aa_numint > 0)', 'Local (Y/N)': 'N', 'TYPE': 'pco', 'Component': 'salt_wet', 'Type': 'type(print_interval)', 'Dimensions': '-', 'Swat_codetype': 'in_sim'}",{}
print.prt,55,3,m,{},"{'Line in File': '55', 'Position in File': '3', 'Condition': 'if (pco%use_obj_labels == ""n"")', 'Local (Y/N)': 'N', 'TYPE': 'pco', 'Component': 'm', 'Type': 'unknown', 'Dimensions': '-', 'Swat_codetype': 'in_sim'}"
print.prt,55,4,y,{},"{'Line in File': '55', 'Position in File': '4', 'Condition': 'if (pco%use_obj_labels == ""n"")', 'Local (Y/N)': 'N', 'TYPE': 'pco', 'Component': 'y', 'Type': 'unknown', 'Dimensions': '-', 'Swat_codetype': 'in_sim'}"
print.prt,55,5,a,{},"{'Line in File': '55', 'Position in File': '5', 'Condition': 'if (pco%use_obj_labels == ""n"")', 'Local (Y/N)': 'N', 'TYPE': 'pco', 'Component': 'a', 'Type': 'unknown', 'Dimensions': '-', 'Swat_codetype': 'in_sim'}"
print.prt,56,1,name,"{'Line in File': '56', 'Position in File': '1', 'Condition': 'if (pco%aa_numint > 0)', 'Local (Y/N)': 'Y', 'TYPE': '-', 'Component': 'name', 'Type': 'character(len=16)', 'Dimensions': '-', 'Swat_codetype': '-'}","{'Line in File': '56', 'Position in File': '1', 'Condition': 'if (pco%use_obj_labels == ""n"")', 'Local (Y/N)': 'Y', 'TYPE': '-', 'Component': 'name', 'Type': 'character(len=16)', 'Dimensions': '-', 'Swat_codetype': '-'}"
print.prt,56,2,cs_basin,"{'Line in File': '56', 'Position in File': '2', 'Condition': 'if (pco%aa_numint > 0)', 'Local (Y/N)': 'N', 'TYPE': 'pco', 'Component': 'cs_basin', 'Type': 'type(print_interval)', 'Dimensions': '-', 'Swat_codetype': 'in_sim'}",{}
print.prt,56,2,d,{},"{'Line in File': '56', 'Position in File': '2', 'Condition': 'if (pco%use_obj_labels == ""n"")', 'Local (Y/N)': 'N', 'TYPE': 'pco', 'Component': 'd', 'Type': 'unknown', 'Dimensions': '-', 'Swat_codetype': 'in_sim'}"
print.prt,56,3,m,{},"{'Line in File': '56', 'Position in File': '3', 'Condition': 'if (pco%use_obj_labels == ""n"")', 'Local (Y/N)': 'N', 'TYPE': 'pco', 'Component': 'm', 'Type': 'unknown', 'Dimensions': '-', 'Swat_codetype': 'in_sim'}"
print.prt,56,4,y,{},"{'Line in File': '56', 'Position in File': '4', 'Condition': 'if (pco%use_obj_labels == ""n"")', 'Local (Y/N)': 'N', 'TYPE': 'pco', 'Component': 'y', 'Type': 'unknown', 'Dimensions': '-', 'Swat_codetype': 'in_sim'}"
print.prt,56,5,a,{},"{'Line in File': '56', 'Position in File': '5', 'Condition': 'if (pco%use_obj_labels == ""n"")', 'Local (Y/N)': 'N', 'TYPE': 'pco', 'Component': 'a', 'Type': 'unknown', 'Dimensions': '-', 'Swat_codetype': 'in_sim'}"
print.prt,57,1,name,"{'Line in File': '57', 'Position in File': '1', 'Condition': 'if (pco%aa_numint > 0)', 'Local (Y/N)': 'Y', 'TYPE': '-', 'Component': 'name', 'Type': 'character(len=16)', 'Dimensions': '-', 'Swat_codetype': '-'}","{'Line in File': '57', 'Position in File': '1', 'Condition': 'if (pco%use_obj_labels == ""n"")', 'Local (Y/N)': 'Y', 'TYPE': '-', 'Component': 'name', 'Type': 'character(len=16)', 'Dimensions': '-', 'Swat_codetype': '-'}"
print.prt,57,2,cs_hru,"{'Line in File': '57', 'Position in File': '2', 'Condition': 'if (pco%aa_numint > 0)', 'Local (Y/N)': 'N', 'TYPE': 'pco', 'Component': 'cs_hru', 'Type': 'type(print_interval)', 'Dimensions': '-', 'Swat_codetype': 'in_sim'}",{}
print.prt,57,2,d,{},"{'Line in File': '57', 'Position in File': '2', 'Condition': 'if (pco%use_obj_labels == ""n"")', 'Local (Y/N)': 'N', 'TYPE': 'pco', 'Component': 'd', 'Type': 'unknown', 'Dimensions': '-', 'Swat_codetype': 'in_sim'}"
print.prt,57,3,m,{},"{'Line in File': '57', 'Position in File': '3', 'Condition': 'if (pco%use_obj_labels == ""n"")', 'Local (Y/N)': 'N', 'TYPE': 'pco', 'Component': 'm', 'Type': 'unknown', 'Dimensions': '-', 'Swat_codetype': 'in_sim'}"
print.prt,57,4,y,{},"{'Line in File': '57', 'Position in File': '4', 'Condition': 'if (pco%use_obj_labels == ""n"")', 'Local (Y/N)': 'N', 'TYPE': 'pco', 'Component': 'y', 'Type': 'unknown', 'Dimensions': '-', 'Swat_codetype': 'in_sim'}"
print.prt,57,5,a,{},"{'Line in File': '57', 'Position in File': '5', 'Condition': 'if (pco%use_obj_labels == ""n"")', 'Local (Y/N)': 'N', 'TYPE': 'pco', 'Component': 'a', 'Type': 'unknown', 'Dimensions': '-', 'Swat_codetype': 'in_sim'}"
print.prt,58,1,name,"{'Line in File': '58', 'Position in File': '1', 'Condition': 'if (pco%aa_numint > 0)', 'Local (Y/N)': 'Y', 'TYPE': '-', 'Component': 'name', 'Type': 'character(len=16)', 'Dimensions': '-', 'Swat_codetype': '-'}","{'Line in File': '58', 'Position in File': '1', 'Condition': 'if (pco%use_obj_labels == ""n"")', 'Local (Y/N)': 'Y', 'TYPE': '-', 'Component': 'name', 'Type': 'character(len=16)', 'Dimensions': '-', 'Swat_codetype': '-'}"
print.prt,58,2,cs_ru,"{'Line in File': '58', 'Position in File': '2', 'Condition': 'if (pco%aa_numint > 0)', 'Local (Y/N)': 'N', 'TYPE': 'pco', 'Component': 'cs_ru', 'Type': 'type(print_interval)', 'Dimensions': '-', 'Swat_codetype': 'in_sim'}",{}
print.prt,58,2,d,{},"{'Line in File': '58', 'Position in File': '2', 'Condition': 'if (pco%use_obj_labels == ""n"")', 'Local (Y/N)': 'N', 'TYPE': 'pco', 'Component': 'd', 'Type': 'unknown', 'Dimensions': '-', 'Swat_codetype': 'in_sim'}"
print.prt,58,3,m,{},"{'Line in File': '58', 'Position in File': '3', 'Condition': 'if (pco%use_obj_labels == ""n"")', 'Local (Y/N)': 'N', 'TYPE': 'pco', 'Component': 'm', 'Type': 'unknown', 'Dimensions': '-', 'Swat_codetype': 'in_sim'}"
print.prt,58,4,y,{},"{'Line in File': '58', 'Position in File': '4', 'Condition': 'if (pco%use_obj_labels == ""n"")', 'Local (Y/N)': 'N', 'TYPE': 'pco', 'Component': 'y', 'Type': 'unknown', 'Dimensions': '-', 'Swat_codetype': 'in_sim'}"
print.prt,58,5,a,{},"{'Line in File': '58', 'Position in File': '5', 'Condition': 'if (pco%use_obj_labels == ""n"")', 'Local (Y/N)': 'N', 'TYPE': 'pco', 'Component': 'a', 'Type': 'unknown', 'Dimensions': '-', 'Swat_codetype': 'in_sim'}"
print.prt,59,1,name,"{'Line in File': '59', 'Position in File': '1', 'Condition': 'if (pco%aa_numint > 0)', 'Local (Y/N)': 'Y', 'TYPE': '-', 'Component': 'name', 'Type': 'character(len=16)', 'Dimensions': '-', 'Swat_codetype': '-'}","{'Line in File': '59', 'Position in File': '1', 'Condition': 'if (pco%use_obj_labels == ""n"")', 'Local (Y/N)': 'Y', 'TYPE': '-', 'Component': 'name', 'Type': 'character(len=16)', 'Dimensions': '-', 'Swat_codetype': '-'}"
print.prt,59,2,cs_aqu,"{'Line in File': '59', 'Position in File': '2', 'Condition': 'if (pco%aa_numint > 0)', 'Local (Y/N)': 'N', 'TYPE': 'pco', 'Component': 'cs_aqu', 'Type': 'type(print_interval)', 'Dimensions': '-', 'Swat_codetype': 'in_sim'}",{}
print.prt,59,2,d,{},"{'Line in File': '59', 'Position in File': '2', 'Condition': 'if (pco%use_obj_labels == ""n"")', 'Local (Y/N)': 'N', 'TYPE': 'pco', 'Component': 'd', 'Type': 'unknown', 'Dimensions': '-', 'Swat_codetype': 'in_sim'}"
print.prt,59,3,m,{},"{'Line in File': '59', 'Position in File': '3', 'Condition': 'if (pco%use_obj_labels == ""n"")', 'Local (Y/N)': 'N', 'TYPE': 'pco', 'Component': 'm', 'Type': 'unknown', 'Dimensions': '-', 'Swat_codetype': 'in_sim'}"
print.prt,59,4,y,{},"{'Line in File': '59', 'Position in File': '4', 'Condition': 'if (pco%use_obj_labels == ""n"")', 'Local (Y/N)': 'N', 'TYPE': 'pco', 'Component': 'y', 'Type': 'unknown', 'Dimensions': '-', 'Swat_codetype': 'in_sim'}"
print.prt,59,5,a,{},"{'Line in File': '59', 'Position in File': '5', 'Condition': 'if (pco%use_obj_labels == ""n"")', 'Local (Y/N)': 'N', 'TYPE': 'pco', 'Component': 'a', 'Type': 'unknown', 'Dimensions': '-', 'Swat_codetype': 'in_sim'}"
print.prt,60,1,name,"{'Line in File': '60', 'Position in File': '1', 'Condition': 'if (pco%aa_numint > 0)', 'Local (Y/N)': 'Y', 'TYPE': '-', 'Component': 'name', 'Type': 'character(len=16)', 'Dimensions': '-', 'Swat_codetype': '-'}","{'Line in File': '60', 'Position in File': '1', 'Condition': 'if (pco%use_obj_labels == ""n"")', 'Local (Y/N)': 'Y', 'TYPE': '-', 'Component': 'name', 'Type': 'character(len=16)', 'Dimensions': '-', 'Swat_codetype': '-'}"
print.prt,60,2,cs_chn,"{'Line in File': '60', 'Position in File': '2', 'Condition': 'if (pco%aa_numint > 0)', 'Local (Y/N)': 'N', 'TYPE': 'pco', 'Component': 'cs_chn', 'Type': 'type(print_interval)', 'Dimensions': '-', 'Swat_codetype': 'in_sim'}",{}
print.prt,60,2,d,{},"{'Line in File': '60', 'Position in File': '2', 'Condition': 'if (pco%use_obj_labels == ""n"")', 'Local (Y/N)': 'N', 'TYPE': 'pco', 'Component': 'd', 'Type': 'unknown', 'Dimensions': '-', 'Swat_codetype': 'in_sim'}"
print.prt,60,3,m,{},"{'Line in File': '60', 'Position in File': '3', 'Condition': 'if (pco%use_obj_labels == ""n"")', 'Local (Y/N)': 'N', 'TYPE': 'pco', 'Component': 'm', 'Type': 'unknown', 'Dimensions': '-', 'Swat_codetype': 'in_sim'}"
print.prt,60,4,y,{},"{'Line in File': '60', 'Position in File': '4', 'Condition': 'if (pco%use_obj_labels == ""n"")', 'Local (Y/N)': 'N', 'TYPE': 'pco', 'Component': 'y', 'Type': 'unknown', 'Dimensions': '-', 'Swat_codetype': 'in_sim'}"
print.prt,60,5,a,{},"{'Line in File': '60', 'Position in File': '5', 'Condition': 'if (pco%use_obj_labels == ""n"")', 'Local (Y/N)': 'N', 'TYPE': 'pco', 'Component': 'a', 'Type': 'unknown', 'Dimensions': '-', 'Swat_codetype': 'in_sim'}"
print.prt,61,1,name,"{'Line in File': '61', 'Position in File': '1', 'Condition': 'if (pco%aa_numint > 0)', 'Local (Y/N)': 'Y', 'TYPE': '-', 'Component': 'name', 'Type': 'character(len=16)', 'Dimensions': '-', 'Swat_codetype': '-'}","{'Line in File': '61', 'Position in File': '1', 'Condition': 'if (pco%use_obj_labels == ""n"")', 'Local (Y/N)': 'Y', 'TYPE': '-', 'Component': 'name', 'Type': 'character(len=16)', 'Dimensions': '-', 'Swat_codetype': '-'}"
print.prt,61,2,cs_res,"{'Line in File': '61', 'Position in File': '2', 'Condition': 'if (pco%aa_numint > 0)', 'Local (Y/N)': 'N', 'TYPE': 'pco', 'Component': 'cs_res', 'Type': 'type(print_interval)', 'Dimensions': '-', 'Swat_codetype': 'in_sim'}",{}
print.prt,61,2,d,{},"{'Line in File': '61', 'Position in File': '2', 'Condition': 'if (pco%use_obj_labels == ""n"")', 'Local (Y/N)': 'N', 'TYPE': 'pco', 'Component': 'd', 'Type': 'unknown', 'Dimensions': '-', 'Swat_codetype': 'in_sim'}"
print.prt,61,3,m,{},"{'Line in File': '61', 'Position in File': '3', 'Condition': 'if (pco%use_obj_labels == ""n"")', 'Local (Y/N)': 'N', 'TYPE': 'pco', 'Component': 'm', 'Type': 'unknown', 'Dimensions': '-', 'Swat_codetype': 'in_sim'}"
print.prt,61,4,y,{},"{'Line in File': '61', 'Position in File': '4', 'Condition': 'if (pco%use_obj_labels == ""n"")', 'Local (Y/N)': 'N', 'TYPE': 'pco', 'Component': 'y', 'Type': 'unknown', 'Dimensions': '-', 'Swat_codetype': 'in_sim'}"
print.prt,61,5,a,{},"{'Line in File': '61', 'Position in File': '5', 'Condition': 'if (pco%use_obj_labels == ""n"")', 'Local (Y/N)': 'N', 'TYPE': 'pco', 'Component': 'a', 'Type': 'unknown', 'Dimensions': '-', 'Swat_codetype': 'in_sim'}"
print.prt,62,1,name,"{'Line in File': '62', 'Position in File': '1', 'Condition': 'if (pco%aa_numint > 0)', 'Local (Y/N)': 'Y', 'TYPE': '-', 'Component': 'name', 'Type': 'character(len=16)', 'Dimensions': '-', 'Swat_codetype': '-'}","{'Line in File': '62', 'Position in File': '1', 'Condition': 'if (pco%use_obj_labels == ""n"")', 'Local (Y/N)': 'Y', 'TYPE': '-', 'Component': 'name', 'Type': 'character(len=16)', 'Dimensions': '-', 'Swat_codetype': '-'}"
print.prt,62,2,cs_wet,"{'Line in File': '62', 'Position in File': '2', 'Condition': 'if (pco%aa_numint > 0)', 'Local (Y/N)': 'N', 'TYPE': 'pco', 'Component': 'cs_wet', 'Type': 'type(print_interval)', 'Dimensions': '-', 'Swat_codetype': 'in_sim'}",{}
print.prt,62,2,d,{},"{'Line in File': '62', 'Position in File': '2', 'Condition': 'if (pco%use_obj_labels == ""n"")', 'Local (Y/N)': 'N', 'TYPE': 'pco', 'Component': 'd', 'Type': 'unknown', 'Dimensions': '-', 'Swat_codetype': 'in_sim'}"
print.prt,62,3,m,{},"{'Line in File': '62', 'Position in File': '3', 'Condition': 'if (pco%use_obj_labels == ""n"")', 'Local (Y/N)': 'N', 'TYPE': 'pco', 'Component': 'm', 'Type': 'unknown', 'Dimensions': '-', 'Swat_codetype': 'in_sim'}"
print.prt,62,4,y,{},"{'Line in File': '62', 'Position in File': '4', 'Condition': 'if (pco%use_obj_labels == ""n"")', 'Local (Y/N)': 'N', 'TYPE': 'pco', 'Component': 'y', 'Type': 'unknown', 'Dimensions': '-', 'Swat_codetype': 'in_sim'}"
print.prt,62,5,a,{},"{'Line in File': '62', 'Position in File': '5', 'Condition': 'if (pco%use_obj_labels == ""n"")', 'Local (Y/N)': 'N', 'TYPE': 'pco', 'Component': 'a', 'Type': 'unknown', 'Dimensions': '-', 'Swat_codetype': 'in_sim'}"
print.prt,63,1,name,{},"{'Line in File': '63', 'Position in File': '1', 'Condition': 'if (pco%cs_wet%already_read_in)', 'Local (Y/N)': 'Y', 'TYPE': '-', 'Component': 'name', 'Type': 'character(len=16)', 'Dimensions': '-', 'Swat_codetype': '-'}"
print.prt,63,2,d,{},"{'Line in File': '63', 'Position in File': '2', 'Condition': 'if (pco%cs_wet%already_read_in)', 'Local (Y/N)': 'N', 'TYPE': 'pco', 'Component': 'd', 'Type': 'unknown', 'Dimensions': '-', 'Swat_codetype': 'in_sim'}"
print.prt,63,3,m,{},"{'Line in File': '63', 'Position in File': '3', 'Condition': 'if (pco%cs_wet%already_read_in)', 'Local (Y/N)': 'N', 'TYPE': 'pco', 'Component': 'm', 'Type': 'unknown', 'Dimensions': '-', 'Swat_codetype': 'in_sim'}"
print.prt,63,4,y,{},"{'Line in File': '63', 'Position in File': '4', 'Condition': 'if (pco%cs_wet%already_read_in)', 'Local (Y/N)': 'N', 'TYPE': 'pco', 'Component': 'y', 'Type': 'unknown', 'Dimensions': '-', 'Swat_codetype': 'in_sim'}"
print.prt,63,5,a,{},"{'Line in File': '63', 'Position in File': '5', 'Condition': 'if (pco%cs_wet%already_read_in)', 'Local (Y/N)': 'N', 'TYPE': 'pco', 'Component': 'a', 'Type': 'unknown', 'Dimensions': '-', 'Swat_codetype': 'in_sim'}"
print.prt,7,2,carbout,"{'Line in File': '7', 'Position in File': '2', 'Condition': 'if (pco%aa_numint > 0)', 'Local (Y/N)': 'N', 'TYPE': 'pco', 'Component': 'carbout', 'Type': 'character(len=1)', 'Dimensions': '-', 'Swat_codetype': 'in_sim'}",{}
print.prt,7,2,use_obj_labels,{},"{'Line in File': '7', 'Position in File': '2', 'Condition': 'if (pco%aa_numint > 0)', 'Local (Y/N)': 'N', 'TYPE': 'pco', 'Component': 'use_obj_labels', 'Type': 'character(len=1)', 'Dimensions': '-', 'Swat_codetype': 'in_sim'}"
recall(i)%filename,1,1,titldum,"{'Line in File': '1', 'Position in File': '1', 'Condition': 'case (3)', 'Local (Y/N)': 'Y', 'TYPE': '-', 'Component': 'titldum', 'Type': 'character(len=80)', 'Dimensions': '-', 'Swat_codetype': '-'}","{'Line in File': '1', 'Position in File': '1', 'Condition': 'if (recall(i)%typ /= 4)', 'Local (Y/N)': 'Y', 'TYPE': '-', 'Component': 'titldum', 'Type': 'character(len=80)', 'Dimensions': '-', 'Swat_codetype': '-'}"
recall(i)%filename,2,1,nbyr,"{'Line in File': '2', 'Position in File': '1', 'Condition': 'case (3)', 'Local (Y/N)': 'Y', 'TYPE': '-', 'Component': 'nbyr', 'Type': 'integer', 'Dimensions': '-', 'Swat_codetype': '-'}","{'Line in File': '2', 'Position in File': '1', 'Condition': 'if (recall(i)%typ /= 4)', 'Local (Y/N)': 'Y', 'TYPE': '-', 'Component': 'nbyr', 'Type': 'integer', 'Dimensions': '-', 'Swat_codetype': '-'}"
recall(i)%filename,3,1,header,"{'Line in File': '3', 'Position in File': '1', 'Condition': 'case (3)', 'Local (Y/N)': 'Y', 'TYPE': '-', 'Component': 'header', 'Type': 'character(len=80)', 'Dimensions': '-', 'Swat_codetype': '-'}","{'Line in File': '3', 'Position in File': '1', 'Condition': 'if (recall(i)%typ /= 4)', 'Local (Y/N)': 'Y', 'TYPE': '-', 'Component': 'header', 'Type': 'character(len=80)', 'Dimensions': '-', 'Swat_codetype': '-'}"
recall(i)%filename,4,1,jday,"{'Line in File': '4', 'Position in File': '1', 'Condition': 'if (recall(i)%typ == 0)', 'Local (Y/N)': 'Y', 'TYPE': '-', 'Component': 'jday', 'Type': 'integer', 'Dimensions': '-', 'Swat_codetype': '-'}","{'Line in File': '4', 'Position in File': '1', 'Condition': 'case (1)', 'Local (Y/N)': 'Y', 'TYPE': '-', 'Component': 'jday', 'Type': 'integer', 'Dimensions': '-', 'Swat_codetype': '-'}"
recall(i)%filename,4,10,sedp,"{'Line in File': '4', 'Position in File': '10', 'Condition': 'if (recall(i)%typ == 0)', 'Local (Y/N)': 'N', 'TYPE': 'ht1', 'Component': 'sedp', 'Type': 'real', 'Dimensions': '-', 'Swat_codetype': 'ht1'}",{}
recall(i)%filename,4,11,no3,"{'Line in File': '4', 'Position in File': '11', 'Condition': 'if (recall(i)%typ == 0)', 'Local (Y/N)': 'N', 'TYPE': 'ht1', 'Component': 'no3', 'Type': 'real', 'Dimensions': '-', 'Swat_codetype': 'ht1'}",{}
recall(i)%filename,4,12,solp,"{'Line in File': '4', 'Position in File': '12', 'Condition': 'if (recall(i)%typ == 0)', 'Local (Y/N)': 'N', 'TYPE': 'ht1', 'Component': 'solp', 'Type': 'real', 'Dimensions': '-', 'Swat_codetype': 'ht1'}",{}
recall(i)%filename,4,13,chla,"{'Line in File': '4', 'Position in File': '13', 'Condition': 'if (recall(i)%typ == 0)', 'Local (Y/N)': 'N', 'TYPE': 'ht1', 'Component': 'chla', 'Type': 'real', 'Dimensions': '-', 'Swat_codetype': 'ht1'}",{}
recall(i)%filename,4,14,nh3,"{'Line in File': '4', 'Position in File': '14', 'Condition': 'if (recall(i)%typ == 0)', 'Local (Y/N)': 'N', 'TYPE': 'ht1', 'Component': 'nh3', 'Type': 'real', 'Dimensions': '-', 'Swat_codetype': 'ht1'}",{}
recall(i)%filename,4,15,no2,"{'Line in File': '4', 'Position in File': '15', 'Condition': 'if (recall(i)%typ == 0)', 'Local (Y/N)': 'N', 'TYPE': 'ht1', 'Component': 'no2', 'Type': 'real', 'Dimensions': '-', 'Swat_codetype': 'ht1'}",{}
recall(i)%filename,4,16,cbod,"{'Line in File': '4', 'Position in File': '16', 'Condition': 'if (recall(i)%typ == 0)', 'Local (Y/N)': 'N', 'TYPE': 'ht1', 'Component': 'cbod', 'Type': 'real', 'Dimensions': '-', 'Swat_codetype': 'ht1'}",{}
recall(i)%filename,4,17,dox,"{'Line in File': '4', 'Position in File': '17', 'Condition': 'if (recall(i)%typ == 0)', 'Local (Y/N)': 'N', 'TYPE': 'ht1', 'Component': 'dox', 'Type': 'real', 'Dimensions': '-', 'Swat_codetype': 'ht1'}",{}
recall(i)%filename,4,18,san,"{'Line in File': '4', 'Position in File': '18', 'Condition': 'if (recall(i)%typ == 0)', 'Local (Y/N)': 'N', 'TYPE': 'ht1', 'Component': 'san', 'Type': 'real', 'Dimensions': '-', 'Swat_codetype': 'ht1'}",{}
recall(i)%filename,4,19,sil,"{'Line in File': '4', 'Position in File': '19', 'Condition': 'if (recall(i)%typ == 0)', 'Local (Y/N)': 'N', 'TYPE': 'ht1', 'Component': 'sil', 'Type': 'real', 'Dimensions': '-', 'Swat_codetype': 'ht1'}",{}
recall(i)%filename,4,2,mo,"{'Line in File': '4', 'Position in File': '2', 'Condition': 'if (recall(i)%typ == 0)', 'Local (Y/N)': 'Y', 'TYPE': '-', 'Component': 'mo', 'Type': 'integer', 'Dimensions': '-', 'Swat_codetype': '-'}","{'Line in File': '4', 'Position in File': '2', 'Condition': 'case (1)', 'Local (Y/N)': 'Y', 'TYPE': '-', 'Component': 'mo', 'Type': 'integer', 'Dimensions': '-', 'Swat_codetype': '-'}"
recall(i)%filename,4,20,cla,"{'Line in File': '4', 'Position in File': '20', 'Condition': 'if (recall(i)%typ == 0)', 'Local (Y/N)': 'N', 'TYPE': 'ht1', 'Component': 'cla', 'Type': 'real', 'Dimensions': '-', 'Swat_codetype': 'ht1'}",{}
recall(i)%filename,4,21,sag,"{'Line in File': '4', 'Position in File': '21', 'Condition': 'if (recall(i)%typ == 0)', 'Local (Y/N)': 'N', 'TYPE': 'ht1', 'Component': 'sag', 'Type': 'real', 'Dimensions': '-', 'Swat_codetype': 'ht1'}",{}
recall(i)%filename,4,22,lag,"{'Line in File': '4', 'Position in File': '22', 'Condition': 'if (recall(i)%typ == 0)', 'Local (Y/N)': 'N', 'TYPE': 'ht1', 'Component': 'lag', 'Type': 'real', 'Dimensions': '-', 'Swat_codetype': 'ht1'}",{}
recall(i)%filename,4,23,grv,"{'Line in File': '4', 'Position in File': '23', 'Condition': 'if (recall(i)%typ == 0)', 'Local (Y/N)': 'N', 'TYPE': 'ht1', 'Component': 'grv', 'Type': 'real', 'Dimensions': '-', 'Swat_codetype': 'ht1'}",{}
recall(i)%filename,4,24,temp,"{'Line in File': '4', 'Position in File': '24', 'Condition': 'if (recall(i)%typ == 0)', 'Local (Y/N)': 'N', 'TYPE': 'ht1', 'Component': 'temp', 'Type': 'real', 'Dimensions': '-', 'Swat_codetype': 'ht1'}",{}
recall(i)%filename,4,3,day_mo,"{'Line in File': '4', 'Position in File': '3', 'Condition': 'if (recall(i)%typ == 0)', 'Local (Y/N)': 'Y', 'TYPE': '-', 'Component': 'day_mo', 'Type': 'integer', 'Dimensions': '-', 'Swat_codetype': '-'}","{'Line in File': '4', 'Position in File': '3', 'Condition': 'case (1)', 'Local (Y/N)': 'Y', 'TYPE': '-', 'Component': 'day_mo', 'Type': 'integer', 'Dimensions': '-', 'Swat_codetype': '-'}"
recall(i)%filename,4,4,iyr,"{'Line in File': '4', 'Position in File': '4', 'Condition': 'if (recall(i)%typ == 0)', 'Local (Y/N)': 'Y', 'TYPE': '-', 'Component': 'iyr', 'Type': 'integer', 'Dimensions': '-', 'Swat_codetype': '-'}","{'Line in File': '4', 'Position in File': '4', 'Condition': 'case (1)', 'Local (Y/N)': 'Y', 'TYPE': '-', 'Component': 'iyr', 'Type': 'integer', 'Dimensions': '-', 'Swat_codetype': '-'}"
recall(i)%filename,4,5,ob_typ,"{'Line in File': '4', 'Position in File': '5', 'Condition': 'if (recall(i)%typ == 0)', 'Local (Y/N)': 'N', 'TYPE': '-', 'Component': 'ob_typ', 'Type': 'character(len=8)', 'Dimensions': '-', 'Swat_codetype': 'ob_typ'}","{'Line in File': '4', 'Position in File': '5', 'Condition': 'case (1)', 'Local (Y/N)': 'N', 'TYPE': '-', 'Component': 'ob_typ', 'Type': 'character(len=8)', 'Dimensions': '-', 'Swat_codetype': 'ob_typ'}"
recall(i)%filename,4,6,ob_name,"{'Line in File': '4', 'Position in File': '6', 'Condition': 'if (recall(i)%typ == 0)', 'Local (Y/N)': 'N', 'TYPE': '-', 'Component': 'ob_name', 'Type': 'character(len=16)', 'Dimensions': '-', 'Swat_codetype': 'ob_name'}","{'Line in File': '4', 'Position in File': '6', 'Condition': 'case (1)', 'Local (Y/N)': 'N', 'TYPE': '-', 'Component': 'ob_name', 'Type': 'character(len=16)', 'Dimensions': '-', 'Swat_codetype': 'ob_name'}"
recall(i)%filename,4,7,flo,"{'Line in File': '4', 'Position in File': '7', 'Condition': 'if (recall(i)%typ == 0)', 'Local (Y/N)': 'N', 'TYPE': 'ht1', 'Component': 'flo', 'Type': 'real', 'Dimensions': '-', 'Swat_codetype': 'ht1'}",{}
recall(i)%filename,4,7,hd,{},"{'Line in File': '4', 'Position in File': '7', 'Condition': 'case (1)', 'Local (Y/N)': 'N', 'TYPE': 'recall', 'Component': 'hd', 'Type': 'type(hyd_output)', 'Dimensions': 'allocatable', 'Swat_codetype': 'recall'}"
recall(i)%filename,4,8,sed,"{'Line in File': '4', 'Position in File': '8', 'Condition': 'if (recall(i)%typ == 0)', 'Local (Y/N)': 'N', 'TYPE': 'ht1', 'Component': 'sed', 'Type': 'real', 'Dimensions': '-', 'Swat_codetype': 'ht1'}",{}
recall(i)%filename,4,9,orgn,"{'Line in File': '4', 'Position in File': '9', 'Condition': 'if (recall(i)%typ == 0)', 'Local (Y/N)': 'N', 'TYPE': 'ht1', 'Component': 'orgn', 'Type': 'real', 'Dimensions': '-', 'Swat_codetype': 'ht1'}",{}
recall(i)%filename,5,1,jday,"{'Line in File': '5', 'Position in File': '1', 'Condition': 'if (recall(i)%typ == 0)', 'Local (Y/N)': 'Y', 'TYPE': '-', 'Component': 'jday', 'Type': 'integer', 'Dimensions': '-', 'Swat_codetype': '-'}","{'Line in File': '5', 'Position in File': '1', 'Condition': 'case (2)', 'Local (Y/N)': 'Y', 'TYPE': '-', 'Component': 'jday', 'Type': 'integer', 'Dimensions': '-', 'Swat_codetype': '-'}"
recall(i)%filename,5,2,mo,"{'Line in File': '5', 'Position in File': '2', 'Condition': 'if (recall(i)%typ == 0)', 'Local (Y/N)': 'Y', 'TYPE': '-', 'Component': 'mo', 'Type': 'integer', 'Dimensions': '-', 'Swat_codetype': '-'}","{'Line in File': '5', 'Position in File': '2', 'Condition': 'case (2)', 'Local (Y/N)': 'Y', 'TYPE': '-', 'Component': 'mo', 'Type': 'integer', 'Dimensions': '-', 'Swat_codetype': '-'}"
recall(i)%filename,5,3,day_mo,"{'Line in File': '5', 'Position in File': '3', 'Condition': 'if (recall(i)%typ == 0)', 'Local (Y/N)': 'Y', 'TYPE': '-', 'Component': 'day_mo', 'Type': 'integer', 'Dimensions': '-', 'Swat_codetype': '-'}","{'Line in File': '5', 'Position in File': '3', 'Condition': 'case (2)', 'Local (Y/N)': 'Y', 'TYPE': '-', 'Component': 'day_mo', 'Type': 'integer', 'Dimensions': '-', 'Swat_codetype': '-'}"
recall(i)%filename,5,4,iyr,"{'Line in File': '5', 'Position in File': '4', 'Condition': 'if (recall(i)%typ == 0)', 'Local (Y/N)': 'Y', 'TYPE': '-', 'Component': 'iyr', 'Type': 'integer', 'Dimensions': '-', 'Swat_codetype': '-'}","{'Line in File': '5', 'Position in File': '4', 'Condition': 'case (2)', 'Local (Y/N)': 'Y', 'TYPE': '-', 'Component': 'iyr', 'Type': 'integer', 'Dimensions': '-', 'Swat_codetype': '-'}"
recall(i)%filename,5,5,ob_typ,"{'Line in File': '5', 'Position in File': '5', 'Condition': 'if (recall(i)%typ == 0)', 'Local (Y/N)': 'N', 'TYPE': '-', 'Component': 'ob_typ', 'Type': 'character(len=8)', 'Dimensions': '-', 'Swat_codetype': 'ob_typ'}","{'Line in File': '5', 'Position in File': '5', 'Condition': 'case (2)', 'Local (Y/N)': 'N', 'TYPE': '-', 'Component': 'ob_typ', 'Type': 'character(len=8)', 'Dimensions': '-', 'Swat_codetype': 'ob_typ'}"
recall(i)%filename,5,6,ob_name,"{'Line in File': '5', 'Position in File': '6', 'Condition': 'if (recall(i)%typ == 0)', 'Local (Y/N)': 'N', 'TYPE': '-', 'Component': 'ob_name', 'Type': 'character(len=16)', 'Dimensions': '-', 'Swat_codetype': 'ob_name'}","{'Line in File': '5', 'Position in File': '6', 'Condition': 'case (2)', 'Local (Y/N)': 'N', 'TYPE': '-', 'Component': 'ob_name', 'Type': 'character(len=16)', 'Dimensions': '-', 'Swat_codetype': 'ob_name'}"
recall(i)%filename,5,7,hd,"{'Line in File': '5', 'Position in File': '7', 'Condition': 'if (recall(i)%typ == 0)', 'Local (Y/N)': 'N', 'TYPE': 'recall', 'Component': 'hd', 'Type': 'type(hyd_output)', 'Dimensions': 'allocatable', 'Swat_codetype': 'recall'}","{'Line in File': '5', 'Position in File': '7', 'Condition': 'case (2)', 'Local (Y/N)': 'N', 'TYPE': 'recall', 'Component': 'hd', 'Type': 'type(hyd_output)', 'Dimensions': 'allocatable', 'Swat_codetype': 'recall'}"
recall(i)%filename,6,1,jday,"{'Line in File': '6', 'Position in File': '1', 'Condition': 'if (jday == 365 .or. jday == 366)', 'Local (Y/N)': 'Y', 'TYPE': '-', 'Component': 'jday', 'Type': 'integer', 'Dimensions': '-', 'Swat_codetype': '-'}","{'Line in File': '6', 'Position in File': '1', 'Condition': 'case (3)', 'Local (Y/N)': 'Y', 'TYPE': '-', 'Component': 'jday', 'Type': 'integer', 'Dimensions': '-', 'Swat_codetype': '-'}"
recall(i)%filename,6,10,sedp,{},"{'Line in File': '6', 'Position in File': '10', 'Condition': 'case (3)', 'Local (Y/N)': 'N', 'TYPE': 'ht1', 'Component': 'sedp', 'Type': 'real', 'Dimensions': '-', 'Swat_codetype': 'ht1'}"
recall(i)%filename,6,11,no3,{},"{'Line in File': '6', 'Position in File': '11', 'Condition': 'case (3)', 'Local (Y/N)': 'N', 'TYPE': 'ht1', 'Component': 'no3', 'Type': 'real', 'Dimensions': '-', 'Swat_codetype': 'ht1'}"
recall(i)%filename,6,12,solp,{},"{'Line in File': '6', 'Position in File': '12', 'Condition': 'case (3)', 'Local (Y/N)': 'N', 'TYPE': 'ht1', 'Component': 'solp', 'Type': 'real', 'Dimensions': '-', 'Swat_codetype': 'ht1'}"
recall(i)%filename,6,13,chla,{},"{'Line in File': '6', 'Position in File': '13', 'Condition': 'case (3)', 'Local (Y/N)': 'N', 'TYPE': 'ht1', 'Component': 'chla', 'Type': 'real', 'Dimensions': '-', 'Swat_codetype': 'ht1'}"
recall(i)%filename,6,14,nh3,{},"{'Line in File': '6', 'Position in File': '14', 'Condition': 'case (3)', 'Local (Y/N)': 'N', 'TYPE': 'ht1', 'Component': 'nh3', 'Type': 'real', 'Dimensions': '-', 'Swat_codetype': 'ht1'}"
recall(i)%filename,6,15,no2,{},"{'Line in File': '6', 'Position in File': '15', 'Condition': 'case (3)', 'Local (Y/N)': 'N', 'TYPE': 'ht1', 'Component': 'no2', 'Type': 'real', 'Dimensions': '-', 'Swat_codetype': 'ht1'}"
recall(i)%filename,6,16,cbod,{},"{'Line in File': '6', 'Position in File': '16', 'Condition': 'case (3)', 'Local (Y/N)': 'N', 'TYPE': 'ht1', 'Component': 'cbod', 'Type': 'real', 'Dimensions': '-', 'Swat_codetype': 'ht1'}"
recall(i)%filename,6,17,dox,{},"{'Line in File': '6', 'Position in File': '17', 'Condition': 'case (3)', 'Local (Y/N)': 'N', 'TYPE': 'ht1', 'Component': 'dox', 'Type': 'real', 'Dimensions': '-', 'Swat_codetype': 'ht1'}"
recall(i)%filename,6,18,san,{},"{'Line in File': '6', 'Position in File': '18', 'Condition': 'case (3)', 'Local (Y/N)': 'N', 'TYPE': 'ht1', 'Component': 'san', 'Type': 'real', 'Dimensions': '-', 'Swat_codetype': 'ht1'}"
recall(i)%filename,6,19,sil,{},"{'Line in File': '6', 'Position in File': '19', 'Condition': 'case (3)', 'Local (Y/N)': 'N', 'TYPE': 'ht1', 'Component': 'sil', 'Type': 'real', 'Dimensions': '-', 'Swat_codetype': 'ht1'}"
recall(i)%filename,6,2,mo,"{'Line in File': '6', 'Position in File': '2', 'Condition': 'if (jday == 365 .or. jday == 366)', 'Local (Y/N)': 'Y', 'TYPE': '-', 'Component': 'mo', 'Type': 'integer', 'Dimensions': '-', 'Swat_codetype': '-'}","{'Line in File': '6', 'Position in File': '2', 'Condition': 'case (3)', 'Local (Y/N)': 'Y', 'TYPE': '-', 'Component': 'mo', 'Type': 'integer', 'Dimensions': '-', 'Swat_codetype': '-'}"
recall(i)%filename,6,20,cla,{},"{'Line in File': '6', 'Position in File': '20', 'Condition': 'case (3)', 'Local (Y/N)': 'N', 'TYPE': 'ht1', 'Component': 'cla', 'Type': 'real', 'Dimensions': '-', 'Swat_codetype': 'ht1'}"
recall(i)%filename,6,21,sag,{},"{'Line in File': '6', 'Position in File': '21', 'Condition': 'case (3)', 'Local (Y/N)': 'N', 'TYPE': 'ht1', 'Component': 'sag', 'Type': 'real', 'Dimensions': '-', 'Swat_codetype': 'ht1'}"
recall(i)%filename,6,22,lag,{},"{'Line in File': '6', 'Position in File': '22', 'Condition': 'case (3)', 'Local (Y/N)': 'N', 'TYPE': 'ht1', 'Component': 'lag', 'Type': 'real', 'Dimensions': '-', 'Swat_codetype': 'ht1'}"
recall(i)%filename,6,23,grv,{},"{'Line in File': '6', 'Position in File': '23', 'Condition': 'case (3)', 'Local (Y/N)': 'N', 'TYPE': 'ht1', 'Component': 'grv', 'Type': 'real', 'Dimensions': '-', 'Swat_codetype': 'ht1'}"
recall(i)%filename,6,24,temp,{},"{'Line in File': '6', 'Position in File': '24', 'Condition': 'case (3)', 'Local (Y/N)': 'N', 'TYPE': 'ht1', 'Component': 'temp', 'Type': 'real', 'Dimensions': '-', 'Swat_codetype': 'ht1'}"
recall(i)%filename,6,3,day_mo,"{'Line in File': '6', 'Position in File': '3', 'Condition': 'if (jday == 365 .or. jday == 366)', 'Local (Y/N)': 'Y', 'TYPE': '-', 'Component': 'day_mo', 'Type': 'integer', 'Dimensions': '-', 'Swat_codetype': '-'}","{'Line in File': '6', 'Position in File': '3', 'Condition': 'case (3)', 'Local (Y/N)': 'Y', 'TYPE': '-', 'Component': 'day_mo', 'Type': 'integer', 'Dimensions': '-', 'Swat_codetype': '-'}"
recall(i)%filename,6,4,iyr,"{'Line in File': '6', 'Position in File': '4', 'Condition': 'if (jday == 365 .or. jday == 366)', 'Local (Y/N)': 'Y', 'TYPE': '-', 'Component': 'iyr', 'Type': 'integer', 'Dimensions': '-', 'Swat_codetype': '-'}","{'Line in File': '6', 'Position in File': '4', 'Condition': 'case (3)', 'Local (Y/N)': 'Y', 'TYPE': '-', 'Component': 'iyr', 'Type': 'integer', 'Dimensions': '-', 'Swat_codetype': '-'}"
recall(i)%filename,6,5,ob_typ,{},"{'Line in File': '6', 'Position in File': '5', 'Condition': 'case (3)', 'Local (Y/N)': 'N', 'TYPE': '-', 'Component': 'ob_typ', 'Type': 'character(len=8)', 'Dimensions': '-', 'Swat_codetype': 'ob_typ'}"
recall(i)%filename,6,6,ob_name,{},"{'Line in File': '6', 'Position in File': '6', 'Condition': 'case (3)', 'Local (Y/N)': 'N', 'TYPE': '-', 'Component': 'ob_name', 'Type': 'character(len=16)', 'Dimensions': '-', 'Swat_codetype': 'ob_name'}"
recall(i)%filename,6,7,flo,{},"{'Line in File': '6', 'Position in File': '7', 'Condition': 'case (3)', 'Local (Y/N)': 'N', 'TYPE': 'ht1', 'Component': 'flo', 'Type': 'real', 'Dimensions': '-', 'Swat_codetype': 'ht1'}"
recall(i)%filename,6,8,sed,{},"{'Line in File': '6', 'Position in File': '8', 'Condition': 'case (3)', 'Local (Y/N)': 'N', 'TYPE': 'ht1', 'Component': 'sed', 'Type': 'real', 'Dimensions': '-', 'Swat_codetype': 'ht1'}"
recall(i)%filename,6,9,orgn,{},"{'Line in File': '6', 'Position in File': '9', 'Condition': 'case (3)', 'Local (Y/N)': 'N', 'TYPE': 'ht1', 'Component': 'orgn', 'Type': 'real', 'Dimensions': '-', 'Swat_codetype': 'ht1'}"
res_rel.dtl,5,1,name,"{'Line in File': '5', 'Position in File': '1', 'Condition': '-', 'Local (Y/N)': 'N', 'TYPE': 'dtbl_res', 'Component': 'name', 'Type': 'character(len=25)', 'Dimensions': '-', 'Swat_codetype': 'in_cond'}","{'Line in File': '5', 'Position in File': '1', 'Condition': '-', 'Local (Y/N)': 'N', 'TYPE': 'dtbl_res', 'Component': 'name', 'Type': 'character(len=40)', 'Dimensions': '-', 'Swat_codetype': 'in_cond'}"
salt_hru.ini,3,1,header,{},"{'Line in File': '3', 'Position in File': '1', 'Condition': '-', 'Local (Y/N)': 'Y', 'TYPE': '-', 'Component': 'header', 'Type': 'character(len=80)', 'Dimensions': '-', 'Swat_codetype': '-'}"
salt_hru.ini,3,1,name,"{'Line in File': '3', 'Position in File': '1', 'Condition': '-', 'Local (Y/N)': 'N', 'TYPE': 'salt_soil_ini', 'Component': 'name', 'Type': 'character(len=16)', 'Dimensions': '-', 'Swat_codetype': 'in_init'}",{}
salt_hru.ini,4,1,header,{},"{'Line in File': '4', 'Position in File': '1', 'Condition': '-', 'Local (Y/N)': 'Y', 'TYPE': '-', 'Component': 'header', 'Type': 'character(len=80)', 'Dimensions': '-', 'Swat_codetype': '-'}"
salt_hru.ini,4,1,titldum,"{'Line in File': '4', 'Position in File': '1', 'Condition': '-', 'Local (Y/N)': 'Y', 'TYPE': '-', 'Component': 'titldum', 'Type': 'character(len=80)', 'Dimensions': '-', 'Swat_codetype': '-'}",{}
salt_hru.ini,4,2,soil,"{'Line in File': '4', 'Position in File': '2', 'Condition': '-', 'Local (Y/N)': 'N', 'TYPE': 'salt_soil_ini', 'Component': 'soil', 'Type': 'real', 'Dimensions': 'allocatable', 'Swat_codetype': 'in_init'}",{}
salt_hru.ini,5,1,header,{},"{'Line in File': '5', 'Position in File': '1', 'Condition': '-', 'Local (Y/N)': 'Y', 'TYPE': '-', 'Component': 'header', 'Type': 'character(len=80)', 'Dimensions': '-', 'Swat_codetype': '-'}"
salt_hru.ini,5,1,titldum,"{'Line in File': '5', 'Position in File': '1', 'Condition': '-', 'Local (Y/N)': 'Y', 'TYPE': '-', 'Component': 'titldum', 'Type': 'character(len=80)', 'Dimensions': '-', 'Swat_codetype': '-'}",{}
salt_hru.ini,5,2,plt,"{'Line in File': '5', 'Position in File': '2', 'Condition': '-', 'Local (Y/N)': 'N', 'TYPE': 'salt_soil_ini', 'Component': 'plt', 'Type': 'real', 'Dimensions': 'allocatable', 'Swat_codetype': 'in_init'}",{}
salt_hru.ini,6,1,name,{},"{'Line in File': '6', 'Position in File': '1', 'Condition': '-', 'Local (Y/N)': 'N', 'TYPE': 'salt_soil_ini', 'Component': 'name', 'Type': 'character(len=16)', 'Dimensions': '-', 'Swat_codetype': 'salt_soil_ini'}"
salt_hru.ini,7,1,soil,{},"{'Line in File': '7', 'Position in File': '1', 'Condition': '-', 'Local (Y/N)': 'N', 'TYPE': 'salt_soil_ini', 'Component': 'soil', 'Type': 'real', 'Dimensions': 'allocatable', 'Swat_codetype': 'salt_soil_ini'}"
salt_hru.ini,8,1,plt,{},"{'Line in File': '8', 'Position in File': '1', 'Condition': '-', 'Local (Y/N)': 'N', 'TYPE': 'salt_soil_ini', 'Component': 'plt', 'Type': 'real', 'Dimensions': 'allocatable', 'Swat_codetype': 'salt_soil_ini'}"
scen_lu.dtl,5,1,name,"{'Line in File': '5', 'Position in File': '1', 'Condition': '-', 'Local (Y/N)': 'N', 'TYPE': 'dtbl_scen', 'Component': 'name', 'Type': 'character(len=25)', 'Dimensions': '-', 'Swat_codetype': 'in_cond'}","{'Line in File': '5', 'Position in File': '1', 'Condition': '-', 'Local (Y/N)': 'N', 'TYPE': 'dtbl_scen', 'Component': 'name', 'Type': 'character(len=40)', 'Dimensions': '-', 'Swat_codetype': 'in_cond'}"
soil_plant.ini,3,1,name,"{'Line in File': '3', 'Position in File': '1', 'Condition': '-', 'Local (Y/N)': 'N', 'TYPE': 'sol_plt_ini', 'Component': 'name', 'Type': 'character(len=40)', 'Dimensions': '-', 'Swat_codetype': 'in_init'}","{'Line in File': '3', 'Position in File': '1', 'Condition': 'if (bsn_cc%nam1 == 0)', 'Local (Y/N)': 'N', 'TYPE': 'sol_plt_ini', 'Component': 'name', 'Type': 'character(len=40)', 'Dimensions': '-', 'Swat_codetype': 'in_init'}"
soil_plant.ini,3,2,sw_frac,"{'Line in File': '3', 'Position in File': '2', 'Condition': '-', 'Local (Y/N)': 'N', 'TYPE': 'sol_plt_ini', 'Component': 'sw_frac', 'Type': 'real', 'Dimensions': '-', 'Swat_codetype': 'in_init'}","{'Line in File': '3', 'Position in File': '2', 'Condition': 'if (bsn_cc%nam1 == 0)', 'Local (Y/N)': 'N', 'TYPE': 'sol_plt_ini', 'Component': 'sw_frac', 'Type': 'real', 'Dimensions': '-', 'Swat_codetype': 'in_init'}"
soil_plant.ini,3,3,nutc,"{'Line in File': '3', 'Position in File': '3', 'Condition': '-', 'Local (Y/N)': 'N', 'TYPE': 'sol_plt_ini', 'Component': 'nutc', 'Type': 'character(len=40)', 'Dimensions': '-', 'Swat_codetype': 'in_init'}","{'Line in File': '3', 'Position in File': '3', 'Condition': 'if (bsn_cc%nam1 == 0)', 'Local (Y/N)': 'N', 'TYPE': 'sol_plt_ini', 'Component': 'nutc', 'Type': 'character(len=40)', 'Dimensions': '-', 'Swat_codetype': 'in_init'}"
soil_plant.ini,3,4,pestc,"{'Line in File': '3', 'Position in File': '4', 'Condition': '-', 'Local (Y/N)': 'N', 'TYPE': 'sol_plt_ini', 'Component': 'pestc', 'Type': 'character(len=40)', 'Dimensions': '-', 'Swat_codetype': 'in_init'}","{'Line in File': '3', 'Position in File': '4', 'Condition': 'if (bsn_cc%nam1 == 0)', 'Local (Y/N)': 'N', 'TYPE': 'sol_plt_ini', 'Component': 'pestc', 'Type': 'character(len=40)', 'Dimensions': '-', 'Swat_codetype': 'in_init'}"
soil_plant.ini,3,5,pathc,"{'Line in File': '3', 'Position in File': '5', 'Condition': '-', 'Local (Y/N)': 'N', 'TYPE': 'sol_plt_ini', 'Component': 'pathc', 'Type': 'character(len=40)', 'Dimensions': '-', 'Swat_codetype': 'in_init'}","{'Line in File': '3', 'Position in File': '5', 'Condition': 'if (bsn_cc%nam1 == 0)', 'Local (Y/N)': 'N', 'TYPE': 'sol_plt_ini', 'Component': 'pathc', 'Type': 'character(len=40)', 'Dimensions': '-', 'Swat_codetype': 'in_init'}"
soil_plant.ini,3,6,saltc,"{'Line in File': '3', 'Position in File': '6', 'Condition': '-', 'Local (Y/N)': 'N', 'TYPE': 'sol_plt_ini', 'Component': 'saltc', 'Type': 'character(len=40)', 'Dimensions': '-', 'Swat_codetype': 'in_init'}","{'Line in File': '3', 'Position in File': '6', 'Condition': 'if (bsn_cc%nam1 == 0)', 'Local (Y/N)': 'N', 'TYPE': 'sol_plt_ini', 'Component': 'saltc', 'Type': 'character(len=40)', 'Dimensions': '-', 'Swat_codetype': 'in_init'}"
soil_plant.ini,3,7,hmetc,"{'Line in File': '3', 'Position in File': '7', 'Condition': '-', 'Local (Y/N)': 'N', 'TYPE': 'sol_plt_ini', 'Component': 'hmetc', 'Type': 'character(len=40)', 'Dimensions': '-', 'Swat_codetype': 'in_init'}","{'Line in File': '3', 'Position in File': '7', 'Condition': 'if (bsn_cc%nam1 == 0)', 'Local (Y/N)': 'N', 'TYPE': 'sol_plt_ini', 'Component': 'hmetc', 'Type': 'character(len=40)', 'Dimensions': '-', 'Swat_codetype': 'in_init'}"
soil_plant.ini,4,1,name,{},"{'Line in File': '4', 'Position in File': '1', 'Condition': 'if (bsn_cc%nam1 == 0)', 'Local (Y/N)': 'N', 'TYPE': 'sol_plt_ini', 'Component': 'name', 'Type': 'character(len=40)', 'Dimensions': '-', 'Swat_codetype': 'in_init'}"
soil_plant.ini,4,2,sw_frac,{},"{'Line in File': '4', 'Position in File': '2', 'Condition': 'if (bsn_cc%nam1 == 0)', 'Local (Y/N)': 'N', 'TYPE': 'sol_plt_ini', 'Component': 'sw_frac', 'Type': 'real', 'Dimensions': '-', 'Swat_codetype': 'in_init'}"
soil_plant.ini,4,3,nutc,{},"{'Line in File': '4', 'Position in File': '3', 'Condition': 'if (bsn_cc%nam1 == 0)', 'Local (Y/N)': 'N', 'TYPE': 'sol_plt_ini', 'Component': 'nutc', 'Type': 'character(len=40)', 'Dimensions': '-', 'Swat_codetype': 'in_init'}"
soil_plant.ini,4,4,pestc,{},"{'Line in File': '4', 'Position in File': '4', 'Condition': 'if (bsn_cc%nam1 == 0)', 'Local (Y/N)': 'N', 'TYPE': 'sol_plt_ini', 'Component': 'pestc', 'Type': 'character(len=40)', 'Dimensions': '-', 'Swat_codetype': 'in_init'}"
soil_plant.ini,4,5,pathc,{},"{'Line in File': '4', 'Position in File': '5', 'Condition': 'if (bsn_cc%nam1 == 0)', 'Local (Y/N)': 'N', 'TYPE': 'sol_plt_ini', 'Component': 'pathc', 'Type': 'character(len=40)', 'Dimensions': '-', 'Swat_codetype': 'in_init'}"
soil_plant.ini,4,6,saltc,{},"{'Line in File': '4', 'Position in File': '6', 'Condition': 'if (bsn_cc%nam1 == 0)', 'Local (Y/N)': 'N', 'TYPE': 'sol_plt_ini', 'Component': 'saltc', 'Type': 'character(len=40)', 'Dimensions': '-', 'Swat_codetype': 'in_init'}"
soil_plant.ini,4,7,hmetc,{},"{'Line in File': '4', 'Position in File': '7', 'Condition': 'if (bsn_cc%nam1 == 0)', 'Local (Y/N)': 'N', 'TYPE': 'sol_plt_ini', 'Component': 'hmetc', 'Type': 'character(len=40)', 'Dimensions': '-', 'Swat_codetype': 'in_init'}"
soil_plant.ini,4,8,csc,{},"{'Line in File': '4', 'Position in File': '8', 'Condition': 'if (bsn_cc%nam1 == 0)', 'Local (Y/N)': 'N', 'TYPE': 'sol_plt_ini', 'Component': 'csc', 'Type': 'character(len=40)', 'Dimensions': '-', 'Swat_codetype': 'in_init'}"
water_allocation.wro,10,1,div_delay,"{'Line in File': '10', 'Position in File': '1', 'Condition': 'if (div_found == 1)', 'Local (Y/N)': 'N', 'TYPE': '-', 'Component': 'div_delay', 'Type': 'real', 'Dimensions': '-', 'Swat_codetype': 'in_watrts'}",{}
water_allocation.wro,4,10,pipe,{},"{'Line in File': '4', 'Position in File': '10', 'Condition': '-', 'Local (Y/N)': 'N', 'TYPE': 'wallo', 'Component': 'pipe', 'Type': 'integer', 'Dimensions': '-', 'Swat_codetype': 'in_watrts'}"
water_allocation.wro,4,11,canal,{},"{'Line in File': '4', 'Position in File': '11', 'Condition': '-', 'Local (Y/N)': 'N', 'TYPE': 'wallo', 'Component': 'canal', 'Type': 'integer', 'Dimensions': '-', 'Swat_codetype': 'in_watrts'}"
water_allocation.wro,4,12,pump,{},"{'Line in File': '4', 'Position in File': '12', 'Condition': '-', 'Local (Y/N)': 'N', 'TYPE': 'wallo', 'Component': 'pump', 'Type': 'integer', 'Dimensions': '-', 'Swat_codetype': 'in_watrts'}"
water_allocation.wro,4,13,cha_ob,{},"{'Line in File': '4', 'Position in File': '13', 'Condition': '-', 'Local (Y/N)': 'N', 'TYPE': 'wallo', 'Component': 'cha_ob', 'Type': 'character(len=1)', 'Dimensions': '-', 'Swat_codetype': 'in_watrts'}"
water_allocation.wro,4,4,dmd_obs,"{'Line in File': '4', 'Position in File': '4', 'Condition': '-', 'Local (Y/N)': 'N', 'TYPE': 'wallo', 'Component': 'dmd_obs', 'Type': 'integer', 'Dimensions': '-', 'Swat_codetype': 'in_watrts'}",{}
water_allocation.wro,4,4,trn_obs,{},"{'Line in File': '4', 'Position in File': '4', 'Condition': '-', 'Local (Y/N)': 'N', 'TYPE': 'wallo', 'Component': 'trn_obs', 'Type': 'integer', 'Dimensions': '-', 'Swat_codetype': 'in_watrts'}"
water_allocation.wro,4,5,cha_ob,"{'Line in File': '4', 'Position in File': '5', 'Condition': '-', 'Local (Y/N)': 'N', 'TYPE': 'wallo', 'Component': 'cha_ob', 'Type': 'character(len=1)', 'Dimensions': '-', 'Swat_codetype': 'in_watrts'}",{}
water_allocation.wro,4,5,out_src,{},"{'Line in File': '4', 'Position in File': '5', 'Condition': '-', 'Local (Y/N)': 'N', 'TYPE': 'wallo', 'Component': 'out_src', 'Type': 'integer', 'Dimensions': '-', 'Swat_codetype': 'in_watrts'}"
water_allocation.wro,4,6,out_rcv,{},"{'Line in File': '4', 'Position in File': '6', 'Condition': '-', 'Local (Y/N)': 'N', 'TYPE': 'wallo', 'Component': 'out_rcv', 'Type': 'integer', 'Dimensions': '-', 'Swat_codetype': 'in_watrts'}"
water_allocation.wro,4,7,wtp,{},"{'Line in File': '4', 'Position in File': '7', 'Condition': '-', 'Local (Y/N)': 'N', 'TYPE': 'wallo', 'Component': 'wtp', 'Type': 'integer', 'Dimensions': '-', 'Swat_codetype': 'in_watrts'}"
water_allocation.wro,4,8,uses,{},"{'Line in File': '4', 'Position in File': '8', 'Condition': '-', 'Local (Y/N)': 'N', 'TYPE': 'wallo', 'Component': 'uses', 'Type': 'integer', 'Dimensions': '-', 'Swat_codetype': 'in_watrts'}"
water_allocation.wro,4,9,stor,{},"{'Line in File': '4', 'Position in File': '9', 'Condition': '-', 'Local (Y/N)': 'N', 'TYPE': 'wallo', 'Component': 'stor', 'Type': 'integer', 'Dimensions': '-', 'Swat_codetype': 'in_watrts'}"
water_allocation.wro,6,4,lim_typ,{},"{'Line in File': '6', 'Position in File': '4', 'Condition': '-', 'Local (Y/N)': 'N', 'TYPE': 'wallo', 'Component': 'lim_typ', 'Type': 'unknown', 'Dimensions': '-', 'Swat_codetype': 'in_watrts'}"
water_allocation.wro,6,4,limit_mon,"{'Line in File': '6', 'Position in File': '4', 'Condition': '-', 'Local (Y/N)': 'N', 'TYPE': 'wallo', 'Component': 'limit_mon', 'Type': 'unknown', 'Dimensions': '-', 'Swat_codetype': 'in_watrts'}",{}
water_allocation.wro,6,5,lim_name,{},"{'Line in File': '6', 'Position in File': '5', 'Condition': '-', 'Local (Y/N)': 'N', 'TYPE': 'wallo', 'Component': 'lim_name', 'Type': 'unknown', 'Dimensions': '-', 'Swat_codetype': 'in_watrts'}"
water_allocation.wro,6,6,limit_mon,{},"{'Line in File': '6', 'Position in File': '6', 'Condition': '-', 'Local (Y/N)': 'N', 'TYPE': 'wallo', 'Component': 'limit_mon', 'Type': 'unknown', 'Dimensions': '-', 'Swat_codetype': 'in_watrts'}"
water_allocation.wro,7,1,header,"{'Line in File': '7', 'Position in File': '1', 'Condition': 'if (wallo(iwro)%src(i)%ob_typ == ""cha"")', 'Local (Y/N)': 'Y', 'TYPE': '-', 'Component': 'header', 'Type': 'character(len=80)', 'Dimensions': '-', 'Swat_codetype': '-'}","{'Line in File': '7', 'Position in File': '1', 'Condition': 'if (wallo(iwro)%trn(i)%trn_typ_name == recall(idb)%name)', 'Local (Y/N)': 'Y', 'TYPE': '-', 'Component': 'header', 'Type': 'character(len=80)', 'Dimensions': '-', 'Swat_codetype': '-'}"
water_allocation.wro,8,1,k,"{'Line in File': '8', 'Position in File': '1', 'Condition': 'if (wallo(iwro)%dmd(idmd)%treatment == trt_om_name(idb))', 'Local (Y/N)': 'Y', 'TYPE': '-', 'Component': 'k', 'Type': 'integer', 'Dimensions': '-', 'Swat_codetype': '-'}","{'Line in File': '8', 'Position in File': '1', 'Condition': 'if (recall_db(idb)%org_min%name == recall(iom)%filename)', 'Local (Y/N)': 'Y', 'TYPE': '-', 'Component': 'k', 'Type': 'integer', 'Dimensions': '-', 'Swat_codetype': '-'}"
water_allocation.wro,8,10,rcv_num,"{'Line in File': '8', 'Position in File': '10', 'Condition': 'if (wallo(iwro)%dmd(idmd)%treatment == trt_om_name(idb))', 'Local (Y/N)': 'N', 'TYPE': 'wallo', 'Component': 'rcv_num', 'Type': 'unknown', 'Dimensions': '-', 'Swat_codetype': 'in_watrts'}",{}
water_allocation.wro,8,11,rcv_dtl,"{'Line in File': '8', 'Position in File': '11', 'Condition': 'if (wallo(iwro)%dmd(idmd)%treatment == trt_om_name(idb))', 'Local (Y/N)': 'N', 'TYPE': 'wallo', 'Component': 'rcv_dtl', 'Type': 'unknown', 'Dimensions': '-', 'Swat_codetype': 'in_watrts'}",{}
water_allocation.wro,8,12,dmd_src_obs,"{'Line in File': '8', 'Position in File': '12', 'Condition': 'if (wallo(iwro)%dmd(idmd)%treatment == trt_om_name(idb))', 'Local (Y/N)': 'N', 'TYPE': 'wallo', 'Component': 'dmd_src_obs', 'Type': 'unknown', 'Dimensions': '-', 'Swat_codetype': 'in_watrts'}",{}
water_allocation.wro,8,13,src,"{'Line in File': '8', 'Position in File': '13', 'Condition': 'if (wallo(iwro)%dmd(idmd)%treatment == trt_om_name(idb))', 'Local (Y/N)': 'N', 'TYPE': 'wallo', 'Component': 'src', 'Type': 'type(water_source_objects)', 'Dimensions': 'allocatable', 'Swat_codetype': 'in_watrts'}",{}
water_allocation.wro,8,2,ob_typ,"{'Line in File': '8', 'Position in File': '2', 'Condition': 'if (wallo(iwro)%dmd(idmd)%treatment == trt_om_name(idb))', 'Local (Y/N)': 'N', 'TYPE': 'wallo', 'Component': 'ob_typ', 'Type': 'unknown', 'Dimensions': '-', 'Swat_codetype': 'in_watrts'}",{}
water_allocation.wro,8,2,trn_typ,{},"{'Line in File': '8', 'Position in File': '2', 'Condition': 'if (recall_db(idb)%org_min%name == recall(iom)%filename)', 'Local (Y/N)': 'N', 'TYPE': 'wallo', 'Component': 'trn_typ', 'Type': 'unknown', 'Dimensions': '-', 'Swat_codetype': 'in_watrts'}"
water_allocation.wro,8,3,ob_num,"{'Line in File': '8', 'Position in File': '3', 'Condition': 'if (wallo(iwro)%dmd(idmd)%treatment == trt_om_name(idb))', 'Local (Y/N)': 'N', 'TYPE': 'wallo', 'Component': 'ob_num', 'Type': 'unknown', 'Dimensions': '-', 'Swat_codetype': 'in_watrts'}",{}
water_allocation.wro,8,3,trn_typ_name,{},"{'Line in File': '8', 'Position in File': '3', 'Condition': 'if (recall_db(idb)%org_min%name == recall(iom)%filename)', 'Local (Y/N)': 'N', 'TYPE': 'wallo', 'Component': 'trn_typ_name', 'Type': 'unknown', 'Dimensions': '-', 'Swat_codetype': 'in_watrts'}"
water_allocation.wro,8,4,amount,{},"{'Line in File': '8', 'Position in File': '4', 'Condition': 'if (recall_db(idb)%org_min%name == recall(iom)%filename)', 'Local (Y/N)': 'N', 'TYPE': 'wallo', 'Component': 'amount', 'Type': 'unknown', 'Dimensions': '-', 'Swat_codetype': 'in_watrts'}"
water_allocation.wro,8,4,withdr,"{'Line in File': '8', 'Position in File': '4', 'Condition': 'if (wallo(iwro)%dmd(idmd)%treatment == trt_om_name(idb))', 'Local (Y/N)': 'N', 'TYPE': 'wallo', 'Component': 'withdr', 'Type': 'unknown', 'Dimensions': '-', 'Swat_codetype': 'in_watrts'}",{}
water_allocation.wro,8,5,amount,"{'Line in File': '8', 'Position in File': '5', 'Condition': 'if (wallo(iwro)%dmd(idmd)%treatment == trt_om_name(idb))', 'Local (Y/N)': 'N', 'TYPE': 'wallo', 'Component': 'amount', 'Type': 'unknown', 'Dimensions': '-', 'Swat_codetype': 'in_watrts'}",{}
water_allocation.wro,8,5,right,{},"{'Line in File': '8', 'Position in File': '5', 'Condition': 'if (recall_db(idb)%org_min%name == recall(iom)%filename)', 'Local (Y/N)': 'N', 'TYPE': 'wallo', 'Component': 'right', 'Type': 'unknown', 'Dimensions': '-', 'Swat_codetype': 'in_watrts'}"
water_allocation.wro,8,6,right,"{'Line in File': '8', 'Position in File': '6', 'Condition': 'if (wallo(iwro)%dmd(idmd)%treatment == trt_om_name(idb))', 'Local (Y/N)': 'N', 'TYPE': 'wallo', 'Component': 'right', 'Type': 'unknown', 'Dimensions': '-', 'Swat_codetype': 'in_watrts'}",{}
water_allocation.wro,8,6,src_num,{},"{'Line in File': '8', 'Position in File': '6', 'Condition': 'if (recall_db(idb)%org_min%name == recall(iom)%filename)', 'Local (Y/N)': 'N', 'TYPE': 'wallo', 'Component': 'src_num', 'Type': 'unknown', 'Dimensions': '-', 'Swat_codetype': 'in_watrts'}"
water_allocation.wro,8,7,dtbl_src,{},"{'Line in File': '8', 'Position in File': '7', 'Condition': 'if (recall_db(idb)%org_min%name == recall(iom)%filename)', 'Local (Y/N)': 'N', 'TYPE': 'wallo', 'Component': 'dtbl_src', 'Type': 'unknown', 'Dimensions': '-', 'Swat_codetype': 'in_watrts'}"
water_allocation.wro,8,7,treat_typ,"{'Line in File': '8', 'Position in File': '7', 'Condition': 'if (wallo(iwro)%dmd(idmd)%treatment == trt_om_name(idb))', 'Local (Y/N)': 'N', 'TYPE': 'wallo', 'Component': 'treat_typ', 'Type': 'unknown', 'Dimensions': '-', 'Swat_codetype': 'in_watrts'}",{}
water_allocation.wro,8,8,src,{},"{'Line in File': '8', 'Position in File': '8', 'Condition': 'if (recall_db(idb)%org_min%name == recall(iom)%filename)', 'Local (Y/N)': 'N', 'TYPE': 'wallo', 'Component': 'src', 'Type': 'type(water_source_objects)', 'Dimensions': 'allocatable', 'Swat_codetype': 'in_watrts'}"
water_allocation.wro,8,8,treatment,"{'Line in File': '8', 'Position in File': '8', 'Condition': 'if (wallo(iwro)%dmd(idmd)%treatment == trt_om_name(idb))', 'Local (Y/N)': 'N', 'TYPE': 'wallo', 'Component': 'treatment', 'Type': 'unknown', 'Dimensions': '-', 'Swat_codetype': 'in_watrts'}",{}
water_allocation.wro,8,9,rcv,{},"{'Line in File': '8', 'Position in File': '9', 'Condition': 'if (recall_db(idb)%org_min%name == recall(iom)%filename)', 'Local (Y/N)': 'N', 'TYPE': 'wallo', 'Component': 'rcv', 'Type': 'unknown', 'Dimensions': '-', 'Swat_codetype': 'in_watrts'}"
water_allocation.wro,8,9,rcv_ob,"{'Line in File': '8', 'Position in File': '9', 'Condition': 'if (wallo(iwro)%dmd(idmd)%treatment == trt_om_name(idb))', 'Local (Y/N)': 'N', 'TYPE': 'wallo', 'Component': 'rcv_ob', 'Type': 'unknown', 'Dimensions': '-', 'Swat_codetype': 'in_watrts'}",{}
