input_file,line_in_file,position_in_file,component,old_row,new_row
aqu_catunit.def,1,1,titldum,"{'Line in File': '1', 'Position in File': '1', 'Condition': '-', 'Local (Y/N)': 'Y', 'TYPE': '-', 'Component': 'titldum', 'Type': 'character(len=80)', 'Dimensions': '-', 'Default': '-', 'Units': 'N/A', 'Description': '-', 'Swat_codetype': '-'}","{'Line in File': '1', 'Position in File': '1', 'Condition': '-', 'Local (Y/N)': 'Y', 'TYPE': '-', 'Component': 'titldum', 'Type': 'character(len=80)', 'Dimensions': '-', 'Default': '""""', 'Units': 'N/A', 'Description': '-', 'Swat_codetype': '-'}"
aqu_catunit.def,2,1,mreg,"{'Line in File': '2', 'Position in File': '1', 'Condition': '-', 'Local (Y/N)': 'Y', 'TYPE': '-', 'Component': 'mreg', 'Type': 'integer', 'Dimensions': '-', 'Default': '-', 'Units': 'N/A', 'Description': '-', 'Swat_codetype': '-'}","{'Line in File': '2', 'Position in File': '1', 'Condition': '-', 'Local (Y/N)': 'Y', 'TYPE': '-', 'Component': 'mreg', 'Type': 'integer', 'Dimensions': '-', 'Default': '0', 'Units': 'N/A', 'Description': '-', 'Swat_codetype': '-'}"
aqu_catunit.def,3,1,header,"{'Line in File': '3', 'Position in File': '1', 'Condition': '-', 'Local (Y/N)': 'Y', 'TYPE': '-', 'Component': 'header', 'Type': 'character(len=80)', 'Dimensions': '-', 'Default': '-', 'Units': 'N/A', 'Description': '-', 'Swat_codetype': '-'}","{'Line in File': '3', 'Position in File': '1', 'Condition': '-', 'Local (Y/N)': 'Y', 'TYPE': '-', 'Component': 'header', 'Type': 'character(len=80)', 'Dimensions': '-', 'Default': '""""', 'Units': 'N/A', 'Description': '-', 'Swat_codetype': '-'}"
aqu_catunit.def,4,1,k,"{'Line in File': '4', 'Position in File': '1', 'Condition': 'if (nspu > 0)', 'Local (Y/N)': 'Y', 'TYPE': '-', 'Component': 'k', 'Type': 'integer', 'Dimensions': '-', 'Default': '-', 'Units': 'N/A', 'Description': '-', 'Swat_codetype': '-'}","{'Line in File': '4', 'Position in File': '1', 'Condition': 'if (nspu > 0)', 'Local (Y/N)': 'Y', 'TYPE': '-', 'Component': 'k', 'Type': 'integer', 'Dimensions': '-', 'Default': '0', 'Units': 'N/A', 'Description': '-', 'Swat_codetype': '-'}"
aqu_catunit.def,4,3,area_ha,"{'Line in File': '4', 'Position in File': '3', 'Condition': 'if (nspu > 0)', 'Local (Y/N)': 'N', 'TYPE': 'acu_reg', 'Component': 'area_ha', 'Type': 'real', 'Dimensions': '-', 'Default': '-', 'Units': 'N/A', 'Description': '-', 'Swat_codetype': 'in_regs'}","{'Line in File': '4', 'Position in File': '3', 'Condition': 'if (nspu > 0)', 'Local (Y/N)': 'N', 'TYPE': 'acu_reg', 'Component': 'area_ha', 'Type': 'real', 'Dimensions': '-', 'Default': '0.', 'Units': 'N/A', 'Description': '-', 'Swat_codetype': 'in_regs'}"
aqu_catunit.def,4,4,nspu,"{'Line in File': '4', 'Position in File': '4', 'Condition': 'if (nspu > 0)', 'Local (Y/N)': 'Y', 'TYPE': '-', 'Component': 'nspu', 'Type': 'integer', 'Dimensions': '-', 'Default': '-', 'Units': 'N/A', 'Description': '-', 'Swat_codetype': '-'}","{'Line in File': '4', 'Position in File': '4', 'Condition': 'if (nspu > 0)', 'Local (Y/N)': 'Y', 'TYPE': '-', 'Component': 'nspu', 'Type': 'integer', 'Dimensions': '-', 'Default': '0', 'Units': 'N/A', 'Description': '-', 'Swat_codetype': '-'}"
aqu_catunit.ele,1,1,titldum,"{'Line in File': '1', 'Position in File': '1', 'Condition': '-', 'Local (Y/N)': 'Y', 'TYPE': '-', 'Component': 'titldum', 'Type': 'character(len=80)', 'Dimensions': '-', 'Default': '-', 'Units': 'N/A', 'Description': '-', 'Swat_codetype': '-'}","{'Line in File': '1', 'Position in File': '1', 'Condition': '-', 'Local (Y/N)': 'Y', 'TYPE': '-', 'Component': 'titldum', 'Type': 'character(len=80)', 'Dimensions': '-', 'Default': '""""', 'Units': 'N/A', 'Description': '-', 'Swat_codetype': '-'}"
aqu_catunit.ele,2,1,header,"{'Line in File': '2', 'Position in File': '1', 'Condition': '-', 'Local (Y/N)': 'Y', 'TYPE': '-', 'Component': 'header', 'Type': 'character(len=80)', 'Dimensions': '-', 'Default': '-', 'Units': 'N/A', 'Description': '-', 'Swat_codetype': '-'}","{'Line in File': '2', 'Position in File': '1', 'Condition': '-', 'Local (Y/N)': 'Y', 'TYPE': '-', 'Component': 'header', 'Type': 'character(len=80)', 'Dimensions': '-', 'Default': '""""', 'Units': 'N/A', 'Description': '-', 'Swat_codetype': '-'}"
aqu_catunit.ele,3,1,k,"{'Line in File': '3', 'Position in File': '1', 'Condition': '-', 'Local (Y/N)': 'Y', 'TYPE': '-', 'Component': 'k', 'Type': 'integer', 'Dimensions': '-', 'Default': '-', 'Units': 'N/A', 'Description': '-', 'Swat_codetype': '-'}","{'Line in File': '3', 'Position in File': '1', 'Condition': '-', 'Local (Y/N)': 'Y', 'TYPE': '-', 'Component': 'k', 'Type': 'integer', 'Dimensions': '-', 'Default': '0', 'Units': 'N/A', 'Description': '-', 'Swat_codetype': '-'}"
aqu_catunit.ele,3,2,name,"{'Line in File': '3', 'Position in File': '2', 'Condition': '-', 'Local (Y/N)': 'N', 'TYPE': 'acu_elem', 'Component': 'name', 'Type': 'character(len=16)', 'Dimensions': '-', 'Default': '-', 'Units': 'N/A', 'Description': '-', 'Swat_codetype': 'in_regs'}","{'Line in File': '3', 'Position in File': '2', 'Condition': '-', 'Local (Y/N)': 'N', 'TYPE': 'acu_elem', 'Component': 'name', 'Type': 'character(len=16)', 'Dimensions': '-', 'Default': '""""', 'Units': 'N/A', 'Description': '-', 'Swat_codetype': 'in_regs'}"
aqu_catunit.ele,3,3,obtyp,"{'Line in File': '3', 'Position in File': '3', 'Condition': '-', 'Local (Y/N)': 'N', 'TYPE': 'acu_elem', 'Component': 'obtyp', 'Type': 'character(len=3)', 'Dimensions': '-', 'Default': '-', 'Units': 'N/A', 'Description': '-', 'Swat_codetype': 'in_regs'}","{'Line in File': '3', 'Position in File': '3', 'Condition': '-', 'Local (Y/N)': 'N', 'TYPE': 'acu_elem', 'Component': 'obtyp', 'Type': 'character(len=3)', 'Dimensions': '-', 'Default': '""""', 'Units': 'N/A', 'Description': '-', 'Swat_codetype': 'in_regs'}"
aqu_cha.lin,1,1,titldum,"{'Line in File': '1', 'Position in File': '1', 'Condition': '-', 'Local (Y/N)': 'Y', 'TYPE': '-', 'Component': 'titldum', 'Type': 'character(len=80)', 'Dimensions': '-', 'Default': '-', 'Units': 'N/A', 'Description': '-', 'Swat_codetype': '-'}","{'Line in File': '1', 'Position in File': '1', 'Condition': '-', 'Local (Y/N)': 'Y', 'TYPE': '-', 'Component': 'titldum', 'Type': 'character(len=80)', 'Dimensions': '-', 'Default': '""""', 'Units': 'N/A', 'Description': '-', 'Swat_codetype': '-'}"
aqu_cha.lin,2,1,header,"{'Line in File': '2', 'Position in File': '1', 'Condition': '-', 'Local (Y/N)': 'Y', 'TYPE': '-', 'Component': 'header', 'Type': 'character(len=80)', 'Dimensions': '-', 'Default': '-', 'Units': 'N/A', 'Description': '-', 'Swat_codetype': '-'}","{'Line in File': '2', 'Position in File': '1', 'Condition': '-', 'Local (Y/N)': 'Y', 'TYPE': '-', 'Component': 'header', 'Type': 'character(len=80)', 'Dimensions': '-', 'Default': '""""', 'Units': 'N/A', 'Description': '-', 'Swat_codetype': '-'}"
aqu_cha.lin,3,1,numb,"{'Line in File': '3', 'Position in File': '1', 'Condition': 'if (nspu > 0)', 'Local (Y/N)': 'Y', 'TYPE': '-', 'Component': 'numb', 'Type': 'integer', 'Dimensions': '-', 'Default': '-', 'Units': 'N/A', 'Description': '-', 'Swat_codetype': '-'}","{'Line in File': '3', 'Position in File': '1', 'Condition': 'if (nspu > 0)', 'Local (Y/N)': 'Y', 'TYPE': '-', 'Component': 'numb', 'Type': 'integer', 'Dimensions': '-', 'Default': '0', 'Units': 'N/A', 'Description': '-', 'Swat_codetype': '-'}"
aqu_cha.lin,3,2,name,"{'Line in File': '3', 'Position in File': '2', 'Condition': 'if (nspu > 0)', 'Local (Y/N)': 'N', 'TYPE': 'aq_ch', 'Component': 'name', 'Type': 'character(len=16)', 'Dimensions': '-', 'Default': '-', 'Units': 'N/A', 'Description': '-', 'Swat_codetype': 'in_link'}","{'Line in File': '3', 'Position in File': '2', 'Condition': 'if (nspu > 0)', 'Local (Y/N)': 'N', 'TYPE': 'aq_ch', 'Component': 'name', 'Type': 'character(len=16)', 'Dimensions': '-', 'Default': '""""', 'Units': 'N/A', 'Description': '-', 'Swat_codetype': 'in_link'}"
aqu_cha.lin,3,3,nspu,"{'Line in File': '3', 'Position in File': '3', 'Condition': 'if (nspu > 0)', 'Local (Y/N)': 'Y', 'TYPE': '-', 'Component': 'nspu', 'Type': 'integer', 'Dimensions': '-', 'Default': '-', 'Units': 'N/A', 'Description': '-', 'Swat_codetype': '-'}","{'Line in File': '3', 'Position in File': '3', 'Condition': 'if (nspu > 0)', 'Local (Y/N)': 'Y', 'TYPE': '-', 'Component': 'nspu', 'Type': 'integer', 'Dimensions': '-', 'Default': '0', 'Units': 'N/A', 'Description': '-', 'Swat_codetype': '-'}"
aquifer.aqu,1,1,titldum,"{'Line in File': '1', 'Position in File': '1', 'Condition': '-', 'Local (Y/N)': 'Y', 'TYPE': '-', 'Component': 'titldum', 'Type': 'character(len=80)', 'Dimensions': '-', 'Default': '-', 'Units': 'N/A', 'Description': '-', 'Swat_codetype': '-'}","{'Line in File': '1', 'Position in File': '1', 'Condition': '-', 'Local (Y/N)': 'Y', 'TYPE': '-', 'Component': 'titldum', 'Type': 'character(len=80)', 'Dimensions': '-', 'Default': '""""', 'Units': 'N/A', 'Description': '-', 'Swat_codetype': '-'}"
aquifer.aqu,2,1,header,"{'Line in File': '2', 'Position in File': '1', 'Condition': '-', 'Local (Y/N)': 'Y', 'TYPE': '-', 'Component': 'header', 'Type': 'character(len=500)', 'Dimensions': '-', 'Default': '-', 'Units': 'N/A', 'Description': '-', 'Swat_codetype': '-'}","{'Line in File': '2', 'Position in File': '1', 'Condition': '-', 'Local (Y/N)': 'Y', 'TYPE': '-', 'Component': 'header', 'Type': 'character(len=500)', 'Dimensions': '-', 'Default': '""""', 'Units': 'N/A', 'Description': '-', 'Swat_codetype': '-'}"
aquifer.aqu,3,1,k,"{'Line in File': '3', 'Position in File': '1', 'Condition': '-', 'Local (Y/N)': 'Y', 'TYPE': '-', 'Component': 'k', 'Type': 'integer', 'Dimensions': '-', 'Default': '-', 'Units': 'N/A', 'Description': '-', 'Swat_codetype': '-'}","{'Line in File': '3', 'Position in File': '1', 'Condition': '-', 'Local (Y/N)': 'Y', 'TYPE': '-', 'Component': 'k', 'Type': 'integer', 'Dimensions': '-', 'Default': '0', 'Units': 'N/A', 'Description': '-', 'Swat_codetype': '-'}"
aquifer.con,1,1,titldum,"{'Line in File': '1', 'Position in File': '1', 'Condition': '-', 'Local (Y/N)': 'Y', 'TYPE': '-', 'Component': 'titldum', 'Type': 'character(len=80)', 'Dimensions': '-', 'Default': '-', 'Units': 'N/A', 'Description': '-', 'Swat_codetype': '-'}","{'Line in File': '1', 'Position in File': '1', 'Condition': '-', 'Local (Y/N)': 'Y', 'TYPE': '-', 'Component': 'titldum', 'Type': 'character(len=80)', 'Dimensions': '-', 'Default': '""""', 'Units': 'N/A', 'Description': '-', 'Swat_codetype': '-'}"
aquifer.con,2,1,header,"{'Line in File': '2', 'Position in File': '1', 'Condition': '-', 'Local (Y/N)': 'Y', 'TYPE': '-', 'Component': 'header', 'Type': 'character(len=80)', 'Dimensions': '-', 'Default': '-', 'Units': 'N/A', 'Description': '-', 'Swat_codetype': '-'}","{'Line in File': '2', 'Position in File': '1', 'Condition': '-', 'Local (Y/N)': 'Y', 'TYPE': '-', 'Component': 'header', 'Type': 'character(len=80)', 'Dimensions': '-', 'Default': '""""', 'Units': 'N/A', 'Description': '-', 'Swat_codetype': '-'}"
aquifer.con,3,10,constit,"{'Line in File': '3', 'Position in File': '10', 'Condition': 'if (ncs > 0)', 'Local (Y/N)': 'N', 'TYPE': 'ob', 'Component': 'constit', 'Type': 'integer', 'Dimensions': '-', 'Default': '-', 'Units': 'N/A', 'Description': '-', 'Swat_codetype': 'ob'}","{'Line in File': '3', 'Position in File': '10', 'Condition': 'if (ncs > 0)', 'Local (Y/N)': 'N', 'TYPE': 'ob', 'Component': 'constit', 'Type': 'integer', 'Dimensions': '-', 'Default': '0', 'Units': 'N/A', 'Description': '-', 'Swat_codetype': 'ob'}"
aquifer.con,3,11,props2,"{'Line in File': '3', 'Position in File': '11', 'Condition': 'if (ncs > 0)', 'Local (Y/N)': 'N', 'TYPE': 'ob', 'Component': 'props2', 'Type': 'integer', 'Dimensions': '-', 'Default': '-', 'Units': 'N/A', 'Description': '-', 'Swat_codetype': 'ob'}","{'Line in File': '3', 'Position in File': '11', 'Condition': 'if (ncs > 0)', 'Local (Y/N)': 'N', 'TYPE': 'ob', 'Component': 'props2', 'Type': 'integer', 'Dimensions': '-', 'Default': '0', 'Units': 'N/A', 'Description': '-', 'Swat_codetype': 'ob'}"
aquifer.con,3,12,ruleset,"{'Line in File': '3', 'Position in File': '12', 'Condition': 'if (ncs > 0)', 'Local (Y/N)': 'N', 'TYPE': 'ob', 'Component': 'ruleset', 'Type': 'character(len=16)', 'Dimensions': '-', 'Default': '-', 'Units': 'N/A', 'Description': '-', 'Swat_codetype': 'ob'}","{'Line in File': '3', 'Position in File': '12', 'Condition': 'if (ncs > 0)', 'Local (Y/N)': 'N', 'TYPE': 'ob', 'Component': 'ruleset', 'Type': 'character(len=16)', 'Dimensions': '-', 'Default': '""""', 'Units': 'N/A', 'Description': '-', 'Swat_codetype': 'ob'}"
aquifer.con,3,3,gis_id,"{'Line in File': '3', 'Position in File': '3', 'Condition': 'if (ncs > 0)', 'Local (Y/N)': 'N', 'TYPE': 'ob', 'Component': 'gis_id', 'Type': 'integer(kind=8)', 'Dimensions': '-', 'Default': '-', 'Units': 'N/A', 'Description': '-', 'Swat_codetype': 'ob'}","{'Line in File': '3', 'Position in File': '3', 'Condition': 'if (ncs > 0)', 'Local (Y/N)': 'N', 'TYPE': 'ob', 'Component': 'gis_id', 'Type': 'integer(kind=8)', 'Dimensions': '-', 'Default': '0', 'Units': 'N/A', 'Description': '-', 'Swat_codetype': 'ob'}"
aquifer.con,3,5,lat,"{'Line in File': '3', 'Position in File': '5', 'Condition': 'if (ncs > 0)', 'Local (Y/N)': 'N', 'TYPE': 'ob', 'Component': 'lat', 'Type': 'real', 'Dimensions': '-', 'Default': '-', 'Units': 'N/A', 'Description': '-', 'Swat_codetype': 'ob'}","{'Line in File': '3', 'Position in File': '5', 'Condition': 'if (ncs > 0)', 'Local (Y/N)': 'N', 'TYPE': 'ob', 'Component': 'lat', 'Type': 'real', 'Dimensions': '-', 'Default': '0.', 'Units': 'N/A', 'Description': '-', 'Swat_codetype': 'ob'}"
aquifer.con,3,6,long,"{'Line in File': '3', 'Position in File': '6', 'Condition': 'if (ncs > 0)', 'Local (Y/N)': 'N', 'TYPE': 'ob', 'Component': 'long', 'Type': 'real', 'Dimensions': '-', 'Default': '-', 'Units': 'N/A', 'Description': '-', 'Swat_codetype': 'ob'}","{'Line in File': '3', 'Position in File': '6', 'Condition': 'if (ncs > 0)', 'Local (Y/N)': 'N', 'TYPE': 'ob', 'Component': 'long', 'Type': 'real', 'Dimensions': '-', 'Default': '0.', 'Units': 'N/A', 'Description': '-', 'Swat_codetype': 'ob'}"
aquifer.con,3,9,wst_c,"{'Line in File': '3', 'Position in File': '9', 'Condition': 'if (ncs > 0)', 'Local (Y/N)': 'N', 'TYPE': 'ob', 'Component': 'wst_c', 'Type': 'character(len=50)', 'Dimensions': '-', 'Default': '-', 'Units': 'N/A', 'Description': '-', 'Swat_codetype': 'ob'}","{'Line in File': '3', 'Position in File': '9', 'Condition': 'if (ncs > 0)', 'Local (Y/N)': 'N', 'TYPE': 'ob', 'Component': 'wst_c', 'Type': 'character(len=50)', 'Dimensions': '-', 'Default': '""""', 'Units': 'N/A', 'Description': '-', 'Swat_codetype': 'ob'}"
atmodep.cli,1,1,titldum,"{'Line in File': '1', 'Position in File': '1', 'Condition': '-', 'Local (Y/N)': 'Y', 'TYPE': '-', 'Component': 'titldum', 'Type': 'character(len=80)', 'Dimensions': '-', 'Default': '-', 'Units': 'N/A', 'Description': '-', 'Swat_codetype': '-'}","{'Line in File': '1', 'Position in File': '1', 'Condition': '-', 'Local (Y/N)': 'Y', 'TYPE': '-', 'Component': 'titldum', 'Type': 'character(len=80)', 'Dimensions': '-', 'Default': '""""', 'Units': 'N/A', 'Description': '-', 'Swat_codetype': '-'}"
atmodep.cli,14,1,name,"{'Line in File': '14', 'Position in File': '1', 'Condition': 'if (atmodep_cont%timestep == ""yr"")', 'Local (Y/N)': 'N', 'TYPE': 'atmodep', 'Component': 'name', 'Type': 'character(len=50)', 'Dimensions': '-', 'Default': '-', 'Units': 'N/A', 'Description': '-', 'Swat_codetype': 'in_cli'}","{'Line in File': '14', 'Position in File': '1', 'Condition': 'if (atmodep_cont%timestep == ""yr"")', 'Local (Y/N)': 'N', 'TYPE': 'atmodep', 'Component': 'name', 'Type': 'character(len=50)', 'Dimensions': '-', 'Default': '""""', 'Units': 'N/A', 'Description': '-', 'Swat_codetype': 'in_cli'}"
atmodep.cli,2,1,header,"{'Line in File': '2', 'Position in File': '1', 'Condition': '-', 'Local (Y/N)': 'Y', 'TYPE': '-', 'Component': 'header', 'Type': 'character(len=80)', 'Dimensions': '-', 'Default': '-', 'Units': 'N/A', 'Description': '-', 'Swat_codetype': '-'}","{'Line in File': '2', 'Position in File': '1', 'Condition': '-', 'Local (Y/N)': 'Y', 'TYPE': '-', 'Component': 'header', 'Type': 'character(len=80)', 'Dimensions': '-', 'Default': '""""', 'Units': 'N/A', 'Description': '-', 'Swat_codetype': '-'}"
atmodep.cli,3,2,timestep,"{'Line in File': '3', 'Position in File': '2', 'Condition': '-', 'Local (Y/N)': 'N', 'TYPE': 'atmodep_cont', 'Component': 'timestep', 'Type': 'character(len=2)', 'Dimensions': '-', 'Default': '-', 'Units': 'N/A', 'Description': '-', 'Swat_codetype': 'in_cli'}","{'Line in File': '3', 'Position in File': '2', 'Condition': '-', 'Local (Y/N)': 'N', 'TYPE': 'atmodep_cont', 'Component': 'timestep', 'Type': 'character(len=2)', 'Dimensions': '-', 'Default': '""""', 'Units': 'N/A', 'Description': '-', 'Swat_codetype': 'in_cli'}"
atmodep.cli,4,1,name,"{'Line in File': '4', 'Position in File': '1', 'Condition': 'if (atmodep_cont%timestep == ""aa"")', 'Local (Y/N)': 'N', 'TYPE': 'atmodep', 'Component': 'name', 'Type': 'character(len=50)', 'Dimensions': '-', 'Default': '-', 'Units': 'N/A', 'Description': '-', 'Swat_codetype': 'in_cli'}","{'Line in File': '4', 'Position in File': '1', 'Condition': 'if (atmodep_cont%timestep == ""aa"")', 'Local (Y/N)': 'N', 'TYPE': 'atmodep', 'Component': 'name', 'Type': 'character(len=50)', 'Dimensions': '-', 'Default': '""""', 'Units': 'N/A', 'Description': '-', 'Swat_codetype': 'in_cli'}"
atmodep.cli,9,1,name,"{'Line in File': '9', 'Position in File': '1', 'Condition': 'if (atmodep_cont%timestep == ""mo"")', 'Local (Y/N)': 'N', 'TYPE': 'atmodep', 'Component': 'name', 'Type': 'character(len=50)', 'Dimensions': '-', 'Default': '-', 'Units': 'N/A', 'Description': '-', 'Swat_codetype': 'in_cli'}","{'Line in File': '9', 'Position in File': '1', 'Condition': 'if (atmodep_cont%timestep == ""mo"")', 'Local (Y/N)': 'N', 'TYPE': 'atmodep', 'Component': 'name', 'Type': 'character(len=50)', 'Dimensions': '-', 'Default': '""""', 'Units': 'N/A', 'Description': '-', 'Swat_codetype': 'in_cli'}"
basins_carbon.tes,1,1,titldum,"{'Line in File': '1', 'Position in File': '1', 'Condition': '-', 'Local (Y/N)': 'Y', 'TYPE': '-', 'Component': 'titldum', 'Type': 'character(len=80)', 'Dimensions': '-', 'Default': '-', 'Units': 'N/A', 'Description': '-', 'Swat_codetype': '-'}","{'Line in File': '1', 'Position in File': '1', 'Condition': '-', 'Local (Y/N)': 'Y', 'TYPE': '-', 'Component': 'titldum', 'Type': 'character(len=80)', 'Dimensions': '-', 'Default': '""""', 'Units': 'N/A', 'Description': '-', 'Swat_codetype': '-'}"
basins_carbon.tes,2,1,header,"{'Line in File': '2', 'Position in File': '1', 'Condition': '-', 'Local (Y/N)': 'Y', 'TYPE': '-', 'Component': 'header', 'Type': 'character(len=80)', 'Dimensions': '-', 'Default': '-', 'Units': 'N/A', 'Description': '-', 'Swat_codetype': '-'}","{'Line in File': '2', 'Position in File': '1', 'Condition': '-', 'Local (Y/N)': 'Y', 'TYPE': '-', 'Component': 'header', 'Type': 'character(len=80)', 'Dimensions': '-', 'Default': '""""', 'Units': 'N/A', 'Description': '-', 'Swat_codetype': '-'}"
basins_carbon.tes,3,1,cbn_tes,"{'Line in File': '3', 'Position in File': '1', 'Condition': '-', 'Local (Y/N)': 'N', 'TYPE': '-', 'Component': 'cbn_tes', 'Type': 'unknown', 'Dimensions': '-', 'Default': '-', 'Units': 'N/A', 'Description': '-', 'Swat_codetype': 'cbn_tes'}",
basins_carbon.tes,3,1,er_POC_para,,"{'Line in File': '3', 'Position in File': '1', 'Condition': '-', 'Local (Y/N)': 'N', 'TYPE': 'carbon_terrestrial_inputs', 'Component': 'er_POC_para', 'Type': 'real', 'Dimensions': '-', 'Default': '1.5', 'Units': 'N/A', 'Description': '-', 'Swat_codetype': 'cbn_tes'}"
basins_carbon.tes,3,10,ABCO2_para_sur,,"{'Line in File': '3', 'Position in File': '10', 'Condition': '-', 'Local (Y/N)': 'N', 'TYPE': 'carbon_terrestrial_inputs', 'Component': 'ABCO2_para_sur', 'Type': 'real', 'Dimensions': '-', 'Default': '0.6', 'Units': 'N/A', 'Description': '-', 'Swat_codetype': 'cbn_tes'}"
basins_carbon.tes,3,11,ABCO2_para_sub,,"{'Line in File': '3', 'Position in File': '11', 'Condition': '-', 'Local (Y/N)': 'N', 'TYPE': 'carbon_terrestrial_inputs', 'Component': 'ABCO2_para_sub', 'Type': 'real', 'Dimensions': '-', 'Default': '0.', 'Units': 'N/A', 'Description': '-', 'Swat_codetype': 'cbn_tes'}"
basins_carbon.tes,3,12,ABP_para_sur,,"{'Line in File': '3', 'Position in File': '12', 'Condition': '-', 'Local (Y/N)': 'N', 'TYPE': 'carbon_terrestrial_inputs', 'Component': 'ABP_para_sur', 'Type': 'real', 'Dimensions': '-', 'Default': '0.0', 'Units': 'N/A', 'Description': '-', 'Swat_codetype': 'cbn_tes'}"
basins_carbon.tes,3,13,ABP_para_sub,,"{'Line in File': '3', 'Position in File': '13', 'Condition': '-', 'Local (Y/N)': 'N', 'TYPE': 'carbon_terrestrial_inputs', 'Component': 'ABP_para_sub', 'Type': 'real', 'Dimensions': '-', 'Default': '0.0', 'Units': 'N/A', 'Description': '-', 'Swat_codetype': 'cbn_tes'}"
basins_carbon.tes,3,14,ALMCO2_para_sur,,"{'Line in File': '3', 'Position in File': '14', 'Condition': '-', 'Local (Y/N)': 'N', 'TYPE': 'carbon_terrestrial_inputs', 'Component': 'ALMCO2_para_sur', 'Type': 'real', 'Dimensions': '-', 'Default': '0.6', 'Units': 'N/A', 'Description': '-', 'Swat_codetype': 'cbn_tes'}"
basins_carbon.tes,3,15,ALMCO2_para_sub,,"{'Line in File': '3', 'Position in File': '15', 'Condition': '-', 'Local (Y/N)': 'N', 'TYPE': 'carbon_terrestrial_inputs', 'Component': 'ALMCO2_para_sub', 'Type': 'real', 'Dimensions': '-', 'Default': '0.55', 'Units': 'N/A', 'Description': '-', 'Swat_codetype': 'cbn_tes'}"
basins_carbon.tes,3,16,ALSLNCO2_para_sur,,"{'Line in File': '3', 'Position in File': '16', 'Condition': '-', 'Local (Y/N)': 'N', 'TYPE': 'carbon_terrestrial_inputs', 'Component': 'ALSLNCO2_para_sur', 'Type': 'real', 'Dimensions': '-', 'Default': '0.6', 'Units': 'N/A', 'Description': '-', 'Swat_codetype': 'cbn_tes'}"
basins_carbon.tes,3,17,ALSLNCO2_para_sub,,"{'Line in File': '3', 'Position in File': '17', 'Condition': '-', 'Local (Y/N)': 'N', 'TYPE': 'carbon_terrestrial_inputs', 'Component': 'ALSLNCO2_para_sub', 'Type': 'real', 'Dimensions': '-', 'Default': '0.55', 'Units': 'N/A', 'Description': '-', 'Swat_codetype': 'cbn_tes'}"
basins_carbon.tes,3,18,ASP_para_sur,,"{'Line in File': '3', 'Position in File': '18', 'Condition': '-', 'Local (Y/N)': 'N', 'TYPE': 'carbon_terrestrial_inputs', 'Component': 'ASP_para_sur', 'Type': 'real', 'Dimensions': '-', 'Default': '0.0', 'Units': 'N/A', 'Description': '-', 'Swat_codetype': 'cbn_tes'}"
basins_carbon.tes,3,19,ASP_para_sub,,"{'Line in File': '3', 'Position in File': '19', 'Condition': '-', 'Local (Y/N)': 'N', 'TYPE': 'carbon_terrestrial_inputs', 'Component': 'ASP_para_sub', 'Type': 'real', 'Dimensions': '-', 'Default': '0.0', 'Units': 'N/A', 'Description': '-', 'Swat_codetype': 'cbn_tes'}"
basins_carbon.tes,3,2,CFB_para,,"{'Line in File': '3', 'Position in File': '2', 'Condition': '-', 'Local (Y/N)': 'N', 'TYPE': 'carbon_terrestrial_inputs', 'Component': 'CFB_para', 'Type': 'real', 'Dimensions': '-', 'Default': '0.42', 'Units': 'N/A', 'Description': '-', 'Swat_codetype': 'cbn_tes'}"
basins_carbon.tes,3,20,ALSLCO2_para,,"{'Line in File': '3', 'Position in File': '20', 'Condition': '-', 'Local (Y/N)': 'N', 'TYPE': 'carbon_terrestrial_inputs', 'Component': 'ALSLCO2_para', 'Type': 'real', 'Dimensions': '-', 'Default': '0.3', 'Units': 'N/A', 'Description': '-', 'Swat_codetype': 'cbn_tes'}"
basins_carbon.tes,3,21,APCO2_para,,"{'Line in File': '3', 'Position in File': '21', 'Condition': '-', 'Local (Y/N)': 'N', 'TYPE': 'carbon_terrestrial_inputs', 'Component': 'APCO2_para', 'Type': 'real', 'Dimensions': '-', 'Default': '0.55', 'Units': 'N/A', 'Description': '-', 'Swat_codetype': 'cbn_tes'}"
basins_carbon.tes,3,22,ASCO2_para,,"{'Line in File': '3', 'Position in File': '22', 'Condition': '-', 'Local (Y/N)': 'N', 'TYPE': 'carbon_terrestrial_inputs', 'Component': 'ASCO2_para', 'Type': 'real', 'Dimensions': '-', 'Default': '0.55', 'Units': 'N/A', 'Description': '-', 'Swat_codetype': 'cbn_tes'}"
basins_carbon.tes,3,23,PRMT_51_para,,"{'Line in File': '3', 'Position in File': '23', 'Condition': '-', 'Local (Y/N)': 'N', 'TYPE': 'carbon_terrestrial_inputs', 'Component': 'PRMT_51_para', 'Type': 'real', 'Dimensions': '-', 'Default': '1.0', 'Units': 'N/A', 'Description': '-', 'Swat_codetype': 'cbn_tes'}"
basins_carbon.tes,3,24,PRMT_45_para,,"{'Line in File': '3', 'Position in File': '24', 'Condition': '-', 'Local (Y/N)': 'N', 'TYPE': 'carbon_terrestrial_inputs', 'Component': 'PRMT_45_para', 'Type': 'real', 'Dimensions': '-', 'Default': '0.003', 'Units': 'N/A', 'Description': '-', 'Swat_codetype': 'cbn_tes'}"
basins_carbon.tes,3,25,BMR_para_sur,,"{'Line in File': '3', 'Position in File': '25', 'Condition': '-', 'Local (Y/N)': 'N', 'TYPE': 'carbon_terrestrial_inputs', 'Component': 'BMR_para_sur', 'Type': 'real', 'Dimensions': '-', 'Default': '0.0164', 'Units': 'N/A', 'Description': '-', 'Swat_codetype': 'cbn_tes'}"
basins_carbon.tes,3,26,BMR_para_sub,,"{'Line in File': '3', 'Position in File': '26', 'Condition': '-', 'Local (Y/N)': 'N', 'TYPE': 'carbon_terrestrial_inputs', 'Component': 'BMR_para_sub', 'Type': 'real', 'Dimensions': '-', 'Default': '0.02', 'Units': 'N/A', 'Description': '-', 'Swat_codetype': 'cbn_tes'}"
basins_carbon.tes,3,27,HPR_para,,"{'Line in File': '3', 'Position in File': '27', 'Condition': '-', 'Local (Y/N)': 'N', 'TYPE': 'carbon_terrestrial_inputs', 'Component': 'HPR_para', 'Type': 'real', 'Dimensions': '-', 'Default': '0.000012', 'Units': 'N/A', 'Description': '-', 'Swat_codetype': 'cbn_tes'}"
basins_carbon.tes,3,28,HSR_para,,"{'Line in File': '3', 'Position in File': '28', 'Condition': '-', 'Local (Y/N)': 'N', 'TYPE': 'carbon_terrestrial_inputs', 'Component': 'HSR_para', 'Type': 'real', 'Dimensions': '-', 'Default': '0.000548', 'Units': 'N/A', 'Description': '-', 'Swat_codetype': 'cbn_tes'}"
basins_carbon.tes,3,29,LMR_para_sur,,"{'Line in File': '3', 'Position in File': '29', 'Condition': '-', 'Local (Y/N)': 'N', 'TYPE': 'carbon_terrestrial_inputs', 'Component': 'LMR_para_sur', 'Type': 'real', 'Dimensions': '-', 'Default': '0.0405', 'Units': 'N/A', 'Description': '-', 'Swat_codetype': 'cbn_tes'}"
basins_carbon.tes,3,3,Sf_para_sur,,"{'Line in File': '3', 'Position in File': '3', 'Condition': '-', 'Local (Y/N)': 'N', 'TYPE': 'carbon_terrestrial_inputs', 'Component': 'Sf_para_sur', 'Type': 'real', 'Dimensions': '-', 'Default': '0.05', 'Units': 'N/A', 'Description': '-', 'Swat_codetype': 'cbn_tes'}"
basins_carbon.tes,3,30,LMR_para_sub,,"{'Line in File': '3', 'Position in File': '30', 'Condition': '-', 'Local (Y/N)': 'N', 'TYPE': 'carbon_terrestrial_inputs', 'Component': 'LMR_para_sub', 'Type': 'real', 'Dimensions': '-', 'Default': '0.0507', 'Units': 'N/A', 'Description': '-', 'Swat_codetype': 'cbn_tes'}"
basins_carbon.tes,3,31,LSR_para_sur,,"{'Line in File': '3', 'Position in File': '31', 'Condition': '-', 'Local (Y/N)': 'N', 'TYPE': 'carbon_terrestrial_inputs', 'Component': 'LSR_para_sur', 'Type': 'real', 'Dimensions': '-', 'Default': '0.0107', 'Units': 'N/A', 'Description': '-', 'Swat_codetype': 'cbn_tes'}"
basins_carbon.tes,3,32,LSR_para_sub,,"{'Line in File': '3', 'Position in File': '32', 'Condition': '-', 'Local (Y/N)': 'N', 'TYPE': 'carbon_terrestrial_inputs', 'Component': 'LSR_para_sub', 'Type': 'real', 'Dimensions': '-', 'Default': '0.0132', 'Units': 'N/A', 'Description': '-', 'Swat_codetype': 'cbn_tes'}"
basins_carbon.tes,3,33,XBM_para_sur,,"{'Line in File': '3', 'Position in File': '33', 'Condition': '-', 'Local (Y/N)': 'N', 'TYPE': 'carbon_terrestrial_inputs', 'Component': 'XBM_para_sur', 'Type': 'real', 'Dimensions': '-', 'Default': '1.0', 'Units': 'N/A', 'Description': '-', 'Swat_codetype': 'cbn_tes'}"
basins_carbon.tes,3,34,XBM_para_sub,,"{'Line in File': '3', 'Position in File': '34', 'Condition': '-', 'Local (Y/N)': 'N', 'TYPE': 'carbon_terrestrial_inputs', 'Component': 'XBM_para_sub', 'Type': 'real', 'Dimensions': '-', 'Default': '0.0', 'Units': 'N/A', 'Description': '-', 'Swat_codetype': 'cbn_tes'}"
basins_carbon.tes,3,35,XLSLF_para,,"{'Line in File': '3', 'Position in File': '35', 'Condition': '-', 'Local (Y/N)': 'N', 'TYPE': 'carbon_terrestrial_inputs', 'Component': 'XLSLF_para', 'Type': 'real', 'Dimensions': '-', 'Default': '0.0', 'Units': 'N/A', 'Description': '-', 'Swat_codetype': 'cbn_tes'}"
basins_carbon.tes,3,36,OX_aa_para,,"{'Line in File': '3', 'Position in File': '36', 'Condition': '-', 'Local (Y/N)': 'N', 'TYPE': 'carbon_terrestrial_inputs', 'Component': 'OX_aa_para', 'Type': 'real', 'Dimensions': '-', 'Default': '10.0', 'Units': 'N/A', 'Description': '-', 'Swat_codetype': 'cbn_tes'}"
basins_carbon.tes,3,37,OX_bb_para,,"{'Line in File': '3', 'Position in File': '37', 'Condition': '-', 'Local (Y/N)': 'N', 'TYPE': 'carbon_terrestrial_inputs', 'Component': 'OX_bb_para', 'Type': 'real', 'Dimensions': '-', 'Default': '0.035', 'Units': 'N/A', 'Description': '-', 'Swat_codetype': 'cbn_tes'}"
basins_carbon.tes,3,4,Sf_para_sub,,"{'Line in File': '3', 'Position in File': '4', 'Condition': '-', 'Local (Y/N)': 'N', 'TYPE': 'carbon_terrestrial_inputs', 'Component': 'Sf_para_sub', 'Type': 'real', 'Dimensions': '-', 'Default': '0.10', 'Units': 'N/A', 'Description': '-', 'Swat_codetype': 'cbn_tes'}"
basins_carbon.tes,3,5,ABL_para,,"{'Line in File': '3', 'Position in File': '5', 'Condition': '-', 'Local (Y/N)': 'N', 'TYPE': 'carbon_terrestrial_inputs', 'Component': 'ABL_para', 'Type': 'real', 'Dimensions': '-', 'Default': '0.0', 'Units': 'N/A', 'Description': '-', 'Swat_codetype': 'cbn_tes'}"
basins_carbon.tes,3,6,peroc_DIC_para,,"{'Line in File': '3', 'Position in File': '6', 'Condition': '-', 'Local (Y/N)': 'N', 'TYPE': 'carbon_terrestrial_inputs', 'Component': 'peroc_DIC_para', 'Type': 'real', 'Dimensions': '-', 'Default': '0.95', 'Units': 'N/A', 'Description': '-', 'Swat_codetype': 'cbn_tes'}"
basins_carbon.tes,3,7,peroc_DOC_para,,"{'Line in File': '3', 'Position in File': '7', 'Condition': '-', 'Local (Y/N)': 'N', 'TYPE': 'carbon_terrestrial_inputs', 'Component': 'peroc_DOC_para', 'Type': 'real', 'Dimensions': '-', 'Default': '0.70', 'Units': 'N/A', 'Description': '-', 'Swat_codetype': 'cbn_tes'}"
basins_carbon.tes,3,8,part_DOC_para,,"{'Line in File': '3', 'Position in File': '8', 'Condition': '-', 'Local (Y/N)': 'N', 'TYPE': 'carbon_terrestrial_inputs', 'Component': 'part_DOC_para', 'Type': 'real', 'Dimensions': '-', 'Default': '4000.', 'Units': 'N/A', 'Description': '-', 'Swat_codetype': 'cbn_tes'}"
basins_carbon.tes,3,9,hlife_doc_para,,"{'Line in File': '3', 'Position in File': '9', 'Condition': '-', 'Local (Y/N)': 'N', 'TYPE': 'carbon_terrestrial_inputs', 'Component': 'hlife_doc_para', 'Type': 'real', 'Dimensions': '-', 'Default': '50.', 'Units': 'N/A', 'Description': '-', 'Swat_codetype': 'cbn_tes'}"
bmpuser.str,1,1,titldum,"{'Line in File': '1', 'Position in File': '1', 'Condition': '-', 'Local (Y/N)': 'Y', 'TYPE': '-', 'Component': 'titldum', 'Type': 'character(len=80)', 'Dimensions': '-', 'Default': '-', 'Units': 'N/A', 'Description': '-', 'Swat_codetype': '-'}","{'Line in File': '1', 'Position in File': '1', 'Condition': '-', 'Local (Y/N)': 'Y', 'TYPE': '-', 'Component': 'titldum', 'Type': 'character(len=80)', 'Dimensions': '-', 'Default': '""""', 'Units': 'N/A', 'Description': '-', 'Swat_codetype': '-'}"
bmpuser.str,2,1,header,"{'Line in File': '2', 'Position in File': '1', 'Condition': '-', 'Local (Y/N)': 'Y', 'TYPE': '-', 'Component': 'header', 'Type': 'character(len=80)', 'Dimensions': '-', 'Default': '-', 'Units': 'N/A', 'Description': '-', 'Swat_codetype': '-'}","{'Line in File': '2', 'Position in File': '1', 'Condition': '-', 'Local (Y/N)': 'Y', 'TYPE': '-', 'Component': 'header', 'Type': 'character(len=80)', 'Dimensions': '-', 'Default': '""""', 'Units': 'N/A', 'Description': '-', 'Swat_codetype': '-'}"
bmpuser.str,3,1,name,"{'Line in File': '3', 'Position in File': '1', 'Condition': '-', 'Local (Y/N)': 'N', 'TYPE': 'bmpuser_operation', 'Component': 'name', 'Type': 'character(len=40)', 'Dimensions': '-', 'Default': '-', 'Units': 'N/A', 'Description': '-', 'Swat_codetype': 'in_str'}","{'Line in File': '3', 'Position in File': '1', 'Condition': '-', 'Local (Y/N)': 'N', 'TYPE': 'bmpuser_operation', 'Component': 'name', 'Type': 'character(len=40)', 'Dimensions': '-', 'Default': '""""', 'Units': 'N/A', 'Description': '-', 'Swat_codetype': 'in_str'}"
cal_parms.cal,1,1,titldum,"{'Line in File': '1', 'Position in File': '1', 'Condition': '-', 'Local (Y/N)': 'Y', 'TYPE': '-', 'Component': 'titldum', 'Type': 'character(len=80)', 'Dimensions': '-', 'Default': '-', 'Units': 'N/A', 'Description': '-', 'Swat_codetype': '-'}","{'Line in File': '1', 'Position in File': '1', 'Condition': '-', 'Local (Y/N)': 'Y', 'TYPE': '-', 'Component': 'titldum', 'Type': 'character(len=80)', 'Dimensions': '-', 'Default': '""""', 'Units': 'N/A', 'Description': '-', 'Swat_codetype': '-'}"
cal_parms.cal,2,1,mchg_par,"{'Line in File': '2', 'Position in File': '1', 'Condition': '-', 'Local (Y/N)': 'Y', 'TYPE': '-', 'Component': 'mchg_par', 'Type': 'integer', 'Dimensions': '-', 'Default': '-', 'Units': 'N/A', 'Description': '-', 'Swat_codetype': '-'}","{'Line in File': '2', 'Position in File': '1', 'Condition': '-', 'Local (Y/N)': 'Y', 'TYPE': '-', 'Component': 'mchg_par', 'Type': 'integer', 'Dimensions': '-', 'Default': '0', 'Units': 'N/A', 'Description': '-', 'Swat_codetype': '-'}"
cal_parms.cal,3,1,header,"{'Line in File': '3', 'Position in File': '1', 'Condition': '-', 'Local (Y/N)': 'Y', 'TYPE': '-', 'Component': 'header', 'Type': 'character(len=80)', 'Dimensions': '-', 'Default': '-', 'Units': 'N/A', 'Description': '-', 'Swat_codetype': '-'}","{'Line in File': '3', 'Position in File': '1', 'Condition': '-', 'Local (Y/N)': 'Y', 'TYPE': '-', 'Component': 'header', 'Type': 'character(len=80)', 'Dimensions': '-', 'Default': '""""', 'Units': 'N/A', 'Description': '-', 'Swat_codetype': '-'}"
calibration.cal,1,1,titldum,"{'Line in File': '1', 'Position in File': '1', 'Condition': '-', 'Local (Y/N)': 'Y', 'TYPE': '-', 'Component': 'titldum', 'Type': 'character(len=80)', 'Dimensions': '-', 'Default': '-', 'Units': 'N/A', 'Description': '-', 'Swat_codetype': '-'}","{'Line in File': '1', 'Position in File': '1', 'Condition': '-', 'Local (Y/N)': 'Y', 'TYPE': '-', 'Component': 'titldum', 'Type': 'character(len=80)', 'Dimensions': '-', 'Default': '""""', 'Units': 'N/A', 'Description': '-', 'Swat_codetype': '-'}"
calibration.cal,2,1,mcal,"{'Line in File': '2', 'Position in File': '1', 'Condition': '-', 'Local (Y/N)': 'Y', 'TYPE': '-', 'Component': 'mcal', 'Type': 'integer', 'Dimensions': '-', 'Default': '-', 'Units': 'N/A', 'Description': '-', 'Swat_codetype': '-'}","{'Line in File': '2', 'Position in File': '1', 'Condition': '-', 'Local (Y/N)': 'Y', 'TYPE': '-', 'Component': 'mcal', 'Type': 'integer', 'Dimensions': '-', 'Default': '0', 'Units': 'N/A', 'Description': '-', 'Swat_codetype': '-'}"
calibration.cal,3,1,header,"{'Line in File': '3', 'Position in File': '1', 'Condition': '-', 'Local (Y/N)': 'Y', 'TYPE': '-', 'Component': 'header', 'Type': 'character(len=80)', 'Dimensions': '-', 'Default': '-', 'Units': 'N/A', 'Description': '-', 'Swat_codetype': '-'}","{'Line in File': '3', 'Position in File': '1', 'Condition': '-', 'Local (Y/N)': 'Y', 'TYPE': '-', 'Component': 'header', 'Type': 'character(len=80)', 'Dimensions': '-', 'Default': '""""', 'Units': 'N/A', 'Description': '-', 'Swat_codetype': '-'}"
calibration.cal,4,1,name,"{'Line in File': '4', 'Position in File': '1', 'Condition': 'if (nspu > 0)', 'Local (Y/N)': 'N', 'TYPE': 'cal_upd', 'Component': 'name', 'Type': 'character(len=25)', 'Dimensions': '-', 'Default': '-', 'Units': 'N/A', 'Description': 'cn2, terrace, land use, mgt, etc.', 'Swat_codetype': 'in_chg'}","{'Line in File': '4', 'Position in File': '1', 'Condition': 'if (nspu > 0)', 'Local (Y/N)': 'N', 'TYPE': 'cal_upd', 'Component': 'name', 'Type': 'character(len=25)', 'Dimensions': '-', 'Default': '""""', 'Units': 'N/A', 'Description': 'cn2, terrace, land use, mgt, etc.', 'Swat_codetype': 'in_chg'}"
calibration.cal,4,10,day2,"{'Line in File': '4', 'Position in File': '10', 'Condition': 'if (nspu > 0)', 'Local (Y/N)': 'N', 'TYPE': 'cal_upd', 'Component': 'day2', 'Type': 'integer', 'Dimensions': '-', 'Default': '-', 'Units': 'N/A', 'Description': 'last day in range for precip and temp', 'Swat_codetype': 'in_chg'}","{'Line in File': '4', 'Position in File': '10', 'Condition': 'if (nspu > 0)', 'Local (Y/N)': 'N', 'TYPE': 'cal_upd', 'Component': 'day2', 'Type': 'integer', 'Dimensions': '-', 'Default': '0', 'Units': 'N/A', 'Description': 'last day in range for precip and temp', 'Swat_codetype': 'in_chg'}"
calibration.cal,4,2,chg_typ,"{'Line in File': '4', 'Position in File': '2', 'Condition': 'if (nspu > 0)', 'Local (Y/N)': 'N', 'TYPE': 'cal_upd', 'Component': 'chg_typ', 'Type': 'character(len=16)', 'Dimensions': '-', 'Default': '-', 'Units': 'N/A', 'Description': 'type of change (absval,abschg,pctchg)', 'Swat_codetype': 'in_chg'}","{'Line in File': '4', 'Position in File': '2', 'Condition': 'if (nspu > 0)', 'Local (Y/N)': 'N', 'TYPE': 'cal_upd', 'Component': 'chg_typ', 'Type': 'character(len=16)', 'Dimensions': '-', 'Default': '""""', 'Units': 'N/A', 'Description': 'type of change (absval,abschg,pctchg)', 'Swat_codetype': 'in_chg'}"
calibration.cal,4,3,val,"{'Line in File': '4', 'Position in File': '3', 'Condition': 'if (nspu > 0)', 'Local (Y/N)': 'N', 'TYPE': 'cal_upd', 'Component': 'val', 'Type': 'real', 'Dimensions': '-', 'Default': '-', 'Units': 'N/A', 'Description': 'value of change', 'Swat_codetype': 'in_chg'}","{'Line in File': '4', 'Position in File': '3', 'Condition': 'if (nspu > 0)', 'Local (Y/N)': 'N', 'TYPE': 'cal_upd', 'Component': 'val', 'Type': 'real', 'Dimensions': '-', 'Default': '0.', 'Units': 'N/A', 'Description': 'value of change', 'Swat_codetype': 'in_chg'}"
calibration.cal,4,4,conds,"{'Line in File': '4', 'Position in File': '4', 'Condition': 'if (nspu > 0)', 'Local (Y/N)': 'N', 'TYPE': 'cal_upd', 'Component': 'conds', 'Type': 'integer', 'Dimensions': '-', 'Default': '-', 'Units': 'N/A', 'Description': 'number of conditions', 'Swat_codetype': 'in_chg'}","{'Line in File': '4', 'Position in File': '4', 'Condition': 'if (nspu > 0)', 'Local (Y/N)': 'N', 'TYPE': 'cal_upd', 'Component': 'conds', 'Type': 'integer', 'Dimensions': '-', 'Default': '0', 'Units': 'N/A', 'Description': 'number of conditions', 'Swat_codetype': 'in_chg'}"
calibration.cal,4,5,lyr1,"{'Line in File': '4', 'Position in File': '5', 'Condition': 'if (nspu > 0)', 'Local (Y/N)': 'N', 'TYPE': 'cal_upd', 'Component': 'lyr1', 'Type': 'integer', 'Dimensions': '-', 'Default': '-', 'Units': 'N/A', 'Description': 'first layer in range for soil variables (0 assumes all layers are modified)', 'Swat_codetype': 'in_chg'}","{'Line in File': '4', 'Position in File': '5', 'Condition': 'if (nspu > 0)', 'Local (Y/N)': 'N', 'TYPE': 'cal_upd', 'Component': 'lyr1', 'Type': 'integer', 'Dimensions': '-', 'Default': '0', 'Units': 'N/A', 'Description': 'first layer in range for soil variables (0 assumes all layers are modified)', 'Swat_codetype': 'in_chg'}"
calibration.cal,4,6,lyr2,"{'Line in File': '4', 'Position in File': '6', 'Condition': 'if (nspu > 0)', 'Local (Y/N)': 'N', 'TYPE': 'cal_upd', 'Component': 'lyr2', 'Type': 'integer', 'Dimensions': '-', 'Default': '-', 'Units': 'N/A', 'Description': 'last layer in range for soil variables (0 assumes through last layer)', 'Swat_codetype': 'in_chg'}","{'Line in File': '4', 'Position in File': '6', 'Condition': 'if (nspu > 0)', 'Local (Y/N)': 'N', 'TYPE': 'cal_upd', 'Component': 'lyr2', 'Type': 'integer', 'Dimensions': '-', 'Default': '0', 'Units': 'N/A', 'Description': 'last layer in range for soil variables (0 assumes through last layer)', 'Swat_codetype': 'in_chg'}"
calibration.cal,4,7,year1,"{'Line in File': '4', 'Position in File': '7', 'Condition': 'if (nspu > 0)', 'Local (Y/N)': 'N', 'TYPE': 'cal_upd', 'Component': 'year1', 'Type': 'integer', 'Dimensions': '-', 'Default': '-', 'Units': 'N/A', 'Description': 'first year for precip and temp', 'Swat_codetype': 'in_chg'}","{'Line in File': '4', 'Position in File': '7', 'Condition': 'if (nspu > 0)', 'Local (Y/N)': 'N', 'TYPE': 'cal_upd', 'Component': 'year1', 'Type': 'integer', 'Dimensions': '-', 'Default': '0', 'Units': 'N/A', 'Description': 'first year for precip and temp', 'Swat_codetype': 'in_chg'}"
calibration.cal,4,8,year2,"{'Line in File': '4', 'Position in File': '8', 'Condition': 'if (nspu > 0)', 'Local (Y/N)': 'N', 'TYPE': 'cal_upd', 'Component': 'year2', 'Type': 'integer', 'Dimensions': '-', 'Default': '-', 'Units': 'N/A', 'Description': 'last year for precip and temp', 'Swat_codetype': 'in_chg'}","{'Line in File': '4', 'Position in File': '8', 'Condition': 'if (nspu > 0)', 'Local (Y/N)': 'N', 'TYPE': 'cal_upd', 'Component': 'year2', 'Type': 'integer', 'Dimensions': '-', 'Default': '0', 'Units': 'N/A', 'Description': 'last year for precip and temp', 'Swat_codetype': 'in_chg'}"
calibration.cal,4,9,day1,"{'Line in File': '4', 'Position in File': '9', 'Condition': 'if (nspu > 0)', 'Local (Y/N)': 'N', 'TYPE': 'cal_upd', 'Component': 'day1', 'Type': 'integer', 'Dimensions': '-', 'Default': '-', 'Units': 'N/A', 'Description': 'first day in range for precip and temp', 'Swat_codetype': 'in_chg'}","{'Line in File': '4', 'Position in File': '9', 'Condition': 'if (nspu > 0)', 'Local (Y/N)': 'N', 'TYPE': 'cal_upd', 'Component': 'day1', 'Type': 'integer', 'Dimensions': '-', 'Default': '0', 'Units': 'N/A', 'Description': 'first day in range for precip and temp', 'Swat_codetype': 'in_chg'}"
calibration.cal,5,1,cond,"{'Line in File': '5', 'Position in File': '1', 'Condition': 'if (nconds > 0)', 'Local (Y/N)': 'N', 'TYPE': 'cal_upd', 'Component': 'cond', 'Type': 'type(calibration_conditions)', 'Dimensions': 'allocatable', 'Default': '-', 'Units': 'N/A', 'Description': '-', 'Swat_codetype': 'in_chg'}",
calibration.cal,5,1,range,,"{'Line in File': '5', 'Position in File': '1', 'Condition': 'if (range == ""range"")', 'Local (Y/N)': 'Y', 'TYPE': '-', 'Component': 'range', 'Type': 'character(len=10)', 'Dimensions': '-', 'Default': '""""', 'Units': 'N/A', 'Description': '-', 'Swat_codetype': '-'}"
calibration.cal,5,2,var,,"{'Line in File': '5', 'Position in File': '2', 'Condition': 'if (range == ""range"")', 'Local (Y/N)': 'N', 'TYPE': 'cal_upd', 'Component': 'var', 'Type': 'unknown', 'Dimensions': '-', 'Default': '-', 'Units': 'N/A', 'Description': '-', 'Swat_codetype': 'in_chg'}"
calibration.cal,5,3,val1,,"{'Line in File': '5', 'Position in File': '3', 'Condition': 'if (range == ""range"")', 'Local (Y/N)': 'N', 'TYPE': 'cal_upd', 'Component': 'val1', 'Type': 'real', 'Dimensions': '-', 'Default': '0.', 'Units': 'N/A', 'Description': 'lower bound of numerical condition', 'Swat_codetype': 'in_chg'}"
calibration.cal,5,4,val2,,"{'Line in File': '5', 'Position in File': '4', 'Condition': 'if (range == ""range"")', 'Local (Y/N)': 'N', 'TYPE': 'cal_upd', 'Component': 'val2', 'Type': 'real', 'Dimensions': '-', 'Default': '0.', 'Units': 'N/A', 'Description': 'upper bound of numerical condition', 'Swat_codetype': 'in_chg'}"
calibration.cal,6,1,cond,,"{'Line in File': '6', 'Position in File': '1', 'Condition': 'if (range == ""range"")', 'Local (Y/N)': 'N', 'TYPE': 'cal_upd', 'Component': 'cond', 'Type': 'type(calibration_conditions)', 'Dimensions': 'allocatable', 'Default': '-', 'Units': 'N/A', 'Description': '-', 'Swat_codetype': 'in_chg'}"
ch_catunit.def,1,1,titldum,"{'Line in File': '1', 'Position in File': '1', 'Condition': '-', 'Local (Y/N)': 'Y', 'TYPE': '-', 'Component': 'titldum', 'Type': 'character(len=80)', 'Dimensions': '-', 'Default': '-', 'Units': 'N/A', 'Description': '-', 'Swat_codetype': '-'}","{'Line in File': '1', 'Position in File': '1', 'Condition': '-', 'Local (Y/N)': 'Y', 'TYPE': '-', 'Component': 'titldum', 'Type': 'character(len=80)', 'Dimensions': '-', 'Default': '""""', 'Units': 'N/A', 'Description': '-', 'Swat_codetype': '-'}"
ch_catunit.def,2,1,mreg,"{'Line in File': '2', 'Position in File': '1', 'Condition': '-', 'Local (Y/N)': 'Y', 'TYPE': '-', 'Component': 'mreg', 'Type': 'integer', 'Dimensions': '-', 'Default': '-', 'Units': 'N/A', 'Description': '-', 'Swat_codetype': '-'}","{'Line in File': '2', 'Position in File': '1', 'Condition': '-', 'Local (Y/N)': 'Y', 'TYPE': '-', 'Component': 'mreg', 'Type': 'integer', 'Dimensions': '-', 'Default': '0', 'Units': 'N/A', 'Description': '-', 'Swat_codetype': '-'}"
ch_catunit.def,3,1,header,"{'Line in File': '3', 'Position in File': '1', 'Condition': '-', 'Local (Y/N)': 'Y', 'TYPE': '-', 'Component': 'header', 'Type': 'character(len=80)', 'Dimensions': '-', 'Default': '-', 'Units': 'N/A', 'Description': '-', 'Swat_codetype': '-'}","{'Line in File': '3', 'Position in File': '1', 'Condition': '-', 'Local (Y/N)': 'Y', 'TYPE': '-', 'Component': 'header', 'Type': 'character(len=80)', 'Dimensions': '-', 'Default': '""""', 'Units': 'N/A', 'Description': '-', 'Swat_codetype': '-'}"
ch_catunit.def,4,1,k,"{'Line in File': '4', 'Position in File': '1', 'Condition': 'if (nspu > 0)', 'Local (Y/N)': 'Y', 'TYPE': '-', 'Component': 'k', 'Type': 'integer', 'Dimensions': '-', 'Default': '-', 'Units': 'N/A', 'Description': '-', 'Swat_codetype': '-'}","{'Line in File': '4', 'Position in File': '1', 'Condition': 'if (nspu > 0)', 'Local (Y/N)': 'Y', 'TYPE': '-', 'Component': 'k', 'Type': 'integer', 'Dimensions': '-', 'Default': '0', 'Units': 'N/A', 'Description': '-', 'Swat_codetype': '-'}"
ch_catunit.def,4,3,area_ha,"{'Line in File': '4', 'Position in File': '3', 'Condition': 'if (nspu > 0)', 'Local (Y/N)': 'N', 'TYPE': 'ccu_out', 'Component': 'area_ha', 'Type': 'real', 'Dimensions': '-', 'Default': '-', 'Units': 'N/A', 'Description': '-', 'Swat_codetype': 'in_regs'}","{'Line in File': '4', 'Position in File': '3', 'Condition': 'if (nspu > 0)', 'Local (Y/N)': 'N', 'TYPE': 'ccu_out', 'Component': 'area_ha', 'Type': 'real', 'Dimensions': '-', 'Default': '0.', 'Units': 'N/A', 'Description': '-', 'Swat_codetype': 'in_regs'}"
ch_catunit.def,4,4,nspu,"{'Line in File': '4', 'Position in File': '4', 'Condition': 'if (nspu > 0)', 'Local (Y/N)': 'Y', 'TYPE': '-', 'Component': 'nspu', 'Type': 'integer', 'Dimensions': '-', 'Default': '-', 'Units': 'N/A', 'Description': '-', 'Swat_codetype': '-'}","{'Line in File': '4', 'Position in File': '4', 'Condition': 'if (nspu > 0)', 'Local (Y/N)': 'Y', 'TYPE': '-', 'Component': 'nspu', 'Type': 'integer', 'Dimensions': '-', 'Default': '0', 'Units': 'N/A', 'Description': '-', 'Swat_codetype': '-'}"
ch_reg.def,1,1,titldum,"{'Line in File': '1', 'Position in File': '1', 'Condition': '-', 'Local (Y/N)': 'Y', 'TYPE': '-', 'Component': 'titldum', 'Type': 'character(len=80)', 'Dimensions': '-', 'Default': '-', 'Units': 'N/A', 'Description': '-', 'Swat_codetype': '-'}","{'Line in File': '1', 'Position in File': '1', 'Condition': '-', 'Local (Y/N)': 'Y', 'TYPE': '-', 'Component': 'titldum', 'Type': 'character(len=80)', 'Dimensions': '-', 'Default': '""""', 'Units': 'N/A', 'Description': '-', 'Swat_codetype': '-'}"
ch_reg.def,2,1,mreg,"{'Line in File': '2', 'Position in File': '1', 'Condition': '-', 'Local (Y/N)': 'Y', 'TYPE': '-', 'Component': 'mreg', 'Type': 'integer', 'Dimensions': '-', 'Default': '-', 'Units': 'N/A', 'Description': '-', 'Swat_codetype': '-'}","{'Line in File': '2', 'Position in File': '1', 'Condition': '-', 'Local (Y/N)': 'Y', 'TYPE': '-', 'Component': 'mreg', 'Type': 'integer', 'Dimensions': '-', 'Default': '0', 'Units': 'N/A', 'Description': '-', 'Swat_codetype': '-'}"
ch_reg.def,3,1,header,"{'Line in File': '3', 'Position in File': '1', 'Condition': '-', 'Local (Y/N)': 'Y', 'TYPE': '-', 'Component': 'header', 'Type': 'character(len=80)', 'Dimensions': '-', 'Default': '-', 'Units': 'N/A', 'Description': '-', 'Swat_codetype': '-'}","{'Line in File': '3', 'Position in File': '1', 'Condition': '-', 'Local (Y/N)': 'Y', 'TYPE': '-', 'Component': 'header', 'Type': 'character(len=80)', 'Dimensions': '-', 'Default': '""""', 'Units': 'N/A', 'Description': '-', 'Swat_codetype': '-'}"
ch_reg.def,4,1,k,"{'Line in File': '4', 'Position in File': '1', 'Condition': 'if (nspu > 0)', 'Local (Y/N)': 'Y', 'TYPE': '-', 'Component': 'k', 'Type': 'integer', 'Dimensions': '-', 'Default': '-', 'Units': 'N/A', 'Description': '-', 'Swat_codetype': '-'}","{'Line in File': '4', 'Position in File': '1', 'Condition': 'if (nspu > 0)', 'Local (Y/N)': 'Y', 'TYPE': '-', 'Component': 'k', 'Type': 'integer', 'Dimensions': '-', 'Default': '0', 'Units': 'N/A', 'Description': '-', 'Swat_codetype': '-'}"
ch_reg.def,4,3,area_ha,"{'Line in File': '4', 'Position in File': '3', 'Condition': 'if (nspu > 0)', 'Local (Y/N)': 'N', 'TYPE': 'ccu_reg', 'Component': 'area_ha', 'Type': 'real', 'Dimensions': '-', 'Default': '-', 'Units': 'N/A', 'Description': '-', 'Swat_codetype': 'in_regs'}","{'Line in File': '4', 'Position in File': '3', 'Condition': 'if (nspu > 0)', 'Local (Y/N)': 'N', 'TYPE': 'ccu_reg', 'Component': 'area_ha', 'Type': 'real', 'Dimensions': '-', 'Default': '0.', 'Units': 'N/A', 'Description': '-', 'Swat_codetype': 'in_regs'}"
ch_reg.def,4,4,nspu,"{'Line in File': '4', 'Position in File': '4', 'Condition': 'if (nspu > 0)', 'Local (Y/N)': 'Y', 'TYPE': '-', 'Component': 'nspu', 'Type': 'integer', 'Dimensions': '-', 'Default': '-', 'Units': 'N/A', 'Description': '-', 'Swat_codetype': '-'}","{'Line in File': '4', 'Position in File': '4', 'Condition': 'if (nspu > 0)', 'Local (Y/N)': 'Y', 'TYPE': '-', 'Component': 'nspu', 'Type': 'integer', 'Dimensions': '-', 'Default': '0', 'Units': 'N/A', 'Description': '-', 'Swat_codetype': '-'}"
ch_sed_budget.sft,1,1,titldum,"{'Line in File': '1', 'Position in File': '1', 'Condition': '-', 'Local (Y/N)': 'Y', 'TYPE': '-', 'Component': 'titldum', 'Type': 'character(len=80)', 'Dimensions': '-', 'Default': '-', 'Units': 'N/A', 'Description': '-', 'Swat_codetype': '-'}","{'Line in File': '1', 'Position in File': '1', 'Condition': '-', 'Local (Y/N)': 'Y', 'TYPE': '-', 'Component': 'titldum', 'Type': 'character(len=80)', 'Dimensions': '-', 'Default': '""""', 'Units': 'N/A', 'Description': '-', 'Swat_codetype': '-'}"
ch_sed_budget.sft,2,1,mreg,"{'Line in File': '2', 'Position in File': '1', 'Condition': '-', 'Local (Y/N)': 'Y', 'TYPE': '-', 'Component': 'mreg', 'Type': 'integer', 'Dimensions': '-', 'Default': '-', 'Units': 'N/A', 'Description': '-', 'Swat_codetype': '-'}","{'Line in File': '2', 'Position in File': '1', 'Condition': '-', 'Local (Y/N)': 'Y', 'TYPE': '-', 'Component': 'mreg', 'Type': 'integer', 'Dimensions': '-', 'Default': '0', 'Units': 'N/A', 'Description': '-', 'Swat_codetype': '-'}"
ch_sed_budget.sft,3,1,header,"{'Line in File': '3', 'Position in File': '1', 'Condition': '-', 'Local (Y/N)': 'Y', 'TYPE': '-', 'Component': 'header', 'Type': 'character(len=80)', 'Dimensions': '-', 'Default': '-', 'Units': 'N/A', 'Description': '-', 'Swat_codetype': '-'}","{'Line in File': '3', 'Position in File': '1', 'Condition': '-', 'Local (Y/N)': 'Y', 'TYPE': '-', 'Component': 'header', 'Type': 'character(len=80)', 'Dimensions': '-', 'Default': '""""', 'Units': 'N/A', 'Description': '-', 'Swat_codetype': '-'}"
ch_sed_budget.sft,4,2,ord_num,"{'Line in File': '4', 'Position in File': '2', 'Condition': 'if (nspu > 0)', 'Local (Y/N)': 'N', 'TYPE': 'chcal', 'Component': 'ord_num', 'Type': 'integer', 'Dimensions': '-', 'Default': '-', 'Units': 'N/A', 'Description': '-', 'Swat_codetype': 'in_chg'}","{'Line in File': '4', 'Position in File': '2', 'Condition': 'if (nspu > 0)', 'Local (Y/N)': 'N', 'TYPE': 'chcal', 'Component': 'ord_num', 'Type': 'integer', 'Dimensions': '-', 'Default': '0', 'Units': 'N/A', 'Description': '-', 'Swat_codetype': 'in_chg'}"
ch_sed_budget.sft,4,3,nspu,"{'Line in File': '4', 'Position in File': '3', 'Condition': 'if (nspu > 0)', 'Local (Y/N)': 'Y', 'TYPE': '-', 'Component': 'nspu', 'Type': 'integer', 'Dimensions': '-', 'Default': '-', 'Units': 'N/A', 'Description': '-', 'Swat_codetype': '-'}","{'Line in File': '4', 'Position in File': '3', 'Condition': 'if (nspu > 0)', 'Local (Y/N)': 'Y', 'TYPE': '-', 'Component': 'nspu', 'Type': 'integer', 'Dimensions': '-', 'Default': '0', 'Units': 'N/A', 'Description': '-', 'Swat_codetype': '-'}"
ch_sed_budget.sft,5,1,header,"{'Line in File': '5', 'Position in File': '1', 'Condition': 'if (ie2 > 0)', 'Local (Y/N)': 'Y', 'TYPE': '-', 'Component': 'header', 'Type': 'character(len=80)', 'Dimensions': '-', 'Default': '-', 'Units': 'N/A', 'Description': '-', 'Swat_codetype': '-'}","{'Line in File': '5', 'Position in File': '1', 'Condition': 'if (ie2 > 0)', 'Local (Y/N)': 'Y', 'TYPE': '-', 'Component': 'header', 'Type': 'character(len=80)', 'Dimensions': '-', 'Default': '""""', 'Units': 'N/A', 'Description': '-', 'Swat_codetype': '-'}"
ch_sed_parms.sft,1,1,titldum,"{'Line in File': '1', 'Position in File': '1', 'Condition': '-', 'Local (Y/N)': 'Y', 'TYPE': '-', 'Component': 'titldum', 'Type': 'character(len=80)', 'Dimensions': '-', 'Default': '-', 'Units': 'N/A', 'Description': '-', 'Swat_codetype': '-'}","{'Line in File': '1', 'Position in File': '1', 'Condition': '-', 'Local (Y/N)': 'Y', 'TYPE': '-', 'Component': 'titldum', 'Type': 'character(len=80)', 'Dimensions': '-', 'Default': '""""', 'Units': 'N/A', 'Description': '-', 'Swat_codetype': '-'}"
ch_sed_parms.sft,2,1,mchp,"{'Line in File': '2', 'Position in File': '1', 'Condition': '-', 'Local (Y/N)': 'Y', 'TYPE': '-', 'Component': 'mchp', 'Type': 'integer', 'Dimensions': '-', 'Default': '-', 'Units': 'N/A', 'Description': '-', 'Swat_codetype': '-'}","{'Line in File': '2', 'Position in File': '1', 'Condition': '-', 'Local (Y/N)': 'Y', 'TYPE': '-', 'Component': 'mchp', 'Type': 'integer', 'Dimensions': '-', 'Default': '0', 'Units': 'N/A', 'Description': '-', 'Swat_codetype': '-'}"
ch_sed_parms.sft,3,1,header,"{'Line in File': '3', 'Position in File': '1', 'Condition': '-', 'Local (Y/N)': 'Y', 'TYPE': '-', 'Component': 'header', 'Type': 'character(len=80)', 'Dimensions': '-', 'Default': '-', 'Units': 'N/A', 'Description': '-', 'Swat_codetype': '-'}","{'Line in File': '3', 'Position in File': '1', 'Condition': '-', 'Local (Y/N)': 'Y', 'TYPE': '-', 'Component': 'header', 'Type': 'character(len=80)', 'Dimensions': '-', 'Default': '""""', 'Units': 'N/A', 'Description': '-', 'Swat_codetype': '-'}"
ch_sed_parms.sft,4,1,name,"{'Line in File': '4', 'Position in File': '1', 'Condition': '-', 'Local (Y/N)': 'N', 'TYPE': 'ch_prms', 'Component': 'name', 'Type': 'character(len=16)', 'Dimensions': '-', 'Default': '-', 'Units': 'N/A', 'Description': 'cn2, terrace, land use, mgt, etc.', 'Swat_codetype': 'in_chg'}","{'Line in File': '4', 'Position in File': '1', 'Condition': '-', 'Local (Y/N)': 'N', 'TYPE': 'ch_prms', 'Component': 'name', 'Type': 'character(len=16)', 'Dimensions': '-', 'Default': '""""', 'Units': 'N/A', 'Description': 'cn2, terrace, land use, mgt, etc.', 'Swat_codetype': 'in_chg'}"
ch_sed_parms.sft,4,2,chg_typ,"{'Line in File': '4', 'Position in File': '2', 'Condition': '-', 'Local (Y/N)': 'N', 'TYPE': 'ch_prms', 'Component': 'chg_typ', 'Type': 'character(len=16)', 'Dimensions': '-', 'Default': '-', 'Units': 'N/A', 'Description': 'type of change (absval,abschg,pctchg)', 'Swat_codetype': 'in_chg'}","{'Line in File': '4', 'Position in File': '2', 'Condition': '-', 'Local (Y/N)': 'N', 'TYPE': 'ch_prms', 'Component': 'chg_typ', 'Type': 'character(len=16)', 'Dimensions': '-', 'Default': '""""', 'Units': 'N/A', 'Description': 'type of change (absval,abschg,pctchg)', 'Swat_codetype': 'in_chg'}"
ch_sed_parms.sft,4,3,neg,"{'Line in File': '4', 'Position in File': '3', 'Condition': '-', 'Local (Y/N)': 'N', 'TYPE': 'ch_prms', 'Component': 'neg', 'Type': 'real', 'Dimensions': '-', 'Default': '-', 'Units': 'N/A', 'Description': 'negative limit of change', 'Swat_codetype': 'in_chg'}","{'Line in File': '4', 'Position in File': '3', 'Condition': '-', 'Local (Y/N)': 'N', 'TYPE': 'ch_prms', 'Component': 'neg', 'Type': 'real', 'Dimensions': '-', 'Default': '0.', 'Units': 'N/A', 'Description': 'negative limit of change', 'Swat_codetype': 'in_chg'}"
ch_sed_parms.sft,4,4,pos,"{'Line in File': '4', 'Position in File': '4', 'Condition': '-', 'Local (Y/N)': 'N', 'TYPE': 'ch_prms', 'Component': 'pos', 'Type': 'real', 'Dimensions': '-', 'Default': '-', 'Units': 'N/A', 'Description': 'positive limit of change', 'Swat_codetype': 'in_chg'}","{'Line in File': '4', 'Position in File': '4', 'Condition': '-', 'Local (Y/N)': 'N', 'TYPE': 'ch_prms', 'Component': 'pos', 'Type': 'real', 'Dimensions': '-', 'Default': '0.', 'Units': 'N/A', 'Description': 'positive limit of change', 'Swat_codetype': 'in_chg'}"
ch_sed_parms.sft,4,5,lo,"{'Line in File': '4', 'Position in File': '5', 'Condition': '-', 'Local (Y/N)': 'N', 'TYPE': 'ch_prms', 'Component': 'lo', 'Type': 'real', 'Dimensions': '-', 'Default': '-', 'Units': 'N/A', 'Description': 'lower limit of parameter', 'Swat_codetype': 'in_chg'}","{'Line in File': '4', 'Position in File': '5', 'Condition': '-', 'Local (Y/N)': 'N', 'TYPE': 'ch_prms', 'Component': 'lo', 'Type': 'real', 'Dimensions': '-', 'Default': '0.', 'Units': 'N/A', 'Description': 'lower limit of parameter', 'Swat_codetype': 'in_chg'}"
ch_sed_parms.sft,4,6,up,"{'Line in File': '4', 'Position in File': '6', 'Condition': '-', 'Local (Y/N)': 'N', 'TYPE': 'ch_prms', 'Component': 'up', 'Type': 'real', 'Dimensions': '-', 'Default': '-', 'Units': 'N/A', 'Description': 'upper limit of parameter', 'Swat_codetype': 'in_chg'}","{'Line in File': '4', 'Position in File': '6', 'Condition': '-', 'Local (Y/N)': 'N', 'TYPE': 'ch_prms', 'Component': 'up', 'Type': 'real', 'Dimensions': '-', 'Default': '0.', 'Units': 'N/A', 'Description': 'upper limit of parameter', 'Swat_codetype': 'in_chg'}"
chan-surf.lin,1,1,titldum,"{'Line in File': '1', 'Position in File': '1', 'Condition': '-', 'Local (Y/N)': 'Y', 'TYPE': '-', 'Component': 'titldum', 'Type': 'character(len=80)', 'Dimensions': '-', 'Default': '-', 'Units': 'N/A', 'Description': '-', 'Swat_codetype': '-'}","{'Line in File': '1', 'Position in File': '1', 'Condition': '-', 'Local (Y/N)': 'Y', 'TYPE': '-', 'Component': 'titldum', 'Type': 'character(len=80)', 'Dimensions': '-', 'Default': '""""', 'Units': 'N/A', 'Description': '-', 'Swat_codetype': '-'}"
chan-surf.lin,2,1,mcha_sp,"{'Line in File': '2', 'Position in File': '1', 'Condition': '-', 'Local (Y/N)': 'Y', 'TYPE': '-', 'Component': 'mcha_sp', 'Type': 'integer', 'Dimensions': '-', 'Default': '-', 'Units': 'N/A', 'Description': '-', 'Swat_codetype': '-'}","{'Line in File': '2', 'Position in File': '1', 'Condition': '-', 'Local (Y/N)': 'Y', 'TYPE': '-', 'Component': 'mcha_sp', 'Type': 'integer', 'Dimensions': '-', 'Default': '0', 'Units': 'N/A', 'Description': '-', 'Swat_codetype': '-'}"
chan-surf.lin,3,1,header,"{'Line in File': '3', 'Position in File': '1', 'Condition': '-', 'Local (Y/N)': 'Y', 'TYPE': '-', 'Component': 'header', 'Type': 'character(len=80)', 'Dimensions': '-', 'Default': '-', 'Units': 'N/A', 'Description': '-', 'Swat_codetype': '-'}","{'Line in File': '3', 'Position in File': '1', 'Condition': '-', 'Local (Y/N)': 'Y', 'TYPE': '-', 'Component': 'header', 'Type': 'character(len=80)', 'Dimensions': '-', 'Default': '""""', 'Units': 'N/A', 'Description': '-', 'Swat_codetype': '-'}"
chan-surf.lin,4,1,numb,"{'Line in File': '4', 'Position in File': '1', 'Condition': 'if (nspu > 0)', 'Local (Y/N)': 'Y', 'TYPE': '-', 'Component': 'numb', 'Type': 'integer', 'Dimensions': '-', 'Default': '-', 'Units': 'N/A', 'Description': '-', 'Swat_codetype': '-'}","{'Line in File': '4', 'Position in File': '1', 'Condition': 'if (nspu > 0)', 'Local (Y/N)': 'Y', 'TYPE': '-', 'Component': 'numb', 'Type': 'integer', 'Dimensions': '-', 'Default': '0', 'Units': 'N/A', 'Description': '-', 'Swat_codetype': '-'}"
chandeg.con,1,1,titldum,"{'Line in File': '1', 'Position in File': '1', 'Condition': '-', 'Local (Y/N)': 'Y', 'TYPE': '-', 'Component': 'titldum', 'Type': 'character(len=80)', 'Dimensions': '-', 'Default': '-', 'Units': 'N/A', 'Description': '-', 'Swat_codetype': '-'}","{'Line in File': '1', 'Position in File': '1', 'Condition': '-', 'Local (Y/N)': 'Y', 'TYPE': '-', 'Component': 'titldum', 'Type': 'character(len=80)', 'Dimensions': '-', 'Default': '""""', 'Units': 'N/A', 'Description': '-', 'Swat_codetype': '-'}"
chandeg.con,2,1,header,"{'Line in File': '2', 'Position in File': '1', 'Condition': '-', 'Local (Y/N)': 'Y', 'TYPE': '-', 'Component': 'header', 'Type': 'character(len=80)', 'Dimensions': '-', 'Default': '-', 'Units': 'N/A', 'Description': '-', 'Swat_codetype': '-'}","{'Line in File': '2', 'Position in File': '1', 'Condition': '-', 'Local (Y/N)': 'Y', 'TYPE': '-', 'Component': 'header', 'Type': 'character(len=80)', 'Dimensions': '-', 'Default': '""""', 'Units': 'N/A', 'Description': '-', 'Swat_codetype': '-'}"
chandeg.con,3,10,constit,"{'Line in File': '3', 'Position in File': '10', 'Condition': 'if (ncs > 0)', 'Local (Y/N)': 'N', 'TYPE': 'ob', 'Component': 'constit', 'Type': 'integer', 'Dimensions': '-', 'Default': '-', 'Units': 'N/A', 'Description': '-', 'Swat_codetype': 'ob'}","{'Line in File': '3', 'Position in File': '10', 'Condition': 'if (ncs > 0)', 'Local (Y/N)': 'N', 'TYPE': 'ob', 'Component': 'constit', 'Type': 'integer', 'Dimensions': '-', 'Default': '0', 'Units': 'N/A', 'Description': '-', 'Swat_codetype': 'ob'}"
chandeg.con,3,11,props2,"{'Line in File': '3', 'Position in File': '11', 'Condition': 'if (ncs > 0)', 'Local (Y/N)': 'N', 'TYPE': 'ob', 'Component': 'props2', 'Type': 'integer', 'Dimensions': '-', 'Default': '-', 'Units': 'N/A', 'Description': '-', 'Swat_codetype': 'ob'}","{'Line in File': '3', 'Position in File': '11', 'Condition': 'if (ncs > 0)', 'Local (Y/N)': 'N', 'TYPE': 'ob', 'Component': 'props2', 'Type': 'integer', 'Dimensions': '-', 'Default': '0', 'Units': 'N/A', 'Description': '-', 'Swat_codetype': 'ob'}"
chandeg.con,3,12,ruleset,"{'Line in File': '3', 'Position in File': '12', 'Condition': 'if (ncs > 0)', 'Local (Y/N)': 'N', 'TYPE': 'ob', 'Component': 'ruleset', 'Type': 'character(len=16)', 'Dimensions': '-', 'Default': '-', 'Units': 'N/A', 'Description': '-', 'Swat_codetype': 'ob'}","{'Line in File': '3', 'Position in File': '12', 'Condition': 'if (ncs > 0)', 'Local (Y/N)': 'N', 'TYPE': 'ob', 'Component': 'ruleset', 'Type': 'character(len=16)', 'Dimensions': '-', 'Default': '""""', 'Units': 'N/A', 'Description': '-', 'Swat_codetype': 'ob'}"
chandeg.con,3,3,gis_id,"{'Line in File': '3', 'Position in File': '3', 'Condition': 'if (ncs > 0)', 'Local (Y/N)': 'N', 'TYPE': 'ob', 'Component': 'gis_id', 'Type': 'integer(kind=8)', 'Dimensions': '-', 'Default': '-', 'Units': 'N/A', 'Description': '-', 'Swat_codetype': 'ob'}","{'Line in File': '3', 'Position in File': '3', 'Condition': 'if (ncs > 0)', 'Local (Y/N)': 'N', 'TYPE': 'ob', 'Component': 'gis_id', 'Type': 'integer(kind=8)', 'Dimensions': '-', 'Default': '0', 'Units': 'N/A', 'Description': '-', 'Swat_codetype': 'ob'}"
chandeg.con,3,5,lat,"{'Line in File': '3', 'Position in File': '5', 'Condition': 'if (ncs > 0)', 'Local (Y/N)': 'N', 'TYPE': 'ob', 'Component': 'lat', 'Type': 'real', 'Dimensions': '-', 'Default': '-', 'Units': 'N/A', 'Description': '-', 'Swat_codetype': 'ob'}","{'Line in File': '3', 'Position in File': '5', 'Condition': 'if (ncs > 0)', 'Local (Y/N)': 'N', 'TYPE': 'ob', 'Component': 'lat', 'Type': 'real', 'Dimensions': '-', 'Default': '0.', 'Units': 'N/A', 'Description': '-', 'Swat_codetype': 'ob'}"
chandeg.con,3,6,long,"{'Line in File': '3', 'Position in File': '6', 'Condition': 'if (ncs > 0)', 'Local (Y/N)': 'N', 'TYPE': 'ob', 'Component': 'long', 'Type': 'real', 'Dimensions': '-', 'Default': '-', 'Units': 'N/A', 'Description': '-', 'Swat_codetype': 'ob'}","{'Line in File': '3', 'Position in File': '6', 'Condition': 'if (ncs > 0)', 'Local (Y/N)': 'N', 'TYPE': 'ob', 'Component': 'long', 'Type': 'real', 'Dimensions': '-', 'Default': '0.', 'Units': 'N/A', 'Description': '-', 'Swat_codetype': 'ob'}"
chandeg.con,3,9,wst_c,"{'Line in File': '3', 'Position in File': '9', 'Condition': 'if (ncs > 0)', 'Local (Y/N)': 'N', 'TYPE': 'ob', 'Component': 'wst_c', 'Type': 'character(len=50)', 'Dimensions': '-', 'Default': '-', 'Units': 'N/A', 'Description': '-', 'Swat_codetype': 'ob'}","{'Line in File': '3', 'Position in File': '9', 'Condition': 'if (ncs > 0)', 'Local (Y/N)': 'N', 'TYPE': 'ob', 'Component': 'wst_c', 'Type': 'character(len=50)', 'Dimensions': '-', 'Default': '""""', 'Units': 'N/A', 'Description': '-', 'Swat_codetype': 'ob'}"
channel-lte.cha,1,1,titldum,"{'Line in File': '1', 'Position in File': '1', 'Condition': '-', 'Local (Y/N)': 'Y', 'TYPE': '-', 'Component': 'titldum', 'Type': 'character(len=80)', 'Dimensions': '-', 'Default': '-', 'Units': 'N/A', 'Description': '-', 'Swat_codetype': '-'}","{'Line in File': '1', 'Position in File': '1', 'Condition': '-', 'Local (Y/N)': 'Y', 'TYPE': '-', 'Component': 'titldum', 'Type': 'character(len=80)', 'Dimensions': '-', 'Default': '""""', 'Units': 'N/A', 'Description': '-', 'Swat_codetype': '-'}"
channel-lte.cha,2,1,header,"{'Line in File': '2', 'Position in File': '1', 'Condition': '-', 'Local (Y/N)': 'Y', 'TYPE': '-', 'Component': 'header', 'Type': 'character(len=80)', 'Dimensions': '-', 'Default': '-', 'Units': 'N/A', 'Description': '-', 'Swat_codetype': '-'}","{'Line in File': '2', 'Position in File': '1', 'Condition': '-', 'Local (Y/N)': 'Y', 'TYPE': '-', 'Component': 'header', 'Type': 'character(len=80)', 'Dimensions': '-', 'Default': '""""', 'Units': 'N/A', 'Description': '-', 'Swat_codetype': '-'}"
channel-lte.cha,3,1,k,"{'Line in File': '3', 'Position in File': '1', 'Condition': '-', 'Local (Y/N)': 'Y', 'TYPE': '-', 'Component': 'k', 'Type': 'integer', 'Dimensions': '-', 'Default': '-', 'Units': 'N/A', 'Description': '-', 'Swat_codetype': '-'}","{'Line in File': '3', 'Position in File': '1', 'Condition': '-', 'Local (Y/N)': 'Y', 'TYPE': '-', 'Component': 'k', 'Type': 'integer', 'Dimensions': '-', 'Default': '0', 'Units': 'N/A', 'Description': '-', 'Swat_codetype': '-'}"
channel.cha,1,1,titldum,"{'Line in File': '1', 'Position in File': '1', 'Condition': '-', 'Local (Y/N)': 'Y', 'TYPE': '-', 'Component': 'titldum', 'Type': 'character(len=80)', 'Dimensions': '-', 'Default': '-', 'Units': 'N/A', 'Description': '-', 'Swat_codetype': '-'}","{'Line in File': '1', 'Position in File': '1', 'Condition': '-', 'Local (Y/N)': 'Y', 'TYPE': '-', 'Component': 'titldum', 'Type': 'character(len=80)', 'Dimensions': '-', 'Default': '""""', 'Units': 'N/A', 'Description': '-', 'Swat_codetype': '-'}"
channel.cha,2,1,header,"{'Line in File': '2', 'Position in File': '1', 'Condition': '-', 'Local (Y/N)': 'Y', 'TYPE': '-', 'Component': 'header', 'Type': 'character(len=80)', 'Dimensions': '-', 'Default': '-', 'Units': 'N/A', 'Description': '-', 'Swat_codetype': '-'}","{'Line in File': '2', 'Position in File': '1', 'Condition': '-', 'Local (Y/N)': 'Y', 'TYPE': '-', 'Component': 'header', 'Type': 'character(len=80)', 'Dimensions': '-', 'Default': '""""', 'Units': 'N/A', 'Description': '-', 'Swat_codetype': '-'}"
channel.cha,3,1,k,"{'Line in File': '3', 'Position in File': '1', 'Condition': '-', 'Local (Y/N)': 'Y', 'TYPE': '-', 'Component': 'k', 'Type': 'integer', 'Dimensions': '-', 'Default': '-', 'Units': 'N/A', 'Description': '-', 'Swat_codetype': '-'}","{'Line in File': '3', 'Position in File': '1', 'Condition': '-', 'Local (Y/N)': 'Y', 'TYPE': '-', 'Component': 'k', 'Type': 'integer', 'Dimensions': '-', 'Default': '0', 'Units': 'N/A', 'Description': '-', 'Swat_codetype': '-'}"
channel.cha,3,3,init,"{'Line in File': '3', 'Position in File': '3', 'Condition': '-', 'Local (Y/N)': 'N', 'TYPE': 'channel_data_char_input', 'Component': 'init', 'Type': 'character(len=16)', 'Dimensions': '-', 'Default': '-', 'Units': 'N/A', 'Description': '-', 'Swat_codetype': 'in_cha'}","{'Line in File': '3', 'Position in File': '3', 'Condition': '-', 'Local (Y/N)': 'N', 'TYPE': 'channel_data_char_input', 'Component': 'init', 'Type': 'character(len=16)', 'Dimensions': '-', 'Default': '""""', 'Units': 'N/A', 'Description': '-', 'Swat_codetype': 'in_cha'}"
channel.cha,3,4,hyd,"{'Line in File': '3', 'Position in File': '4', 'Condition': '-', 'Local (Y/N)': 'N', 'TYPE': 'channel_data_char_input', 'Component': 'hyd', 'Type': 'character(len=16)', 'Dimensions': '-', 'Default': '-', 'Units': 'N/A', 'Description': '-', 'Swat_codetype': 'in_cha'}","{'Line in File': '3', 'Position in File': '4', 'Condition': '-', 'Local (Y/N)': 'N', 'TYPE': 'channel_data_char_input', 'Component': 'hyd', 'Type': 'character(len=16)', 'Dimensions': '-', 'Default': '""""', 'Units': 'N/A', 'Description': '-', 'Swat_codetype': 'in_cha'}"
channel.cha,3,5,sed,"{'Line in File': '3', 'Position in File': '5', 'Condition': '-', 'Local (Y/N)': 'N', 'TYPE': 'channel_data_char_input', 'Component': 'sed', 'Type': 'character(len=16)', 'Dimensions': '-', 'Default': '-', 'Units': 'N/A', 'Description': '-', 'Swat_codetype': 'in_cha'}","{'Line in File': '3', 'Position in File': '5', 'Condition': '-', 'Local (Y/N)': 'N', 'TYPE': 'channel_data_char_input', 'Component': 'sed', 'Type': 'character(len=16)', 'Dimensions': '-', 'Default': '""""', 'Units': 'N/A', 'Description': '-', 'Swat_codetype': 'in_cha'}"
channel.cha,3,6,nut,"{'Line in File': '3', 'Position in File': '6', 'Condition': '-', 'Local (Y/N)': 'N', 'TYPE': 'channel_data_char_input', 'Component': 'nut', 'Type': 'character(len=16)', 'Dimensions': '-', 'Default': '-', 'Units': 'N/A', 'Description': '-', 'Swat_codetype': 'in_cha'}","{'Line in File': '3', 'Position in File': '6', 'Condition': '-', 'Local (Y/N)': 'N', 'TYPE': 'channel_data_char_input', 'Component': 'nut', 'Type': 'character(len=16)', 'Dimensions': '-', 'Default': '""""', 'Units': 'N/A', 'Description': '-', 'Swat_codetype': 'in_cha'}"
channel.con,1,1,titldum,"{'Line in File': '1', 'Position in File': '1', 'Condition': '-', 'Local (Y/N)': 'Y', 'TYPE': '-', 'Component': 'titldum', 'Type': 'character(len=80)', 'Dimensions': '-', 'Default': '-', 'Units': 'N/A', 'Description': '-', 'Swat_codetype': '-'}","{'Line in File': '1', 'Position in File': '1', 'Condition': '-', 'Local (Y/N)': 'Y', 'TYPE': '-', 'Component': 'titldum', 'Type': 'character(len=80)', 'Dimensions': '-', 'Default': '""""', 'Units': 'N/A', 'Description': '-', 'Swat_codetype': '-'}"
channel.con,2,1,header,"{'Line in File': '2', 'Position in File': '1', 'Condition': '-', 'Local (Y/N)': 'Y', 'TYPE': '-', 'Component': 'header', 'Type': 'character(len=80)', 'Dimensions': '-', 'Default': '-', 'Units': 'N/A', 'Description': '-', 'Swat_codetype': '-'}","{'Line in File': '2', 'Position in File': '1', 'Condition': '-', 'Local (Y/N)': 'Y', 'TYPE': '-', 'Component': 'header', 'Type': 'character(len=80)', 'Dimensions': '-', 'Default': '""""', 'Units': 'N/A', 'Description': '-', 'Swat_codetype': '-'}"
channel.con,3,10,constit,"{'Line in File': '3', 'Position in File': '10', 'Condition': 'if (ncs > 0)', 'Local (Y/N)': 'N', 'TYPE': 'ob', 'Component': 'constit', 'Type': 'integer', 'Dimensions': '-', 'Default': '-', 'Units': 'N/A', 'Description': '-', 'Swat_codetype': 'ob'}","{'Line in File': '3', 'Position in File': '10', 'Condition': 'if (ncs > 0)', 'Local (Y/N)': 'N', 'TYPE': 'ob', 'Component': 'constit', 'Type': 'integer', 'Dimensions': '-', 'Default': '0', 'Units': 'N/A', 'Description': '-', 'Swat_codetype': 'ob'}"
channel.con,3,11,props2,"{'Line in File': '3', 'Position in File': '11', 'Condition': 'if (ncs > 0)', 'Local (Y/N)': 'N', 'TYPE': 'ob', 'Component': 'props2', 'Type': 'integer', 'Dimensions': '-', 'Default': '-', 'Units': 'N/A', 'Description': '-', 'Swat_codetype': 'ob'}","{'Line in File': '3', 'Position in File': '11', 'Condition': 'if (ncs > 0)', 'Local (Y/N)': 'N', 'TYPE': 'ob', 'Component': 'props2', 'Type': 'integer', 'Dimensions': '-', 'Default': '0', 'Units': 'N/A', 'Description': '-', 'Swat_codetype': 'ob'}"
channel.con,3,12,ruleset,"{'Line in File': '3', 'Position in File': '12', 'Condition': 'if (ncs > 0)', 'Local (Y/N)': 'N', 'TYPE': 'ob', 'Component': 'ruleset', 'Type': 'character(len=16)', 'Dimensions': '-', 'Default': '-', 'Units': 'N/A', 'Description': '-', 'Swat_codetype': 'ob'}","{'Line in File': '3', 'Position in File': '12', 'Condition': 'if (ncs > 0)', 'Local (Y/N)': 'N', 'TYPE': 'ob', 'Component': 'ruleset', 'Type': 'character(len=16)', 'Dimensions': '-', 'Default': '""""', 'Units': 'N/A', 'Description': '-', 'Swat_codetype': 'ob'}"
channel.con,3,3,gis_id,"{'Line in File': '3', 'Position in File': '3', 'Condition': 'if (ncs > 0)', 'Local (Y/N)': 'N', 'TYPE': 'ob', 'Component': 'gis_id', 'Type': 'integer(kind=8)', 'Dimensions': '-', 'Default': '-', 'Units': 'N/A', 'Description': '-', 'Swat_codetype': 'ob'}","{'Line in File': '3', 'Position in File': '3', 'Condition': 'if (ncs > 0)', 'Local (Y/N)': 'N', 'TYPE': 'ob', 'Component': 'gis_id', 'Type': 'integer(kind=8)', 'Dimensions': '-', 'Default': '0', 'Units': 'N/A', 'Description': '-', 'Swat_codetype': 'ob'}"
channel.con,3,5,lat,"{'Line in File': '3', 'Position in File': '5', 'Condition': 'if (ncs > 0)', 'Local (Y/N)': 'N', 'TYPE': 'ob', 'Component': 'lat', 'Type': 'real', 'Dimensions': '-', 'Default': '-', 'Units': 'N/A', 'Description': '-', 'Swat_codetype': 'ob'}","{'Line in File': '3', 'Position in File': '5', 'Condition': 'if (ncs > 0)', 'Local (Y/N)': 'N', 'TYPE': 'ob', 'Component': 'lat', 'Type': 'real', 'Dimensions': '-', 'Default': '0.', 'Units': 'N/A', 'Description': '-', 'Swat_codetype': 'ob'}"
channel.con,3,6,long,"{'Line in File': '3', 'Position in File': '6', 'Condition': 'if (ncs > 0)', 'Local (Y/N)': 'N', 'TYPE': 'ob', 'Component': 'long', 'Type': 'real', 'Dimensions': '-', 'Default': '-', 'Units': 'N/A', 'Description': '-', 'Swat_codetype': 'ob'}","{'Line in File': '3', 'Position in File': '6', 'Condition': 'if (ncs > 0)', 'Local (Y/N)': 'N', 'TYPE': 'ob', 'Component': 'long', 'Type': 'real', 'Dimensions': '-', 'Default': '0.', 'Units': 'N/A', 'Description': '-', 'Swat_codetype': 'ob'}"
channel.con,3,9,wst_c,"{'Line in File': '3', 'Position in File': '9', 'Condition': 'if (ncs > 0)', 'Local (Y/N)': 'N', 'TYPE': 'ob', 'Component': 'wst_c', 'Type': 'character(len=50)', 'Dimensions': '-', 'Default': '-', 'Units': 'N/A', 'Description': '-', 'Swat_codetype': 'ob'}","{'Line in File': '3', 'Position in File': '9', 'Condition': 'if (ncs > 0)', 'Local (Y/N)': 'N', 'TYPE': 'ob', 'Component': 'wst_c', 'Type': 'character(len=50)', 'Dimensions': '-', 'Default': '""""', 'Units': 'N/A', 'Description': '-', 'Swat_codetype': 'ob'}"
chem_app.ops,1,1,titldum,"{'Line in File': '1', 'Position in File': '1', 'Condition': '-', 'Local (Y/N)': 'Y', 'TYPE': '-', 'Component': 'titldum', 'Type': 'character(len=80)', 'Dimensions': '-', 'Default': '-', 'Units': 'N/A', 'Description': '-', 'Swat_codetype': '-'}","{'Line in File': '1', 'Position in File': '1', 'Condition': '-', 'Local (Y/N)': 'Y', 'TYPE': '-', 'Component': 'titldum', 'Type': 'character(len=80)', 'Dimensions': '-', 'Default': '""""', 'Units': 'N/A', 'Description': '-', 'Swat_codetype': '-'}"
chem_app.ops,2,1,header,"{'Line in File': '2', 'Position in File': '1', 'Condition': '-', 'Local (Y/N)': 'Y', 'TYPE': '-', 'Component': 'header', 'Type': 'character(len=80)', 'Dimensions': '-', 'Default': '-', 'Units': 'N/A', 'Description': '-', 'Swat_codetype': '-'}","{'Line in File': '2', 'Position in File': '1', 'Condition': '-', 'Local (Y/N)': 'Y', 'TYPE': '-', 'Component': 'header', 'Type': 'character(len=80)', 'Dimensions': '-', 'Default': '""""', 'Units': 'N/A', 'Description': '-', 'Swat_codetype': '-'}"
chem_app.ops,3,1,name,"{'Line in File': '3', 'Position in File': '1', 'Condition': '-', 'Local (Y/N)': 'N', 'TYPE': 'chemical_application_operation', 'Component': 'name', 'Type': 'character(len=40)', 'Dimensions': '-', 'Default': '-', 'Units': 'N/A', 'Description': '-', 'Swat_codetype': 'in_ops'}","{'Line in File': '3', 'Position in File': '1', 'Condition': '-', 'Local (Y/N)': 'N', 'TYPE': 'chemical_application_operation', 'Component': 'name', 'Type': 'character(len=40)', 'Dimensions': '-', 'Default': '""""', 'Units': 'N/A', 'Description': '-', 'Swat_codetype': 'in_ops'}"
cntable.lum,1,1,titldum,"{'Line in File': '1', 'Position in File': '1', 'Condition': '-', 'Local (Y/N)': 'Y', 'TYPE': '-', 'Component': 'titldum', 'Type': 'character(len=80)', 'Dimensions': '-', 'Default': '-', 'Units': 'N/A', 'Description': '-', 'Swat_codetype': '-'}","{'Line in File': '1', 'Position in File': '1', 'Condition': '-', 'Local (Y/N)': 'Y', 'TYPE': '-', 'Component': 'titldum', 'Type': 'character(len=80)', 'Dimensions': '-', 'Default': '""""', 'Units': 'N/A', 'Description': '-', 'Swat_codetype': '-'}"
cntable.lum,2,1,header,"{'Line in File': '2', 'Position in File': '1', 'Condition': '-', 'Local (Y/N)': 'Y', 'TYPE': '-', 'Component': 'header', 'Type': 'character(len=80)', 'Dimensions': '-', 'Default': '-', 'Units': 'N/A', 'Description': '-', 'Swat_codetype': '-'}","{'Line in File': '2', 'Position in File': '1', 'Condition': '-', 'Local (Y/N)': 'Y', 'TYPE': '-', 'Component': 'header', 'Type': 'character(len=80)', 'Dimensions': '-', 'Default': '""""', 'Units': 'N/A', 'Description': '-', 'Swat_codetype': '-'}"
cntable.lum,3,1,name,"{'Line in File': '3', 'Position in File': '1', 'Condition': '-', 'Local (Y/N)': 'N', 'TYPE': 'curvenumber_table', 'Component': 'name', 'Type': 'character(len=40)', 'Dimensions': '-', 'Default': '-', 'Units': 'N/A', 'Description': '-', 'Swat_codetype': 'in_lum'}","{'Line in File': '3', 'Position in File': '1', 'Condition': '-', 'Local (Y/N)': 'N', 'TYPE': 'curvenumber_table', 'Component': 'name', 'Type': 'character(len=40)', 'Dimensions': '-', 'Default': '""""', 'Units': 'N/A', 'Description': '-', 'Swat_codetype': 'in_lum'}"
co2_yr.dat,1,1,titldum,"{'Line in File': '1', 'Position in File': '1', 'Condition': '-', 'Local (Y/N)': 'Y', 'TYPE': '-', 'Component': 'titldum', 'Type': 'character(len=80)', 'Dimensions': '-', 'Default': '-', 'Units': 'N/A', 'Description': '-', 'Swat_codetype': '-'}","{'Line in File': '1', 'Position in File': '1', 'Condition': '-', 'Local (Y/N)': 'Y', 'TYPE': '-', 'Component': 'titldum', 'Type': 'character(len=80)', 'Dimensions': '-', 'Default': '""""', 'Units': 'N/A', 'Description': '-', 'Swat_codetype': '-'}"
co2_yr.dat,3,1,header,"{'Line in File': '3', 'Position in File': '1', 'Condition': '-', 'Local (Y/N)': 'Y', 'TYPE': '-', 'Component': 'header', 'Type': 'character(len=80)', 'Dimensions': '-', 'Default': '-', 'Units': 'N/A', 'Description': '-', 'Swat_codetype': '-'}","{'Line in File': '3', 'Position in File': '1', 'Condition': '-', 'Local (Y/N)': 'Y', 'TYPE': '-', 'Component': 'header', 'Type': 'character(len=80)', 'Dimensions': '-', 'Default': '""""', 'Units': 'N/A', 'Description': '-', 'Swat_codetype': '-'}"
codes.bsn,1,1,titldum,"{'Line in File': '1', 'Position in File': '1', 'Condition': '-', 'Local (Y/N)': 'Y', 'TYPE': '-', 'Component': 'titldum', 'Type': 'character(len=80)', 'Dimensions': '-', 'Default': '-', 'Units': 'N/A', 'Description': '-', 'Swat_codetype': '-'}","{'Line in File': '1', 'Position in File': '1', 'Condition': '-', 'Local (Y/N)': 'Y', 'TYPE': '-', 'Component': 'titldum', 'Type': 'character(len=80)', 'Dimensions': '-', 'Default': '""""', 'Units': 'N/A', 'Description': '-', 'Swat_codetype': '-'}"
codes.bsn,2,1,header,"{'Line in File': '2', 'Position in File': '1', 'Condition': '-', 'Local (Y/N)': 'Y', 'TYPE': '-', 'Component': 'header', 'Type': 'character(len=80)', 'Dimensions': '-', 'Default': '-', 'Units': 'N/A', 'Description': '-', 'Swat_codetype': '-'}","{'Line in File': '2', 'Position in File': '1', 'Condition': '-', 'Local (Y/N)': 'Y', 'TYPE': '-', 'Component': 'header', 'Type': 'character(len=80)', 'Dimensions': '-', 'Default': '""""', 'Units': 'N/A', 'Description': '-', 'Swat_codetype': '-'}"
codes.bsn,3,10,wq,"{'Line in File': '3', 'Position in File': '10', 'Condition': '-', 'Local (Y/N)': 'N', 'TYPE': 'basin_control_codes', 'Component': 'wq', 'Type': 'integer', 'Dimensions': '-', 'Default': '0', 'Units': 'N/A', 'Description': 'stream water quality code 0 do not model 1 model (QUAL2E)', 'Swat_codetype': 'in_basin'}","{'Line in File': '3', 'Position in File': '10', 'Condition': '-', 'Local (Y/N)': 'N', 'TYPE': 'basin_control_codes', 'Component': 'wq', 'Type': 'integer', 'Dimensions': '-', 'Default': '0', 'Units': 'N/A', 'Description': 'not used', 'Swat_codetype': 'in_basin'}"
codes.bsn,3,13,cfac,"{'Line in File': '3', 'Position in File': '13', 'Condition': '-', 'Local (Y/N)': 'N', 'TYPE': 'basin_control_codes', 'Component': 'cfac', 'Type': 'integer', 'Dimensions': '-', 'Default': '0', 'Units': 'N/A', 'Description': '0 = C-factor calc using CMIN 1 = for new C-factor from RUSLE (no min needed)', 'Swat_codetype': 'in_basin'}","{'Line in File': '3', 'Position in File': '13', 'Condition': '-', 'Local (Y/N)': 'N', 'TYPE': 'basin_control_codes', 'Component': 'cfac', 'Type': 'integer', 'Dimensions': '-', 'Default': '0', 'Units': 'N/A', 'Description': 'not used', 'Swat_codetype': 'in_basin'}"
codes.bsn,3,17,sed_ch,"{'Line in File': '3', 'Position in File': '17', 'Condition': '-', 'Local (Y/N)': 'N', 'TYPE': 'basin_control_codes', 'Component': 'sed_ch', 'Type': 'integer', 'Dimensions': '-', 'Default': '0', 'Units': 'N/A', 'Description': 'Instream sediment model 0 = Bagnold model 1 = Brownlie model 2 = Yang model', 'Swat_codetype': 'in_basin'}","{'Line in File': '3', 'Position in File': '17', 'Condition': '-', 'Local (Y/N)': 'N', 'TYPE': 'basin_control_codes', 'Component': 'sed_ch', 'Type': 'integer', 'Dimensions': '-', 'Default': '0', 'Units': 'N/A', 'Description': 'not used', 'Swat_codetype': 'in_basin'}"
codes.bsn,3,18,tdrn,"{'Line in File': '3', 'Position in File': '18', 'Condition': '-', 'Local (Y/N)': 'N', 'TYPE': 'basin_control_codes', 'Component': 'tdrn', 'Type': 'integer', 'Dimensions': '-', 'Default': '0', 'Units': 'N/A', 'Description': 'tile drainage eq code 1 = sim tile flow using subsurface drains (wt_shall) 0 = sim tile flow...', 'Swat_codetype': 'in_basin'}","{'Line in File': '3', 'Position in File': '18', 'Condition': '-', 'Local (Y/N)': 'N', 'TYPE': 'basin_control_codes', 'Component': 'tdrn', 'Type': 'integer', 'Dimensions': '-', 'Default': '0', 'Units': 'N/A', 'Description': 'tile drainage eq code 0 = tile flow using drawdown days equation 1 = tile flow using drainmod equations', 'Swat_codetype': 'in_basin'}"
codes.bsn,3,19,wtdn,"{'Line in File': '3', 'Position in File': '19', 'Condition': '-', 'Local (Y/N)': 'N', 'TYPE': 'basin_control_codes', 'Component': 'wtdn', 'Type': 'integer', 'Dimensions': '-', 'Default': '0', 'Units': 'N/A', 'Description': 'water table depth algorithms code 1 = sim wt_shall using subsurface new water table depth...', 'Swat_codetype': 'in_basin'}","{'Line in File': '3', 'Position in File': '19', 'Condition': '-', 'Local (Y/N)': 'N', 'TYPE': 'basin_control_codes', 'Component': 'wtdn', 'Type': 'integer', 'Dimensions': '-', 'Default': '0', 'Units': 'N/A', 'Description': 'shallow water table depth algorithms code 0 = depth using orig water table depth routine - fill...', 'Swat_codetype': 'in_basin'}"
codes.bsn,3,2,wwqfile,"{'Line in File': '3', 'Position in File': '2', 'Condition': '-', 'Local (Y/N)': 'N', 'TYPE': 'basin_control_codes', 'Component': 'wwqfile', 'Type': 'character(len=16)', 'Dimensions': '-', 'Default': '-', 'Units': 'N/A', 'Description': 'watershed stream water quality filename', 'Swat_codetype': 'in_basin'}","{'Line in File': '3', 'Position in File': '2', 'Condition': '-', 'Local (Y/N)': 'N', 'TYPE': 'basin_control_codes', 'Component': 'wwqfile', 'Type': 'character(len=16)', 'Dimensions': '-', 'Default': '""""', 'Units': 'N/A', 'Description': 'watershed stream water quality filename', 'Swat_codetype': 'in_basin'}"
codes.bsn,3,20,sol_p_model,"{'Line in File': '3', 'Position in File': '20', 'Condition': '-', 'Local (Y/N)': 'N', 'TYPE': 'basin_control_codes', 'Component': 'sol_p_model', 'Type': 'integer', 'Dimensions': '-', 'Default': '0', 'Units': 'N/A', 'Description': '1 = new soil P model', 'Swat_codetype': 'in_basin'}","{'Line in File': '3', 'Position in File': '20', 'Condition': '-', 'Local (Y/N)': 'N', 'TYPE': 'basin_control_codes', 'Component': 'sol_p_model', 'Type': 'integer', 'Dimensions': '-', 'Default': '0', 'Units': 'N/A', 'Description': '0 = original soil P model in SWAT documentation 1 = new soil P model in Vadas and White (2010)', 'Swat_codetype': 'in_basin'}"
codes.bsn,3,22,atmo,"{'Line in File': '3', 'Position in File': '22', 'Condition': '-', 'Local (Y/N)': 'N', 'TYPE': 'basin_control_codes', 'Component': 'atmo', 'Type': 'character(len=1)', 'Dimensions': '-', 'Default': '""a""', 'Units': 'N/A', 'Description': 'atmospheric deposition interval ""m"" = monthly ""y"" = yearly ""a"" = annual', 'Swat_codetype': 'in_basin'}","{'Line in File': '3', 'Position in File': '22', 'Condition': '-', 'Local (Y/N)': 'N', 'TYPE': 'basin_control_codes', 'Component': 'atmo', 'Type': 'character(len=1)', 'Dimensions': '-', 'Default': '""a""', 'Units': 'N/A', 'Description': 'not used', 'Swat_codetype': 'in_basin'}"
codes.bsn,3,23,smax,"{'Line in File': '3', 'Position in File': '23', 'Condition': '-', 'Local (Y/N)': 'N', 'TYPE': 'basin_control_codes', 'Component': 'smax', 'Type': 'integer', 'Dimensions': '-', 'Default': '0', 'Units': 'N/A', 'Description': 'max depressional storage selection code 1 = dynamic stmaxd computed as a cunfction of random...', 'Swat_codetype': 'in_basin'}","{'Line in File': '3', 'Position in File': '23', 'Condition': '-', 'Local (Y/N)': 'N', 'TYPE': 'basin_control_codes', 'Component': 'smax', 'Type': 'integer', 'Dimensions': '-', 'Default': '0', 'Units': 'N/A', 'Description': 'not used', 'Swat_codetype': 'in_basin'}"
codes.bsn,3,24,i_fpwet,"{'Line in File': '3', 'Position in File': '24', 'Condition': '-', 'Local (Y/N)': 'N', 'TYPE': 'basin_control_codes', 'Component': 'i_fpwet', 'Type': 'integer', 'Dimensions': '-', 'Default': '0', 'Units': 'N/A', 'Description': '0 = daily routing 1 = sudaily routing - no flood plain interaction 2 = sudaily routing - flood...', 'Swat_codetype': 'in_basin'}",
codes.bsn,3,24,qual2e,,"{'Line in File': '3', 'Position in File': '24', 'Condition': '-', 'Local (Y/N)': 'N', 'TYPE': 'basin_control_codes', 'Component': 'qual2e', 'Type': 'integer', 'Dimensions': '-', 'Default': '0', 'Units': 'N/A', 'Description': '0 = instream nutrient routing using QUAL2E 1 = instream nutrient routing using QUAL2E - with...', 'Swat_codetype': 'in_basin'}"
codes.bsn,3,26,idc_till,,"{'Line in File': '3', 'Position in File': '26', 'Condition': '-', 'Local (Y/N)': 'N', 'TYPE': 'basin_control_codes', 'Component': 'idc_till', 'Type': 'integer', 'Dimensions': '-', 'Default': '3', 'Units': 'N/A', 'Description': '1 = Use dssat tillage method to use if cswat = 2 2 = Use epic tillage method to use if cswat = 2...', 'Swat_codetype': 'in_basin'}"
codes.bsn,3,3,pet,"{'Line in File': '3', 'Position in File': '3', 'Condition': '-', 'Local (Y/N)': 'N', 'TYPE': 'basin_control_codes', 'Component': 'pet', 'Type': 'integer', 'Dimensions': '-', 'Default': '0', 'Units': 'N/A', 'Description': 'potential ET method code 0 = Priestley-Taylor 1 = Penman-Monteith 2 = Hargreaves method 3 = read...', 'Swat_codetype': 'in_basin'}","{'Line in File': '3', 'Position in File': '3', 'Condition': '-', 'Local (Y/N)': 'N', 'TYPE': 'basin_control_codes', 'Component': 'pet', 'Type': 'integer', 'Dimensions': '-', 'Default': '0', 'Units': 'N/A', 'Description': 'potential ET method code 0 = Priestley-Taylor 1 = Penman-Monteith 2 = Hargreaves method', 'Swat_codetype': 'in_basin'}"
codes.bsn,3,4,event,"{'Line in File': '3', 'Position in File': '4', 'Condition': '-', 'Local (Y/N)': 'N', 'TYPE': 'basin_control_codes', 'Component': 'event', 'Type': 'integer', 'Dimensions': '-', 'Default': '0', 'Units': 'N/A', 'Description': 'event code', 'Swat_codetype': 'in_basin'}",
codes.bsn,3,4,nam1,,"{'Line in File': '3', 'Position in File': '4', 'Condition': '-', 'Local (Y/N)': 'N', 'TYPE': 'basin_control_codes', 'Component': 'nam1', 'Type': 'integer', 'Dimensions': '-', 'Default': '0', 'Units': 'N/A', 'Description': 'not used', 'Swat_codetype': 'in_basin'}"
codes.bsn,3,7,sed_det,"{'Line in File': '3', 'Position in File': '7', 'Condition': '-', 'Local (Y/N)': 'N', 'TYPE': 'basin_control_codes', 'Component': 'sed_det', 'Type': 'integer', 'Dimensions': '-', 'Default': '0', 'Units': 'N/A', 'Description': 'max half-hour rainfall frac calc 0 = gen from triangular dist 1 = use monthly mean frac', 'Swat_codetype': 'in_basin'}","{'Line in File': '3', 'Position in File': '7', 'Condition': '-', 'Local (Y/N)': 'N', 'TYPE': 'basin_control_codes', 'Component': 'sed_det', 'Type': 'integer', 'Dimensions': '-', 'Default': '0', 'Units': 'N/A', 'Description': 'peak rate method 0 = NRCS dimensionless hydrograph with PRF 1 = half hour rainfall intensity method', 'Swat_codetype': 'in_basin'}"
codes.bsn,3,9,deg,"{'Line in File': '3', 'Position in File': '9', 'Condition': '-', 'Local (Y/N)': 'N', 'TYPE': 'basin_control_codes', 'Component': 'deg', 'Type': 'integer', 'Dimensions': '-', 'Default': '0', 'Units': 'N/A', 'Description': 'channel degradation code 0 = do not compute 1 = compute (downcutting and widening)', 'Swat_codetype': 'in_basin'}","{'Line in File': '3', 'Position in File': '9', 'Condition': '-', 'Local (Y/N)': 'N', 'TYPE': 'basin_control_codes', 'Component': 'deg', 'Type': 'integer', 'Dimensions': '-', 'Default': '0', 'Units': 'N/A', 'Description': 'not used', 'Swat_codetype': 'in_basin'}"
codes.sft,1,1,titldum,"{'Line in File': '1', 'Position in File': '1', 'Condition': '-', 'Local (Y/N)': 'Y', 'TYPE': '-', 'Component': 'titldum', 'Type': 'character(len=80)', 'Dimensions': '-', 'Default': '-', 'Units': 'N/A', 'Description': '-', 'Swat_codetype': '-'}","{'Line in File': '1', 'Position in File': '1', 'Condition': '-', 'Local (Y/N)': 'Y', 'TYPE': '-', 'Component': 'titldum', 'Type': 'character(len=80)', 'Dimensions': '-', 'Default': '""""', 'Units': 'N/A', 'Description': '-', 'Swat_codetype': '-'}"
codes.sft,2,1,header,"{'Line in File': '2', 'Position in File': '1', 'Condition': '-', 'Local (Y/N)': 'Y', 'TYPE': '-', 'Component': 'header', 'Type': 'character(len=80)', 'Dimensions': '-', 'Default': '-', 'Units': 'N/A', 'Description': '-', 'Swat_codetype': '-'}","{'Line in File': '2', 'Position in File': '1', 'Condition': '-', 'Local (Y/N)': 'Y', 'TYPE': '-', 'Component': 'header', 'Type': 'character(len=80)', 'Dimensions': '-', 'Default': '""""', 'Units': 'N/A', 'Description': '-', 'Swat_codetype': '-'}"
cons_practice.lum,1,1,titldum,"{'Line in File': '1', 'Position in File': '1', 'Condition': '-', 'Local (Y/N)': 'Y', 'TYPE': '-', 'Component': 'titldum', 'Type': 'character(len=80)', 'Dimensions': '-', 'Default': '-', 'Units': 'N/A', 'Description': '-', 'Swat_codetype': '-'}","{'Line in File': '1', 'Position in File': '1', 'Condition': '-', 'Local (Y/N)': 'Y', 'TYPE': '-', 'Component': 'titldum', 'Type': 'character(len=80)', 'Dimensions': '-', 'Default': '""""', 'Units': 'N/A', 'Description': '-', 'Swat_codetype': '-'}"
cons_practice.lum,2,1,header,"{'Line in File': '2', 'Position in File': '1', 'Condition': '-', 'Local (Y/N)': 'Y', 'TYPE': '-', 'Component': 'header', 'Type': 'character(len=80)', 'Dimensions': '-', 'Default': '-', 'Units': 'N/A', 'Description': '-', 'Swat_codetype': '-'}","{'Line in File': '2', 'Position in File': '1', 'Condition': '-', 'Local (Y/N)': 'Y', 'TYPE': '-', 'Component': 'header', 'Type': 'character(len=80)', 'Dimensions': '-', 'Default': '""""', 'Units': 'N/A', 'Description': '-', 'Swat_codetype': '-'}"
cons_practice.lum,3,1,name,"{'Line in File': '3', 'Position in File': '1', 'Condition': '-', 'Local (Y/N)': 'N', 'TYPE': 'conservation_practice_table', 'Component': 'name', 'Type': 'character(len=40)', 'Dimensions': '-', 'Default': '-', 'Units': 'N/A', 'Description': '-', 'Swat_codetype': 'in_lum'}","{'Line in File': '3', 'Position in File': '1', 'Condition': '-', 'Local (Y/N)': 'N', 'TYPE': 'conservation_practice_table', 'Component': 'name', 'Type': 'character(len=40)', 'Dimensions': '-', 'Default': '""""', 'Units': 'N/A', 'Description': '-', 'Swat_codetype': 'in_lum'}"
constituents.cs,1,1,titldum,"{'Line in File': '1', 'Position in File': '1', 'Condition': '-', 'Local (Y/N)': 'Y', 'TYPE': '-', 'Component': 'titldum', 'Type': 'character(len=80)', 'Dimensions': '-', 'Default': '-', 'Units': 'N/A', 'Description': '-', 'Swat_codetype': '-'}","{'Line in File': '1', 'Position in File': '1', 'Condition': '-', 'Local (Y/N)': 'Y', 'TYPE': '-', 'Component': 'titldum', 'Type': 'character(len=80)', 'Dimensions': '-', 'Default': '""""', 'Units': 'N/A', 'Description': '-', 'Swat_codetype': '-'}"
cs_aqu.ini,1,1,titldum,"{'Line in File': '1', 'Position in File': '1', 'Condition': '-', 'Local (Y/N)': 'Y', 'TYPE': '-', 'Component': 'titldum', 'Type': 'character(len=80)', 'Dimensions': '-', 'Default': '-', 'Units': 'N/A', 'Description': '-', 'Swat_codetype': '-'}","{'Line in File': '1', 'Position in File': '1', 'Condition': '-', 'Local (Y/N)': 'Y', 'TYPE': '-', 'Component': 'titldum', 'Type': 'character(len=80)', 'Dimensions': '-', 'Default': '""""', 'Units': 'N/A', 'Description': '-', 'Swat_codetype': '-'}"
cs_aqu.ini,2,1,header,"{'Line in File': '2', 'Position in File': '1', 'Condition': '-', 'Local (Y/N)': 'Y', 'TYPE': '-', 'Component': 'header', 'Type': 'character(len=80)', 'Dimensions': '-', 'Default': '-', 'Units': 'N/A', 'Description': '-', 'Swat_codetype': '-'}","{'Line in File': '2', 'Position in File': '1', 'Condition': '-', 'Local (Y/N)': 'Y', 'TYPE': '-', 'Component': 'header', 'Type': 'character(len=80)', 'Dimensions': '-', 'Default': '""""', 'Units': 'N/A', 'Description': '-', 'Swat_codetype': '-'}"
cs_aqu.ini,3,1,header,"{'Line in File': '3', 'Position in File': '1', 'Condition': '-', 'Local (Y/N)': 'Y', 'TYPE': '-', 'Component': 'header', 'Type': 'character(len=80)', 'Dimensions': '-', 'Default': '-', 'Units': 'N/A', 'Description': '-', 'Swat_codetype': '-'}","{'Line in File': '3', 'Position in File': '1', 'Condition': '-', 'Local (Y/N)': 'Y', 'TYPE': '-', 'Component': 'header', 'Type': 'character(len=80)', 'Dimensions': '-', 'Default': '""""', 'Units': 'N/A', 'Description': '-', 'Swat_codetype': '-'}"
cs_aqu.ini,4,1,name,"{'Line in File': '4', 'Position in File': '1', 'Condition': '-', 'Local (Y/N)': 'N', 'TYPE': 'cs_aqu_ini', 'Component': 'name', 'Type': 'character(len=16)', 'Dimensions': '-', 'Default': '-', 'Units': 'N/A', 'Description': 'name of the constituent - points to constituent database', 'Swat_codetype': 'cs_aqu_ini'}","{'Line in File': '4', 'Position in File': '1', 'Condition': '-', 'Local (Y/N)': 'N', 'TYPE': 'cs_aqu_ini', 'Component': 'name', 'Type': 'character(len=16)', 'Dimensions': '-', 'Default': '""""', 'Units': 'N/A', 'Description': 'name of the constituent - points to constituent database', 'Swat_codetype': 'cs_aqu_ini'}"
cs_atmo.cli,10,1,station_name,"{'Line in File': '10', 'Position in File': '1', 'Condition': 'if (atmodep_cont%timestep == ""yr"")', 'Local (Y/N)': 'Y', 'TYPE': '-', 'Component': 'station_name', 'Type': 'real', 'Dimensions': '-', 'Default': '-', 'Units': 'N/A', 'Description': '-', 'Swat_codetype': '-'}","{'Line in File': '10', 'Position in File': '1', 'Condition': 'if (atmodep_cont%timestep == ""yr"")', 'Local (Y/N)': 'Y', 'TYPE': '-', 'Component': 'station_name', 'Type': 'real', 'Dimensions': '-', 'Default': '0.', 'Units': 'N/A', 'Description': '-', 'Swat_codetype': '-'}"
cs_atmo.cli,4,1,station_name,"{'Line in File': '4', 'Position in File': '1', 'Condition': 'if (atmodep_cont%timestep == ""aa"")', 'Local (Y/N)': 'Y', 'TYPE': '-', 'Component': 'station_name', 'Type': 'real', 'Dimensions': '-', 'Default': '-', 'Units': 'N/A', 'Description': '-', 'Swat_codetype': '-'}","{'Line in File': '4', 'Position in File': '1', 'Condition': 'if (atmodep_cont%timestep == ""aa"")', 'Local (Y/N)': 'Y', 'TYPE': '-', 'Component': 'station_name', 'Type': 'real', 'Dimensions': '-', 'Default': '0.', 'Units': 'N/A', 'Description': '-', 'Swat_codetype': '-'}"
cs_atmo.cli,7,1,station_name,"{'Line in File': '7', 'Position in File': '1', 'Condition': 'if (atmodep_cont%timestep == ""mo"")', 'Local (Y/N)': 'Y', 'TYPE': '-', 'Component': 'station_name', 'Type': 'real', 'Dimensions': '-', 'Default': '-', 'Units': 'N/A', 'Description': '-', 'Swat_codetype': '-'}","{'Line in File': '7', 'Position in File': '1', 'Condition': 'if (atmodep_cont%timestep == ""mo"")', 'Local (Y/N)': 'Y', 'TYPE': '-', 'Component': 'station_name', 'Type': 'real', 'Dimensions': '-', 'Default': '0.', 'Units': 'N/A', 'Description': '-', 'Swat_codetype': '-'}"
cs_channel.ini,1,1,titldum,"{'Line in File': '1', 'Position in File': '1', 'Condition': '-', 'Local (Y/N)': 'Y', 'TYPE': '-', 'Component': 'titldum', 'Type': 'character(len=80)', 'Dimensions': '-', 'Default': '-', 'Units': 'N/A', 'Description': '-', 'Swat_codetype': '-'}","{'Line in File': '1', 'Position in File': '1', 'Condition': '-', 'Local (Y/N)': 'Y', 'TYPE': '-', 'Component': 'titldum', 'Type': 'character(len=80)', 'Dimensions': '-', 'Default': '""""', 'Units': 'N/A', 'Description': '-', 'Swat_codetype': '-'}"
cs_channel.ini,2,1,header,"{'Line in File': '2', 'Position in File': '1', 'Condition': '-', 'Local (Y/N)': 'Y', 'TYPE': '-', 'Component': 'header', 'Type': 'character(len=80)', 'Dimensions': '-', 'Default': '-', 'Units': 'N/A', 'Description': '-', 'Swat_codetype': '-'}","{'Line in File': '2', 'Position in File': '1', 'Condition': '-', 'Local (Y/N)': 'Y', 'TYPE': '-', 'Component': 'header', 'Type': 'character(len=80)', 'Dimensions': '-', 'Default': '""""', 'Units': 'N/A', 'Description': '-', 'Swat_codetype': '-'}"
cs_channel.ini,3,1,name,"{'Line in File': '3', 'Position in File': '1', 'Condition': '-', 'Local (Y/N)': 'N', 'TYPE': 'cs_cha_ini', 'Component': 'name', 'Type': 'character(len=16)', 'Dimensions': '-', 'Default': '-', 'Units': 'N/A', 'Description': 'name of the constituent - points to salt ion database', 'Swat_codetype': 'cs_cha_ini'}","{'Line in File': '3', 'Position in File': '1', 'Condition': '-', 'Local (Y/N)': 'N', 'TYPE': 'cs_cha_ini', 'Component': 'name', 'Type': 'character(len=16)', 'Dimensions': '-', 'Default': '""""', 'Units': 'N/A', 'Description': 'name of the constituent - points to salt ion database', 'Swat_codetype': 'cs_cha_ini'}"
cs_hru.ini,1,1,titldum,"{'Line in File': '1', 'Position in File': '1', 'Condition': '-', 'Local (Y/N)': 'Y', 'TYPE': '-', 'Component': 'titldum', 'Type': 'character(len=80)', 'Dimensions': '-', 'Default': '-', 'Units': 'N/A', 'Description': '-', 'Swat_codetype': '-'}","{'Line in File': '1', 'Position in File': '1', 'Condition': '-', 'Local (Y/N)': 'Y', 'TYPE': '-', 'Component': 'titldum', 'Type': 'character(len=80)', 'Dimensions': '-', 'Default': '""""', 'Units': 'N/A', 'Description': '-', 'Swat_codetype': '-'}"
cs_hru.ini,2,1,header,"{'Line in File': '2', 'Position in File': '1', 'Condition': '-', 'Local (Y/N)': 'Y', 'TYPE': '-', 'Component': 'header', 'Type': 'character(len=80)', 'Dimensions': '-', 'Default': '-', 'Units': 'N/A', 'Description': '-', 'Swat_codetype': '-'}","{'Line in File': '2', 'Position in File': '1', 'Condition': '-', 'Local (Y/N)': 'Y', 'TYPE': '-', 'Component': 'header', 'Type': 'character(len=80)', 'Dimensions': '-', 'Default': '""""', 'Units': 'N/A', 'Description': '-', 'Swat_codetype': '-'}"
cs_hru.ini,3,1,header,"{'Line in File': '3', 'Position in File': '1', 'Condition': '-', 'Local (Y/N)': 'Y', 'TYPE': '-', 'Component': 'header', 'Type': 'character(len=80)', 'Dimensions': '-', 'Default': '-', 'Units': 'N/A', 'Description': '-', 'Swat_codetype': '-'}","{'Line in File': '3', 'Position in File': '1', 'Condition': '-', 'Local (Y/N)': 'Y', 'TYPE': '-', 'Component': 'header', 'Type': 'character(len=80)', 'Dimensions': '-', 'Default': '""""', 'Units': 'N/A', 'Description': '-', 'Swat_codetype': '-'}"
cs_hru.ini,4,1,header,"{'Line in File': '4', 'Position in File': '1', 'Condition': '-', 'Local (Y/N)': 'Y', 'TYPE': '-', 'Component': 'header', 'Type': 'character(len=80)', 'Dimensions': '-', 'Default': '-', 'Units': 'N/A', 'Description': '-', 'Swat_codetype': '-'}","{'Line in File': '4', 'Position in File': '1', 'Condition': '-', 'Local (Y/N)': 'Y', 'TYPE': '-', 'Component': 'header', 'Type': 'character(len=80)', 'Dimensions': '-', 'Default': '""""', 'Units': 'N/A', 'Description': '-', 'Swat_codetype': '-'}"
cs_hru.ini,5,1,header,"{'Line in File': '5', 'Position in File': '1', 'Condition': '-', 'Local (Y/N)': 'Y', 'TYPE': '-', 'Component': 'header', 'Type': 'character(len=80)', 'Dimensions': '-', 'Default': '-', 'Units': 'N/A', 'Description': '-', 'Swat_codetype': '-'}","{'Line in File': '5', 'Position in File': '1', 'Condition': '-', 'Local (Y/N)': 'Y', 'TYPE': '-', 'Component': 'header', 'Type': 'character(len=80)', 'Dimensions': '-', 'Default': '""""', 'Units': 'N/A', 'Description': '-', 'Swat_codetype': '-'}"
cs_hru.ini,6,1,name,"{'Line in File': '6', 'Position in File': '1', 'Condition': '-', 'Local (Y/N)': 'N', 'TYPE': 'cs_soil_ini', 'Component': 'name', 'Type': 'character(len=16)', 'Dimensions': '-', 'Default': '-', 'Units': 'N/A', 'Description': 'name of the constituent - points to constituent database', 'Swat_codetype': 'cs_soil_ini'}","{'Line in File': '6', 'Position in File': '1', 'Condition': '-', 'Local (Y/N)': 'N', 'TYPE': 'cs_soil_ini', 'Component': 'name', 'Type': 'character(len=16)', 'Dimensions': '-', 'Default': '""""', 'Units': 'N/A', 'Description': 'name of the constituent - points to constituent database', 'Swat_codetype': 'cs_soil_ini'}"
cs_irrigation,1,1,titldum,"{'Line in File': '1', 'Position in File': '1', 'Condition': '-', 'Local (Y/N)': 'Y', 'TYPE': '-', 'Component': 'titldum', 'Type': 'character(len=80)', 'Dimensions': '-', 'Default': '-', 'Units': 'N/A', 'Description': '-', 'Swat_codetype': '-'}","{'Line in File': '1', 'Position in File': '1', 'Condition': '-', 'Local (Y/N)': 'Y', 'TYPE': '-', 'Component': 'titldum', 'Type': 'character(len=80)', 'Dimensions': '-', 'Default': '""""', 'Units': 'N/A', 'Description': '-', 'Swat_codetype': '-'}"
cs_irrigation,2,1,header,"{'Line in File': '2', 'Position in File': '1', 'Condition': '-', 'Local (Y/N)': 'Y', 'TYPE': '-', 'Component': 'header', 'Type': 'character(len=80)', 'Dimensions': '-', 'Default': '-', 'Units': 'N/A', 'Description': '-', 'Swat_codetype': '-'}","{'Line in File': '2', 'Position in File': '1', 'Condition': '-', 'Local (Y/N)': 'Y', 'TYPE': '-', 'Component': 'header', 'Type': 'character(len=80)', 'Dimensions': '-', 'Default': '""""', 'Units': 'N/A', 'Description': '-', 'Swat_codetype': '-'}"
cs_irrigation,3,1,name,"{'Line in File': '3', 'Position in File': '1', 'Condition': '-', 'Local (Y/N)': 'N', 'TYPE': 'cs_water_irr', 'Component': 'name', 'Type': 'character(len=16)', 'Dimensions': '-', 'Default': '-', 'Units': 'N/A', 'Description': 'name of the constituent - points to constituent database', 'Swat_codetype': 'cs_water_irr'}","{'Line in File': '3', 'Position in File': '1', 'Condition': '-', 'Local (Y/N)': 'N', 'TYPE': 'cs_water_irr', 'Component': 'name', 'Type': 'character(len=16)', 'Dimensions': '-', 'Default': '""""', 'Units': 'N/A', 'Description': 'name of the constituent - points to constituent database', 'Swat_codetype': 'cs_water_irr'}"
cs_plants_boron,1,1,titldum,"{'Line in File': '1', 'Position in File': '1', 'Condition': '-', 'Local (Y/N)': 'Y', 'TYPE': '-', 'Component': 'titldum', 'Type': 'character(len=80)', 'Dimensions': '-', 'Default': '-', 'Units': 'N/A', 'Description': '-', 'Swat_codetype': '-'}","{'Line in File': '1', 'Position in File': '1', 'Condition': '-', 'Local (Y/N)': 'Y', 'TYPE': '-', 'Component': 'titldum', 'Type': 'character(len=80)', 'Dimensions': '-', 'Default': '""""', 'Units': 'N/A', 'Description': '-', 'Swat_codetype': '-'}"
cs_plants_boron,3,1,bor_tol_sim,"{'Line in File': '3', 'Position in File': '1', 'Condition': '-', 'Local (Y/N)': 'N', 'TYPE': '-', 'Component': 'bor_tol_sim', 'Type': 'integer', 'Dimensions': '-', 'Default': '-', 'Units': 'N/A', 'Description': '-', 'Swat_codetype': 'bor_tol_sim'}","{'Line in File': '3', 'Position in File': '1', 'Condition': '-', 'Local (Y/N)': 'N', 'TYPE': '-', 'Component': 'bor_tol_sim', 'Type': 'integer', 'Dimensions': '-', 'Default': '0', 'Units': 'N/A', 'Description': '-', 'Swat_codetype': 'bor_tol_sim'}"
cs_plants_boron,4,1,header,"{'Line in File': '4', 'Position in File': '1', 'Condition': '-', 'Local (Y/N)': 'Y', 'TYPE': '-', 'Component': 'header', 'Type': 'character(len=80)', 'Dimensions': '-', 'Default': '-', 'Units': 'N/A', 'Description': '-', 'Swat_codetype': '-'}","{'Line in File': '4', 'Position in File': '1', 'Condition': '-', 'Local (Y/N)': 'Y', 'TYPE': '-', 'Component': 'header', 'Type': 'character(len=80)', 'Dimensions': '-', 'Default': '""""', 'Units': 'N/A', 'Description': '-', 'Swat_codetype': '-'}"
cs_plants_boron,5,1,header,"{'Line in File': '5', 'Position in File': '1', 'Condition': '-', 'Local (Y/N)': 'Y', 'TYPE': '-', 'Component': 'header', 'Type': 'character(len=80)', 'Dimensions': '-', 'Default': '-', 'Units': 'N/A', 'Description': '-', 'Swat_codetype': '-'}","{'Line in File': '5', 'Position in File': '1', 'Condition': '-', 'Local (Y/N)': 'Y', 'TYPE': '-', 'Component': 'header', 'Type': 'character(len=80)', 'Dimensions': '-', 'Default': '""""', 'Units': 'N/A', 'Description': '-', 'Swat_codetype': '-'}"
cs_plants_boron,6,1,header,"{'Line in File': '6', 'Position in File': '1', 'Condition': '-', 'Local (Y/N)': 'Y', 'TYPE': '-', 'Component': 'header', 'Type': 'character(len=80)', 'Dimensions': '-', 'Default': '-', 'Units': 'N/A', 'Description': '-', 'Swat_codetype': '-'}","{'Line in File': '6', 'Position in File': '1', 'Condition': '-', 'Local (Y/N)': 'Y', 'TYPE': '-', 'Component': 'header', 'Type': 'character(len=80)', 'Dimensions': '-', 'Default': '""""', 'Units': 'N/A', 'Description': '-', 'Swat_codetype': '-'}"
cs_plants_boron,7,1,header,"{'Line in File': '7', 'Position in File': '1', 'Condition': '-', 'Local (Y/N)': 'Y', 'TYPE': '-', 'Component': 'header', 'Type': 'character(len=80)', 'Dimensions': '-', 'Default': '-', 'Units': 'N/A', 'Description': '-', 'Swat_codetype': '-'}","{'Line in File': '7', 'Position in File': '1', 'Condition': '-', 'Local (Y/N)': 'Y', 'TYPE': '-', 'Component': 'header', 'Type': 'character(len=80)', 'Dimensions': '-', 'Default': '""""', 'Units': 'N/A', 'Description': '-', 'Swat_codetype': '-'}"
cs_plants_boron,8,1,plant_name,"{'Line in File': '8', 'Position in File': '1', 'Condition': '-', 'Local (Y/N)': 'Y', 'TYPE': '-', 'Component': 'plant_name', 'Type': 'character(len=12)', 'Dimensions': '-', 'Default': '-', 'Units': 'N/A', 'Description': '-', 'Swat_codetype': '-'}","{'Line in File': '8', 'Position in File': '1', 'Condition': '-', 'Local (Y/N)': 'Y', 'TYPE': '-', 'Component': 'plant_name', 'Type': 'character(len=12)', 'Dimensions': '-', 'Default': '""""', 'Units': 'N/A', 'Description': '-', 'Swat_codetype': '-'}"
cs_reactions,1,1,titldum,"{'Line in File': '1', 'Position in File': '1', 'Condition': '-', 'Local (Y/N)': 'Y', 'TYPE': '-', 'Component': 'titldum', 'Type': 'character(len=80)', 'Dimensions': '-', 'Default': '-', 'Units': 'N/A', 'Description': '-', 'Swat_codetype': '-'}","{'Line in File': '1', 'Position in File': '1', 'Condition': '-', 'Local (Y/N)': 'Y', 'TYPE': '-', 'Component': 'titldum', 'Type': 'character(len=80)', 'Dimensions': '-', 'Default': '""""', 'Units': 'N/A', 'Description': '-', 'Swat_codetype': '-'}"
cs_reactions,10,1,header,"{'Line in File': '10', 'Position in File': '1', 'Condition': 'if (sp_ob%aqu > 0)', 'Local (Y/N)': 'Y', 'TYPE': '-', 'Component': 'header', 'Type': 'character(len=80)', 'Dimensions': '-', 'Default': '-', 'Units': 'N/A', 'Description': '-', 'Swat_codetype': '-'}","{'Line in File': '10', 'Position in File': '1', 'Condition': 'if (sp_ob%aqu > 0)', 'Local (Y/N)': 'Y', 'TYPE': '-', 'Component': 'header', 'Type': 'character(len=80)', 'Dimensions': '-', 'Default': '""""', 'Units': 'N/A', 'Description': '-', 'Swat_codetype': '-'}"
cs_reactions,11,1,aqu_dum,"{'Line in File': '11', 'Position in File': '1', 'Condition': 'if (sp_ob%aqu > 0)', 'Local (Y/N)': 'Y', 'TYPE': '-', 'Component': 'aqu_dum', 'Type': 'integer', 'Dimensions': '-', 'Default': '-', 'Units': 'N/A', 'Description': '-', 'Swat_codetype': '-'}","{'Line in File': '11', 'Position in File': '1', 'Condition': 'if (sp_ob%aqu > 0)', 'Local (Y/N)': 'Y', 'TYPE': '-', 'Component': 'aqu_dum', 'Type': 'integer', 'Dimensions': '-', 'Default': '0', 'Units': 'N/A', 'Description': '-', 'Swat_codetype': '-'}"
cs_reactions,11,2,group,"{'Line in File': '11', 'Position in File': '2', 'Condition': 'if (sp_ob%aqu > 0)', 'Local (Y/N)': 'Y', 'TYPE': '-', 'Component': 'group', 'Type': 'integer', 'Dimensions': '-', 'Default': '-', 'Units': 'N/A', 'Description': '-', 'Swat_codetype': '-'}","{'Line in File': '11', 'Position in File': '2', 'Condition': 'if (sp_ob%aqu > 0)', 'Local (Y/N)': 'Y', 'TYPE': '-', 'Component': 'group', 'Type': 'integer', 'Dimensions': '-', 'Default': '0', 'Units': 'N/A', 'Description': '-', 'Swat_codetype': '-'}"
cs_reactions,11,3,shale_fractions(ishale),"{'Line in File': '11', 'Position in File': '3', 'Condition': 'if (sp_ob%aqu > 0)', 'Local (Y/N)': 'Y', 'TYPE': '-', 'Component': 'shale_fractions(ishale)', 'Type': 'real', 'Dimensions': 'dimension (500)', 'Default': '-', 'Units': 'N/A', 'Description': '-', 'Swat_codetype': '-'}","{'Line in File': '11', 'Position in File': '3', 'Condition': 'if (sp_ob%aqu > 0)', 'Local (Y/N)': 'Y', 'TYPE': '-', 'Component': 'shale_fractions(ishale)', 'Type': 'real', 'Dimensions': 'dimension (500)', 'Default': '0.', 'Units': 'N/A', 'Description': '-', 'Swat_codetype': '-'}"
cs_reactions,2,1,header,"{'Line in File': '2', 'Position in File': '1', 'Condition': '-', 'Local (Y/N)': 'Y', 'TYPE': '-', 'Component': 'header', 'Type': 'character(len=80)', 'Dimensions': '-', 'Default': '-', 'Units': 'N/A', 'Description': '-', 'Swat_codetype': '-'}","{'Line in File': '2', 'Position in File': '1', 'Condition': '-', 'Local (Y/N)': 'Y', 'TYPE': '-', 'Component': 'header', 'Type': 'character(len=80)', 'Dimensions': '-', 'Default': '""""', 'Units': 'N/A', 'Description': '-', 'Swat_codetype': '-'}"
cs_reactions,3,1,num_rct,"{'Line in File': '3', 'Position in File': '1', 'Condition': '-', 'Local (Y/N)': 'Y', 'TYPE': '-', 'Component': 'num_rct', 'Type': 'integer', 'Dimensions': '-', 'Default': '-', 'Units': 'N/A', 'Description': '-', 'Swat_codetype': '-'}","{'Line in File': '3', 'Position in File': '1', 'Condition': '-', 'Local (Y/N)': 'Y', 'TYPE': '-', 'Component': 'num_rct', 'Type': 'integer', 'Dimensions': '-', 'Default': '0', 'Units': 'N/A', 'Description': '-', 'Swat_codetype': '-'}"
cs_reactions,3,2,num_groups,"{'Line in File': '3', 'Position in File': '2', 'Condition': '-', 'Local (Y/N)': 'Y', 'TYPE': '-', 'Component': 'num_groups', 'Type': 'integer', 'Dimensions': '-', 'Default': '-', 'Units': 'N/A', 'Description': '-', 'Swat_codetype': '-'}","{'Line in File': '3', 'Position in File': '2', 'Condition': '-', 'Local (Y/N)': 'Y', 'TYPE': '-', 'Component': 'num_groups', 'Type': 'integer', 'Dimensions': '-', 'Default': '0', 'Units': 'N/A', 'Description': '-', 'Swat_codetype': '-'}"
cs_reactions,5,1,header,"{'Line in File': '5', 'Position in File': '1', 'Condition': '-', 'Local (Y/N)': 'Y', 'TYPE': '-', 'Component': 'header', 'Type': 'character(len=80)', 'Dimensions': '-', 'Default': '-', 'Units': 'N/A', 'Description': '-', 'Swat_codetype': '-'}","{'Line in File': '5', 'Position in File': '1', 'Condition': '-', 'Local (Y/N)': 'Y', 'TYPE': '-', 'Component': 'header', 'Type': 'character(len=80)', 'Dimensions': '-', 'Default': '""""', 'Units': 'N/A', 'Description': '-', 'Swat_codetype': '-'}"
cs_reactions,6,1,num_geol_shale,"{'Line in File': '6', 'Position in File': '1', 'Condition': '-', 'Local (Y/N)': 'N', 'TYPE': '-', 'Component': 'num_geol_shale', 'Type': 'integer', 'Dimensions': '-', 'Default': '-', 'Units': 'N/A', 'Description': '-', 'Swat_codetype': 'num_geol_shale'}","{'Line in File': '6', 'Position in File': '1', 'Condition': '-', 'Local (Y/N)': 'N', 'TYPE': '-', 'Component': 'num_geol_shale', 'Type': 'integer', 'Dimensions': '-', 'Default': '0', 'Units': 'N/A', 'Description': '-', 'Swat_codetype': 'num_geol_shale'}"
cs_reactions,8,1,header,"{'Line in File': '8', 'Position in File': '1', 'Condition': '-', 'Local (Y/N)': 'Y', 'TYPE': '-', 'Component': 'header', 'Type': 'character(len=80)', 'Dimensions': '-', 'Default': '-', 'Units': 'N/A', 'Description': '-', 'Swat_codetype': '-'}","{'Line in File': '8', 'Position in File': '1', 'Condition': '-', 'Local (Y/N)': 'Y', 'TYPE': '-', 'Component': 'header', 'Type': 'character(len=80)', 'Dimensions': '-', 'Default': '""""', 'Units': 'N/A', 'Description': '-', 'Swat_codetype': '-'}"
cs_reactions,9,1,hru_dum,"{'Line in File': '9', 'Position in File': '1', 'Condition': '-', 'Local (Y/N)': 'Y', 'TYPE': '-', 'Component': 'hru_dum', 'Type': 'integer', 'Dimensions': '-', 'Default': '-', 'Units': 'N/A', 'Description': '-', 'Swat_codetype': '-'}","{'Line in File': '9', 'Position in File': '1', 'Condition': '-', 'Local (Y/N)': 'Y', 'TYPE': '-', 'Component': 'hru_dum', 'Type': 'integer', 'Dimensions': '-', 'Default': '0', 'Units': 'N/A', 'Description': '-', 'Swat_codetype': '-'}"
cs_reactions,9,2,group,"{'Line in File': '9', 'Position in File': '2', 'Condition': '-', 'Local (Y/N)': 'Y', 'TYPE': '-', 'Component': 'group', 'Type': 'integer', 'Dimensions': '-', 'Default': '-', 'Units': 'N/A', 'Description': '-', 'Swat_codetype': '-'}","{'Line in File': '9', 'Position in File': '2', 'Condition': '-', 'Local (Y/N)': 'Y', 'TYPE': '-', 'Component': 'group', 'Type': 'integer', 'Dimensions': '-', 'Default': '0', 'Units': 'N/A', 'Description': '-', 'Swat_codetype': '-'}"
cs_reactions,9,3,shale_fractions(ishale),"{'Line in File': '9', 'Position in File': '3', 'Condition': '-', 'Local (Y/N)': 'Y', 'TYPE': '-', 'Component': 'shale_fractions(ishale)', 'Type': 'real', 'Dimensions': 'dimension (500)', 'Default': '-', 'Units': 'N/A', 'Description': '-', 'Swat_codetype': '-'}","{'Line in File': '9', 'Position in File': '3', 'Condition': '-', 'Local (Y/N)': 'Y', 'TYPE': '-', 'Component': 'shale_fractions(ishale)', 'Type': 'real', 'Dimensions': 'dimension (500)', 'Default': '0.', 'Units': 'N/A', 'Description': '-', 'Swat_codetype': '-'}"
cs_recall.rec,1,1,titldum,"{'Line in File': '1', 'Position in File': '1', 'Condition': '-', 'Local (Y/N)': 'Y', 'TYPE': '-', 'Component': 'titldum', 'Type': 'character(len=80)', 'Dimensions': '-', 'Default': '-', 'Units': 'N/A', 'Description': '-', 'Swat_codetype': '-'}","{'Line in File': '1', 'Position in File': '1', 'Condition': '-', 'Local (Y/N)': 'Y', 'TYPE': '-', 'Component': 'titldum', 'Type': 'character(len=80)', 'Dimensions': '-', 'Default': '""""', 'Units': 'N/A', 'Description': '-', 'Swat_codetype': '-'}"
cs_recall.rec,2,1,header,"{'Line in File': '2', 'Position in File': '1', 'Condition': '-', 'Local (Y/N)': 'Y', 'TYPE': '-', 'Component': 'header', 'Type': 'character(len=80)', 'Dimensions': '-', 'Default': '-', 'Units': 'N/A', 'Description': '-', 'Swat_codetype': '-'}","{'Line in File': '2', 'Position in File': '1', 'Condition': '-', 'Local (Y/N)': 'Y', 'TYPE': '-', 'Component': 'header', 'Type': 'character(len=80)', 'Dimensions': '-', 'Default': '""""', 'Units': 'N/A', 'Description': '-', 'Swat_codetype': '-'}"
cs_recall.rec,3,1,k,"{'Line in File': '3', 'Position in File': '1', 'Condition': '-', 'Local (Y/N)': 'Y', 'TYPE': '-', 'Component': 'k', 'Type': 'integer', 'Dimensions': '-', 'Default': '-', 'Units': 'N/A', 'Description': '-', 'Swat_codetype': '-'}","{'Line in File': '3', 'Position in File': '1', 'Condition': '-', 'Local (Y/N)': 'Y', 'TYPE': '-', 'Component': 'k', 'Type': 'integer', 'Dimensions': '-', 'Default': '0', 'Units': 'N/A', 'Description': '-', 'Swat_codetype': '-'}"
cs_recall.rec,3,2,name,"{'Line in File': '3', 'Position in File': '2', 'Condition': '-', 'Local (Y/N)': 'N', 'TYPE': 'rec_cs', 'Component': 'name', 'Type': 'character(len=16)', 'Dimensions': '-', 'Default': '-', 'Units': 'N/A', 'Description': '-', 'Swat_codetype': 'rec_cs'}","{'Line in File': '3', 'Position in File': '2', 'Condition': '-', 'Local (Y/N)': 'N', 'TYPE': 'rec_cs', 'Component': 'name', 'Type': 'character(len=16)', 'Dimensions': '-', 'Default': '""""', 'Units': 'N/A', 'Description': '-', 'Swat_codetype': 'rec_cs'}"
cs_recall.rec,3,3,typ,"{'Line in File': '3', 'Position in File': '3', 'Condition': '-', 'Local (Y/N)': 'N', 'TYPE': 'rec_cs', 'Component': 'typ', 'Type': 'integer', 'Dimensions': '-', 'Default': '-', 'Units': 'N/A', 'Description': '-', 'Swat_codetype': 'rec_cs'}","{'Line in File': '3', 'Position in File': '3', 'Condition': '-', 'Local (Y/N)': 'N', 'TYPE': 'rec_cs', 'Component': 'typ', 'Type': 'integer', 'Dimensions': '-', 'Default': '0', 'Units': 'N/A', 'Description': '-', 'Swat_codetype': 'rec_cs'}"
cs_recall.rec,3,4,filename,"{'Line in File': '3', 'Position in File': '4', 'Condition': '-', 'Local (Y/N)': 'N', 'TYPE': 'rec_cs', 'Component': 'filename', 'Type': 'character(len=30)', 'Dimensions': '-', 'Default': '-', 'Units': 'N/A', 'Description': '-', 'Swat_codetype': 'rec_cs'}","{'Line in File': '3', 'Position in File': '4', 'Condition': '-', 'Local (Y/N)': 'N', 'TYPE': 'rec_cs', 'Component': 'filename', 'Type': 'character(len=30)', 'Dimensions': '-', 'Default': '""""', 'Units': 'N/A', 'Description': '-', 'Swat_codetype': 'rec_cs'}"
cs_res,1,1,titldum,"{'Line in File': '1', 'Position in File': '1', 'Condition': '-', 'Local (Y/N)': 'Y', 'TYPE': '-', 'Component': 'titldum', 'Type': 'character(len=80)', 'Dimensions': '-', 'Default': '-', 'Units': 'N/A', 'Description': '-', 'Swat_codetype': '-'}","{'Line in File': '1', 'Position in File': '1', 'Condition': '-', 'Local (Y/N)': 'Y', 'TYPE': '-', 'Component': 'titldum', 'Type': 'character(len=80)', 'Dimensions': '-', 'Default': '""""', 'Units': 'N/A', 'Description': '-', 'Swat_codetype': '-'}"
cs_res,2,1,titldum,"{'Line in File': '2', 'Position in File': '1', 'Condition': '-', 'Local (Y/N)': 'Y', 'TYPE': '-', 'Component': 'titldum', 'Type': 'character(len=80)', 'Dimensions': '-', 'Default': '-', 'Units': 'N/A', 'Description': '-', 'Swat_codetype': '-'}","{'Line in File': '2', 'Position in File': '1', 'Condition': '-', 'Local (Y/N)': 'Y', 'TYPE': '-', 'Component': 'titldum', 'Type': 'character(len=80)', 'Dimensions': '-', 'Default': '""""', 'Units': 'N/A', 'Description': '-', 'Swat_codetype': '-'}"
cs_res,4,1,header,"{'Line in File': '4', 'Position in File': '1', 'Condition': '-', 'Local (Y/N)': 'Y', 'TYPE': '-', 'Component': 'header', 'Type': 'character(len=80)', 'Dimensions': '-', 'Default': '-', 'Units': 'N/A', 'Description': '-', 'Swat_codetype': '-'}","{'Line in File': '4', 'Position in File': '1', 'Condition': '-', 'Local (Y/N)': 'Y', 'TYPE': '-', 'Component': 'header', 'Type': 'character(len=80)', 'Dimensions': '-', 'Default': '""""', 'Units': 'N/A', 'Description': '-', 'Swat_codetype': '-'}"
cs_res,5,1,name,"{'Line in File': '5', 'Position in File': '1', 'Condition': '-', 'Local (Y/N)': 'N', 'TYPE': 'reservoir_cs_data', 'Component': 'name', 'Type': 'character(len=25)', 'Dimensions': '-', 'Default': '-', 'Units': 'N/A', 'Description': '-', 'Swat_codetype': 'res_cs_data'}","{'Line in File': '5', 'Position in File': '1', 'Condition': '-', 'Local (Y/N)': 'N', 'TYPE': 'reservoir_cs_data', 'Component': 'name', 'Type': 'character(len=25)', 'Dimensions': '-', 'Default': '""""', 'Units': 'N/A', 'Description': '-', 'Swat_codetype': 'res_cs_data'}"
cs_streamobs,2,1,cs_str_nobs,"{'Line in File': '2', 'Position in File': '1', 'Condition': 'if (cs_obs_file == 1)', 'Local (Y/N)': 'N', 'TYPE': '-', 'Component': 'cs_str_nobs', 'Type': 'integer', 'Dimensions': '-', 'Default': '-', 'Units': 'N/A', 'Description': '-', 'Swat_codetype': 'cs_str_nobs'}","{'Line in File': '2', 'Position in File': '1', 'Condition': 'if (cs_obs_file == 1)', 'Local (Y/N)': 'N', 'TYPE': '-', 'Component': 'cs_str_nobs', 'Type': 'integer', 'Dimensions': '-', 'Default': '0', 'Units': 'N/A', 'Description': '-', 'Swat_codetype': 'cs_str_nobs'}"
cs_uptake,1,1,header,"{'Line in File': '1', 'Position in File': '1', 'Condition': '-', 'Local (Y/N)': 'Y', 'TYPE': '-', 'Component': 'header', 'Type': 'character(len=80)', 'Dimensions': '-', 'Default': '-', 'Units': 'N/A', 'Description': '-', 'Swat_codetype': '-'}","{'Line in File': '1', 'Position in File': '1', 'Condition': '-', 'Local (Y/N)': 'Y', 'TYPE': '-', 'Component': 'header', 'Type': 'character(len=80)', 'Dimensions': '-', 'Default': '""""', 'Units': 'N/A', 'Description': '-', 'Swat_codetype': '-'}"
cs_uptake,2,1,header,"{'Line in File': '2', 'Position in File': '1', 'Condition': '-', 'Local (Y/N)': 'Y', 'TYPE': '-', 'Component': 'header', 'Type': 'character(len=80)', 'Dimensions': '-', 'Default': '-', 'Units': 'N/A', 'Description': '-', 'Swat_codetype': '-'}","{'Line in File': '2', 'Position in File': '1', 'Condition': '-', 'Local (Y/N)': 'Y', 'TYPE': '-', 'Component': 'header', 'Type': 'character(len=80)', 'Dimensions': '-', 'Default': '""""', 'Units': 'N/A', 'Description': '-', 'Swat_codetype': '-'}"
cs_uptake,3,1,header,"{'Line in File': '3', 'Position in File': '1', 'Condition': '-', 'Local (Y/N)': 'Y', 'TYPE': '-', 'Component': 'header', 'Type': 'character(len=80)', 'Dimensions': '-', 'Default': '-', 'Units': 'N/A', 'Description': '-', 'Swat_codetype': '-'}","{'Line in File': '3', 'Position in File': '1', 'Condition': '-', 'Local (Y/N)': 'Y', 'TYPE': '-', 'Component': 'header', 'Type': 'character(len=80)', 'Dimensions': '-', 'Default': '""""', 'Units': 'N/A', 'Description': '-', 'Swat_codetype': '-'}"
cs_uptake,4,1,name,"{'Line in File': '4', 'Position in File': '1', 'Condition': '-', 'Local (Y/N)': 'Y', 'TYPE': '-', 'Component': 'name', 'Type': 'character(len=30)', 'Dimensions': '-', 'Default': '-', 'Units': 'N/A', 'Description': '-', 'Swat_codetype': '-'}","{'Line in File': '4', 'Position in File': '1', 'Condition': '-', 'Local (Y/N)': 'Y', 'TYPE': '-', 'Component': 'name', 'Type': 'character(len=30)', 'Dimensions': '-', 'Default': '""""', 'Units': 'N/A', 'Description': '-', 'Swat_codetype': '-'}"
cs_urban,1,1,header,"{'Line in File': '1', 'Position in File': '1', 'Condition': '-', 'Local (Y/N)': 'Y', 'TYPE': '-', 'Component': 'header', 'Type': 'character(len=80)', 'Dimensions': '-', 'Default': '-', 'Units': 'N/A', 'Description': '-', 'Swat_codetype': '-'}","{'Line in File': '1', 'Position in File': '1', 'Condition': '-', 'Local (Y/N)': 'Y', 'TYPE': '-', 'Component': 'header', 'Type': 'character(len=80)', 'Dimensions': '-', 'Default': '""""', 'Units': 'N/A', 'Description': '-', 'Swat_codetype': '-'}"
cs_urban,2,1,header,"{'Line in File': '2', 'Position in File': '1', 'Condition': '-', 'Local (Y/N)': 'Y', 'TYPE': '-', 'Component': 'header', 'Type': 'character(len=80)', 'Dimensions': '-', 'Default': '-', 'Units': 'N/A', 'Description': '-', 'Swat_codetype': '-'}","{'Line in File': '2', 'Position in File': '1', 'Condition': '-', 'Local (Y/N)': 'Y', 'TYPE': '-', 'Component': 'header', 'Type': 'character(len=80)', 'Dimensions': '-', 'Default': '""""', 'Units': 'N/A', 'Description': '-', 'Swat_codetype': '-'}"
cs_urban,3,1,urb_type,"{'Line in File': '3', 'Position in File': '1', 'Condition': 'if (urb_type == urbdb(iu)%urbnm)', 'Local (Y/N)': 'Y', 'TYPE': '-', 'Component': 'urb_type', 'Type': 'character(len=16)', 'Dimensions': '-', 'Default': '-', 'Units': 'N/A', 'Description': '-', 'Swat_codetype': '-'}","{'Line in File': '3', 'Position in File': '1', 'Condition': 'if (urb_type == urbdb(iu)%urbnm)', 'Local (Y/N)': 'Y', 'TYPE': '-', 'Component': 'urb_type', 'Type': 'character(len=16)', 'Dimensions': '-', 'Default': '""""', 'Units': 'N/A', 'Description': '-', 'Swat_codetype': '-'}"
delratio.con,1,1,titldum,"{'Line in File': '1', 'Position in File': '1', 'Condition': '-', 'Local (Y/N)': 'Y', 'TYPE': '-', 'Component': 'titldum', 'Type': 'character(len=80)', 'Dimensions': '-', 'Default': '-', 'Units': 'N/A', 'Description': '-', 'Swat_codetype': '-'}","{'Line in File': '1', 'Position in File': '1', 'Condition': '-', 'Local (Y/N)': 'Y', 'TYPE': '-', 'Component': 'titldum', 'Type': 'character(len=80)', 'Dimensions': '-', 'Default': '""""', 'Units': 'N/A', 'Description': '-', 'Swat_codetype': '-'}"
delratio.con,2,1,header,"{'Line in File': '2', 'Position in File': '1', 'Condition': '-', 'Local (Y/N)': 'Y', 'TYPE': '-', 'Component': 'header', 'Type': 'character(len=80)', 'Dimensions': '-', 'Default': '-', 'Units': 'N/A', 'Description': '-', 'Swat_codetype': '-'}","{'Line in File': '2', 'Position in File': '1', 'Condition': '-', 'Local (Y/N)': 'Y', 'TYPE': '-', 'Component': 'header', 'Type': 'character(len=80)', 'Dimensions': '-', 'Default': '""""', 'Units': 'N/A', 'Description': '-', 'Swat_codetype': '-'}"
delratio.con,3,10,constit,"{'Line in File': '3', 'Position in File': '10', 'Condition': 'if (ncs > 0)', 'Local (Y/N)': 'N', 'TYPE': 'ob', 'Component': 'constit', 'Type': 'integer', 'Dimensions': '-', 'Default': '-', 'Units': 'N/A', 'Description': '-', 'Swat_codetype': 'ob'}","{'Line in File': '3', 'Position in File': '10', 'Condition': 'if (ncs > 0)', 'Local (Y/N)': 'N', 'TYPE': 'ob', 'Component': 'constit', 'Type': 'integer', 'Dimensions': '-', 'Default': '0', 'Units': 'N/A', 'Description': '-', 'Swat_codetype': 'ob'}"
delratio.con,3,11,props2,"{'Line in File': '3', 'Position in File': '11', 'Condition': 'if (ncs > 0)', 'Local (Y/N)': 'N', 'TYPE': 'ob', 'Component': 'props2', 'Type': 'integer', 'Dimensions': '-', 'Default': '-', 'Units': 'N/A', 'Description': '-', 'Swat_codetype': 'ob'}","{'Line in File': '3', 'Position in File': '11', 'Condition': 'if (ncs > 0)', 'Local (Y/N)': 'N', 'TYPE': 'ob', 'Component': 'props2', 'Type': 'integer', 'Dimensions': '-', 'Default': '0', 'Units': 'N/A', 'Description': '-', 'Swat_codetype': 'ob'}"
delratio.con,3,12,ruleset,"{'Line in File': '3', 'Position in File': '12', 'Condition': 'if (ncs > 0)', 'Local (Y/N)': 'N', 'TYPE': 'ob', 'Component': 'ruleset', 'Type': 'character(len=16)', 'Dimensions': '-', 'Default': '-', 'Units': 'N/A', 'Description': '-', 'Swat_codetype': 'ob'}","{'Line in File': '3', 'Position in File': '12', 'Condition': 'if (ncs > 0)', 'Local (Y/N)': 'N', 'TYPE': 'ob', 'Component': 'ruleset', 'Type': 'character(len=16)', 'Dimensions': '-', 'Default': '""""', 'Units': 'N/A', 'Description': '-', 'Swat_codetype': 'ob'}"
delratio.con,3,3,gis_id,"{'Line in File': '3', 'Position in File': '3', 'Condition': 'if (ncs > 0)', 'Local (Y/N)': 'N', 'TYPE': 'ob', 'Component': 'gis_id', 'Type': 'integer(kind=8)', 'Dimensions': '-', 'Default': '-', 'Units': 'N/A', 'Description': '-', 'Swat_codetype': 'ob'}","{'Line in File': '3', 'Position in File': '3', 'Condition': 'if (ncs > 0)', 'Local (Y/N)': 'N', 'TYPE': 'ob', 'Component': 'gis_id', 'Type': 'integer(kind=8)', 'Dimensions': '-', 'Default': '0', 'Units': 'N/A', 'Description': '-', 'Swat_codetype': 'ob'}"
delratio.con,3,5,lat,"{'Line in File': '3', 'Position in File': '5', 'Condition': 'if (ncs > 0)', 'Local (Y/N)': 'N', 'TYPE': 'ob', 'Component': 'lat', 'Type': 'real', 'Dimensions': '-', 'Default': '-', 'Units': 'N/A', 'Description': '-', 'Swat_codetype': 'ob'}","{'Line in File': '3', 'Position in File': '5', 'Condition': 'if (ncs > 0)', 'Local (Y/N)': 'N', 'TYPE': 'ob', 'Component': 'lat', 'Type': 'real', 'Dimensions': '-', 'Default': '0.', 'Units': 'N/A', 'Description': '-', 'Swat_codetype': 'ob'}"
delratio.con,3,6,long,"{'Line in File': '3', 'Position in File': '6', 'Condition': 'if (ncs > 0)', 'Local (Y/N)': 'N', 'TYPE': 'ob', 'Component': 'long', 'Type': 'real', 'Dimensions': '-', 'Default': '-', 'Units': 'N/A', 'Description': '-', 'Swat_codetype': 'ob'}","{'Line in File': '3', 'Position in File': '6', 'Condition': 'if (ncs > 0)', 'Local (Y/N)': 'N', 'TYPE': 'ob', 'Component': 'long', 'Type': 'real', 'Dimensions': '-', 'Default': '0.', 'Units': 'N/A', 'Description': '-', 'Swat_codetype': 'ob'}"
delratio.con,3,9,wst_c,"{'Line in File': '3', 'Position in File': '9', 'Condition': 'if (ncs > 0)', 'Local (Y/N)': 'N', 'TYPE': 'ob', 'Component': 'wst_c', 'Type': 'character(len=50)', 'Dimensions': '-', 'Default': '-', 'Units': 'N/A', 'Description': '-', 'Swat_codetype': 'ob'}","{'Line in File': '3', 'Position in File': '9', 'Condition': 'if (ncs > 0)', 'Local (Y/N)': 'N', 'TYPE': 'ob', 'Component': 'wst_c', 'Type': 'character(len=50)', 'Dimensions': '-', 'Default': '""""', 'Units': 'N/A', 'Description': '-', 'Swat_codetype': 'ob'}"
delratio.del,1,1,titldum,"{'Line in File': '1', 'Position in File': '1', 'Condition': '-', 'Local (Y/N)': 'Y', 'TYPE': '-', 'Component': 'titldum', 'Type': 'character(len=80)', 'Dimensions': '-', 'Default': '-', 'Units': 'N/A', 'Description': '-', 'Swat_codetype': '-'}","{'Line in File': '1', 'Position in File': '1', 'Condition': '-', 'Local (Y/N)': 'Y', 'TYPE': '-', 'Component': 'titldum', 'Type': 'character(len=80)', 'Dimensions': '-', 'Default': '""""', 'Units': 'N/A', 'Description': '-', 'Swat_codetype': '-'}"
delratio.del,2,1,header,,"{'Line in File': '2', 'Position in File': '1', 'Condition': '-', 'Local (Y/N)': 'Y', 'TYPE': '-', 'Component': 'header', 'Type': 'character(len=80)', 'Dimensions': '-', 'Default': '""""', 'Units': 'N/A', 'Description': '-', 'Swat_codetype': '-'}"
delratio.del,2,1,mdr_sp,"{'Line in File': '2', 'Position in File': '1', 'Condition': '-', 'Local (Y/N)': 'Y', 'TYPE': '-', 'Component': 'mdr_sp', 'Type': 'integer', 'Dimensions': '-', 'Default': '-', 'Units': 'N/A', 'Description': '-', 'Swat_codetype': '-'}",
delratio.del,3,1,header,"{'Line in File': '3', 'Position in File': '1', 'Condition': '-', 'Local (Y/N)': 'Y', 'TYPE': '-', 'Component': 'header', 'Type': 'character(len=80)', 'Dimensions': '-', 'Default': '-', 'Units': 'N/A', 'Description': '-', 'Swat_codetype': '-'}",
delratio.del,3,1,name,,"{'Line in File': '3', 'Position in File': '1', 'Condition': '-', 'Local (Y/N)': 'N', 'TYPE': 'delivery_ratio_datafiles', 'Component': 'name', 'Type': 'character(len=16)', 'Dimensions': '-', 'Default': '""""', 'Units': 'N/A', 'Description': '-', 'Swat_codetype': 'in_delr'}"
delratio.del,3,2,om_file,,"{'Line in File': '3', 'Position in File': '2', 'Condition': '-', 'Local (Y/N)': 'N', 'TYPE': 'delivery_ratio_datafiles', 'Component': 'om_file', 'Type': 'character(len=16)', 'Dimensions': '-', 'Default': '""""', 'Units': 'N/A', 'Description': '-', 'Swat_codetype': 'in_delr'}"
delratio.del,3,3,pest_file,,"{'Line in File': '3', 'Position in File': '3', 'Condition': '-', 'Local (Y/N)': 'N', 'TYPE': 'delivery_ratio_datafiles', 'Component': 'pest_file', 'Type': 'character(len=16)', 'Dimensions': '-', 'Default': '""""', 'Units': 'N/A', 'Description': '-', 'Swat_codetype': 'in_delr'}"
delratio.del,3,4,path_file,,"{'Line in File': '3', 'Position in File': '4', 'Condition': '-', 'Local (Y/N)': 'N', 'TYPE': 'delivery_ratio_datafiles', 'Component': 'path_file', 'Type': 'character(len=16)', 'Dimensions': '-', 'Default': '""""', 'Units': 'N/A', 'Description': '-', 'Swat_codetype': 'in_delr'}"
delratio.del,3,5,hmet_file,,"{'Line in File': '3', 'Position in File': '5', 'Condition': '-', 'Local (Y/N)': 'N', 'TYPE': 'delivery_ratio_datafiles', 'Component': 'hmet_file', 'Type': 'character(len=16)', 'Dimensions': '-', 'Default': '""""', 'Units': 'N/A', 'Description': '-', 'Swat_codetype': 'in_delr'}"
delratio.del,3,6,salts_file,,"{'Line in File': '3', 'Position in File': '6', 'Condition': '-', 'Local (Y/N)': 'N', 'TYPE': 'delivery_ratio_datafiles', 'Component': 'salts_file', 'Type': 'character(len=16)', 'Dimensions': '-', 'Default': '""""', 'Units': 'N/A', 'Description': '-', 'Swat_codetype': 'in_delr'}"
delratio.del,4,1,flo,"{'Line in File': '4', 'Position in File': '1', 'Condition': '-', 'Local (Y/N)': 'N', 'TYPE': 'organic_mineral_hydrograph', 'Component': 'flo', 'Type': 'real', 'Dimensions': '-', 'Default': '0.', 'Units': 'N/A', 'Description': 'm^3 |volume of water', 'Swat_codetype': 'in_delr'}",
delratio.del,4,10,sil,"{'Line in File': '4', 'Position in File': '10', 'Condition': '-', 'Local (Y/N)': 'N', 'TYPE': 'organic_mineral_hydrograph', 'Component': 'sil', 'Type': 'real', 'Dimensions': '-', 'Default': '0.', 'Units': 'N/A', 'Description': 'tons |detached silt', 'Swat_codetype': 'in_delr'}",
delratio.del,4,11,cla,"{'Line in File': '4', 'Position in File': '11', 'Condition': '-', 'Local (Y/N)': 'N', 'TYPE': 'organic_mineral_hydrograph', 'Component': 'cla', 'Type': 'real', 'Dimensions': '-', 'Default': '0.', 'Units': 'N/A', 'Description': 'tons |detached clay', 'Swat_codetype': 'in_delr'}",
delratio.del,4,12,sag,"{'Line in File': '4', 'Position in File': '12', 'Condition': '-', 'Local (Y/N)': 'N', 'TYPE': 'organic_mineral_hydrograph', 'Component': 'sag', 'Type': 'real', 'Dimensions': '-', 'Default': '0.', 'Units': 'N/A', 'Description': 'tons |detached small ag', 'Swat_codetype': 'in_delr'}",
delratio.del,4,13,lag,"{'Line in File': '4', 'Position in File': '13', 'Condition': '-', 'Local (Y/N)': 'N', 'TYPE': 'organic_mineral_hydrograph', 'Component': 'lag', 'Type': 'real', 'Dimensions': '-', 'Default': '0.', 'Units': 'N/A', 'Description': 'tons |detached large ag', 'Swat_codetype': 'in_delr'}",
delratio.del,4,14,grv,"{'Line in File': '4', 'Position in File': '14', 'Condition': '-', 'Local (Y/N)': 'N', 'TYPE': 'organic_mineral_hydrograph', 'Component': 'grv', 'Type': 'real', 'Dimensions': '-', 'Default': '0.', 'Units': 'N/A', 'Description': 'tons |gravel', 'Swat_codetype': 'in_delr'}",
delratio.del,4,2,sed,"{'Line in File': '4', 'Position in File': '2', 'Condition': '-', 'Local (Y/N)': 'N', 'TYPE': 'organic_mineral_hydrograph', 'Component': 'sed', 'Type': 'real', 'Dimensions': '-', 'Default': '0.', 'Units': 'N/A', 'Description': 'metric tons |sediment', 'Swat_codetype': 'in_delr'}",
delratio.del,4,3,org,"{'Line in File': '4', 'Position in File': '3', 'Condition': '-', 'Local (Y/N)': 'N', 'TYPE': 'organic_mineral_hydrograph', 'Component': 'org', 'Type': 'type(organic_mass)', 'Dimensions': '-', 'Default': '-', 'Units': 'N/A', 'Description': '-', 'Swat_codetype': 'in_delr'}",
delratio.del,4,4,min,"{'Line in File': '4', 'Position in File': '4', 'Condition': '-', 'Local (Y/N)': 'N', 'TYPE': 'organic_mineral_hydrograph', 'Component': 'min', 'Type': 'type(mineral_mass)', 'Dimensions': '-', 'Default': '-', 'Units': 'N/A', 'Description': '-', 'Swat_codetype': 'in_delr'}",
delratio.del,4,5,chla,"{'Line in File': '4', 'Position in File': '5', 'Condition': '-', 'Local (Y/N)': 'N', 'TYPE': 'organic_mineral_hydrograph', 'Component': 'chla', 'Type': 'real', 'Dimensions': '-', 'Default': '0.', 'Units': 'N/A', 'Description': 'kg |chlorophyll-a', 'Swat_codetype': 'in_delr'}",
delratio.del,4,6,cbod,"{'Line in File': '4', 'Position in File': '6', 'Condition': '-', 'Local (Y/N)': 'N', 'TYPE': 'organic_mineral_hydrograph', 'Component': 'cbod', 'Type': 'real', 'Dimensions': '-', 'Default': '0.', 'Units': 'N/A', 'Description': 'kg |carbonaceous biological oxygen demand', 'Swat_codetype': 'in_delr'}",
delratio.del,4,7,dox,"{'Line in File': '4', 'Position in File': '7', 'Condition': '-', 'Local (Y/N)': 'N', 'TYPE': 'organic_mineral_hydrograph', 'Component': 'dox', 'Type': 'real', 'Dimensions': '-', 'Default': '0.', 'Units': 'N/A', 'Description': 'kg |dissolved oxygen', 'Swat_codetype': 'in_delr'}",
delratio.del,4,8,temp,"{'Line in File': '4', 'Position in File': '8', 'Condition': '-', 'Local (Y/N)': 'N', 'TYPE': 'organic_mineral_hydrograph', 'Component': 'temp', 'Type': 'real', 'Dimensions': '-', 'Default': '0.', 'Units': 'N/A', 'Description': 'deg c |temperature', 'Swat_codetype': 'in_delr'}",
delratio.del,4,9,san,"{'Line in File': '4', 'Position in File': '9', 'Condition': '-', 'Local (Y/N)': 'N', 'TYPE': 'organic_mineral_hydrograph', 'Component': 'san', 'Type': 'real', 'Dimensions': '-', 'Default': '0.', 'Units': 'N/A', 'Description': 'tons |detached sand', 'Swat_codetype': 'in_delr'}",
dr_hmet.del,1,1,titldum,"{'Line in File': '1', 'Position in File': '1', 'Condition': '-', 'Local (Y/N)': 'Y', 'TYPE': '-', 'Component': 'titldum', 'Type': 'character(len=80)', 'Dimensions': '-', 'Default': '-', 'Units': 'N/A', 'Description': '-', 'Swat_codetype': '-'}","{'Line in File': '1', 'Position in File': '1', 'Condition': '-', 'Local (Y/N)': 'Y', 'TYPE': '-', 'Component': 'titldum', 'Type': 'character(len=80)', 'Dimensions': '-', 'Default': '""""', 'Units': 'N/A', 'Description': '-', 'Swat_codetype': '-'}"
dr_hmet.del,2,1,header,"{'Line in File': '2', 'Position in File': '1', 'Condition': '-', 'Local (Y/N)': 'Y', 'TYPE': '-', 'Component': 'header', 'Type': 'character(len=80)', 'Dimensions': '-', 'Default': '-', 'Units': 'N/A', 'Description': '-', 'Swat_codetype': '-'}","{'Line in File': '2', 'Position in File': '1', 'Condition': '-', 'Local (Y/N)': 'Y', 'TYPE': '-', 'Component': 'header', 'Type': 'character(len=80)', 'Dimensions': '-', 'Default': '""""', 'Units': 'N/A', 'Description': '-', 'Swat_codetype': '-'}"
dr_om.del,1,1,titldum,"{'Line in File': '1', 'Position in File': '1', 'Condition': '-', 'Local (Y/N)': 'Y', 'TYPE': '-', 'Component': 'titldum', 'Type': 'character(len=80)', 'Dimensions': '-', 'Default': '-', 'Units': 'N/A', 'Description': '-', 'Swat_codetype': '-'}","{'Line in File': '1', 'Position in File': '1', 'Condition': '-', 'Local (Y/N)': 'Y', 'TYPE': '-', 'Component': 'titldum', 'Type': 'character(len=80)', 'Dimensions': '-', 'Default': '""""', 'Units': 'N/A', 'Description': '-', 'Swat_codetype': '-'}"
dr_om.del,2,1,header,"{'Line in File': '2', 'Position in File': '1', 'Condition': '-', 'Local (Y/N)': 'Y', 'TYPE': '-', 'Component': 'header', 'Type': 'character(len=80)', 'Dimensions': '-', 'Default': '-', 'Units': 'N/A', 'Description': '-', 'Swat_codetype': '-'}","{'Line in File': '2', 'Position in File': '1', 'Condition': '-', 'Local (Y/N)': 'Y', 'TYPE': '-', 'Component': 'header', 'Type': 'character(len=80)', 'Dimensions': '-', 'Default': '""""', 'Units': 'N/A', 'Description': '-', 'Swat_codetype': '-'}"
dr_path.del,1,1,titldum,"{'Line in File': '1', 'Position in File': '1', 'Condition': '-', 'Local (Y/N)': 'Y', 'TYPE': '-', 'Component': 'titldum', 'Type': 'character(len=80)', 'Dimensions': '-', 'Default': '-', 'Units': 'N/A', 'Description': '-', 'Swat_codetype': '-'}","{'Line in File': '1', 'Position in File': '1', 'Condition': '-', 'Local (Y/N)': 'Y', 'TYPE': '-', 'Component': 'titldum', 'Type': 'character(len=80)', 'Dimensions': '-', 'Default': '""""', 'Units': 'N/A', 'Description': '-', 'Swat_codetype': '-'}"
dr_path.del,2,1,header,"{'Line in File': '2', 'Position in File': '1', 'Condition': '-', 'Local (Y/N)': 'Y', 'TYPE': '-', 'Component': 'header', 'Type': 'character(len=80)', 'Dimensions': '-', 'Default': '-', 'Units': 'N/A', 'Description': '-', 'Swat_codetype': '-'}","{'Line in File': '2', 'Position in File': '1', 'Condition': '-', 'Local (Y/N)': 'Y', 'TYPE': '-', 'Component': 'header', 'Type': 'character(len=80)', 'Dimensions': '-', 'Default': '""""', 'Units': 'N/A', 'Description': '-', 'Swat_codetype': '-'}"
dr_pest.del,1,1,titldum,"{'Line in File': '1', 'Position in File': '1', 'Condition': '-', 'Local (Y/N)': 'Y', 'TYPE': '-', 'Component': 'titldum', 'Type': 'character(len=80)', 'Dimensions': '-', 'Default': '-', 'Units': 'N/A', 'Description': '-', 'Swat_codetype': '-'}","{'Line in File': '1', 'Position in File': '1', 'Condition': '-', 'Local (Y/N)': 'Y', 'TYPE': '-', 'Component': 'titldum', 'Type': 'character(len=80)', 'Dimensions': '-', 'Default': '""""', 'Units': 'N/A', 'Description': '-', 'Swat_codetype': '-'}"
dr_pest.del,2,1,header,"{'Line in File': '2', 'Position in File': '1', 'Condition': '-', 'Local (Y/N)': 'Y', 'TYPE': '-', 'Component': 'header', 'Type': 'character(len=80)', 'Dimensions': '-', 'Default': '-', 'Units': 'N/A', 'Description': '-', 'Swat_codetype': '-'}","{'Line in File': '2', 'Position in File': '1', 'Condition': '-', 'Local (Y/N)': 'Y', 'TYPE': '-', 'Component': 'header', 'Type': 'character(len=80)', 'Dimensions': '-', 'Default': '""""', 'Units': 'N/A', 'Description': '-', 'Swat_codetype': '-'}"
dr_salt.del,1,1,titldum,"{'Line in File': '1', 'Position in File': '1', 'Condition': '-', 'Local (Y/N)': 'Y', 'TYPE': '-', 'Component': 'titldum', 'Type': 'character(len=80)', 'Dimensions': '-', 'Default': '-', 'Units': 'N/A', 'Description': '-', 'Swat_codetype': '-'}","{'Line in File': '1', 'Position in File': '1', 'Condition': '-', 'Local (Y/N)': 'Y', 'TYPE': '-', 'Component': 'titldum', 'Type': 'character(len=80)', 'Dimensions': '-', 'Default': '""""', 'Units': 'N/A', 'Description': '-', 'Swat_codetype': '-'}"
dr_salt.del,2,1,header,"{'Line in File': '2', 'Position in File': '1', 'Condition': '-', 'Local (Y/N)': 'Y', 'TYPE': '-', 'Component': 'header', 'Type': 'character(len=80)', 'Dimensions': '-', 'Default': '-', 'Units': 'N/A', 'Description': '-', 'Swat_codetype': '-'}","{'Line in File': '2', 'Position in File': '1', 'Condition': '-', 'Local (Y/N)': 'Y', 'TYPE': '-', 'Component': 'header', 'Type': 'character(len=80)', 'Dimensions': '-', 'Default': '""""', 'Units': 'N/A', 'Description': '-', 'Swat_codetype': '-'}"
element.ccu,1,1,titldum,"{'Line in File': '1', 'Position in File': '1', 'Condition': '-', 'Local (Y/N)': 'Y', 'TYPE': '-', 'Component': 'titldum', 'Type': 'character(len=80)', 'Dimensions': '-', 'Default': '-', 'Units': 'N/A', 'Description': '-', 'Swat_codetype': '-'}","{'Line in File': '1', 'Position in File': '1', 'Condition': '-', 'Local (Y/N)': 'Y', 'TYPE': '-', 'Component': 'titldum', 'Type': 'character(len=80)', 'Dimensions': '-', 'Default': '""""', 'Units': 'N/A', 'Description': '-', 'Swat_codetype': '-'}"
element.ccu,2,1,header,"{'Line in File': '2', 'Position in File': '1', 'Condition': '-', 'Local (Y/N)': 'Y', 'TYPE': '-', 'Component': 'header', 'Type': 'character(len=80)', 'Dimensions': '-', 'Default': '-', 'Units': 'N/A', 'Description': '-', 'Swat_codetype': '-'}","{'Line in File': '2', 'Position in File': '1', 'Condition': '-', 'Local (Y/N)': 'Y', 'TYPE': '-', 'Component': 'header', 'Type': 'character(len=80)', 'Dimensions': '-', 'Default': '""""', 'Units': 'N/A', 'Description': '-', 'Swat_codetype': '-'}"
element.ccu,3,1,k,"{'Line in File': '3', 'Position in File': '1', 'Condition': '-', 'Local (Y/N)': 'Y', 'TYPE': '-', 'Component': 'k', 'Type': 'integer', 'Dimensions': '-', 'Default': '-', 'Units': 'N/A', 'Description': '-', 'Swat_codetype': '-'}","{'Line in File': '3', 'Position in File': '1', 'Condition': '-', 'Local (Y/N)': 'Y', 'TYPE': '-', 'Component': 'k', 'Type': 'integer', 'Dimensions': '-', 'Default': '0', 'Units': 'N/A', 'Description': '-', 'Swat_codetype': '-'}"
element.ccu,3,2,name,"{'Line in File': '3', 'Position in File': '2', 'Condition': '-', 'Local (Y/N)': 'N', 'TYPE': 'ccu_elem', 'Component': 'name', 'Type': 'character(len=16)', 'Dimensions': '-', 'Default': '-', 'Units': 'N/A', 'Description': '-', 'Swat_codetype': 'ccu_elem'}","{'Line in File': '3', 'Position in File': '2', 'Condition': '-', 'Local (Y/N)': 'N', 'TYPE': 'ccu_elem', 'Component': 'name', 'Type': 'character(len=16)', 'Dimensions': '-', 'Default': '""""', 'Units': 'N/A', 'Description': '-', 'Swat_codetype': 'ccu_elem'}"
element.ccu,3,3,obtyp,"{'Line in File': '3', 'Position in File': '3', 'Condition': '-', 'Local (Y/N)': 'N', 'TYPE': 'ccu_elem', 'Component': 'obtyp', 'Type': 'character(len=3)', 'Dimensions': '-', 'Default': '-', 'Units': 'N/A', 'Description': '-', 'Swat_codetype': 'ccu_elem'}","{'Line in File': '3', 'Position in File': '3', 'Condition': '-', 'Local (Y/N)': 'N', 'TYPE': 'ccu_elem', 'Component': 'obtyp', 'Type': 'character(len=3)', 'Dimensions': '-', 'Default': '""""', 'Units': 'N/A', 'Description': '-', 'Swat_codetype': 'ccu_elem'}"
exco.con,1,1,titldum,"{'Line in File': '1', 'Position in File': '1', 'Condition': '-', 'Local (Y/N)': 'Y', 'TYPE': '-', 'Component': 'titldum', 'Type': 'character(len=80)', 'Dimensions': '-', 'Default': '-', 'Units': 'N/A', 'Description': '-', 'Swat_codetype': '-'}","{'Line in File': '1', 'Position in File': '1', 'Condition': '-', 'Local (Y/N)': 'Y', 'TYPE': '-', 'Component': 'titldum', 'Type': 'character(len=80)', 'Dimensions': '-', 'Default': '""""', 'Units': 'N/A', 'Description': '-', 'Swat_codetype': '-'}"
exco.con,2,1,header,"{'Line in File': '2', 'Position in File': '1', 'Condition': '-', 'Local (Y/N)': 'Y', 'TYPE': '-', 'Component': 'header', 'Type': 'character(len=80)', 'Dimensions': '-', 'Default': '-', 'Units': 'N/A', 'Description': '-', 'Swat_codetype': '-'}","{'Line in File': '2', 'Position in File': '1', 'Condition': '-', 'Local (Y/N)': 'Y', 'TYPE': '-', 'Component': 'header', 'Type': 'character(len=80)', 'Dimensions': '-', 'Default': '""""', 'Units': 'N/A', 'Description': '-', 'Swat_codetype': '-'}"
exco.con,3,10,constit,"{'Line in File': '3', 'Position in File': '10', 'Condition': 'if (ncs > 0)', 'Local (Y/N)': 'N', 'TYPE': 'ob', 'Component': 'constit', 'Type': 'integer', 'Dimensions': '-', 'Default': '-', 'Units': 'N/A', 'Description': '-', 'Swat_codetype': 'ob'}","{'Line in File': '3', 'Position in File': '10', 'Condition': 'if (ncs > 0)', 'Local (Y/N)': 'N', 'TYPE': 'ob', 'Component': 'constit', 'Type': 'integer', 'Dimensions': '-', 'Default': '0', 'Units': 'N/A', 'Description': '-', 'Swat_codetype': 'ob'}"
exco.con,3,11,props2,"{'Line in File': '3', 'Position in File': '11', 'Condition': 'if (ncs > 0)', 'Local (Y/N)': 'N', 'TYPE': 'ob', 'Component': 'props2', 'Type': 'integer', 'Dimensions': '-', 'Default': '-', 'Units': 'N/A', 'Description': '-', 'Swat_codetype': 'ob'}","{'Line in File': '3', 'Position in File': '11', 'Condition': 'if (ncs > 0)', 'Local (Y/N)': 'N', 'TYPE': 'ob', 'Component': 'props2', 'Type': 'integer', 'Dimensions': '-', 'Default': '0', 'Units': 'N/A', 'Description': '-', 'Swat_codetype': 'ob'}"
exco.con,3,12,ruleset,"{'Line in File': '3', 'Position in File': '12', 'Condition': 'if (ncs > 0)', 'Local (Y/N)': 'N', 'TYPE': 'ob', 'Component': 'ruleset', 'Type': 'character(len=16)', 'Dimensions': '-', 'Default': '-', 'Units': 'N/A', 'Description': '-', 'Swat_codetype': 'ob'}","{'Line in File': '3', 'Position in File': '12', 'Condition': 'if (ncs > 0)', 'Local (Y/N)': 'N', 'TYPE': 'ob', 'Component': 'ruleset', 'Type': 'character(len=16)', 'Dimensions': '-', 'Default': '""""', 'Units': 'N/A', 'Description': '-', 'Swat_codetype': 'ob'}"
exco.con,3,3,gis_id,"{'Line in File': '3', 'Position in File': '3', 'Condition': 'if (ncs > 0)', 'Local (Y/N)': 'N', 'TYPE': 'ob', 'Component': 'gis_id', 'Type': 'integer(kind=8)', 'Dimensions': '-', 'Default': '-', 'Units': 'N/A', 'Description': '-', 'Swat_codetype': 'ob'}","{'Line in File': '3', 'Position in File': '3', 'Condition': 'if (ncs > 0)', 'Local (Y/N)': 'N', 'TYPE': 'ob', 'Component': 'gis_id', 'Type': 'integer(kind=8)', 'Dimensions': '-', 'Default': '0', 'Units': 'N/A', 'Description': '-', 'Swat_codetype': 'ob'}"
exco.con,3,5,lat,"{'Line in File': '3', 'Position in File': '5', 'Condition': 'if (ncs > 0)', 'Local (Y/N)': 'N', 'TYPE': 'ob', 'Component': 'lat', 'Type': 'real', 'Dimensions': '-', 'Default': '-', 'Units': 'N/A', 'Description': '-', 'Swat_codetype': 'ob'}","{'Line in File': '3', 'Position in File': '5', 'Condition': 'if (ncs > 0)', 'Local (Y/N)': 'N', 'TYPE': 'ob', 'Component': 'lat', 'Type': 'real', 'Dimensions': '-', 'Default': '0.', 'Units': 'N/A', 'Description': '-', 'Swat_codetype': 'ob'}"
exco.con,3,6,long,"{'Line in File': '3', 'Position in File': '6', 'Condition': 'if (ncs > 0)', 'Local (Y/N)': 'N', 'TYPE': 'ob', 'Component': 'long', 'Type': 'real', 'Dimensions': '-', 'Default': '-', 'Units': 'N/A', 'Description': '-', 'Swat_codetype': 'ob'}","{'Line in File': '3', 'Position in File': '6', 'Condition': 'if (ncs > 0)', 'Local (Y/N)': 'N', 'TYPE': 'ob', 'Component': 'long', 'Type': 'real', 'Dimensions': '-', 'Default': '0.', 'Units': 'N/A', 'Description': '-', 'Swat_codetype': 'ob'}"
exco.con,3,9,wst_c,"{'Line in File': '3', 'Position in File': '9', 'Condition': 'if (ncs > 0)', 'Local (Y/N)': 'N', 'TYPE': 'ob', 'Component': 'wst_c', 'Type': 'character(len=50)', 'Dimensions': '-', 'Default': '-', 'Units': 'N/A', 'Description': '-', 'Swat_codetype': 'ob'}","{'Line in File': '3', 'Position in File': '9', 'Condition': 'if (ncs > 0)', 'Local (Y/N)': 'N', 'TYPE': 'ob', 'Component': 'wst_c', 'Type': 'character(len=50)', 'Dimensions': '-', 'Default': '""""', 'Units': 'N/A', 'Description': '-', 'Swat_codetype': 'ob'}"
exco.exc,1,1,titldum,"{'Line in File': '1', 'Position in File': '1', 'Condition': '-', 'Local (Y/N)': 'Y', 'TYPE': '-', 'Component': 'titldum', 'Type': 'character(len=80)', 'Dimensions': '-', 'Default': '-', 'Units': 'N/A', 'Description': '-', 'Swat_codetype': '-'}","{'Line in File': '1', 'Position in File': '1', 'Condition': '-', 'Local (Y/N)': 'Y', 'TYPE': '-', 'Component': 'titldum', 'Type': 'character(len=80)', 'Dimensions': '-', 'Default': '""""', 'Units': 'N/A', 'Description': '-', 'Swat_codetype': '-'}"
exco.exc,2,1,header,"{'Line in File': '2', 'Position in File': '1', 'Condition': '-', 'Local (Y/N)': 'Y', 'TYPE': '-', 'Component': 'header', 'Type': 'character(len=80)', 'Dimensions': '-', 'Default': '-', 'Units': 'N/A', 'Description': '-', 'Swat_codetype': '-'}","{'Line in File': '2', 'Position in File': '1', 'Condition': '-', 'Local (Y/N)': 'Y', 'TYPE': '-', 'Component': 'header', 'Type': 'character(len=80)', 'Dimensions': '-', 'Default': '""""', 'Units': 'N/A', 'Description': '-', 'Swat_codetype': '-'}"
exco.exc,3,1,name,"{'Line in File': '3', 'Position in File': '1', 'Condition': '-', 'Local (Y/N)': 'N', 'TYPE': 'export_coefficient_datafiles', 'Component': 'name', 'Type': 'character(len=16)', 'Dimensions': '-', 'Default': '-', 'Units': 'N/A', 'Description': '-', 'Swat_codetype': 'in_exco'}","{'Line in File': '3', 'Position in File': '1', 'Condition': '-', 'Local (Y/N)': 'N', 'TYPE': 'export_coefficient_datafiles', 'Component': 'name', 'Type': 'character(len=16)', 'Dimensions': '-', 'Default': '""""', 'Units': 'N/A', 'Description': '-', 'Swat_codetype': 'in_exco'}"
exco.exc,3,2,om_file,"{'Line in File': '3', 'Position in File': '2', 'Condition': '-', 'Local (Y/N)': 'N', 'TYPE': 'export_coefficient_datafiles', 'Component': 'om_file', 'Type': 'character(len=16)', 'Dimensions': '-', 'Default': '-', 'Units': 'N/A', 'Description': '-', 'Swat_codetype': 'in_exco'}","{'Line in File': '3', 'Position in File': '2', 'Condition': '-', 'Local (Y/N)': 'N', 'TYPE': 'export_coefficient_datafiles', 'Component': 'om_file', 'Type': 'character(len=16)', 'Dimensions': '-', 'Default': '""""', 'Units': 'N/A', 'Description': '-', 'Swat_codetype': 'in_exco'}"
exco.exc,3,3,pest_file,"{'Line in File': '3', 'Position in File': '3', 'Condition': '-', 'Local (Y/N)': 'N', 'TYPE': 'export_coefficient_datafiles', 'Component': 'pest_file', 'Type': 'character(len=16)', 'Dimensions': '-', 'Default': '-', 'Units': 'N/A', 'Description': '-', 'Swat_codetype': 'in_exco'}","{'Line in File': '3', 'Position in File': '3', 'Condition': '-', 'Local (Y/N)': 'N', 'TYPE': 'export_coefficient_datafiles', 'Component': 'pest_file', 'Type': 'character(len=16)', 'Dimensions': '-', 'Default': '""""', 'Units': 'N/A', 'Description': '-', 'Swat_codetype': 'in_exco'}"
exco.exc,3,4,path_file,"{'Line in File': '3', 'Position in File': '4', 'Condition': '-', 'Local (Y/N)': 'N', 'TYPE': 'export_coefficient_datafiles', 'Component': 'path_file', 'Type': 'character(len=16)', 'Dimensions': '-', 'Default': '-', 'Units': 'N/A', 'Description': '-', 'Swat_codetype': 'in_exco'}","{'Line in File': '3', 'Position in File': '4', 'Condition': '-', 'Local (Y/N)': 'N', 'TYPE': 'export_coefficient_datafiles', 'Component': 'path_file', 'Type': 'character(len=16)', 'Dimensions': '-', 'Default': '""""', 'Units': 'N/A', 'Description': '-', 'Swat_codetype': 'in_exco'}"
exco.exc,3,5,hmet_file,"{'Line in File': '3', 'Position in File': '5', 'Condition': '-', 'Local (Y/N)': 'N', 'TYPE': 'export_coefficient_datafiles', 'Component': 'hmet_file', 'Type': 'character(len=16)', 'Dimensions': '-', 'Default': '-', 'Units': 'N/A', 'Description': '-', 'Swat_codetype': 'in_exco'}","{'Line in File': '3', 'Position in File': '5', 'Condition': '-', 'Local (Y/N)': 'N', 'TYPE': 'export_coefficient_datafiles', 'Component': 'hmet_file', 'Type': 'character(len=16)', 'Dimensions': '-', 'Default': '""""', 'Units': 'N/A', 'Description': '-', 'Swat_codetype': 'in_exco'}"
exco.exc,3,6,salts_file,"{'Line in File': '3', 'Position in File': '6', 'Condition': '-', 'Local (Y/N)': 'N', 'TYPE': 'export_coefficient_datafiles', 'Component': 'salts_file', 'Type': 'character(len=16)', 'Dimensions': '-', 'Default': '-', 'Units': 'N/A', 'Description': '-', 'Swat_codetype': 'in_exco'}","{'Line in File': '3', 'Position in File': '6', 'Condition': '-', 'Local (Y/N)': 'N', 'TYPE': 'export_coefficient_datafiles', 'Component': 'salts_file', 'Type': 'character(len=16)', 'Dimensions': '-', 'Default': '""""', 'Units': 'N/A', 'Description': '-', 'Swat_codetype': 'in_exco'}"
exco_hmet.exc,1,1,titldum,"{'Line in File': '1', 'Position in File': '1', 'Condition': '-', 'Local (Y/N)': 'Y', 'TYPE': '-', 'Component': 'titldum', 'Type': 'character(len=80)', 'Dimensions': '-', 'Default': '-', 'Units': 'N/A', 'Description': '-', 'Swat_codetype': '-'}","{'Line in File': '1', 'Position in File': '1', 'Condition': '-', 'Local (Y/N)': 'Y', 'TYPE': '-', 'Component': 'titldum', 'Type': 'character(len=80)', 'Dimensions': '-', 'Default': '""""', 'Units': 'N/A', 'Description': '-', 'Swat_codetype': '-'}"
exco_hmet.exc,2,1,header,"{'Line in File': '2', 'Position in File': '1', 'Condition': '-', 'Local (Y/N)': 'Y', 'TYPE': '-', 'Component': 'header', 'Type': 'character(len=80)', 'Dimensions': '-', 'Default': '-', 'Units': 'N/A', 'Description': '-', 'Swat_codetype': '-'}","{'Line in File': '2', 'Position in File': '1', 'Condition': '-', 'Local (Y/N)': 'Y', 'TYPE': '-', 'Component': 'header', 'Type': 'character(len=80)', 'Dimensions': '-', 'Default': '""""', 'Units': 'N/A', 'Description': '-', 'Swat_codetype': '-'}"
exco_om.exc,1,1,titldum,"{'Line in File': '1', 'Position in File': '1', 'Condition': '-', 'Local (Y/N)': 'Y', 'TYPE': '-', 'Component': 'titldum', 'Type': 'character(len=80)', 'Dimensions': '-', 'Default': '-', 'Units': 'N/A', 'Description': '-', 'Swat_codetype': '-'}","{'Line in File': '1', 'Position in File': '1', 'Condition': '-', 'Local (Y/N)': 'Y', 'TYPE': '-', 'Component': 'titldum', 'Type': 'character(len=80)', 'Dimensions': '-', 'Default': '""""', 'Units': 'N/A', 'Description': '-', 'Swat_codetype': '-'}"
exco_om.exc,2,1,header,"{'Line in File': '2', 'Position in File': '1', 'Condition': '-', 'Local (Y/N)': 'Y', 'TYPE': '-', 'Component': 'header', 'Type': 'character(len=80)', 'Dimensions': '-', 'Default': '-', 'Units': 'N/A', 'Description': '-', 'Swat_codetype': '-'}","{'Line in File': '2', 'Position in File': '1', 'Condition': '-', 'Local (Y/N)': 'Y', 'TYPE': '-', 'Component': 'header', 'Type': 'character(len=80)', 'Dimensions': '-', 'Default': '""""', 'Units': 'N/A', 'Description': '-', 'Swat_codetype': '-'}"
exco_path.exc,1,1,titldum,"{'Line in File': '1', 'Position in File': '1', 'Condition': '-', 'Local (Y/N)': 'Y', 'TYPE': '-', 'Component': 'titldum', 'Type': 'character(len=80)', 'Dimensions': '-', 'Default': '-', 'Units': 'N/A', 'Description': '-', 'Swat_codetype': '-'}","{'Line in File': '1', 'Position in File': '1', 'Condition': '-', 'Local (Y/N)': 'Y', 'TYPE': '-', 'Component': 'titldum', 'Type': 'character(len=80)', 'Dimensions': '-', 'Default': '""""', 'Units': 'N/A', 'Description': '-', 'Swat_codetype': '-'}"
exco_path.exc,2,1,header,"{'Line in File': '2', 'Position in File': '1', 'Condition': '-', 'Local (Y/N)': 'Y', 'TYPE': '-', 'Component': 'header', 'Type': 'character(len=80)', 'Dimensions': '-', 'Default': '-', 'Units': 'N/A', 'Description': '-', 'Swat_codetype': '-'}","{'Line in File': '2', 'Position in File': '1', 'Condition': '-', 'Local (Y/N)': 'Y', 'TYPE': '-', 'Component': 'header', 'Type': 'character(len=80)', 'Dimensions': '-', 'Default': '""""', 'Units': 'N/A', 'Description': '-', 'Swat_codetype': '-'}"
exco_pest.exc,1,1,titldum,"{'Line in File': '1', 'Position in File': '1', 'Condition': '-', 'Local (Y/N)': 'Y', 'TYPE': '-', 'Component': 'titldum', 'Type': 'character(len=80)', 'Dimensions': '-', 'Default': '-', 'Units': 'N/A', 'Description': '-', 'Swat_codetype': '-'}","{'Line in File': '1', 'Position in File': '1', 'Condition': '-', 'Local (Y/N)': 'Y', 'TYPE': '-', 'Component': 'titldum', 'Type': 'character(len=80)', 'Dimensions': '-', 'Default': '""""', 'Units': 'N/A', 'Description': '-', 'Swat_codetype': '-'}"
exco_pest.exc,2,1,header,"{'Line in File': '2', 'Position in File': '1', 'Condition': '-', 'Local (Y/N)': 'Y', 'TYPE': '-', 'Component': 'header', 'Type': 'character(len=80)', 'Dimensions': '-', 'Default': '-', 'Units': 'N/A', 'Description': '-', 'Swat_codetype': '-'}","{'Line in File': '2', 'Position in File': '1', 'Condition': '-', 'Local (Y/N)': 'Y', 'TYPE': '-', 'Component': 'header', 'Type': 'character(len=80)', 'Dimensions': '-', 'Default': '""""', 'Units': 'N/A', 'Description': '-', 'Swat_codetype': '-'}"
exco_salt.exc,1,1,titldum,"{'Line in File': '1', 'Position in File': '1', 'Condition': '-', 'Local (Y/N)': 'Y', 'TYPE': '-', 'Component': 'titldum', 'Type': 'character(len=80)', 'Dimensions': '-', 'Default': '-', 'Units': 'N/A', 'Description': '-', 'Swat_codetype': '-'}","{'Line in File': '1', 'Position in File': '1', 'Condition': '-', 'Local (Y/N)': 'Y', 'TYPE': '-', 'Component': 'titldum', 'Type': 'character(len=80)', 'Dimensions': '-', 'Default': '""""', 'Units': 'N/A', 'Description': '-', 'Swat_codetype': '-'}"
exco_salt.exc,2,1,header,"{'Line in File': '2', 'Position in File': '1', 'Condition': '-', 'Local (Y/N)': 'Y', 'TYPE': '-', 'Component': 'header', 'Type': 'character(len=80)', 'Dimensions': '-', 'Default': '-', 'Units': 'N/A', 'Description': '-', 'Swat_codetype': '-'}","{'Line in File': '2', 'Position in File': '1', 'Condition': '-', 'Local (Y/N)': 'Y', 'TYPE': '-', 'Component': 'header', 'Type': 'character(len=80)', 'Dimensions': '-', 'Default': '""""', 'Units': 'N/A', 'Description': '-', 'Swat_codetype': '-'}"
fertilizer.frt,1,1,titldum,"{'Line in File': '1', 'Position in File': '1', 'Condition': '-', 'Local (Y/N)': 'Y', 'TYPE': '-', 'Component': 'titldum', 'Type': 'character(len=80)', 'Dimensions': '-', 'Default': '-', 'Units': 'N/A', 'Description': '-', 'Swat_codetype': '-'}","{'Line in File': '1', 'Position in File': '1', 'Condition': '-', 'Local (Y/N)': 'Y', 'TYPE': '-', 'Component': 'titldum', 'Type': 'character(len=80)', 'Dimensions': '-', 'Default': '""""', 'Units': 'N/A', 'Description': '-', 'Swat_codetype': '-'}"
fertilizer.frt,2,1,header,"{'Line in File': '2', 'Position in File': '1', 'Condition': '-', 'Local (Y/N)': 'Y', 'TYPE': '-', 'Component': 'header', 'Type': 'character(len=80)', 'Dimensions': '-', 'Default': '-', 'Units': 'N/A', 'Description': '-', 'Swat_codetype': '-'}","{'Line in File': '2', 'Position in File': '1', 'Condition': '-', 'Local (Y/N)': 'Y', 'TYPE': '-', 'Component': 'header', 'Type': 'character(len=80)', 'Dimensions': '-', 'Default': '""""', 'Units': 'N/A', 'Description': '-', 'Swat_codetype': '-'}"
fertilizer.frt_cs,1,1,titldum,"{'Line in File': '1', 'Position in File': '1', 'Condition': '-', 'Local (Y/N)': 'Y', 'TYPE': '-', 'Component': 'titldum', 'Type': 'character(len=80)', 'Dimensions': '-', 'Default': '-', 'Units': 'N/A', 'Description': '-', 'Swat_codetype': '-'}","{'Line in File': '1', 'Position in File': '1', 'Condition': '-', 'Local (Y/N)': 'Y', 'TYPE': '-', 'Component': 'titldum', 'Type': 'character(len=80)', 'Dimensions': '-', 'Default': '""""', 'Units': 'N/A', 'Description': '-', 'Swat_codetype': '-'}"
fertilizer.frt_cs,2,1,header,"{'Line in File': '2', 'Position in File': '1', 'Condition': '-', 'Local (Y/N)': 'Y', 'TYPE': '-', 'Component': 'header', 'Type': 'character(len=80)', 'Dimensions': '-', 'Default': '-', 'Units': 'N/A', 'Description': '-', 'Swat_codetype': '-'}","{'Line in File': '2', 'Position in File': '1', 'Condition': '-', 'Local (Y/N)': 'Y', 'TYPE': '-', 'Component': 'header', 'Type': 'character(len=80)', 'Dimensions': '-', 'Default': '""""', 'Units': 'N/A', 'Description': '-', 'Swat_codetype': '-'}"
field.fld,1,1,titldum,"{'Line in File': '1', 'Position in File': '1', 'Condition': '-', 'Local (Y/N)': 'Y', 'TYPE': '-', 'Component': 'titldum', 'Type': 'character(len=80)', 'Dimensions': '-', 'Default': '-', 'Units': 'N/A', 'Description': '-', 'Swat_codetype': '-'}","{'Line in File': '1', 'Position in File': '1', 'Condition': '-', 'Local (Y/N)': 'Y', 'TYPE': '-', 'Component': 'titldum', 'Type': 'character(len=80)', 'Dimensions': '-', 'Default': '""""', 'Units': 'N/A', 'Description': '-', 'Swat_codetype': '-'}"
field.fld,2,1,header,"{'Line in File': '2', 'Position in File': '1', 'Condition': '-', 'Local (Y/N)': 'Y', 'TYPE': '-', 'Component': 'header', 'Type': 'character(len=80)', 'Dimensions': '-', 'Default': '-', 'Units': 'N/A', 'Description': '-', 'Swat_codetype': '-'}","{'Line in File': '2', 'Position in File': '1', 'Condition': '-', 'Local (Y/N)': 'Y', 'TYPE': '-', 'Component': 'header', 'Type': 'character(len=80)', 'Dimensions': '-', 'Default': '""""', 'Units': 'N/A', 'Description': '-', 'Swat_codetype': '-'}"
file.cio,1,1,titldum,"{'Line in File': '1', 'Position in File': '1', 'Condition': '-', 'Local (Y/N)': 'Y', 'TYPE': '-', 'Component': 'titldum', 'Type': 'character(len=80)', 'Dimensions': '-', 'Default': '-', 'Units': 'N/A', 'Description': '-', 'Swat_codetype': '-'}","{'Line in File': '1', 'Position in File': '1', 'Condition': '-', 'Local (Y/N)': 'Y', 'TYPE': '-', 'Component': 'titldum', 'Type': 'character(len=80)', 'Dimensions': '-', 'Default': '""""', 'Units': 'N/A', 'Description': '-', 'Swat_codetype': '-'}"
file.cio,10,1,name,"{'Line in File': '10', 'Position in File': '1', 'Condition': '-', 'Local (Y/N)': 'Y', 'TYPE': '-', 'Component': 'name', 'Type': 'character(len=15)', 'Dimensions': '-', 'Default': '-', 'Units': 'N/A', 'Description': '-', 'Swat_codetype': '-'}","{'Line in File': '10', 'Position in File': '1', 'Condition': '-', 'Local (Y/N)': 'Y', 'TYPE': '-', 'Component': 'name', 'Type': 'character(len=15)', 'Dimensions': '-', 'Default': '""""', 'Units': 'N/A', 'Description': '-', 'Swat_codetype': '-'}"
file.cio,11,1,name,"{'Line in File': '11', 'Position in File': '1', 'Condition': '-', 'Local (Y/N)': 'Y', 'TYPE': '-', 'Component': 'name', 'Type': 'character(len=15)', 'Dimensions': '-', 'Default': '-', 'Units': 'N/A', 'Description': '-', 'Swat_codetype': '-'}","{'Line in File': '11', 'Position in File': '1', 'Condition': '-', 'Local (Y/N)': 'Y', 'TYPE': '-', 'Component': 'name', 'Type': 'character(len=15)', 'Dimensions': '-', 'Default': '""""', 'Units': 'N/A', 'Description': '-', 'Swat_codetype': '-'}"
file.cio,12,1,name,"{'Line in File': '12', 'Position in File': '1', 'Condition': '-', 'Local (Y/N)': 'Y', 'TYPE': '-', 'Component': 'name', 'Type': 'character(len=15)', 'Dimensions': '-', 'Default': '-', 'Units': 'N/A', 'Description': '-', 'Swat_codetype': '-'}","{'Line in File': '12', 'Position in File': '1', 'Condition': '-', 'Local (Y/N)': 'Y', 'TYPE': '-', 'Component': 'name', 'Type': 'character(len=15)', 'Dimensions': '-', 'Default': '""""', 'Units': 'N/A', 'Description': '-', 'Swat_codetype': '-'}"
file.cio,13,1,name,"{'Line in File': '13', 'Position in File': '1', 'Condition': '-', 'Local (Y/N)': 'Y', 'TYPE': '-', 'Component': 'name', 'Type': 'character(len=15)', 'Dimensions': '-', 'Default': '-', 'Units': 'N/A', 'Description': '-', 'Swat_codetype': '-'}","{'Line in File': '13', 'Position in File': '1', 'Condition': '-', 'Local (Y/N)': 'Y', 'TYPE': '-', 'Component': 'name', 'Type': 'character(len=15)', 'Dimensions': '-', 'Default': '""""', 'Units': 'N/A', 'Description': '-', 'Swat_codetype': '-'}"
file.cio,14,1,name,"{'Line in File': '14', 'Position in File': '1', 'Condition': '-', 'Local (Y/N)': 'Y', 'TYPE': '-', 'Component': 'name', 'Type': 'character(len=15)', 'Dimensions': '-', 'Default': '-', 'Units': 'N/A', 'Description': '-', 'Swat_codetype': '-'}","{'Line in File': '14', 'Position in File': '1', 'Condition': '-', 'Local (Y/N)': 'Y', 'TYPE': '-', 'Component': 'name', 'Type': 'character(len=15)', 'Dimensions': '-', 'Default': '""""', 'Units': 'N/A', 'Description': '-', 'Swat_codetype': '-'}"
file.cio,15,1,name,"{'Line in File': '15', 'Position in File': '1', 'Condition': '-', 'Local (Y/N)': 'Y', 'TYPE': '-', 'Component': 'name', 'Type': 'character(len=15)', 'Dimensions': '-', 'Default': '-', 'Units': 'N/A', 'Description': '-', 'Swat_codetype': '-'}","{'Line in File': '15', 'Position in File': '1', 'Condition': '-', 'Local (Y/N)': 'Y', 'TYPE': '-', 'Component': 'name', 'Type': 'character(len=15)', 'Dimensions': '-', 'Default': '""""', 'Units': 'N/A', 'Description': '-', 'Swat_codetype': '-'}"
file.cio,16,1,name,"{'Line in File': '16', 'Position in File': '1', 'Condition': '-', 'Local (Y/N)': 'Y', 'TYPE': '-', 'Component': 'name', 'Type': 'character(len=15)', 'Dimensions': '-', 'Default': '-', 'Units': 'N/A', 'Description': '-', 'Swat_codetype': '-'}","{'Line in File': '16', 'Position in File': '1', 'Condition': '-', 'Local (Y/N)': 'Y', 'TYPE': '-', 'Component': 'name', 'Type': 'character(len=15)', 'Dimensions': '-', 'Default': '""""', 'Units': 'N/A', 'Description': '-', 'Swat_codetype': '-'}"
file.cio,17,1,name,"{'Line in File': '17', 'Position in File': '1', 'Condition': '-', 'Local (Y/N)': 'Y', 'TYPE': '-', 'Component': 'name', 'Type': 'character(len=15)', 'Dimensions': '-', 'Default': '-', 'Units': 'N/A', 'Description': '-', 'Swat_codetype': '-'}","{'Line in File': '17', 'Position in File': '1', 'Condition': '-', 'Local (Y/N)': 'Y', 'TYPE': '-', 'Component': 'name', 'Type': 'character(len=15)', 'Dimensions': '-', 'Default': '""""', 'Units': 'N/A', 'Description': '-', 'Swat_codetype': '-'}"
file.cio,18,1,name,"{'Line in File': '18', 'Position in File': '1', 'Condition': '-', 'Local (Y/N)': 'Y', 'TYPE': '-', 'Component': 'name', 'Type': 'character(len=15)', 'Dimensions': '-', 'Default': '-', 'Units': 'N/A', 'Description': '-', 'Swat_codetype': '-'}","{'Line in File': '18', 'Position in File': '1', 'Condition': '-', 'Local (Y/N)': 'Y', 'TYPE': '-', 'Component': 'name', 'Type': 'character(len=15)', 'Dimensions': '-', 'Default': '""""', 'Units': 'N/A', 'Description': '-', 'Swat_codetype': '-'}"
file.cio,19,1,name,"{'Line in File': '19', 'Position in File': '1', 'Condition': '-', 'Local (Y/N)': 'Y', 'TYPE': '-', 'Component': 'name', 'Type': 'character(len=15)', 'Dimensions': '-', 'Default': '-', 'Units': 'N/A', 'Description': '-', 'Swat_codetype': '-'}","{'Line in File': '19', 'Position in File': '1', 'Condition': '-', 'Local (Y/N)': 'Y', 'TYPE': '-', 'Component': 'name', 'Type': 'character(len=15)', 'Dimensions': '-', 'Default': '""""', 'Units': 'N/A', 'Description': '-', 'Swat_codetype': '-'}"
file.cio,2,1,name,"{'Line in File': '2', 'Position in File': '1', 'Condition': '-', 'Local (Y/N)': 'Y', 'TYPE': '-', 'Component': 'name', 'Type': 'character(len=15)', 'Dimensions': '-', 'Default': '-', 'Units': 'N/A', 'Description': '-', 'Swat_codetype': '-'}","{'Line in File': '2', 'Position in File': '1', 'Condition': '-', 'Local (Y/N)': 'Y', 'TYPE': '-', 'Component': 'name', 'Type': 'character(len=15)', 'Dimensions': '-', 'Default': '""""', 'Units': 'N/A', 'Description': '-', 'Swat_codetype': '-'}"
file.cio,20,1,name,"{'Line in File': '20', 'Position in File': '1', 'Condition': '-', 'Local (Y/N)': 'Y', 'TYPE': '-', 'Component': 'name', 'Type': 'character(len=15)', 'Dimensions': '-', 'Default': '-', 'Units': 'N/A', 'Description': '-', 'Swat_codetype': '-'}","{'Line in File': '20', 'Position in File': '1', 'Condition': '-', 'Local (Y/N)': 'Y', 'TYPE': '-', 'Component': 'name', 'Type': 'character(len=15)', 'Dimensions': '-', 'Default': '""""', 'Units': 'N/A', 'Description': '-', 'Swat_codetype': '-'}"
file.cio,21,1,name,"{'Line in File': '21', 'Position in File': '1', 'Condition': '-', 'Local (Y/N)': 'Y', 'TYPE': '-', 'Component': 'name', 'Type': 'character(len=15)', 'Dimensions': '-', 'Default': '-', 'Units': 'N/A', 'Description': '-', 'Swat_codetype': '-'}","{'Line in File': '21', 'Position in File': '1', 'Condition': '-', 'Local (Y/N)': 'Y', 'TYPE': '-', 'Component': 'name', 'Type': 'character(len=15)', 'Dimensions': '-', 'Default': '""""', 'Units': 'N/A', 'Description': '-', 'Swat_codetype': '-'}"
file.cio,22,1,name,"{'Line in File': '22', 'Position in File': '1', 'Condition': '-', 'Local (Y/N)': 'Y', 'TYPE': '-', 'Component': 'name', 'Type': 'character(len=15)', 'Dimensions': '-', 'Default': '-', 'Units': 'N/A', 'Description': '-', 'Swat_codetype': '-'}","{'Line in File': '22', 'Position in File': '1', 'Condition': '-', 'Local (Y/N)': 'Y', 'TYPE': '-', 'Component': 'name', 'Type': 'character(len=15)', 'Dimensions': '-', 'Default': '""""', 'Units': 'N/A', 'Description': '-', 'Swat_codetype': '-'}"
file.cio,23,1,name,"{'Line in File': '23', 'Position in File': '1', 'Condition': '-', 'Local (Y/N)': 'Y', 'TYPE': '-', 'Component': 'name', 'Type': 'character(len=15)', 'Dimensions': '-', 'Default': '-', 'Units': 'N/A', 'Description': '-', 'Swat_codetype': '-'}","{'Line in File': '23', 'Position in File': '1', 'Condition': '-', 'Local (Y/N)': 'Y', 'TYPE': '-', 'Component': 'name', 'Type': 'character(len=15)', 'Dimensions': '-', 'Default': '""""', 'Units': 'N/A', 'Description': '-', 'Swat_codetype': '-'}"
file.cio,24,1,name,"{'Line in File': '24', 'Position in File': '1', 'Condition': '-', 'Local (Y/N)': 'Y', 'TYPE': '-', 'Component': 'name', 'Type': 'character(len=15)', 'Dimensions': '-', 'Default': '-', 'Units': 'N/A', 'Description': '-', 'Swat_codetype': '-'}","{'Line in File': '24', 'Position in File': '1', 'Condition': '-', 'Local (Y/N)': 'Y', 'TYPE': '-', 'Component': 'name', 'Type': 'character(len=15)', 'Dimensions': '-', 'Default': '""""', 'Units': 'N/A', 'Description': '-', 'Swat_codetype': '-'}"
file.cio,25,1,name,"{'Line in File': '25', 'Position in File': '1', 'Condition': '-', 'Local (Y/N)': 'Y', 'TYPE': '-', 'Component': 'name', 'Type': 'character(len=15)', 'Dimensions': '-', 'Default': '-', 'Units': 'N/A', 'Description': '-', 'Swat_codetype': '-'}","{'Line in File': '25', 'Position in File': '1', 'Condition': '-', 'Local (Y/N)': 'Y', 'TYPE': '-', 'Component': 'name', 'Type': 'character(len=15)', 'Dimensions': '-', 'Default': '""""', 'Units': 'N/A', 'Description': '-', 'Swat_codetype': '-'}"
file.cio,26,1,name,"{'Line in File': '26', 'Position in File': '1', 'Condition': '-', 'Local (Y/N)': 'Y', 'TYPE': '-', 'Component': 'name', 'Type': 'character(len=15)', 'Dimensions': '-', 'Default': '-', 'Units': 'N/A', 'Description': '-', 'Swat_codetype': '-'}","{'Line in File': '26', 'Position in File': '1', 'Condition': '-', 'Local (Y/N)': 'Y', 'TYPE': '-', 'Component': 'name', 'Type': 'character(len=15)', 'Dimensions': '-', 'Default': '""""', 'Units': 'N/A', 'Description': '-', 'Swat_codetype': '-'}"
file.cio,27,1,name,"{'Line in File': '27', 'Position in File': '1', 'Condition': '-', 'Local (Y/N)': 'Y', 'TYPE': '-', 'Component': 'name', 'Type': 'character(len=15)', 'Dimensions': '-', 'Default': '-', 'Units': 'N/A', 'Description': '-', 'Swat_codetype': '-'}","{'Line in File': '27', 'Position in File': '1', 'Condition': '-', 'Local (Y/N)': 'Y', 'TYPE': '-', 'Component': 'name', 'Type': 'character(len=15)', 'Dimensions': '-', 'Default': '""""', 'Units': 'N/A', 'Description': '-', 'Swat_codetype': '-'}"
file.cio,28,1,name,"{'Line in File': '28', 'Position in File': '1', 'Condition': '-', 'Local (Y/N)': 'Y', 'TYPE': '-', 'Component': 'name', 'Type': 'character(len=15)', 'Dimensions': '-', 'Default': '-', 'Units': 'N/A', 'Description': '-', 'Swat_codetype': '-'}","{'Line in File': '28', 'Position in File': '1', 'Condition': '-', 'Local (Y/N)': 'Y', 'TYPE': '-', 'Component': 'name', 'Type': 'character(len=15)', 'Dimensions': '-', 'Default': '""""', 'Units': 'N/A', 'Description': '-', 'Swat_codetype': '-'}"
file.cio,29,1,name,"{'Line in File': '29', 'Position in File': '1', 'Condition': '-', 'Local (Y/N)': 'Y', 'TYPE': '-', 'Component': 'name', 'Type': 'character(len=15)', 'Dimensions': '-', 'Default': '-', 'Units': 'N/A', 'Description': '-', 'Swat_codetype': '-'}","{'Line in File': '29', 'Position in File': '1', 'Condition': '-', 'Local (Y/N)': 'Y', 'TYPE': '-', 'Component': 'name', 'Type': 'character(len=15)', 'Dimensions': '-', 'Default': '""""', 'Units': 'N/A', 'Description': '-', 'Swat_codetype': '-'}"
file.cio,3,1,name,"{'Line in File': '3', 'Position in File': '1', 'Condition': '-', 'Local (Y/N)': 'Y', 'TYPE': '-', 'Component': 'name', 'Type': 'character(len=15)', 'Dimensions': '-', 'Default': '-', 'Units': 'N/A', 'Description': '-', 'Swat_codetype': '-'}","{'Line in File': '3', 'Position in File': '1', 'Condition': '-', 'Local (Y/N)': 'Y', 'TYPE': '-', 'Component': 'name', 'Type': 'character(len=15)', 'Dimensions': '-', 'Default': '""""', 'Units': 'N/A', 'Description': '-', 'Swat_codetype': '-'}"
file.cio,30,1,name,"{'Line in File': '30', 'Position in File': '1', 'Condition': '-', 'Local (Y/N)': 'Y', 'TYPE': '-', 'Component': 'name', 'Type': 'character(len=15)', 'Dimensions': '-', 'Default': '-', 'Units': 'N/A', 'Description': '-', 'Swat_codetype': '-'}","{'Line in File': '30', 'Position in File': '1', 'Condition': '-', 'Local (Y/N)': 'Y', 'TYPE': '-', 'Component': 'name', 'Type': 'character(len=15)', 'Dimensions': '-', 'Default': '""""', 'Units': 'N/A', 'Description': '-', 'Swat_codetype': '-'}"
file.cio,31,1,name,"{'Line in File': '31', 'Position in File': '1', 'Condition': '-', 'Local (Y/N)': 'Y', 'TYPE': '-', 'Component': 'name', 'Type': 'character(len=15)', 'Dimensions': '-', 'Default': '-', 'Units': 'N/A', 'Description': '-', 'Swat_codetype': '-'}","{'Line in File': '31', 'Position in File': '1', 'Condition': '-', 'Local (Y/N)': 'Y', 'TYPE': '-', 'Component': 'name', 'Type': 'character(len=15)', 'Dimensions': '-', 'Default': '""""', 'Units': 'N/A', 'Description': '-', 'Swat_codetype': '-'}"
file.cio,32,1,line_buffer,,"{'Line in File': '32', 'Position in File': '1', 'Condition': '-', 'Local (Y/N)': 'Y', 'TYPE': '-', 'Component': 'line_buffer', 'Type': 'character(len=512)', 'Dimensions': '-', 'Default': '-', 'Units': 'N/A', 'Description': '-', 'Swat_codetype': '-'}"
file.cio,4,1,name,"{'Line in File': '4', 'Position in File': '1', 'Condition': '-', 'Local (Y/N)': 'Y', 'TYPE': '-', 'Component': 'name', 'Type': 'character(len=15)', 'Dimensions': '-', 'Default': '-', 'Units': 'N/A', 'Description': '-', 'Swat_codetype': '-'}","{'Line in File': '4', 'Position in File': '1', 'Condition': '-', 'Local (Y/N)': 'Y', 'TYPE': '-', 'Component': 'name', 'Type': 'character(len=15)', 'Dimensions': '-', 'Default': '""""', 'Units': 'N/A', 'Description': '-', 'Swat_codetype': '-'}"
file.cio,5,1,name,"{'Line in File': '5', 'Position in File': '1', 'Condition': '-', 'Local (Y/N)': 'Y', 'TYPE': '-', 'Component': 'name', 'Type': 'character(len=15)', 'Dimensions': '-', 'Default': '-', 'Units': 'N/A', 'Description': '-', 'Swat_codetype': '-'}","{'Line in File': '5', 'Position in File': '1', 'Condition': '-', 'Local (Y/N)': 'Y', 'TYPE': '-', 'Component': 'name', 'Type': 'character(len=15)', 'Dimensions': '-', 'Default': '""""', 'Units': 'N/A', 'Description': '-', 'Swat_codetype': '-'}"
file.cio,6,1,name,"{'Line in File': '6', 'Position in File': '1', 'Condition': '-', 'Local (Y/N)': 'Y', 'TYPE': '-', 'Component': 'name', 'Type': 'character(len=15)', 'Dimensions': '-', 'Default': '-', 'Units': 'N/A', 'Description': '-', 'Swat_codetype': '-'}","{'Line in File': '6', 'Position in File': '1', 'Condition': '-', 'Local (Y/N)': 'Y', 'TYPE': '-', 'Component': 'name', 'Type': 'character(len=15)', 'Dimensions': '-', 'Default': '""""', 'Units': 'N/A', 'Description': '-', 'Swat_codetype': '-'}"
file.cio,7,1,name,"{'Line in File': '7', 'Position in File': '1', 'Condition': '-', 'Local (Y/N)': 'Y', 'TYPE': '-', 'Component': 'name', 'Type': 'character(len=15)', 'Dimensions': '-', 'Default': '-', 'Units': 'N/A', 'Description': '-', 'Swat_codetype': '-'}","{'Line in File': '7', 'Position in File': '1', 'Condition': '-', 'Local (Y/N)': 'Y', 'TYPE': '-', 'Component': 'name', 'Type': 'character(len=15)', 'Dimensions': '-', 'Default': '""""', 'Units': 'N/A', 'Description': '-', 'Swat_codetype': '-'}"
file.cio,8,1,name,"{'Line in File': '8', 'Position in File': '1', 'Condition': '-', 'Local (Y/N)': 'Y', 'TYPE': '-', 'Component': 'name', 'Type': 'character(len=15)', 'Dimensions': '-', 'Default': '-', 'Units': 'N/A', 'Description': '-', 'Swat_codetype': '-'}","{'Line in File': '8', 'Position in File': '1', 'Condition': '-', 'Local (Y/N)': 'Y', 'TYPE': '-', 'Component': 'name', 'Type': 'character(len=15)', 'Dimensions': '-', 'Default': '""""', 'Units': 'N/A', 'Description': '-', 'Swat_codetype': '-'}"
file.cio,9,1,name,"{'Line in File': '9', 'Position in File': '1', 'Condition': '-', 'Local (Y/N)': 'Y', 'TYPE': '-', 'Component': 'name', 'Type': 'character(len=15)', 'Dimensions': '-', 'Default': '-', 'Units': 'N/A', 'Description': '-', 'Swat_codetype': '-'}","{'Line in File': '9', 'Position in File': '1', 'Condition': '-', 'Local (Y/N)': 'Y', 'TYPE': '-', 'Component': 'name', 'Type': 'character(len=15)', 'Dimensions': '-', 'Default': '""""', 'Units': 'N/A', 'Description': '-', 'Swat_codetype': '-'}"
filterstrip.str,1,1,titldum,"{'Line in File': '1', 'Position in File': '1', 'Condition': '-', 'Local (Y/N)': 'Y', 'TYPE': '-', 'Component': 'titldum', 'Type': 'character(len=80)', 'Dimensions': '-', 'Default': '-', 'Units': 'N/A', 'Description': '-', 'Swat_codetype': '-'}","{'Line in File': '1', 'Position in File': '1', 'Condition': '-', 'Local (Y/N)': 'Y', 'TYPE': '-', 'Component': 'titldum', 'Type': 'character(len=80)', 'Dimensions': '-', 'Default': '""""', 'Units': 'N/A', 'Description': '-', 'Swat_codetype': '-'}"
filterstrip.str,2,1,header,"{'Line in File': '2', 'Position in File': '1', 'Condition': '-', 'Local (Y/N)': 'Y', 'TYPE': '-', 'Component': 'header', 'Type': 'character(len=80)', 'Dimensions': '-', 'Default': '-', 'Units': 'N/A', 'Description': '-', 'Swat_codetype': '-'}","{'Line in File': '2', 'Position in File': '1', 'Condition': '-', 'Local (Y/N)': 'Y', 'TYPE': '-', 'Component': 'header', 'Type': 'character(len=80)', 'Dimensions': '-', 'Default': '""""', 'Units': 'N/A', 'Description': '-', 'Swat_codetype': '-'}"
filterstrip.str,3,1,name,"{'Line in File': '3', 'Position in File': '1', 'Condition': '-', 'Local (Y/N)': 'N', 'TYPE': 'filtstrip_operation', 'Component': 'name', 'Type': 'character(len=40)', 'Dimensions': '-', 'Default': '-', 'Units': 'N/A', 'Description': '-', 'Swat_codetype': 'in_str'}","{'Line in File': '3', 'Position in File': '1', 'Condition': '-', 'Local (Y/N)': 'N', 'TYPE': 'filtstrip_operation', 'Component': 'name', 'Type': 'character(len=40)', 'Dimensions': '-', 'Default': '""""', 'Units': 'N/A', 'Description': '-', 'Swat_codetype': 'in_str'}"
filterstrip.str,3,4,vfscon,"{'Line in File': '3', 'Position in File': '4', 'Condition': '-', 'Local (Y/N)': 'N', 'TYPE': 'filtstrip_operation', 'Component': 'vfscon', 'Type': 'real', 'Dimensions': '-', 'Default': '-', 'Units': 'N/A', 'Description': '-', 'Swat_codetype': 'in_str'}","{'Line in File': '3', 'Position in File': '4', 'Condition': '-', 'Local (Y/N)': 'N', 'TYPE': 'filtstrip_operation', 'Component': 'vfscon', 'Type': 'real', 'Dimensions': '-', 'Default': '0.', 'Units': 'N/A', 'Description': '-', 'Swat_codetype': 'in_str'}"
filterstrip.str,3,5,vfsch,"{'Line in File': '3', 'Position in File': '5', 'Condition': '-', 'Local (Y/N)': 'N', 'TYPE': 'filtstrip_operation', 'Component': 'vfsch', 'Type': 'real', 'Dimensions': '-', 'Default': '-', 'Units': 'N/A', 'Description': '-', 'Swat_codetype': 'in_str'}","{'Line in File': '3', 'Position in File': '5', 'Condition': '-', 'Local (Y/N)': 'N', 'TYPE': 'filtstrip_operation', 'Component': 'vfsch', 'Type': 'real', 'Dimensions': '-', 'Default': '0.', 'Units': 'N/A', 'Description': '-', 'Swat_codetype': 'in_str'}"
fire.ops,1,1,titldum,"{'Line in File': '1', 'Position in File': '1', 'Condition': '-', 'Local (Y/N)': 'Y', 'TYPE': '-', 'Component': 'titldum', 'Type': 'character(len=80)', 'Dimensions': '-', 'Default': '-', 'Units': 'N/A', 'Description': '-', 'Swat_codetype': '-'}","{'Line in File': '1', 'Position in File': '1', 'Condition': '-', 'Local (Y/N)': 'Y', 'TYPE': '-', 'Component': 'titldum', 'Type': 'character(len=80)', 'Dimensions': '-', 'Default': '""""', 'Units': 'N/A', 'Description': '-', 'Swat_codetype': '-'}"
fire.ops,2,1,header,"{'Line in File': '2', 'Position in File': '1', 'Condition': '-', 'Local (Y/N)': 'Y', 'TYPE': '-', 'Component': 'header', 'Type': 'character(len=80)', 'Dimensions': '-', 'Default': '-', 'Units': 'N/A', 'Description': '-', 'Swat_codetype': '-'}","{'Line in File': '2', 'Position in File': '1', 'Condition': '-', 'Local (Y/N)': 'Y', 'TYPE': '-', 'Component': 'header', 'Type': 'character(len=80)', 'Dimensions': '-', 'Default': '""""', 'Units': 'N/A', 'Description': '-', 'Swat_codetype': '-'}"
fire.ops,3,1,name,"{'Line in File': '3', 'Position in File': '1', 'Condition': '-', 'Local (Y/N)': 'N', 'TYPE': 'fire_operation', 'Component': 'name', 'Type': 'character(len=40)', 'Dimensions': '-', 'Default': '-', 'Units': 'N/A', 'Description': '-', 'Swat_codetype': 'in_ops'}","{'Line in File': '3', 'Position in File': '1', 'Condition': '-', 'Local (Y/N)': 'N', 'TYPE': 'fire_operation', 'Component': 'name', 'Type': 'character(len=40)', 'Dimensions': '-', 'Default': '""""', 'Units': 'N/A', 'Description': '-', 'Swat_codetype': 'in_ops'}"
flo_con.dtl,1,1,titldum,"{'Line in File': '1', 'Position in File': '1', 'Condition': '-', 'Local (Y/N)': 'Y', 'TYPE': '-', 'Component': 'titldum', 'Type': 'character(len=80)', 'Dimensions': '-', 'Default': '-', 'Units': 'N/A', 'Description': '-', 'Swat_codetype': '-'}","{'Line in File': '1', 'Position in File': '1', 'Condition': '-', 'Local (Y/N)': 'Y', 'TYPE': '-', 'Component': 'titldum', 'Type': 'character(len=80)', 'Dimensions': '-', 'Default': '""""', 'Units': 'N/A', 'Description': '-', 'Swat_codetype': '-'}"
flo_con.dtl,2,1,mdtbl,"{'Line in File': '2', 'Position in File': '1', 'Condition': '-', 'Local (Y/N)': 'Y', 'TYPE': '-', 'Component': 'mdtbl', 'Type': 'integer', 'Dimensions': '-', 'Default': '-', 'Units': 'N/A', 'Description': '-', 'Swat_codetype': '-'}","{'Line in File': '2', 'Position in File': '1', 'Condition': '-', 'Local (Y/N)': 'Y', 'TYPE': '-', 'Component': 'mdtbl', 'Type': 'integer', 'Dimensions': '-', 'Default': '0', 'Units': 'N/A', 'Description': '-', 'Swat_codetype': '-'}"
flo_con.dtl,4,1,header,"{'Line in File': '4', 'Position in File': '1', 'Condition': '-', 'Local (Y/N)': 'Y', 'TYPE': '-', 'Component': 'header', 'Type': 'character(len=80)', 'Dimensions': '-', 'Default': '-', 'Units': 'N/A', 'Description': '-', 'Swat_codetype': '-'}","{'Line in File': '4', 'Position in File': '1', 'Condition': '-', 'Local (Y/N)': 'Y', 'TYPE': '-', 'Component': 'header', 'Type': 'character(len=80)', 'Dimensions': '-', 'Default': '""""', 'Units': 'N/A', 'Description': '-', 'Swat_codetype': '-'}"
flo_con.dtl,5,1,name,"{'Line in File': '5', 'Position in File': '1', 'Condition': '-', 'Local (Y/N)': 'N', 'TYPE': 'dtbl_flo', 'Component': 'name', 'Type': 'character(len=25)', 'Dimensions': '-', 'Default': '-', 'Units': 'N/A', 'Description': '-', 'Swat_codetype': 'in_cond'}","{'Line in File': '5', 'Position in File': '1', 'Condition': '-', 'Local (Y/N)': 'N', 'TYPE': 'dtbl_flo', 'Component': 'name', 'Type': 'character(len=40)', 'Dimensions': '-', 'Default': '""""', 'Units': 'N/A', 'Description': '-', 'Swat_codetype': 'in_cond'}"
flo_con.dtl,5,2,conds,"{'Line in File': '5', 'Position in File': '2', 'Condition': '-', 'Local (Y/N)': 'N', 'TYPE': 'dtbl_flo', 'Component': 'conds', 'Type': 'integer', 'Dimensions': '-', 'Default': '-', 'Units': 'N/A', 'Description': '-', 'Swat_codetype': 'in_cond'}","{'Line in File': '5', 'Position in File': '2', 'Condition': '-', 'Local (Y/N)': 'N', 'TYPE': 'dtbl_flo', 'Component': 'conds', 'Type': 'integer', 'Dimensions': '-', 'Default': '0', 'Units': 'N/A', 'Description': '-', 'Swat_codetype': 'in_cond'}"
flo_con.dtl,5,3,alts,"{'Line in File': '5', 'Position in File': '3', 'Condition': '-', 'Local (Y/N)': 'N', 'TYPE': 'dtbl_flo', 'Component': 'alts', 'Type': 'integer', 'Dimensions': '-', 'Default': '-', 'Units': 'N/A', 'Description': '-', 'Swat_codetype': 'in_cond'}","{'Line in File': '5', 'Position in File': '3', 'Condition': '-', 'Local (Y/N)': 'N', 'TYPE': 'dtbl_flo', 'Component': 'alts', 'Type': 'integer', 'Dimensions': '-', 'Default': '0', 'Units': 'N/A', 'Description': '-', 'Swat_codetype': 'in_cond'}"
flo_con.dtl,5,4,acts,"{'Line in File': '5', 'Position in File': '4', 'Condition': '-', 'Local (Y/N)': 'N', 'TYPE': 'dtbl_flo', 'Component': 'acts', 'Type': 'integer', 'Dimensions': '-', 'Default': '-', 'Units': 'N/A', 'Description': '-', 'Swat_codetype': 'in_cond'}","{'Line in File': '5', 'Position in File': '4', 'Condition': '-', 'Local (Y/N)': 'N', 'TYPE': 'dtbl_flo', 'Component': 'acts', 'Type': 'integer', 'Dimensions': '-', 'Default': '0', 'Units': 'N/A', 'Description': '-', 'Swat_codetype': 'in_cond'}"
flo_con.dtl,6,1,header,"{'Line in File': '6', 'Position in File': '1', 'Condition': '-', 'Local (Y/N)': 'Y', 'TYPE': '-', 'Component': 'header', 'Type': 'character(len=80)', 'Dimensions': '-', 'Default': '-', 'Units': 'N/A', 'Description': '-', 'Swat_codetype': '-'}","{'Line in File': '6', 'Position in File': '1', 'Condition': '-', 'Local (Y/N)': 'Y', 'TYPE': '-', 'Component': 'header', 'Type': 'character(len=80)', 'Dimensions': '-', 'Default': '""""', 'Units': 'N/A', 'Description': '-', 'Swat_codetype': '-'}"
flo_con.dtl,8,1,header,"{'Line in File': '8', 'Position in File': '1', 'Condition': '-', 'Local (Y/N)': 'Y', 'TYPE': '-', 'Component': 'header', 'Type': 'character(len=80)', 'Dimensions': '-', 'Default': '-', 'Units': 'N/A', 'Description': '-', 'Swat_codetype': '-'}","{'Line in File': '8', 'Position in File': '1', 'Condition': '-', 'Local (Y/N)': 'Y', 'TYPE': '-', 'Component': 'header', 'Type': 'character(len=80)', 'Dimensions': '-', 'Default': '""""', 'Units': 'N/A', 'Description': '-', 'Swat_codetype': '-'}"
grassedww.str,1,1,titldum,"{'Line in File': '1', 'Position in File': '1', 'Condition': '-', 'Local (Y/N)': 'Y', 'TYPE': '-', 'Component': 'titldum', 'Type': 'character(len=80)', 'Dimensions': '-', 'Default': '-', 'Units': 'N/A', 'Description': '-', 'Swat_codetype': '-'}","{'Line in File': '1', 'Position in File': '1', 'Condition': '-', 'Local (Y/N)': 'Y', 'TYPE': '-', 'Component': 'titldum', 'Type': 'character(len=80)', 'Dimensions': '-', 'Default': '""""', 'Units': 'N/A', 'Description': '-', 'Swat_codetype': '-'}"
grassedww.str,2,1,header,"{'Line in File': '2', 'Position in File': '1', 'Condition': '-', 'Local (Y/N)': 'Y', 'TYPE': '-', 'Component': 'header', 'Type': 'character(len=80)', 'Dimensions': '-', 'Default': '-', 'Units': 'N/A', 'Description': '-', 'Swat_codetype': '-'}","{'Line in File': '2', 'Position in File': '1', 'Condition': '-', 'Local (Y/N)': 'Y', 'TYPE': '-', 'Component': 'header', 'Type': 'character(len=80)', 'Dimensions': '-', 'Default': '""""', 'Units': 'N/A', 'Description': '-', 'Swat_codetype': '-'}"
grassedww.str,3,1,name,"{'Line in File': '3', 'Position in File': '1', 'Condition': '-', 'Local (Y/N)': 'N', 'TYPE': 'grwaterway_operation', 'Component': 'name', 'Type': 'character(len=40)', 'Dimensions': '-', 'Default': '-', 'Units': 'N/A', 'Description': '-', 'Swat_codetype': 'in_str'}","{'Line in File': '3', 'Position in File': '1', 'Condition': '-', 'Local (Y/N)': 'N', 'TYPE': 'grwaterway_operation', 'Component': 'name', 'Type': 'character(len=40)', 'Dimensions': '-', 'Default': '""""', 'Units': 'N/A', 'Description': '-', 'Swat_codetype': 'in_str'}"
graze.ops,1,1,titldum,"{'Line in File': '1', 'Position in File': '1', 'Condition': '-', 'Local (Y/N)': 'Y', 'TYPE': '-', 'Component': 'titldum', 'Type': 'character(len=80)', 'Dimensions': '-', 'Default': '-', 'Units': 'N/A', 'Description': '-', 'Swat_codetype': '-'}","{'Line in File': '1', 'Position in File': '1', 'Condition': '-', 'Local (Y/N)': 'Y', 'TYPE': '-', 'Component': 'titldum', 'Type': 'character(len=80)', 'Dimensions': '-', 'Default': '""""', 'Units': 'N/A', 'Description': '-', 'Swat_codetype': '-'}"
graze.ops,2,1,header,"{'Line in File': '2', 'Position in File': '1', 'Condition': '-', 'Local (Y/N)': 'Y', 'TYPE': '-', 'Component': 'header', 'Type': 'character(len=80)', 'Dimensions': '-', 'Default': '-', 'Units': 'N/A', 'Description': '-', 'Swat_codetype': '-'}","{'Line in File': '2', 'Position in File': '1', 'Condition': '-', 'Local (Y/N)': 'Y', 'TYPE': '-', 'Component': 'header', 'Type': 'character(len=80)', 'Dimensions': '-', 'Default': '""""', 'Units': 'N/A', 'Description': '-', 'Swat_codetype': '-'}"
graze.ops,3,1,name,"{'Line in File': '3', 'Position in File': '1', 'Condition': '-', 'Local (Y/N)': 'N', 'TYPE': 'grazeop_db', 'Component': 'name', 'Type': 'character(len=40)', 'Dimensions': '-', 'Default': '-', 'Units': 'N/A', 'Description': '-', 'Swat_codetype': 'in_ops'}","{'Line in File': '3', 'Position in File': '1', 'Condition': '-', 'Local (Y/N)': 'N', 'TYPE': 'grazeop_db', 'Component': 'name', 'Type': 'character(len=40)', 'Dimensions': '-', 'Default': '""""', 'Units': 'N/A', 'Description': '-', 'Swat_codetype': 'in_ops'}"
gwflow.canals,1,1,header,"{'Line in File': '1', 'Position in File': '1', 'Condition': 'if (canal_out(canal) == 0)', 'Local (Y/N)': 'N', 'TYPE': '-', 'Component': 'header', 'Type': 'character(len=13)', 'Dimensions': '-', 'Default': '-', 'Units': 'N/A', 'Description': '-', 'Swat_codetype': 'header'}","{'Line in File': '1', 'Position in File': '1', 'Condition': 'if (canal_out(canal) == 0)', 'Local (Y/N)': 'N', 'TYPE': '-', 'Component': 'header', 'Type': 'character(len=13)', 'Dimensions': '-', 'Default': '""""', 'Units': 'N/A', 'Description': '-', 'Swat_codetype': 'header'}"
gwflow.canals,10,1,header,"{'Line in File': '10', 'Position in File': '1', 'Condition': 'if (canal_out(canal) == 0)', 'Local (Y/N)': 'N', 'TYPE': '-', 'Component': 'header', 'Type': 'character(len=13)', 'Dimensions': '-', 'Default': '-', 'Units': 'N/A', 'Description': '-', 'Swat_codetype': 'header'}","{'Line in File': '10', 'Position in File': '1', 'Condition': 'if (canal_out(canal) == 0)', 'Local (Y/N)': 'N', 'TYPE': '-', 'Component': 'header', 'Type': 'character(len=13)', 'Dimensions': '-', 'Default': '""""', 'Units': 'N/A', 'Description': '-', 'Swat_codetype': 'header'}"
gwflow.canals,11,1,cell_num,"{'Line in File': '11', 'Position in File': '1', 'Condition': 'if (canal_out(canal) == 0)', 'Local (Y/N)': 'Y', 'TYPE': '-', 'Component': 'cell_num', 'Type': 'integer', 'Dimensions': '-', 'Default': '-', 'Units': 'N/A', 'Description': '-', 'Swat_codetype': '-'}","{'Line in File': '11', 'Position in File': '1', 'Condition': 'if (canal_out(canal) == 0)', 'Local (Y/N)': 'Y', 'TYPE': '-', 'Component': 'cell_num', 'Type': 'integer', 'Dimensions': '-', 'Default': '0', 'Units': 'N/A', 'Description': '-', 'Swat_codetype': '-'}"
gwflow.canals,11,2,canal,"{'Line in File': '11', 'Position in File': '2', 'Condition': 'if (canal_out(canal) == 0)', 'Local (Y/N)': 'Y', 'TYPE': '-', 'Component': 'canal', 'Type': 'integer', 'Dimensions': '-', 'Default': '-', 'Units': 'N/A', 'Description': '-', 'Swat_codetype': '-'}","{'Line in File': '11', 'Position in File': '2', 'Condition': 'if (canal_out(canal) == 0)', 'Local (Y/N)': 'Y', 'TYPE': '-', 'Component': 'canal', 'Type': 'integer', 'Dimensions': '-', 'Default': '0', 'Units': 'N/A', 'Description': '-', 'Swat_codetype': '-'}"
gwflow.canals,11,3,length,"{'Line in File': '11', 'Position in File': '3', 'Condition': 'if (canal_out(canal) == 0)', 'Local (Y/N)': 'Y', 'TYPE': '-', 'Component': 'length', 'Type': 'real', 'Dimensions': '-', 'Default': '-', 'Units': 'N/A', 'Description': '-', 'Swat_codetype': '-'}","{'Line in File': '11', 'Position in File': '3', 'Condition': 'if (canal_out(canal) == 0)', 'Local (Y/N)': 'Y', 'TYPE': '-', 'Component': 'length', 'Type': 'real', 'Dimensions': '-', 'Default': '0.', 'Units': 'N/A', 'Description': '-', 'Swat_codetype': '-'}"
gwflow.canals,11,4,stage,"{'Line in File': '11', 'Position in File': '4', 'Condition': 'if (canal_out(canal) == 0)', 'Local (Y/N)': 'Y', 'TYPE': '-', 'Component': 'stage', 'Type': 'real', 'Dimensions': '-', 'Default': '-', 'Units': 'N/A', 'Description': '-', 'Swat_codetype': '-'}","{'Line in File': '11', 'Position in File': '4', 'Condition': 'if (canal_out(canal) == 0)', 'Local (Y/N)': 'Y', 'TYPE': '-', 'Component': 'stage', 'Type': 'real', 'Dimensions': '-', 'Default': '0.', 'Units': 'N/A', 'Description': '-', 'Swat_codetype': '-'}"
gwflow.canals,11,5,K_zone,"{'Line in File': '11', 'Position in File': '5', 'Condition': 'if (canal_out(canal) == 0)', 'Local (Y/N)': 'Y', 'TYPE': '-', 'Component': 'K_zone', 'Type': 'integer', 'Dimensions': '-', 'Default': '-', 'Units': 'N/A', 'Description': '-', 'Swat_codetype': '-'}","{'Line in File': '11', 'Position in File': '5', 'Condition': 'if (canal_out(canal) == 0)', 'Local (Y/N)': 'Y', 'TYPE': '-', 'Component': 'K_zone', 'Type': 'integer', 'Dimensions': '-', 'Default': '0', 'Units': 'N/A', 'Description': '-', 'Swat_codetype': '-'}"
gwflow.canals,2,1,gw_ncanal,"{'Line in File': '2', 'Position in File': '1', 'Condition': 'if (canal_out(canal) == 0)', 'Local (Y/N)': 'N', 'TYPE': '-', 'Component': 'gw_ncanal', 'Type': 'integer', 'Dimensions': '-', 'Default': '-', 'Units': 'N/A', 'Description': '-', 'Swat_codetype': 'gw_ncanal'}","{'Line in File': '2', 'Position in File': '1', 'Condition': 'if (canal_out(canal) == 0)', 'Local (Y/N)': 'N', 'TYPE': '-', 'Component': 'gw_ncanal', 'Type': 'integer', 'Dimensions': '-', 'Default': '0', 'Units': 'N/A', 'Description': '-', 'Swat_codetype': 'gw_ncanal'}"
gwflow.canals,3,1,header,"{'Line in File': '3', 'Position in File': '1', 'Condition': 'if (canal_out(canal) == 0)', 'Local (Y/N)': 'N', 'TYPE': '-', 'Component': 'header', 'Type': 'character(len=13)', 'Dimensions': '-', 'Default': '-', 'Units': 'N/A', 'Description': '-', 'Swat_codetype': 'header'}","{'Line in File': '3', 'Position in File': '1', 'Condition': 'if (canal_out(canal) == 0)', 'Local (Y/N)': 'N', 'TYPE': '-', 'Component': 'header', 'Type': 'character(len=13)', 'Dimensions': '-', 'Default': '""""', 'Units': 'N/A', 'Description': '-', 'Swat_codetype': 'header'}"
gwflow.canals,5,1,header,"{'Line in File': '5', 'Position in File': '1', 'Condition': 'if (canal_out(canal) == 0)', 'Local (Y/N)': 'N', 'TYPE': '-', 'Component': 'header', 'Type': 'character(len=13)', 'Dimensions': '-', 'Default': '-', 'Units': 'N/A', 'Description': '-', 'Swat_codetype': 'header'}","{'Line in File': '5', 'Position in File': '1', 'Condition': 'if (canal_out(canal) == 0)', 'Local (Y/N)': 'N', 'TYPE': '-', 'Component': 'header', 'Type': 'character(len=13)', 'Dimensions': '-', 'Default': '""""', 'Units': 'N/A', 'Description': '-', 'Swat_codetype': 'header'}"
gwflow.canals,6,1,num_canalK_zones,"{'Line in File': '6', 'Position in File': '1', 'Condition': 'if (canal_out(canal) == 0)', 'Local (Y/N)': 'N', 'TYPE': '-', 'Component': 'num_canalK_zones', 'Type': 'integer', 'Dimensions': '-', 'Default': '-', 'Units': 'N/A', 'Description': '-', 'Swat_codetype': 'num_canalK_zones'}","{'Line in File': '6', 'Position in File': '1', 'Condition': 'if (canal_out(canal) == 0)', 'Local (Y/N)': 'N', 'TYPE': '-', 'Component': 'num_canalK_zones', 'Type': 'integer', 'Dimensions': '-', 'Default': '0', 'Units': 'N/A', 'Description': '-', 'Swat_codetype': 'num_canalK_zones'}"
gwflow.canals,8,1,header,"{'Line in File': '8', 'Position in File': '1', 'Condition': 'if (canal_out(canal) == 0)', 'Local (Y/N)': 'N', 'TYPE': '-', 'Component': 'header', 'Type': 'character(len=13)', 'Dimensions': '-', 'Default': '-', 'Units': 'N/A', 'Description': '-', 'Swat_codetype': 'header'}","{'Line in File': '8', 'Position in File': '1', 'Condition': 'if (canal_out(canal) == 0)', 'Local (Y/N)': 'N', 'TYPE': '-', 'Component': 'header', 'Type': 'character(len=13)', 'Dimensions': '-', 'Default': '""""', 'Units': 'N/A', 'Description': '-', 'Swat_codetype': 'header'}"
gwflow.canals,9,1,gw_canal_ncells,"{'Line in File': '9', 'Position in File': '1', 'Condition': 'if (canal_out(canal) == 0)', 'Local (Y/N)': 'N', 'TYPE': '-', 'Component': 'gw_canal_ncells', 'Type': 'integer', 'Dimensions': '-', 'Default': '-', 'Units': 'N/A', 'Description': '-', 'Swat_codetype': 'gw_canal_ncells'}","{'Line in File': '9', 'Position in File': '1', 'Condition': 'if (canal_out(canal) == 0)', 'Local (Y/N)': 'N', 'TYPE': '-', 'Component': 'gw_canal_ncells', 'Type': 'integer', 'Dimensions': '-', 'Default': '0', 'Units': 'N/A', 'Description': '-', 'Swat_codetype': 'gw_canal_ncells'}"
gwflow.cellhru,3,1,num_unique,"{'Line in File': '3', 'Position in File': '1', 'Condition': 'if (cell_included_huc12(cell_num) == 1)', 'Local (Y/N)': 'Y', 'TYPE': '-', 'Component': 'num_unique', 'Type': 'integer', 'Dimensions': '-', 'Default': '-', 'Units': 'N/A', 'Description': '-', 'Swat_codetype': '-'}","{'Line in File': '3', 'Position in File': '1', 'Condition': 'if (cell_included_huc12(cell_num) == 1)', 'Local (Y/N)': 'Y', 'TYPE': '-', 'Component': 'num_unique', 'Type': 'integer', 'Dimensions': '-', 'Default': '0', 'Units': 'N/A', 'Description': '-', 'Swat_codetype': '-'}"
gwflow.cellhru,5,1,cell_num,"{'Line in File': '5', 'Position in File': '1', 'Condition': 'if (grid_type == ""structured"")', 'Local (Y/N)': 'Y', 'TYPE': '-', 'Component': 'cell_num', 'Type': 'integer', 'Dimensions': '-', 'Default': '-', 'Units': 'N/A', 'Description': '-', 'Swat_codetype': '-'}","{'Line in File': '5', 'Position in File': '1', 'Condition': 'if (grid_type == ""structured"")', 'Local (Y/N)': 'Y', 'TYPE': '-', 'Component': 'cell_num', 'Type': 'integer', 'Dimensions': '-', 'Default': '0', 'Units': 'N/A', 'Description': '-', 'Swat_codetype': '-'}"
gwflow.cellhru,5,2,hru_id,"{'Line in File': '5', 'Position in File': '2', 'Condition': 'if (grid_type == ""structured"")', 'Local (Y/N)': 'Y', 'TYPE': '-', 'Component': 'hru_id', 'Type': 'integer', 'Dimensions': '-', 'Default': '-', 'Units': 'N/A', 'Description': '-', 'Swat_codetype': '-'}","{'Line in File': '5', 'Position in File': '2', 'Condition': 'if (grid_type == ""structured"")', 'Local (Y/N)': 'Y', 'TYPE': '-', 'Component': 'hru_id', 'Type': 'integer', 'Dimensions': '-', 'Default': '0', 'Units': 'N/A', 'Description': '-', 'Swat_codetype': '-'}"
gwflow.cellhru,5,3,cell_area,"{'Line in File': '5', 'Position in File': '3', 'Condition': 'if (grid_type == ""structured"")', 'Local (Y/N)': 'Y', 'TYPE': '-', 'Component': 'cell_area', 'Type': 'real', 'Dimensions': '-', 'Default': '-', 'Units': 'N/A', 'Description': '-', 'Swat_codetype': '-'}","{'Line in File': '5', 'Position in File': '3', 'Condition': 'if (grid_type == ""structured"")', 'Local (Y/N)': 'Y', 'TYPE': '-', 'Component': 'cell_area', 'Type': 'real', 'Dimensions': '-', 'Default': '0.', 'Units': 'N/A', 'Description': '-', 'Swat_codetype': '-'}"
gwflow.cellhru,5,4,poly_area,"{'Line in File': '5', 'Position in File': '4', 'Condition': 'if (grid_type == ""structured"")', 'Local (Y/N)': 'Y', 'TYPE': '-', 'Component': 'poly_area', 'Type': 'real', 'Dimensions': '-', 'Default': '-', 'Units': 'N/A', 'Description': '-', 'Swat_codetype': '-'}","{'Line in File': '5', 'Position in File': '4', 'Condition': 'if (grid_type == ""structured"")', 'Local (Y/N)': 'Y', 'TYPE': '-', 'Component': 'poly_area', 'Type': 'real', 'Dimensions': '-', 'Default': '0.', 'Units': 'N/A', 'Description': '-', 'Swat_codetype': '-'}"
gwflow.chancells,4,1,cell_ID,"{'Line in File': '4', 'Position in File': '1', 'Condition': '-', 'Local (Y/N)': 'N', 'TYPE': '-', 'Component': 'cell_ID', 'Type': 'integer', 'Dimensions': '-', 'Default': '-', 'Units': 'N/A', 'Description': '-', 'Swat_codetype': 'cell_ID'}","{'Line in File': '4', 'Position in File': '1', 'Condition': '-', 'Local (Y/N)': 'Y', 'TYPE': '-', 'Component': 'cell_ID', 'Type': 'integer', 'Dimensions': '-', 'Default': '0', 'Units': 'N/A', 'Description': '-', 'Swat_codetype': '-'}"
gwflow.chancells,4,2,bed_elev,"{'Line in File': '4', 'Position in File': '2', 'Condition': '-', 'Local (Y/N)': 'N', 'TYPE': '-', 'Component': 'bed_elev', 'Type': 'real', 'Dimensions': '-', 'Default': '-', 'Units': 'N/A', 'Description': '-', 'Swat_codetype': 'bed_elev'}","{'Line in File': '4', 'Position in File': '2', 'Condition': '-', 'Local (Y/N)': 'Y', 'TYPE': '-', 'Component': 'bed_elev', 'Type': 'real', 'Dimensions': '-', 'Default': '0.', 'Units': 'N/A', 'Description': '-', 'Swat_codetype': '-'}"
gwflow.chancells,4,3,channel,"{'Line in File': '4', 'Position in File': '3', 'Condition': '-', 'Local (Y/N)': 'N', 'TYPE': '-', 'Component': 'channel', 'Type': 'integer', 'Dimensions': '-', 'Default': '-', 'Units': 'N/A', 'Description': '-', 'Swat_codetype': 'channel'}","{'Line in File': '4', 'Position in File': '3', 'Condition': '-', 'Local (Y/N)': 'Y', 'TYPE': '-', 'Component': 'channel', 'Type': 'integer', 'Dimensions': '-', 'Default': '0', 'Units': 'N/A', 'Description': '-', 'Swat_codetype': '-'}"
gwflow.chancells,4,4,chan_length,"{'Line in File': '4', 'Position in File': '4', 'Condition': '-', 'Local (Y/N)': 'N', 'TYPE': '-', 'Component': 'chan_length', 'Type': 'real', 'Dimensions': '-', 'Default': '-', 'Units': 'N/A', 'Description': '-', 'Swat_codetype': 'chan_length'}","{'Line in File': '4', 'Position in File': '4', 'Condition': '-', 'Local (Y/N)': 'Y', 'TYPE': '-', 'Component': 'chan_length', 'Type': 'real', 'Dimensions': '-', 'Default': '0.', 'Units': 'N/A', 'Description': '-', 'Swat_codetype': '-'}"
gwflow.chancells,4,5,chan_zone,"{'Line in File': '4', 'Position in File': '5', 'Condition': '-', 'Local (Y/N)': 'N', 'TYPE': '-', 'Component': 'chan_zone', 'Type': 'integer', 'Dimensions': '-', 'Default': '-', 'Units': 'N/A', 'Description': '-', 'Swat_codetype': 'chan_zone'}","{'Line in File': '4', 'Position in File': '5', 'Condition': '-', 'Local (Y/N)': 'Y', 'TYPE': '-', 'Component': 'chan_zone', 'Type': 'integer', 'Dimensions': '-', 'Default': '0', 'Units': 'N/A', 'Description': '-', 'Swat_codetype': '-'}"
gwflow.floodplain,1,1,header,"{'Line in File': '1', 'Position in File': '1', 'Condition': '-', 'Local (Y/N)': 'N', 'TYPE': '-', 'Component': 'header', 'Type': 'character(len=13)', 'Dimensions': '-', 'Default': '-', 'Units': 'N/A', 'Description': '-', 'Swat_codetype': 'header'}","{'Line in File': '1', 'Position in File': '1', 'Condition': '-', 'Local (Y/N)': 'N', 'TYPE': '-', 'Component': 'header', 'Type': 'character(len=13)', 'Dimensions': '-', 'Default': '""""', 'Units': 'N/A', 'Description': '-', 'Swat_codetype': 'header'}"
gwflow.floodplain,2,1,gw_fp_ncells,"{'Line in File': '2', 'Position in File': '1', 'Condition': '-', 'Local (Y/N)': 'N', 'TYPE': '-', 'Component': 'gw_fp_ncells', 'Type': 'integer', 'Dimensions': '-', 'Default': '-', 'Units': 'N/A', 'Description': '-', 'Swat_codetype': 'gw_fp_ncells'}","{'Line in File': '2', 'Position in File': '1', 'Condition': '-', 'Local (Y/N)': 'N', 'TYPE': '-', 'Component': 'gw_fp_ncells', 'Type': 'integer', 'Dimensions': '-', 'Default': '0', 'Units': 'N/A', 'Description': '-', 'Swat_codetype': 'gw_fp_ncells'}"
gwflow.floodplain,3,1,header,"{'Line in File': '3', 'Position in File': '1', 'Condition': '-', 'Local (Y/N)': 'N', 'TYPE': '-', 'Component': 'header', 'Type': 'character(len=13)', 'Dimensions': '-', 'Default': '-', 'Units': 'N/A', 'Description': '-', 'Swat_codetype': 'header'}","{'Line in File': '3', 'Position in File': '1', 'Condition': '-', 'Local (Y/N)': 'N', 'TYPE': '-', 'Component': 'header', 'Type': 'character(len=13)', 'Dimensions': '-', 'Default': '""""', 'Units': 'N/A', 'Description': '-', 'Swat_codetype': 'header'}"
gwflow.hru_pump_observe,2,1,num_hru_pump_obs,"{'Line in File': '2', 'Position in File': '1', 'Condition': 'if (hru_pump_flag == 1)', 'Local (Y/N)': 'N', 'TYPE': '-', 'Component': 'num_hru_pump_obs', 'Type': 'integer', 'Dimensions': '-', 'Default': '-', 'Units': 'N/A', 'Description': '-', 'Swat_codetype': 'num_hru_pump_obs'}","{'Line in File': '2', 'Position in File': '1', 'Condition': 'if (hru_pump_flag == 1)', 'Local (Y/N)': 'N', 'TYPE': '-', 'Component': 'num_hru_pump_obs', 'Type': 'integer', 'Dimensions': '-', 'Default': '0', 'Units': 'N/A', 'Description': '-', 'Swat_codetype': 'num_hru_pump_obs'}"
gwflow.hrucell,4,1,nhru_connected,"{'Line in File': '4', 'Position in File': '1', 'Condition': 'if (nat_model == 1)', 'Local (Y/N)': 'Y', 'TYPE': '-', 'Component': 'nhru_connected', 'Type': 'integer', 'Dimensions': '-', 'Default': '-', 'Units': 'N/A', 'Description': '-', 'Swat_codetype': '-'}","{'Line in File': '4', 'Position in File': '1', 'Condition': 'if (nat_model == 1)', 'Local (Y/N)': 'Y', 'TYPE': '-', 'Component': 'nhru_connected', 'Type': 'integer', 'Dimensions': '-', 'Default': '0', 'Units': 'N/A', 'Description': '-', 'Swat_codetype': '-'}"
gwflow.hrucell,5,1,hru_id,"{'Line in File': '5', 'Position in File': '1', 'Condition': 'if (nat_model == 1)', 'Local (Y/N)': 'Y', 'TYPE': '-', 'Component': 'hru_id', 'Type': 'integer', 'Dimensions': '-', 'Default': '-', 'Units': 'N/A', 'Description': '-', 'Swat_codetype': '-'}","{'Line in File': '5', 'Position in File': '1', 'Condition': 'if (nat_model == 1)', 'Local (Y/N)': 'Y', 'TYPE': '-', 'Component': 'hru_id', 'Type': 'integer', 'Dimensions': '-', 'Default': '0', 'Units': 'N/A', 'Description': '-', 'Swat_codetype': '-'}"
gwflow.hrucell,8,1,hru_id,"{'Line in File': '8', 'Position in File': '1', 'Condition': 'if (hrus_connected(k).eq.1)', 'Local (Y/N)': 'Y', 'TYPE': '-', 'Component': 'hru_id', 'Type': 'integer', 'Dimensions': '-', 'Default': '-', 'Units': 'N/A', 'Description': '-', 'Swat_codetype': '-'}","{'Line in File': '8', 'Position in File': '1', 'Condition': 'if (hrus_connected(k).eq.1)', 'Local (Y/N)': 'Y', 'TYPE': '-', 'Component': 'hru_id', 'Type': 'integer', 'Dimensions': '-', 'Default': '0', 'Units': 'N/A', 'Description': '-', 'Swat_codetype': '-'}"
gwflow.hrucell,8,2,hru_area,"{'Line in File': '8', 'Position in File': '2', 'Condition': 'if (hrus_connected(k).eq.1)', 'Local (Y/N)': 'Y', 'TYPE': '-', 'Component': 'hru_area', 'Type': 'real', 'Dimensions': '-', 'Default': '-', 'Units': 'N/A', 'Description': '-', 'Swat_codetype': '-'}","{'Line in File': '8', 'Position in File': '2', 'Condition': 'if (hrus_connected(k).eq.1)', 'Local (Y/N)': 'Y', 'TYPE': '-', 'Component': 'hru_area', 'Type': 'real', 'Dimensions': '-', 'Default': '0.', 'Units': 'N/A', 'Description': '-', 'Swat_codetype': '-'}"
gwflow.hrucell,8,4,poly_area,"{'Line in File': '8', 'Position in File': '4', 'Condition': 'if (hrus_connected(k).eq.1)', 'Local (Y/N)': 'Y', 'TYPE': '-', 'Component': 'poly_area', 'Type': 'real', 'Dimensions': '-', 'Default': '-', 'Units': 'N/A', 'Description': '-', 'Swat_codetype': '-'}","{'Line in File': '8', 'Position in File': '4', 'Condition': 'if (hrus_connected(k).eq.1)', 'Local (Y/N)': 'Y', 'TYPE': '-', 'Component': 'poly_area', 'Type': 'real', 'Dimensions': '-', 'Default': '0.', 'Units': 'N/A', 'Description': '-', 'Swat_codetype': '-'}"
gwflow.huc12cell,4,1,huc12_dum,"{'Line in File': '4', 'Position in File': '1', 'Condition': 'if (nat_model == 1)', 'Local (Y/N)': 'Y', 'TYPE': '-', 'Component': 'huc12_dum', 'Type': 'real(kind=8)', 'Dimensions': '-', 'Default': '-', 'Units': 'N/A', 'Description': '-', 'Swat_codetype': '-'}","{'Line in File': '4', 'Position in File': '1', 'Condition': 'if (nat_model == 1)', 'Local (Y/N)': 'Y', 'TYPE': '-', 'Component': 'huc12_dum', 'Type': 'real(kind=8)', 'Dimensions': '-', 'Default': '0.d0', 'Units': 'N/A', 'Description': '-', 'Swat_codetype': '-'}"
gwflow.huc12cell,4,2,huc12_connect(k),"{'Line in File': '4', 'Position in File': '2', 'Condition': 'if (nat_model == 1)', 'Local (Y/N)': 'Y', 'TYPE': '-', 'Component': 'huc12_connect(k)', 'Type': 'integer', 'Dimensions': 'dimension (1000)', 'Default': '-', 'Units': 'N/A', 'Description': '-', 'Swat_codetype': '-'}","{'Line in File': '4', 'Position in File': '2', 'Condition': 'if (nat_model == 1)', 'Local (Y/N)': 'Y', 'TYPE': '-', 'Component': 'huc12_connect(k)', 'Type': 'integer', 'Dimensions': 'dimension (1000)', 'Default': '0', 'Units': 'N/A', 'Description': '-', 'Swat_codetype': '-'}"
gwflow.huc12cell,7,1,huc12_id,"{'Line in File': '7', 'Position in File': '1', 'Condition': 'if (huc12_connect(k).eq.1)', 'Local (Y/N)': 'Y', 'TYPE': '-', 'Component': 'huc12_id', 'Type': 'real(kind=8)', 'Dimensions': '-', 'Default': '-', 'Units': 'N/A', 'Description': '-', 'Swat_codetype': '-'}","{'Line in File': '7', 'Position in File': '1', 'Condition': 'if (huc12_connect(k).eq.1)', 'Local (Y/N)': 'Y', 'TYPE': '-', 'Component': 'huc12_id', 'Type': 'real(kind=8)', 'Dimensions': '-', 'Default': '0.d0', 'Units': 'N/A', 'Description': '-', 'Swat_codetype': '-'}"
gwflow.huc12cell,7,2,cell_num,"{'Line in File': '7', 'Position in File': '2', 'Condition': 'if (huc12_connect(k).eq.1)', 'Local (Y/N)': 'Y', 'TYPE': '-', 'Component': 'cell_num', 'Type': 'integer', 'Dimensions': '-', 'Default': '-', 'Units': 'N/A', 'Description': '-', 'Swat_codetype': '-'}","{'Line in File': '7', 'Position in File': '2', 'Condition': 'if (huc12_connect(k).eq.1)', 'Local (Y/N)': 'Y', 'TYPE': '-', 'Component': 'cell_num', 'Type': 'integer', 'Dimensions': '-', 'Default': '0', 'Units': 'N/A', 'Description': '-', 'Swat_codetype': '-'}"
gwflow.input,1,1,header,"{'Line in File': '1', 'Position in File': '1', 'Condition': '-', 'Local (Y/N)': 'N', 'TYPE': '-', 'Component': 'header', 'Type': 'character(len=13)', 'Dimensions': '-', 'Default': '-', 'Units': 'N/A', 'Description': '-', 'Swat_codetype': 'header'}","{'Line in File': '1', 'Position in File': '1', 'Condition': '-', 'Local (Y/N)': 'N', 'TYPE': '-', 'Component': 'header', 'Type': 'character(len=13)', 'Dimensions': '-', 'Default': '""""', 'Units': 'N/A', 'Description': '-', 'Swat_codetype': 'header'}"
gwflow.input,10,1,gw_satx_flag,"{'Line in File': '10', 'Position in File': '1', 'Condition': 'elseif (grid_type == ""unstructured"")', 'Local (Y/N)': 'N', 'TYPE': '-', 'Component': 'gw_satx_flag', 'Type': 'integer', 'Dimensions': '-', 'Default': '-', 'Units': 'N/A', 'Description': '-', 'Swat_codetype': 'gw_satx_flag'}","{'Line in File': '10', 'Position in File': '1', 'Condition': 'else', 'Local (Y/N)': 'N', 'TYPE': '-', 'Component': 'gw_satx_flag', 'Type': 'integer', 'Dimensions': '-', 'Default': '0', 'Units': 'N/A', 'Description': '-', 'Swat_codetype': 'gw_satx_flag'}"
gwflow.input,11,1,gw_pumpex_flag,"{'Line in File': '11', 'Position in File': '1', 'Condition': 'elseif (grid_type == ""unstructured"")', 'Local (Y/N)': 'N', 'TYPE': '-', 'Component': 'gw_pumpex_flag', 'Type': 'integer', 'Dimensions': '-', 'Default': '-', 'Units': 'N/A', 'Description': '-', 'Swat_codetype': 'gw_pumpex_flag'}","{'Line in File': '11', 'Position in File': '1', 'Condition': 'else', 'Local (Y/N)': 'N', 'TYPE': '-', 'Component': 'gw_pumpex_flag', 'Type': 'integer', 'Dimensions': '-', 'Default': '0', 'Units': 'N/A', 'Description': '-', 'Swat_codetype': 'gw_pumpex_flag'}"
gwflow.input,12,1,gw_tile_flag,"{'Line in File': '12', 'Position in File': '1', 'Condition': 'elseif (grid_type == ""unstructured"")', 'Local (Y/N)': 'N', 'TYPE': '-', 'Component': 'gw_tile_flag', 'Type': 'integer', 'Dimensions': '-', 'Default': '-', 'Units': 'N/A', 'Description': '-', 'Swat_codetype': 'gw_tile_flag'}","{'Line in File': '12', 'Position in File': '1', 'Condition': 'else', 'Local (Y/N)': 'N', 'TYPE': '-', 'Component': 'gw_tile_flag', 'Type': 'integer', 'Dimensions': '-', 'Default': '0', 'Units': 'N/A', 'Description': '-', 'Swat_codetype': 'gw_tile_flag'}"
gwflow.input,13,1,gw_res_flag,"{'Line in File': '13', 'Position in File': '1', 'Condition': 'elseif (grid_type == ""unstructured"")', 'Local (Y/N)': 'N', 'TYPE': '-', 'Component': 'gw_res_flag', 'Type': 'integer', 'Dimensions': '-', 'Default': '-', 'Units': 'N/A', 'Description': '-', 'Swat_codetype': 'gw_res_flag'}","{'Line in File': '13', 'Position in File': '1', 'Condition': 'else', 'Local (Y/N)': 'N', 'TYPE': '-', 'Component': 'gw_res_flag', 'Type': 'integer', 'Dimensions': '-', 'Default': '0', 'Units': 'N/A', 'Description': '-', 'Swat_codetype': 'gw_res_flag'}"
gwflow.input,14,1,gw_wet_flag,"{'Line in File': '14', 'Position in File': '1', 'Condition': 'elseif (grid_type == ""unstructured"")', 'Local (Y/N)': 'N', 'TYPE': '-', 'Component': 'gw_wet_flag', 'Type': 'integer', 'Dimensions': '-', 'Default': '-', 'Units': 'N/A', 'Description': '-', 'Swat_codetype': 'gw_wet_flag'}","{'Line in File': '14', 'Position in File': '1', 'Condition': 'else', 'Local (Y/N)': 'N', 'TYPE': '-', 'Component': 'gw_wet_flag', 'Type': 'integer', 'Dimensions': '-', 'Default': '0', 'Units': 'N/A', 'Description': '-', 'Swat_codetype': 'gw_wet_flag'}"
gwflow.input,15,1,gw_fp_flag,"{'Line in File': '15', 'Position in File': '1', 'Condition': 'elseif (grid_type == ""unstructured"")', 'Local (Y/N)': 'N', 'TYPE': '-', 'Component': 'gw_fp_flag', 'Type': 'integer', 'Dimensions': '-', 'Default': '-', 'Units': 'N/A', 'Description': '-', 'Swat_codetype': 'gw_fp_flag'}","{'Line in File': '15', 'Position in File': '1', 'Condition': 'else', 'Local (Y/N)': 'N', 'TYPE': '-', 'Component': 'gw_fp_flag', 'Type': 'integer', 'Dimensions': '-', 'Default': '0', 'Units': 'N/A', 'Description': '-', 'Swat_codetype': 'gw_fp_flag'}"
gwflow.input,16,1,gw_canal_flag,"{'Line in File': '16', 'Position in File': '1', 'Condition': 'elseif (grid_type == ""unstructured"")', 'Local (Y/N)': 'N', 'TYPE': '-', 'Component': 'gw_canal_flag', 'Type': 'integer', 'Dimensions': '-', 'Default': '-', 'Units': 'N/A', 'Description': '-', 'Swat_codetype': 'gw_canal_flag'}","{'Line in File': '16', 'Position in File': '1', 'Condition': 'else', 'Local (Y/N)': 'N', 'TYPE': '-', 'Component': 'gw_canal_flag', 'Type': 'integer', 'Dimensions': '-', 'Default': '0', 'Units': 'N/A', 'Description': '-', 'Swat_codetype': 'gw_canal_flag'}"
gwflow.input,17,1,gw_solute_flag,"{'Line in File': '17', 'Position in File': '1', 'Condition': 'elseif (grid_type == ""unstructured"")', 'Local (Y/N)': 'N', 'TYPE': '-', 'Component': 'gw_solute_flag', 'Type': 'integer', 'Dimensions': '-', 'Default': '-', 'Units': 'N/A', 'Description': '-', 'Swat_codetype': 'gw_solute_flag'}","{'Line in File': '17', 'Position in File': '1', 'Condition': 'else', 'Local (Y/N)': 'N', 'TYPE': '-', 'Component': 'gw_solute_flag', 'Type': 'integer', 'Dimensions': '-', 'Default': '0', 'Units': 'N/A', 'Description': '-', 'Swat_codetype': 'gw_solute_flag'}"
gwflow.input,18,1,gw_time_step,"{'Line in File': '18', 'Position in File': '1', 'Condition': 'elseif (grid_type == ""unstructured"")', 'Local (Y/N)': 'N', 'TYPE': '-', 'Component': 'gw_time_step', 'Type': 'real', 'Dimensions': '-', 'Default': '-', 'Units': 'N/A', 'Description': '-', 'Swat_codetype': 'gw_time_step'}","{'Line in File': '18', 'Position in File': '1', 'Condition': 'else', 'Local (Y/N)': 'N', 'TYPE': '-', 'Component': 'gw_time_step', 'Type': 'real', 'Dimensions': '-', 'Default': '0.', 'Units': 'N/A', 'Description': '-', 'Swat_codetype': 'gw_time_step'}"
gwflow.input,19,1,gwflag_day,"{'Line in File': '19', 'Position in File': '1', 'Condition': 'elseif (grid_type == ""unstructured"")', 'Local (Y/N)': 'N', 'TYPE': '-', 'Component': 'gwflag_day', 'Type': 'integer', 'Dimensions': '-', 'Default': '-', 'Units': 'N/A', 'Description': '-', 'Swat_codetype': 'gwflag_day'}","{'Line in File': '19', 'Position in File': '1', 'Condition': 'else', 'Local (Y/N)': 'N', 'TYPE': '-', 'Component': 'gwflag_day', 'Type': 'integer', 'Dimensions': '-', 'Default': '0', 'Units': 'N/A', 'Description': '-', 'Swat_codetype': 'gwflag_day'}"
gwflow.input,19,2,gwflag_yr,"{'Line in File': '19', 'Position in File': '2', 'Condition': 'elseif (grid_type == ""unstructured"")', 'Local (Y/N)': 'N', 'TYPE': '-', 'Component': 'gwflag_yr', 'Type': 'integer', 'Dimensions': '-', 'Default': '-', 'Units': 'N/A', 'Description': '-', 'Swat_codetype': 'gwflag_yr'}","{'Line in File': '19', 'Position in File': '2', 'Condition': 'else', 'Local (Y/N)': 'N', 'TYPE': '-', 'Component': 'gwflag_yr', 'Type': 'integer', 'Dimensions': '-', 'Default': '0', 'Units': 'N/A', 'Description': '-', 'Swat_codetype': 'gwflag_yr'}"
gwflow.input,19,3,gwflag_aa,"{'Line in File': '19', 'Position in File': '3', 'Condition': 'elseif (grid_type == ""unstructured"")', 'Local (Y/N)': 'N', 'TYPE': '-', 'Component': 'gwflag_aa', 'Type': 'integer', 'Dimensions': '-', 'Default': '-', 'Units': 'N/A', 'Description': '-', 'Swat_codetype': 'gwflag_aa'}","{'Line in File': '19', 'Position in File': '3', 'Condition': 'else', 'Local (Y/N)': 'N', 'TYPE': '-', 'Component': 'gwflag_aa', 'Type': 'integer', 'Dimensions': '-', 'Default': '0', 'Units': 'N/A', 'Description': '-', 'Swat_codetype': 'gwflag_aa'}"
gwflow.input,2,1,header,"{'Line in File': '2', 'Position in File': '1', 'Condition': '-', 'Local (Y/N)': 'N', 'TYPE': '-', 'Component': 'header', 'Type': 'character(len=13)', 'Dimensions': '-', 'Default': '-', 'Units': 'N/A', 'Description': '-', 'Swat_codetype': 'header'}","{'Line in File': '2', 'Position in File': '1', 'Condition': '-', 'Local (Y/N)': 'N', 'TYPE': '-', 'Component': 'header', 'Type': 'character(len=13)', 'Dimensions': '-', 'Default': '""""', 'Units': 'N/A', 'Description': '-', 'Swat_codetype': 'header'}"
gwflow.input,20,1,out_cols,"{'Line in File': '20', 'Position in File': '1', 'Condition': 'elseif (grid_type == ""unstructured"")', 'Local (Y/N)': 'N', 'TYPE': '-', 'Component': 'out_cols', 'Type': 'integer', 'Dimensions': '-', 'Default': '-', 'Units': 'N/A', 'Description': '-', 'Swat_codetype': 'out_cols'}","{'Line in File': '20', 'Position in File': '1', 'Condition': 'else', 'Local (Y/N)': 'N', 'TYPE': '-', 'Component': 'out_cols', 'Type': 'integer', 'Dimensions': '-', 'Default': '0', 'Units': 'N/A', 'Description': '-', 'Swat_codetype': 'out_cols'}"
gwflow.input,21,1,header,"{'Line in File': '21', 'Position in File': '1', 'Condition': '-', 'Local (Y/N)': 'N', 'TYPE': '-', 'Component': 'header', 'Type': 'character(len=13)', 'Dimensions': '-', 'Default': '-', 'Units': 'N/A', 'Description': '-', 'Swat_codetype': 'header'}","{'Line in File': '21', 'Position in File': '1', 'Condition': '-', 'Local (Y/N)': 'N', 'TYPE': '-', 'Component': 'header', 'Type': 'character(len=13)', 'Dimensions': '-', 'Default': '""""', 'Units': 'N/A', 'Description': '-', 'Swat_codetype': 'header'}"
gwflow.input,22,1,header,"{'Line in File': '22', 'Position in File': '1', 'Condition': '-', 'Local (Y/N)': 'N', 'TYPE': '-', 'Component': 'header', 'Type': 'character(len=13)', 'Dimensions': '-', 'Default': '-', 'Units': 'N/A', 'Description': '-', 'Swat_codetype': 'header'}","{'Line in File': '22', 'Position in File': '1', 'Condition': '-', 'Local (Y/N)': 'N', 'TYPE': '-', 'Component': 'header', 'Type': 'character(len=13)', 'Dimensions': '-', 'Default': '""""', 'Units': 'N/A', 'Description': '-', 'Swat_codetype': 'header'}"
gwflow.input,23,1,nzones_aquK,"{'Line in File': '23', 'Position in File': '1', 'Condition': '-', 'Local (Y/N)': 'Y', 'TYPE': '-', 'Component': 'nzones_aquK', 'Type': 'integer', 'Dimensions': '-', 'Default': '-', 'Units': 'N/A', 'Description': '-', 'Swat_codetype': '-'}","{'Line in File': '23', 'Position in File': '1', 'Condition': '-', 'Local (Y/N)': 'Y', 'TYPE': '-', 'Component': 'nzones_aquK', 'Type': 'integer', 'Dimensions': '-', 'Default': '0', 'Units': 'N/A', 'Description': '-', 'Swat_codetype': '-'}"
gwflow.input,24,1,dum,"{'Line in File': '24', 'Position in File': '1', 'Condition': '-', 'Local (Y/N)': 'Y', 'TYPE': '-', 'Component': 'dum', 'Type': 'integer', 'Dimensions': '-', 'Default': '-', 'Units': 'N/A', 'Description': '-', 'Swat_codetype': '-'}","{'Line in File': '24', 'Position in File': '1', 'Condition': '-', 'Local (Y/N)': 'Y', 'TYPE': '-', 'Component': 'dum', 'Type': 'integer', 'Dimensions': '-', 'Default': '0', 'Units': 'N/A', 'Description': '-', 'Swat_codetype': '-'}"
gwflow.input,25,1,header,"{'Line in File': '25', 'Position in File': '1', 'Condition': '-', 'Local (Y/N)': 'N', 'TYPE': '-', 'Component': 'header', 'Type': 'character(len=13)', 'Dimensions': '-', 'Default': '-', 'Units': 'N/A', 'Description': '-', 'Swat_codetype': 'header'}","{'Line in File': '25', 'Position in File': '1', 'Condition': '-', 'Local (Y/N)': 'N', 'TYPE': '-', 'Component': 'header', 'Type': 'character(len=13)', 'Dimensions': '-', 'Default': '""""', 'Units': 'N/A', 'Description': '-', 'Swat_codetype': 'header'}"
gwflow.input,26,1,nzones_aquSy,"{'Line in File': '26', 'Position in File': '1', 'Condition': '-', 'Local (Y/N)': 'Y', 'TYPE': '-', 'Component': 'nzones_aquSy', 'Type': 'integer', 'Dimensions': '-', 'Default': '-', 'Units': 'N/A', 'Description': '-', 'Swat_codetype': '-'}","{'Line in File': '26', 'Position in File': '1', 'Condition': '-', 'Local (Y/N)': 'Y', 'TYPE': '-', 'Component': 'nzones_aquSy', 'Type': 'integer', 'Dimensions': '-', 'Default': '0', 'Units': 'N/A', 'Description': '-', 'Swat_codetype': '-'}"
gwflow.input,27,1,dum,"{'Line in File': '27', 'Position in File': '1', 'Condition': '-', 'Local (Y/N)': 'Y', 'TYPE': '-', 'Component': 'dum', 'Type': 'integer', 'Dimensions': '-', 'Default': '-', 'Units': 'N/A', 'Description': '-', 'Swat_codetype': '-'}","{'Line in File': '27', 'Position in File': '1', 'Condition': '-', 'Local (Y/N)': 'Y', 'TYPE': '-', 'Component': 'dum', 'Type': 'integer', 'Dimensions': '-', 'Default': '0', 'Units': 'N/A', 'Description': '-', 'Swat_codetype': '-'}"
gwflow.input,28,1,header,"{'Line in File': '28', 'Position in File': '1', 'Condition': '-', 'Local (Y/N)': 'N', 'TYPE': '-', 'Component': 'header', 'Type': 'character(len=13)', 'Dimensions': '-', 'Default': '-', 'Units': 'N/A', 'Description': '-', 'Swat_codetype': 'header'}","{'Line in File': '28', 'Position in File': '1', 'Condition': '-', 'Local (Y/N)': 'N', 'TYPE': '-', 'Component': 'header', 'Type': 'character(len=13)', 'Dimensions': '-', 'Default': '""""', 'Units': 'N/A', 'Description': '-', 'Swat_codetype': 'header'}"
gwflow.input,29,1,nzones_strK,"{'Line in File': '29', 'Position in File': '1', 'Condition': '-', 'Local (Y/N)': 'Y', 'TYPE': '-', 'Component': 'nzones_strK', 'Type': 'integer', 'Dimensions': '-', 'Default': '-', 'Units': 'N/A', 'Description': '-', 'Swat_codetype': '-'}","{'Line in File': '29', 'Position in File': '1', 'Condition': '-', 'Local (Y/N)': 'Y', 'TYPE': '-', 'Component': 'nzones_strK', 'Type': 'integer', 'Dimensions': '-', 'Default': '0', 'Units': 'N/A', 'Description': '-', 'Swat_codetype': '-'}"
gwflow.input,30,1,dum,"{'Line in File': '30', 'Position in File': '1', 'Condition': '-', 'Local (Y/N)': 'Y', 'TYPE': '-', 'Component': 'dum', 'Type': 'integer', 'Dimensions': '-', 'Default': '-', 'Units': 'N/A', 'Description': '-', 'Swat_codetype': '-'}","{'Line in File': '30', 'Position in File': '1', 'Condition': '-', 'Local (Y/N)': 'Y', 'TYPE': '-', 'Component': 'dum', 'Type': 'integer', 'Dimensions': '-', 'Default': '0', 'Units': 'N/A', 'Description': '-', 'Swat_codetype': '-'}"
gwflow.input,31,1,header,"{'Line in File': '31', 'Position in File': '1', 'Condition': '-', 'Local (Y/N)': 'N', 'TYPE': '-', 'Component': 'header', 'Type': 'character(len=13)', 'Dimensions': '-', 'Default': '-', 'Units': 'N/A', 'Description': '-', 'Swat_codetype': 'header'}","{'Line in File': '31', 'Position in File': '1', 'Condition': '-', 'Local (Y/N)': 'N', 'TYPE': '-', 'Component': 'header', 'Type': 'character(len=13)', 'Dimensions': '-', 'Default': '""""', 'Units': 'N/A', 'Description': '-', 'Swat_codetype': 'header'}"
gwflow.input,32,1,nzones_strbed,"{'Line in File': '32', 'Position in File': '1', 'Condition': '-', 'Local (Y/N)': 'Y', 'TYPE': '-', 'Component': 'nzones_strbed', 'Type': 'integer', 'Dimensions': '-', 'Default': '-', 'Units': 'N/A', 'Description': '-', 'Swat_codetype': '-'}","{'Line in File': '32', 'Position in File': '1', 'Condition': '-', 'Local (Y/N)': 'Y', 'TYPE': '-', 'Component': 'nzones_strbed', 'Type': 'integer', 'Dimensions': '-', 'Default': '0', 'Units': 'N/A', 'Description': '-', 'Swat_codetype': '-'}"
gwflow.input,33,1,dum,"{'Line in File': '33', 'Position in File': '1', 'Condition': '-', 'Local (Y/N)': 'Y', 'TYPE': '-', 'Component': 'dum', 'Type': 'integer', 'Dimensions': '-', 'Default': '-', 'Units': 'N/A', 'Description': '-', 'Swat_codetype': '-'}","{'Line in File': '33', 'Position in File': '1', 'Condition': '-', 'Local (Y/N)': 'Y', 'TYPE': '-', 'Component': 'dum', 'Type': 'integer', 'Dimensions': '-', 'Default': '0', 'Units': 'N/A', 'Description': '-', 'Swat_codetype': '-'}"
gwflow.input,34,1,header,"{'Line in File': '34', 'Position in File': '1', 'Condition': 'if (grid_type == ""structured"")', 'Local (Y/N)': 'N', 'TYPE': '-', 'Component': 'header', 'Type': 'character(len=13)', 'Dimensions': '-', 'Default': '-', 'Units': 'N/A', 'Description': '-', 'Swat_codetype': 'header'}","{'Line in File': '34', 'Position in File': '1', 'Condition': 'if (grid_type == ""structured"")', 'Local (Y/N)': 'N', 'TYPE': '-', 'Component': 'header', 'Type': 'character(len=13)', 'Dimensions': '-', 'Default': '""""', 'Units': 'N/A', 'Description': '-', 'Swat_codetype': 'header'}"
gwflow.input,35,1,header,"{'Line in File': '35', 'Position in File': '1', 'Condition': 'if (grid_type == ""structured"")', 'Local (Y/N)': 'N', 'TYPE': '-', 'Component': 'header', 'Type': 'character(len=13)', 'Dimensions': '-', 'Default': '-', 'Units': 'N/A', 'Description': '-', 'Swat_codetype': 'header'}","{'Line in File': '35', 'Position in File': '1', 'Condition': 'if (grid_type == ""structured"")', 'Local (Y/N)': 'N', 'TYPE': '-', 'Component': 'header', 'Type': 'character(len=13)', 'Dimensions': '-', 'Default': '""""', 'Units': 'N/A', 'Description': '-', 'Swat_codetype': 'header'}"
gwflow.input,37,1,header,"{'Line in File': '37', 'Position in File': '1', 'Condition': 'if (cell_id_usg(i,j) > 0)', 'Local (Y/N)': 'N', 'TYPE': '-', 'Component': 'header', 'Type': 'character(len=13)', 'Dimensions': '-', 'Default': '-', 'Units': 'N/A', 'Description': '-', 'Swat_codetype': 'header'}","{'Line in File': '37', 'Position in File': '1', 'Condition': 'if (cell_id_usg(i,j) > 0)', 'Local (Y/N)': 'N', 'TYPE': '-', 'Component': 'header', 'Type': 'character(len=13)', 'Dimensions': '-', 'Default': '""""', 'Units': 'N/A', 'Description': '-', 'Swat_codetype': 'header'}"
gwflow.input,39,1,header,"{'Line in File': '39', 'Position in File': '1', 'Condition': 'if (cell_id_usg(i,j) > 0)', 'Local (Y/N)': 'N', 'TYPE': '-', 'Component': 'header', 'Type': 'character(len=13)', 'Dimensions': '-', 'Default': '-', 'Units': 'N/A', 'Description': '-', 'Swat_codetype': 'header'}","{'Line in File': '39', 'Position in File': '1', 'Condition': 'if (cell_id_usg(i,j) > 0)', 'Local (Y/N)': 'N', 'TYPE': '-', 'Component': 'header', 'Type': 'character(len=13)', 'Dimensions': '-', 'Default': '""""', 'Units': 'N/A', 'Description': '-', 'Swat_codetype': 'header'}"
gwflow.input,4,1,cell_size,"{'Line in File': '4', 'Position in File': '1', 'Condition': 'if (grid_type == ""structured"")', 'Local (Y/N)': 'Y', 'TYPE': '-', 'Component': 'cell_size', 'Type': 'real', 'Dimensions': '-', 'Default': '-', 'Units': 'N/A', 'Description': '-', 'Swat_codetype': '-'}","{'Line in File': '4', 'Position in File': '1', 'Condition': 'if (grid_type == ""structured"")', 'Local (Y/N)': 'Y', 'TYPE': '-', 'Component': 'cell_size', 'Type': 'real', 'Dimensions': '-', 'Default': '0.', 'Units': 'N/A', 'Description': '-', 'Swat_codetype': '-'}"
gwflow.input,41,1,header,"{'Line in File': '41', 'Position in File': '1', 'Condition': 'if (cell_id_usg(i,j) > 0)', 'Local (Y/N)': 'N', 'TYPE': '-', 'Component': 'header', 'Type': 'character(len=13)', 'Dimensions': '-', 'Default': '-', 'Units': 'N/A', 'Description': '-', 'Swat_codetype': 'header'}","{'Line in File': '41', 'Position in File': '1', 'Condition': 'if (cell_id_usg(i,j) > 0)', 'Local (Y/N)': 'N', 'TYPE': '-', 'Component': 'header', 'Type': 'character(len=13)', 'Dimensions': '-', 'Default': '""""', 'Units': 'N/A', 'Description': '-', 'Swat_codetype': 'header'}"
gwflow.input,43,1,header,"{'Line in File': '43', 'Position in File': '1', 'Condition': 'if (cell_id_usg(i,j) > 0)', 'Local (Y/N)': 'N', 'TYPE': '-', 'Component': 'header', 'Type': 'character(len=13)', 'Dimensions': '-', 'Default': '-', 'Units': 'N/A', 'Description': '-', 'Swat_codetype': 'header'}","{'Line in File': '43', 'Position in File': '1', 'Condition': 'if (cell_id_usg(i,j) > 0)', 'Local (Y/N)': 'N', 'TYPE': '-', 'Component': 'header', 'Type': 'character(len=13)', 'Dimensions': '-', 'Default': '""""', 'Units': 'N/A', 'Description': '-', 'Swat_codetype': 'header'}"
gwflow.input,45,1,header,"{'Line in File': '45', 'Position in File': '1', 'Condition': 'if (cell_id_usg(i,j) > 0)', 'Local (Y/N)': 'N', 'TYPE': '-', 'Component': 'header', 'Type': 'character(len=13)', 'Dimensions': '-', 'Default': '-', 'Units': 'N/A', 'Description': '-', 'Swat_codetype': 'header'}","{'Line in File': '45', 'Position in File': '1', 'Condition': 'if (cell_id_usg(i,j) > 0)', 'Local (Y/N)': 'N', 'TYPE': '-', 'Component': 'header', 'Type': 'character(len=13)', 'Dimensions': '-', 'Default': '""""', 'Units': 'N/A', 'Description': '-', 'Swat_codetype': 'header'}"
gwflow.input,47,1,header,"{'Line in File': '47', 'Position in File': '1', 'Condition': 'if (cell_id_usg(i,j) > 0)', 'Local (Y/N)': 'N', 'TYPE': '-', 'Component': 'header', 'Type': 'character(len=13)', 'Dimensions': '-', 'Default': '-', 'Units': 'N/A', 'Description': '-', 'Swat_codetype': 'header'}","{'Line in File': '47', 'Position in File': '1', 'Condition': 'if (cell_id_usg(i,j) > 0)', 'Local (Y/N)': 'N', 'TYPE': '-', 'Component': 'header', 'Type': 'character(len=13)', 'Dimensions': '-', 'Default': '""""', 'Units': 'N/A', 'Description': '-', 'Swat_codetype': 'header'}"
gwflow.input,49,1,header,"{'Line in File': '49', 'Position in File': '1', 'Condition': 'if (cell_id_usg(i,j) > 0)', 'Local (Y/N)': 'N', 'TYPE': '-', 'Component': 'header', 'Type': 'character(len=13)', 'Dimensions': '-', 'Default': '-', 'Units': 'N/A', 'Description': '-', 'Swat_codetype': 'header'}","{'Line in File': '49', 'Position in File': '1', 'Condition': 'if (cell_id_usg(i,j) > 0)', 'Local (Y/N)': 'N', 'TYPE': '-', 'Component': 'header', 'Type': 'character(len=13)', 'Dimensions': '-', 'Default': '""""', 'Units': 'N/A', 'Description': '-', 'Swat_codetype': 'header'}"
gwflow.input,5,1,grid_nrow,"{'Line in File': '5', 'Position in File': '1', 'Condition': 'if (grid_type == ""structured"")', 'Local (Y/N)': 'N', 'TYPE': '-', 'Component': 'grid_nrow', 'Type': 'integer', 'Dimensions': '-', 'Default': '-', 'Units': 'N/A', 'Description': '-', 'Swat_codetype': 'grid_nrow'}","{'Line in File': '5', 'Position in File': '1', 'Condition': 'if (grid_type == ""structured"")', 'Local (Y/N)': 'N', 'TYPE': '-', 'Component': 'grid_nrow', 'Type': 'integer', 'Dimensions': '-', 'Default': '0', 'Units': 'N/A', 'Description': '-', 'Swat_codetype': 'grid_nrow'}"
gwflow.input,5,2,grid_ncol,"{'Line in File': '5', 'Position in File': '2', 'Condition': 'if (grid_type == ""structured"")', 'Local (Y/N)': 'N', 'TYPE': '-', 'Component': 'grid_ncol', 'Type': 'integer', 'Dimensions': '-', 'Default': '-', 'Units': 'N/A', 'Description': '-', 'Swat_codetype': 'grid_ncol'}","{'Line in File': '5', 'Position in File': '2', 'Condition': 'if (grid_type == ""structured"")', 'Local (Y/N)': 'N', 'TYPE': '-', 'Component': 'grid_ncol', 'Type': 'integer', 'Dimensions': '-', 'Default': '0', 'Units': 'N/A', 'Description': '-', 'Swat_codetype': 'grid_ncol'}"
gwflow.input,51,1,header,"{'Line in File': '51', 'Position in File': '1', 'Condition': 'elseif (grid_type == ""unstructured"")', 'Local (Y/N)': 'N', 'TYPE': '-', 'Component': 'header', 'Type': 'character(len=13)', 'Dimensions': '-', 'Default': '-', 'Units': 'N/A', 'Description': '-', 'Swat_codetype': 'header'}","{'Line in File': '51', 'Position in File': '1', 'Condition': 'elseif (grid_type == ""unstructured"")', 'Local (Y/N)': 'N', 'TYPE': '-', 'Component': 'header', 'Type': 'character(len=13)', 'Dimensions': '-', 'Default': '""""', 'Units': 'N/A', 'Description': '-', 'Swat_codetype': 'header'}"
gwflow.input,52,1,dum1,"{'Line in File': '52', 'Position in File': '1', 'Condition': 'elseif (grid_type == ""unstructured"")', 'Local (Y/N)': 'Y', 'TYPE': '-', 'Component': 'dum1', 'Type': 'integer', 'Dimensions': '-', 'Default': '-', 'Units': 'N/A', 'Description': '-', 'Swat_codetype': '-'}","{'Line in File': '52', 'Position in File': '1', 'Condition': 'elseif (grid_type == ""unstructured"")', 'Local (Y/N)': 'Y', 'TYPE': '-', 'Component': 'dum1', 'Type': 'integer', 'Dimensions': '-', 'Default': '0', 'Units': 'N/A', 'Description': '-', 'Swat_codetype': '-'}"
gwflow.input,52,5,K_zone,"{'Line in File': '52', 'Position in File': '5', 'Condition': 'elseif (grid_type == ""unstructured"")', 'Local (Y/N)': 'Y', 'TYPE': '-', 'Component': 'K_zone', 'Type': 'integer', 'Dimensions': '-', 'Default': '-', 'Units': 'N/A', 'Description': '-', 'Swat_codetype': '-'}","{'Line in File': '52', 'Position in File': '5', 'Condition': 'elseif (grid_type == ""unstructured"")', 'Local (Y/N)': 'Y', 'TYPE': '-', 'Component': 'K_zone', 'Type': 'integer', 'Dimensions': '-', 'Default': '0', 'Units': 'N/A', 'Description': '-', 'Swat_codetype': '-'}"
gwflow.input,52,6,Sy_zone,"{'Line in File': '52', 'Position in File': '6', 'Condition': 'elseif (grid_type == ""unstructured"")', 'Local (Y/N)': 'Y', 'TYPE': '-', 'Component': 'Sy_zone', 'Type': 'integer', 'Dimensions': '-', 'Default': '-', 'Units': 'N/A', 'Description': '-', 'Swat_codetype': '-'}","{'Line in File': '52', 'Position in File': '6', 'Condition': 'elseif (grid_type == ""unstructured"")', 'Local (Y/N)': 'Y', 'TYPE': '-', 'Component': 'Sy_zone', 'Type': 'integer', 'Dimensions': '-', 'Default': '0', 'Units': 'N/A', 'Description': '-', 'Swat_codetype': '-'}"
gwflow.input,54,1,gw_num_output,"{'Line in File': '54', 'Position in File': '1', 'Condition': 'if (gw_state(i)%stat > 0)', 'Local (Y/N)': 'N', 'TYPE': '-', 'Component': 'gw_num_output', 'Type': 'integer', 'Dimensions': '-', 'Default': '-', 'Units': 'N/A', 'Description': '-', 'Swat_codetype': 'gw_num_output'}","{'Line in File': '54', 'Position in File': '1', 'Condition': 'if (distance.lt.min_dist)', 'Local (Y/N)': 'N', 'TYPE': '-', 'Component': 'gw_num_output', 'Type': 'integer', 'Dimensions': '-', 'Default': '0', 'Units': 'N/A', 'Description': '-', 'Swat_codetype': 'gw_num_output'}"
gwflow.input,55,1,gw_output_yr(i),"{'Line in File': '55', 'Position in File': '1', 'Condition': 'if (gw_state(i)%stat > 0)', 'Local (Y/N)': 'N', 'TYPE': '-', 'Component': 'gw_output_yr(i)', 'Type': 'integer', 'Dimensions': 'allocatable', 'Default': '-', 'Units': 'N/A', 'Description': '-', 'Swat_codetype': 'gw_output_yr'}","{'Line in File': '55', 'Position in File': '1', 'Condition': 'if (distance.lt.min_dist)', 'Local (Y/N)': 'N', 'TYPE': '-', 'Component': 'gw_output_yr(i)', 'Type': 'integer', 'Dimensions': 'allocatable', 'Default': '-', 'Units': 'N/A', 'Description': '-', 'Swat_codetype': 'gw_output_yr'}"
gwflow.input,55,2,gw_output_day(i),"{'Line in File': '55', 'Position in File': '2', 'Condition': 'if (gw_state(i)%stat > 0)', 'Local (Y/N)': 'N', 'TYPE': '-', 'Component': 'gw_output_day(i)', 'Type': 'integer', 'Dimensions': 'allocatable', 'Default': '-', 'Units': 'N/A', 'Description': '-', 'Swat_codetype': 'gw_output_day'}","{'Line in File': '55', 'Position in File': '2', 'Condition': 'if (distance.lt.min_dist)', 'Local (Y/N)': 'N', 'TYPE': '-', 'Component': 'gw_output_day(i)', 'Type': 'integer', 'Dimensions': 'allocatable', 'Default': '-', 'Units': 'N/A', 'Description': '-', 'Swat_codetype': 'gw_output_day'}"
gwflow.input,57,1,gw_num_obs_wells,"{'Line in File': '57', 'Position in File': '1', 'Condition': 'if (gw_state(i)%stat > 0)', 'Local (Y/N)': 'N', 'TYPE': '-', 'Component': 'gw_num_obs_wells', 'Type': 'integer', 'Dimensions': '-', 'Default': '-', 'Units': 'N/A', 'Description': '-', 'Swat_codetype': 'gw_num_obs_wells'}","{'Line in File': '57', 'Position in File': '1', 'Condition': 'if (distance.lt.min_dist)', 'Local (Y/N)': 'N', 'TYPE': '-', 'Component': 'gw_num_obs_wells', 'Type': 'integer', 'Dimensions': '-', 'Default': '0', 'Units': 'N/A', 'Description': '-', 'Swat_codetype': 'gw_num_obs_wells'}"
gwflow.input,6,1,ncell,"{'Line in File': '6', 'Position in File': '1', 'Condition': 'elseif (grid_type == ""unstructured"")', 'Local (Y/N)': 'N', 'TYPE': '-', 'Component': 'ncell', 'Type': 'integer', 'Dimensions': '-', 'Default': '-', 'Units': 'N/A', 'Description': '-', 'Swat_codetype': 'ncell'}","{'Line in File': '6', 'Position in File': '1', 'Condition': 'else', 'Local (Y/N)': 'N', 'TYPE': '-', 'Component': 'ncell', 'Type': 'integer', 'Dimensions': '-', 'Default': '0', 'Units': 'N/A', 'Description': '-', 'Swat_codetype': 'ncell'}"
gwflow.input,60,1,header,"{'Line in File': '60', 'Position in File': '1', 'Condition': 'if (grid_type == ""structured"")', 'Local (Y/N)': 'N', 'TYPE': '-', 'Component': 'header', 'Type': 'character(len=13)', 'Dimensions': '-', 'Default': '-', 'Units': 'N/A', 'Description': '-', 'Swat_codetype': 'header'}","{'Line in File': '60', 'Position in File': '1', 'Condition': 'if (grid_type == ""structured"")', 'Local (Y/N)': 'N', 'TYPE': '-', 'Component': 'header', 'Type': 'character(len=13)', 'Dimensions': '-', 'Default': '""""', 'Units': 'N/A', 'Description': '-', 'Swat_codetype': 'header'}"
gwflow.input,61,1,gw_cell_obs_ss,"{'Line in File': '61', 'Position in File': '1', 'Condition': 'if (grid_type == ""structured"")', 'Local (Y/N)': 'N', 'TYPE': '-', 'Component': 'gw_cell_obs_ss', 'Type': 'integer', 'Dimensions': '-', 'Default': '-', 'Units': 'N/A', 'Description': '-', 'Swat_codetype': 'gw_cell_obs_ss'}","{'Line in File': '61', 'Position in File': '1', 'Condition': 'if (grid_type == ""structured"")', 'Local (Y/N)': 'N', 'TYPE': '-', 'Component': 'gw_cell_obs_ss', 'Type': 'integer', 'Dimensions': '-', 'Default': '0', 'Units': 'N/A', 'Description': '-', 'Swat_codetype': 'gw_cell_obs_ss'}"
gwflow.input,63,1,bed_change,"{'Line in File': '63', 'Position in File': '1', 'Condition': 'elseif (grid_type == ""unstructured"")', 'Local (Y/N)': 'N', 'TYPE': '-', 'Component': 'bed_change', 'Type': 'real', 'Dimensions': '-', 'Default': '-', 'Units': 'N/A', 'Description': '-', 'Swat_codetype': 'bed_change'}",
gwflow.input,63,1,gw_bed_change,,"{'Line in File': '63', 'Position in File': '1', 'Condition': 'elseif (grid_type == ""unstructured"")', 'Local (Y/N)': 'N', 'TYPE': '-', 'Component': 'gw_bed_change', 'Type': 'real', 'Dimensions': '-', 'Default': '0.', 'Units': 'N/A', 'Description': '-', 'Swat_codetype': 'gw_bed_change'}"
gwflow.input,7,1,bc_type,"{'Line in File': '7', 'Position in File': '1', 'Condition': 'elseif (grid_type == ""unstructured"")', 'Local (Y/N)': 'N', 'TYPE': '-', 'Component': 'bc_type', 'Type': 'integer', 'Dimensions': '-', 'Default': '-', 'Units': 'N/A', 'Description': '-', 'Swat_codetype': 'bc_type'}","{'Line in File': '7', 'Position in File': '1', 'Condition': 'else', 'Local (Y/N)': 'N', 'TYPE': '-', 'Component': 'bc_type', 'Type': 'integer', 'Dimensions': '-', 'Default': '0', 'Units': 'N/A', 'Description': '-', 'Swat_codetype': 'bc_type'}"
gwflow.input,8,1,conn_type,"{'Line in File': '8', 'Position in File': '1', 'Condition': 'elseif (grid_type == ""unstructured"")', 'Local (Y/N)': 'N', 'TYPE': '-', 'Component': 'conn_type', 'Type': 'integer', 'Dimensions': '-', 'Default': '-', 'Units': 'N/A', 'Description': '-', 'Swat_codetype': 'conn_type'}","{'Line in File': '8', 'Position in File': '1', 'Condition': 'else', 'Local (Y/N)': 'N', 'TYPE': '-', 'Component': 'conn_type', 'Type': 'integer', 'Dimensions': '-', 'Default': '0', 'Units': 'N/A', 'Description': '-', 'Swat_codetype': 'conn_type'}"
gwflow.input,9,1,gw_soil_flag,"{'Line in File': '9', 'Position in File': '1', 'Condition': 'elseif (grid_type == ""unstructured"")', 'Local (Y/N)': 'N', 'TYPE': '-', 'Component': 'gw_soil_flag', 'Type': 'integer', 'Dimensions': '-', 'Default': '-', 'Units': 'N/A', 'Description': '-', 'Swat_codetype': 'gw_soil_flag'}","{'Line in File': '9', 'Position in File': '1', 'Condition': 'else', 'Local (Y/N)': 'N', 'TYPE': '-', 'Component': 'gw_soil_flag', 'Type': 'integer', 'Dimensions': '-', 'Default': '0', 'Units': 'N/A', 'Description': '-', 'Swat_codetype': 'gw_soil_flag'}"
gwflow.lsucell,1,1,header,"{'Line in File': '1', 'Position in File': '1', 'Condition': 'if (lsu_cells_link == 1)', 'Local (Y/N)': 'N', 'TYPE': '-', 'Component': 'header', 'Type': 'character(len=13)', 'Dimensions': '-', 'Default': '-', 'Units': 'N/A', 'Description': '-', 'Swat_codetype': 'header'}","{'Line in File': '1', 'Position in File': '1', 'Condition': 'if (lsu_cells_link == 1)', 'Local (Y/N)': 'N', 'TYPE': '-', 'Component': 'header', 'Type': 'character(len=13)', 'Dimensions': '-', 'Default': '""""', 'Units': 'N/A', 'Description': '-', 'Swat_codetype': 'header'}"
gwflow.lsucell,2,1,nlsu,"{'Line in File': '2', 'Position in File': '1', 'Condition': 'if (lsu_cells_link == 1)', 'Local (Y/N)': 'Y', 'TYPE': '-', 'Component': 'nlsu', 'Type': 'integer', 'Dimensions': '-', 'Default': '-', 'Units': 'N/A', 'Description': '-', 'Swat_codetype': '-'}","{'Line in File': '2', 'Position in File': '1', 'Condition': 'if (lsu_cells_link == 1)', 'Local (Y/N)': 'Y', 'TYPE': '-', 'Component': 'nlsu', 'Type': 'integer', 'Dimensions': '-', 'Default': '0', 'Units': 'N/A', 'Description': '-', 'Swat_codetype': '-'}"
gwflow.lsucell,3,1,nlsu_connected,"{'Line in File': '3', 'Position in File': '1', 'Condition': 'if (lsu_cells_link == 1)', 'Local (Y/N)': 'Y', 'TYPE': '-', 'Component': 'nlsu_connected', 'Type': 'integer', 'Dimensions': '-', 'Default': '-', 'Units': 'N/A', 'Description': '-', 'Swat_codetype': '-'}","{'Line in File': '3', 'Position in File': '1', 'Condition': 'if (lsu_cells_link == 1)', 'Local (Y/N)': 'Y', 'TYPE': '-', 'Component': 'nlsu_connected', 'Type': 'integer', 'Dimensions': '-', 'Default': '0', 'Units': 'N/A', 'Description': '-', 'Swat_codetype': '-'}"
gwflow.lsucell,4,1,lsu_id,"{'Line in File': '4', 'Position in File': '1', 'Condition': 'if (lsu_cells_link == 1)', 'Local (Y/N)': 'Y', 'TYPE': '-', 'Component': 'lsu_id', 'Type': 'integer', 'Dimensions': '-', 'Default': '-', 'Units': 'N/A', 'Description': '-', 'Swat_codetype': '-'}","{'Line in File': '4', 'Position in File': '1', 'Condition': 'if (lsu_cells_link == 1)', 'Local (Y/N)': 'Y', 'TYPE': '-', 'Component': 'lsu_id', 'Type': 'integer', 'Dimensions': '-', 'Default': '0', 'Units': 'N/A', 'Description': '-', 'Swat_codetype': '-'}"
gwflow.lsucell,5,1,header,"{'Line in File': '5', 'Position in File': '1', 'Condition': 'if (lsu_cells_link == 1)', 'Local (Y/N)': 'N', 'TYPE': '-', 'Component': 'header', 'Type': 'character(len=13)', 'Dimensions': '-', 'Default': '-', 'Units': 'N/A', 'Description': '-', 'Swat_codetype': 'header'}","{'Line in File': '5', 'Position in File': '1', 'Condition': 'if (lsu_cells_link == 1)', 'Local (Y/N)': 'N', 'TYPE': '-', 'Component': 'header', 'Type': 'character(len=13)', 'Dimensions': '-', 'Default': '""""', 'Units': 'N/A', 'Description': '-', 'Swat_codetype': 'header'}"
gwflow.lsucell,6,1,header,"{'Line in File': '6', 'Position in File': '1', 'Condition': 'if (lsu_cells_link == 1)', 'Local (Y/N)': 'N', 'TYPE': '-', 'Component': 'header', 'Type': 'character(len=13)', 'Dimensions': '-', 'Default': '-', 'Units': 'N/A', 'Description': '-', 'Swat_codetype': 'header'}","{'Line in File': '6', 'Position in File': '1', 'Condition': 'if (lsu_cells_link == 1)', 'Local (Y/N)': 'N', 'TYPE': '-', 'Component': 'header', 'Type': 'character(len=13)', 'Dimensions': '-', 'Default': '""""', 'Units': 'N/A', 'Description': '-', 'Swat_codetype': 'header'}"
gwflow.lsucell,7,1,lsu,"{'Line in File': '7', 'Position in File': '1', 'Condition': 'if (lsus_connected(k).eq.1)', 'Local (Y/N)': 'Y', 'TYPE': '-', 'Component': 'lsu', 'Type': 'integer', 'Dimensions': '-', 'Default': '-', 'Units': 'N/A', 'Description': '-', 'Swat_codetype': '-'}","{'Line in File': '7', 'Position in File': '1', 'Condition': 'if (lsus_connected(k).eq.1)', 'Local (Y/N)': 'Y', 'TYPE': '-', 'Component': 'lsu', 'Type': 'integer', 'Dimensions': '-', 'Default': '0', 'Units': 'N/A', 'Description': '-', 'Swat_codetype': '-'}"
gwflow.lsucell,7,2,lsu_area,"{'Line in File': '7', 'Position in File': '2', 'Condition': 'if (lsus_connected(k).eq.1)', 'Local (Y/N)': 'Y', 'TYPE': '-', 'Component': 'lsu_area', 'Type': 'real', 'Dimensions': '-', 'Default': '-', 'Units': 'N/A', 'Description': '-', 'Swat_codetype': '-'}","{'Line in File': '7', 'Position in File': '2', 'Condition': 'if (lsus_connected(k).eq.1)', 'Local (Y/N)': 'Y', 'TYPE': '-', 'Component': 'lsu_area', 'Type': 'real', 'Dimensions': '-', 'Default': '0.', 'Units': 'N/A', 'Description': '-', 'Swat_codetype': '-'}"
gwflow.lsucell,7,4,poly_area,"{'Line in File': '7', 'Position in File': '4', 'Condition': 'if (lsus_connected(k).eq.1)', 'Local (Y/N)': 'Y', 'TYPE': '-', 'Component': 'poly_area', 'Type': 'real', 'Dimensions': '-', 'Default': '-', 'Units': 'N/A', 'Description': '-', 'Swat_codetype': '-'}","{'Line in File': '7', 'Position in File': '4', 'Condition': 'if (lsus_connected(k).eq.1)', 'Local (Y/N)': 'Y', 'TYPE': '-', 'Component': 'poly_area', 'Type': 'real', 'Dimensions': '-', 'Default': '0.', 'Units': 'N/A', 'Description': '-', 'Swat_codetype': '-'}"
gwflow.pumpex,1,1,header,"{'Line in File': '1', 'Position in File': '1', 'Condition': '-', 'Local (Y/N)': 'N', 'TYPE': '-', 'Component': 'header', 'Type': 'character(len=13)', 'Dimensions': '-', 'Default': '-', 'Units': 'N/A', 'Description': '-', 'Swat_codetype': 'header'}","{'Line in File': '1', 'Position in File': '1', 'Condition': '-', 'Local (Y/N)': 'N', 'TYPE': '-', 'Component': 'header', 'Type': 'character(len=13)', 'Dimensions': '-', 'Default': '""""', 'Units': 'N/A', 'Description': '-', 'Swat_codetype': 'header'}"
gwflow.pumpex,2,1,gw_npumpex,"{'Line in File': '2', 'Position in File': '1', 'Condition': '-', 'Local (Y/N)': 'N', 'TYPE': '-', 'Component': 'gw_npumpex', 'Type': 'integer', 'Dimensions': '-', 'Default': '-', 'Units': 'N/A', 'Description': '-', 'Swat_codetype': 'gw_npumpex'}","{'Line in File': '2', 'Position in File': '1', 'Condition': '-', 'Local (Y/N)': 'N', 'TYPE': '-', 'Component': 'gw_npumpex', 'Type': 'integer', 'Dimensions': '-', 'Default': '0', 'Units': 'N/A', 'Description': '-', 'Swat_codetype': 'gw_npumpex'}"
gwflow.pumpex,4,1,gw_pumpex_cell(i),"{'Line in File': '4', 'Position in File': '1', 'Condition': '-', 'Local (Y/N)': 'N', 'TYPE': '-', 'Component': 'gw_pumpex_cell(i)', 'Type': 'integer', 'Dimensions': 'allocatable', 'Default': '-', 'Units': 'N/A', 'Description': '-', 'Swat_codetype': 'gw_pumpex_cell'}",
gwflow.pumpex,4,1,pumpex_cell,,"{'Line in File': '4', 'Position in File': '1', 'Condition': '-', 'Local (Y/N)': 'Y', 'TYPE': '-', 'Component': 'pumpex_cell', 'Type': 'integer', 'Dimensions': '-', 'Default': '0', 'Units': 'N/A', 'Description': '-', 'Swat_codetype': '-'}"
gwflow.pumpex,5,1,"gw_pumpex_dates(i,1,j)","{'Line in File': '5', 'Position in File': '1', 'Condition': '-', 'Local (Y/N)': 'N', 'TYPE': '-', 'Component': 'gw_pumpex_dates(i,1,j)', 'Type': 'integer', 'Dimensions': 'allocatable', 'Default': '-', 'Units': 'N/A', 'Description': '-', 'Swat_codetype': 'gw_pumpex_dates'}","{'Line in File': '5', 'Position in File': '1', 'Condition': 'elseif (grid_type == ""unstructured"")', 'Local (Y/N)': 'N', 'TYPE': '-', 'Component': 'gw_pumpex_dates(i,1,j)', 'Type': 'integer', 'Dimensions': 'allocatable', 'Default': '-', 'Units': 'N/A', 'Description': '-', 'Swat_codetype': 'gw_pumpex_dates'}"
gwflow.pumpex,5,2,"gw_pumpex_dates(i,2,j)","{'Line in File': '5', 'Position in File': '2', 'Condition': '-', 'Local (Y/N)': 'N', 'TYPE': '-', 'Component': 'gw_pumpex_dates(i,2,j)', 'Type': 'integer', 'Dimensions': 'allocatable', 'Default': '-', 'Units': 'N/A', 'Description': '-', 'Swat_codetype': 'gw_pumpex_dates'}","{'Line in File': '5', 'Position in File': '2', 'Condition': 'elseif (grid_type == ""unstructured"")', 'Local (Y/N)': 'N', 'TYPE': '-', 'Component': 'gw_pumpex_dates(i,2,j)', 'Type': 'integer', 'Dimensions': 'allocatable', 'Default': '-', 'Units': 'N/A', 'Description': '-', 'Swat_codetype': 'gw_pumpex_dates'}"
gwflow.pumpex,5,3,"gw_pumpex_rates(i,j)","{'Line in File': '5', 'Position in File': '3', 'Condition': '-', 'Local (Y/N)': 'N', 'TYPE': '-', 'Component': 'gw_pumpex_rates(i,j)', 'Type': 'real', 'Dimensions': 'allocatable', 'Default': '-', 'Units': 'N/A', 'Description': '-', 'Swat_codetype': 'gw_pumpex_rates'}","{'Line in File': '5', 'Position in File': '3', 'Condition': 'elseif (grid_type == ""unstructured"")', 'Local (Y/N)': 'N', 'TYPE': '-', 'Component': 'gw_pumpex_rates(i,j)', 'Type': 'real', 'Dimensions': 'allocatable', 'Default': '-', 'Units': 'N/A', 'Description': '-', 'Swat_codetype': 'gw_pumpex_rates'}"
gwflow.rescells,1,1,header,"{'Line in File': '1', 'Position in File': '1', 'Condition': 'if (res_id > 0)', 'Local (Y/N)': 'N', 'TYPE': '-', 'Component': 'header', 'Type': 'character(len=13)', 'Dimensions': '-', 'Default': '-', 'Units': 'N/A', 'Description': '-', 'Swat_codetype': 'header'}","{'Line in File': '1', 'Position in File': '1', 'Condition': 'if (res_id > 0)', 'Local (Y/N)': 'N', 'TYPE': '-', 'Component': 'header', 'Type': 'character(len=13)', 'Dimensions': '-', 'Default': '""""', 'Units': 'N/A', 'Description': '-', 'Swat_codetype': 'header'}"
gwflow.rescells,2,1,header,"{'Line in File': '2', 'Position in File': '1', 'Condition': 'if (res_id > 0)', 'Local (Y/N)': 'N', 'TYPE': '-', 'Component': 'header', 'Type': 'character(len=13)', 'Dimensions': '-', 'Default': '-', 'Units': 'N/A', 'Description': '-', 'Swat_codetype': 'header'}","{'Line in File': '2', 'Position in File': '1', 'Condition': 'if (res_id > 0)', 'Local (Y/N)': 'N', 'TYPE': '-', 'Component': 'header', 'Type': 'character(len=13)', 'Dimensions': '-', 'Default': '""""', 'Units': 'N/A', 'Description': '-', 'Swat_codetype': 'header'}"
gwflow.rescells,3,1,res_thick,"{'Line in File': '3', 'Position in File': '1', 'Condition': 'if (res_id > 0)', 'Local (Y/N)': 'N', 'TYPE': '-', 'Component': 'res_thick', 'Type': 'real', 'Dimensions': '-', 'Default': '-', 'Units': 'N/A', 'Description': '-', 'Swat_codetype': 'res_thick'}","{'Line in File': '3', 'Position in File': '1', 'Condition': 'if (res_id > 0)', 'Local (Y/N)': 'N', 'TYPE': '-', 'Component': 'res_thick', 'Type': 'real', 'Dimensions': '-', 'Default': '0.', 'Units': 'N/A', 'Description': '-', 'Swat_codetype': 'res_thick'}"
gwflow.rescells,4,1,res_K,"{'Line in File': '4', 'Position in File': '1', 'Condition': 'if (res_id > 0)', 'Local (Y/N)': 'N', 'TYPE': '-', 'Component': 'res_K', 'Type': 'real', 'Dimensions': '-', 'Default': '-', 'Units': 'N/A', 'Description': '-', 'Swat_codetype': 'res_K'}","{'Line in File': '4', 'Position in File': '1', 'Condition': 'if (res_id > 0)', 'Local (Y/N)': 'N', 'TYPE': '-', 'Component': 'res_K', 'Type': 'real', 'Dimensions': '-', 'Default': '0.', 'Units': 'N/A', 'Description': '-', 'Swat_codetype': 'res_K'}"
gwflow.rescells,5,1,num_res_cells,"{'Line in File': '5', 'Position in File': '1', 'Condition': 'if (res_id > 0)', 'Local (Y/N)': 'N', 'TYPE': '-', 'Component': 'num_res_cells', 'Type': 'integer', 'Dimensions': '-', 'Default': '-', 'Units': 'N/A', 'Description': '-', 'Swat_codetype': 'num_res_cells'}","{'Line in File': '5', 'Position in File': '1', 'Condition': 'if (res_id > 0)', 'Local (Y/N)': 'N', 'TYPE': '-', 'Component': 'num_res_cells', 'Type': 'integer', 'Dimensions': '-', 'Default': '0', 'Units': 'N/A', 'Description': '-', 'Swat_codetype': 'num_res_cells'}"
gwflow.rescells,6,1,header,"{'Line in File': '6', 'Position in File': '1', 'Condition': 'if (res_id > 0)', 'Local (Y/N)': 'N', 'TYPE': '-', 'Component': 'header', 'Type': 'character(len=13)', 'Dimensions': '-', 'Default': '-', 'Units': 'N/A', 'Description': '-', 'Swat_codetype': 'header'}","{'Line in File': '6', 'Position in File': '1', 'Condition': 'if (res_id > 0)', 'Local (Y/N)': 'N', 'TYPE': '-', 'Component': 'header', 'Type': 'character(len=13)', 'Dimensions': '-', 'Default': '""""', 'Units': 'N/A', 'Description': '-', 'Swat_codetype': 'header'}"
gwflow.rescells,7,1,res_cell,"{'Line in File': '7', 'Position in File': '1', 'Condition': 'if (res_id > 0)', 'Local (Y/N)': 'Y', 'TYPE': '-', 'Component': 'res_cell', 'Type': 'integer', 'Dimensions': '-', 'Default': '-', 'Units': 'N/A', 'Description': '-', 'Swat_codetype': '-'}","{'Line in File': '7', 'Position in File': '1', 'Condition': 'if (res_id > 0)', 'Local (Y/N)': 'Y', 'TYPE': '-', 'Component': 'res_cell', 'Type': 'integer', 'Dimensions': '-', 'Default': '0', 'Units': 'N/A', 'Description': '-', 'Swat_codetype': '-'}"
gwflow.rescells,7,2,res_id,"{'Line in File': '7', 'Position in File': '2', 'Condition': 'if (res_id > 0)', 'Local (Y/N)': 'Y', 'TYPE': '-', 'Component': 'res_id', 'Type': 'integer', 'Dimensions': '-', 'Default': '-', 'Units': 'N/A', 'Description': '-', 'Swat_codetype': '-'}","{'Line in File': '7', 'Position in File': '2', 'Condition': 'if (res_id > 0)', 'Local (Y/N)': 'Y', 'TYPE': '-', 'Component': 'res_id', 'Type': 'integer', 'Dimensions': '-', 'Default': '0', 'Units': 'N/A', 'Description': '-', 'Swat_codetype': '-'}"
gwflow.rescells,7,3,res_stage,"{'Line in File': '7', 'Position in File': '3', 'Condition': 'if (res_id > 0)', 'Local (Y/N)': 'Y', 'TYPE': '-', 'Component': 'res_stage', 'Type': 'real', 'Dimensions': '-', 'Default': '-', 'Units': 'N/A', 'Description': '-', 'Swat_codetype': '-'}","{'Line in File': '7', 'Position in File': '3', 'Condition': 'if (res_id > 0)', 'Local (Y/N)': 'Y', 'TYPE': '-', 'Component': 'res_stage', 'Type': 'real', 'Dimensions': '-', 'Default': '0.', 'Units': 'N/A', 'Description': '-', 'Swat_codetype': '-'}"
gwflow.solutes,1,1,header,"{'Line in File': '1', 'Position in File': '1', 'Condition': 'if (cs_db%num_cs > 0)', 'Local (Y/N)': 'N', 'TYPE': '-', 'Component': 'header', 'Type': 'character(len=13)', 'Dimensions': '-', 'Default': '-', 'Units': 'N/A', 'Description': '-', 'Swat_codetype': 'header'}","{'Line in File': '1', 'Position in File': '1', 'Condition': 'if (cs_db%num_cs > 0)', 'Local (Y/N)': 'N', 'TYPE': '-', 'Component': 'header', 'Type': 'character(len=13)', 'Dimensions': '-', 'Default': '""""', 'Units': 'N/A', 'Description': '-', 'Swat_codetype': 'header'}"
gwflow.solutes,10,1,single_value,"{'Line in File': '10', 'Position in File': '1', 'Condition': 'if (read_type == ""single"")', 'Local (Y/N)': 'Y', 'TYPE': '-', 'Component': 'single_value', 'Type': 'real', 'Dimensions': '-', 'Default': '-', 'Units': 'N/A', 'Description': '-', 'Swat_codetype': '-'}","{'Line in File': '10', 'Position in File': '1', 'Condition': 'if (read_type == ""single"")', 'Local (Y/N)': 'Y', 'TYPE': '-', 'Component': 'single_value', 'Type': 'real', 'Dimensions': '-', 'Default': '0.', 'Units': 'N/A', 'Description': '-', 'Swat_codetype': '-'}"
gwflow.solutes,16,1,header,"{'Line in File': '16', 'Position in File': '1', 'Condition': 'if (cell_id_usg(i,j) > 0)', 'Local (Y/N)': 'N', 'TYPE': '-', 'Component': 'header', 'Type': 'character(len=13)', 'Dimensions': '-', 'Default': '-', 'Units': 'N/A', 'Description': '-', 'Swat_codetype': 'header'}","{'Line in File': '16', 'Position in File': '1', 'Condition': 'if (cell_id_usg(i,j) > 0)', 'Local (Y/N)': 'N', 'TYPE': '-', 'Component': 'header', 'Type': 'character(len=13)', 'Dimensions': '-', 'Default': '""""', 'Units': 'N/A', 'Description': '-', 'Swat_codetype': 'header'}"
gwflow.solutes,2,1,header,"{'Line in File': '2', 'Position in File': '1', 'Condition': 'if (cs_db%num_cs > 0)', 'Local (Y/N)': 'N', 'TYPE': '-', 'Component': 'header', 'Type': 'character(len=13)', 'Dimensions': '-', 'Default': '-', 'Units': 'N/A', 'Description': '-', 'Swat_codetype': 'header'}","{'Line in File': '2', 'Position in File': '1', 'Condition': 'if (cs_db%num_cs > 0)', 'Local (Y/N)': 'N', 'TYPE': '-', 'Component': 'header', 'Type': 'character(len=13)', 'Dimensions': '-', 'Default': '""""', 'Units': 'N/A', 'Description': '-', 'Swat_codetype': 'header'}"
gwflow.solutes,3,1,num_ts_transport,"{'Line in File': '3', 'Position in File': '1', 'Condition': 'if (cs_db%num_cs > 0)', 'Local (Y/N)': 'N', 'TYPE': '-', 'Component': 'num_ts_transport', 'Type': 'integer', 'Dimensions': '-', 'Default': '-', 'Units': 'N/A', 'Description': '-', 'Swat_codetype': 'num_ts_transport'}","{'Line in File': '3', 'Position in File': '1', 'Condition': 'if (cs_db%num_cs > 0)', 'Local (Y/N)': 'N', 'TYPE': '-', 'Component': 'num_ts_transport', 'Type': 'integer', 'Dimensions': '-', 'Default': '0', 'Units': 'N/A', 'Description': '-', 'Swat_codetype': 'num_ts_transport'}"
gwflow.solutes,4,1,gw_long_disp,"{'Line in File': '4', 'Position in File': '1', 'Condition': 'if (cs_db%num_cs > 0)', 'Local (Y/N)': 'N', 'TYPE': '-', 'Component': 'gw_long_disp', 'Type': 'real', 'Dimensions': '-', 'Default': '-', 'Units': 'N/A', 'Description': '-', 'Swat_codetype': 'gw_long_disp'}","{'Line in File': '4', 'Position in File': '1', 'Condition': 'if (cs_db%num_cs > 0)', 'Local (Y/N)': 'N', 'TYPE': '-', 'Component': 'gw_long_disp', 'Type': 'real', 'Dimensions': '-', 'Default': '0.', 'Units': 'N/A', 'Description': '-', 'Swat_codetype': 'gw_long_disp'}"
gwflow.solutes,5,1,header,"{'Line in File': '5', 'Position in File': '1', 'Condition': 'if (cs_db%num_cs > 0)', 'Local (Y/N)': 'N', 'TYPE': '-', 'Component': 'header', 'Type': 'character(len=13)', 'Dimensions': '-', 'Default': '-', 'Units': 'N/A', 'Description': '-', 'Swat_codetype': 'header'}","{'Line in File': '5', 'Position in File': '1', 'Condition': 'if (cs_db%num_cs > 0)', 'Local (Y/N)': 'N', 'TYPE': '-', 'Component': 'header', 'Type': 'character(len=13)', 'Dimensions': '-', 'Default': '""""', 'Units': 'N/A', 'Description': '-', 'Swat_codetype': 'header'}"
gwflow.solutes,6,1,name,"{'Line in File': '6', 'Position in File': '1', 'Condition': 'if (cs_db%num_cs > 0)', 'Local (Y/N)': 'N', 'TYPE': '-', 'Component': 'name', 'Type': 'character(len=13)', 'Dimensions': '-', 'Default': '-', 'Units': 'N/A', 'Description': '-', 'Swat_codetype': 'name'}","{'Line in File': '6', 'Position in File': '1', 'Condition': 'if (cs_db%num_cs > 0)', 'Local (Y/N)': 'N', 'TYPE': '-', 'Component': 'name', 'Type': 'character(len=13)', 'Dimensions': '-', 'Default': '""""', 'Units': 'N/A', 'Description': '-', 'Swat_codetype': 'name'}"
gwflow.solutes,6,2,gwsol_sorb(s),"{'Line in File': '6', 'Position in File': '2', 'Condition': 'if (cs_db%num_cs > 0)', 'Local (Y/N)': 'N', 'TYPE': '-', 'Component': 'gwsol_sorb(s)', 'Type': 'real', 'Dimensions': 'dimension (100)', 'Default': '-', 'Units': 'N/A', 'Description': '-', 'Swat_codetype': 'gwsol_sorb'}","{'Line in File': '6', 'Position in File': '2', 'Condition': 'if (cs_db%num_cs > 0)', 'Local (Y/N)': 'N', 'TYPE': '-', 'Component': 'gwsol_sorb(s)', 'Type': 'real', 'Dimensions': 'dimension (100)', 'Default': '0.', 'Units': 'N/A', 'Description': '-', 'Swat_codetype': 'gwsol_sorb'}"
gwflow.solutes,6,3,gwsol_rctn(s),"{'Line in File': '6', 'Position in File': '3', 'Condition': 'if (cs_db%num_cs > 0)', 'Local (Y/N)': 'N', 'TYPE': '-', 'Component': 'gwsol_rctn(s)', 'Type': 'real', 'Dimensions': 'dimension (100)', 'Default': '-', 'Units': 'N/A', 'Description': '-', 'Swat_codetype': 'gwsol_rctn'}","{'Line in File': '6', 'Position in File': '3', 'Condition': 'if (cs_db%num_cs > 0)', 'Local (Y/N)': 'N', 'TYPE': '-', 'Component': 'gwsol_rctn(s)', 'Type': 'real', 'Dimensions': 'dimension (100)', 'Default': '0.', 'Units': 'N/A', 'Description': '-', 'Swat_codetype': 'gwsol_rctn'}"
gwflow.solutes,7,1,header,"{'Line in File': '7', 'Position in File': '1', 'Condition': 'if (cs_db%num_cs > 0)', 'Local (Y/N)': 'N', 'TYPE': '-', 'Component': 'header', 'Type': 'character(len=13)', 'Dimensions': '-', 'Default': '-', 'Units': 'N/A', 'Description': '-', 'Swat_codetype': 'header'}","{'Line in File': '7', 'Position in File': '1', 'Condition': 'if (cs_db%num_cs > 0)', 'Local (Y/N)': 'N', 'TYPE': '-', 'Component': 'header', 'Type': 'character(len=13)', 'Dimensions': '-', 'Default': '""""', 'Units': 'N/A', 'Description': '-', 'Swat_codetype': 'header'}"
gwflow.solutes,8,1,header,"{'Line in File': '8', 'Position in File': '1', 'Condition': 'if (grid_type == ""structured"")', 'Local (Y/N)': 'N', 'TYPE': '-', 'Component': 'header', 'Type': 'character(len=13)', 'Dimensions': '-', 'Default': '-', 'Units': 'N/A', 'Description': '-', 'Swat_codetype': 'header'}","{'Line in File': '8', 'Position in File': '1', 'Condition': 'if (grid_type == ""structured"")', 'Local (Y/N)': 'N', 'TYPE': '-', 'Component': 'header', 'Type': 'character(len=13)', 'Dimensions': '-', 'Default': '""""', 'Units': 'N/A', 'Description': '-', 'Swat_codetype': 'header'}"
gwflow.solutes,9,1,read_type,"{'Line in File': '9', 'Position in File': '1', 'Condition': 'if (grid_type == ""structured"")', 'Local (Y/N)': 'N', 'TYPE': '-', 'Component': 'read_type', 'Type': 'character(len=30)', 'Dimensions': '-', 'Default': '-', 'Units': 'N/A', 'Description': '-', 'Swat_codetype': 'read_type'}","{'Line in File': '9', 'Position in File': '1', 'Condition': 'if (grid_type == ""structured"")', 'Local (Y/N)': 'N', 'TYPE': '-', 'Component': 'read_type', 'Type': 'character(len=30)', 'Dimensions': '-', 'Default': '""""', 'Units': 'N/A', 'Description': '-', 'Swat_codetype': 'read_type'}"
gwflow.streamobs,2,1,gw_num_obs_chan,"{'Line in File': '2', 'Position in File': '1', 'Condition': 'if (stream_obs == 1)', 'Local (Y/N)': 'N', 'TYPE': '-', 'Component': 'gw_num_obs_chan', 'Type': 'integer', 'Dimensions': '-', 'Default': '-', 'Units': 'N/A', 'Description': '-', 'Swat_codetype': 'gw_num_obs_chan'}","{'Line in File': '2', 'Position in File': '1', 'Condition': 'if (stream_obs == 1)', 'Local (Y/N)': 'N', 'TYPE': '-', 'Component': 'gw_num_obs_chan', 'Type': 'integer', 'Dimensions': '-', 'Default': '0', 'Units': 'N/A', 'Description': '-', 'Swat_codetype': 'gw_num_obs_chan'}"
gwflow.streamobs,6,1,gw_flow_cal_yrs,"{'Line in File': '6', 'Position in File': '1', 'Condition': 'if (gw_flow_cal.eq.1)', 'Local (Y/N)': 'N', 'TYPE': '-', 'Component': 'gw_flow_cal_yrs', 'Type': 'integer', 'Dimensions': '-', 'Default': '-', 'Units': 'N/A', 'Description': '-', 'Swat_codetype': 'gw_flow_cal_yrs'}","{'Line in File': '6', 'Position in File': '1', 'Condition': 'if (gw_flow_cal.eq.1)', 'Local (Y/N)': 'N', 'TYPE': '-', 'Component': 'gw_flow_cal_yrs', 'Type': 'integer', 'Dimensions': '-', 'Default': '0', 'Units': 'N/A', 'Description': '-', 'Swat_codetype': 'gw_flow_cal_yrs'}"
gwflow.tiles,1,1,header,"{'Line in File': '1', 'Position in File': '1', 'Condition': '-', 'Local (Y/N)': 'N', 'TYPE': '-', 'Component': 'header', 'Type': 'character(len=13)', 'Dimensions': '-', 'Default': '-', 'Units': 'N/A', 'Description': '-', 'Swat_codetype': 'header'}","{'Line in File': '1', 'Position in File': '1', 'Condition': '-', 'Local (Y/N)': 'N', 'TYPE': '-', 'Component': 'header', 'Type': 'character(len=13)', 'Dimensions': '-', 'Default': '""""', 'Units': 'N/A', 'Description': '-', 'Swat_codetype': 'header'}"
gwflow.tiles,10,1,header,"{'Line in File': '10', 'Position in File': '1', 'Condition': 'if (gw_tile_group_flag.eq.1)', 'Local (Y/N)': 'N', 'TYPE': '-', 'Component': 'header', 'Type': 'character(len=13)', 'Dimensions': '-', 'Default': '-', 'Units': 'N/A', 'Description': '-', 'Swat_codetype': 'header'}","{'Line in File': '10', 'Position in File': '1', 'Condition': 'if (gw_tile_group_flag == 1)', 'Local (Y/N)': 'N', 'TYPE': '-', 'Component': 'header', 'Type': 'character(len=13)', 'Dimensions': '-', 'Default': '""""', 'Units': 'N/A', 'Description': '-', 'Swat_codetype': 'header'}"
gwflow.tiles,2,1,gw_tile_depth,"{'Line in File': '2', 'Position in File': '1', 'Condition': '-', 'Local (Y/N)': 'N', 'TYPE': '-', 'Component': 'gw_tile_depth', 'Type': 'real', 'Dimensions': '-', 'Default': '-', 'Units': 'N/A', 'Description': '-', 'Swat_codetype': 'gw_tile_depth'}","{'Line in File': '2', 'Position in File': '1', 'Condition': '-', 'Local (Y/N)': 'N', 'TYPE': '-', 'Component': 'gw_tile_depth', 'Type': 'real', 'Dimensions': '-', 'Default': '0.', 'Units': 'N/A', 'Description': '-', 'Swat_codetype': 'gw_tile_depth'}"
gwflow.tiles,3,1,gw_tile_drain_area,"{'Line in File': '3', 'Position in File': '1', 'Condition': '-', 'Local (Y/N)': 'N', 'TYPE': '-', 'Component': 'gw_tile_drain_area', 'Type': 'real', 'Dimensions': '-', 'Default': '-', 'Units': 'N/A', 'Description': '-', 'Swat_codetype': 'gw_tile_drain_area'}","{'Line in File': '3', 'Position in File': '1', 'Condition': '-', 'Local (Y/N)': 'N', 'TYPE': '-', 'Component': 'gw_tile_drain_area', 'Type': 'real', 'Dimensions': '-', 'Default': '0.', 'Units': 'N/A', 'Description': '-', 'Swat_codetype': 'gw_tile_drain_area'}"
gwflow.tiles,4,1,gw_tile_K,"{'Line in File': '4', 'Position in File': '1', 'Condition': '-', 'Local (Y/N)': 'N', 'TYPE': '-', 'Component': 'gw_tile_K', 'Type': 'real', 'Dimensions': '-', 'Default': '-', 'Units': 'N/A', 'Description': '-', 'Swat_codetype': 'gw_tile_K'}","{'Line in File': '4', 'Position in File': '1', 'Condition': '-', 'Local (Y/N)': 'N', 'TYPE': '-', 'Component': 'gw_tile_K', 'Type': 'real', 'Dimensions': '-', 'Default': '0.', 'Units': 'N/A', 'Description': '-', 'Swat_codetype': 'gw_tile_K'}"
gwflow.tiles,5,1,gw_tile_group_flag,"{'Line in File': '5', 'Position in File': '1', 'Condition': '-', 'Local (Y/N)': 'N', 'TYPE': '-', 'Component': 'gw_tile_group_flag', 'Type': 'integer', 'Dimensions': '-', 'Default': '-', 'Units': 'N/A', 'Description': '-', 'Swat_codetype': 'gw_tile_group_flag'}","{'Line in File': '5', 'Position in File': '1', 'Condition': '-', 'Local (Y/N)': 'N', 'TYPE': '-', 'Component': 'gw_tile_group_flag', 'Type': 'integer', 'Dimensions': '-', 'Default': '0', 'Units': 'N/A', 'Description': '-', 'Swat_codetype': 'gw_tile_group_flag'}"
gwflow.tiles,6,1,gw_tile_num_group,"{'Line in File': '6', 'Position in File': '1', 'Condition': 'if (gw_tile_group_flag.eq.1)', 'Local (Y/N)': 'N', 'TYPE': '-', 'Component': 'gw_tile_num_group', 'Type': 'integer', 'Dimensions': '-', 'Default': '-', 'Units': 'N/A', 'Description': '-', 'Swat_codetype': 'gw_tile_num_group'}","{'Line in File': '6', 'Position in File': '1', 'Condition': 'if (gw_tile_group_flag == 1)', 'Local (Y/N)': 'N', 'TYPE': '-', 'Component': 'gw_tile_num_group', 'Type': 'integer', 'Dimensions': '-', 'Default': '0', 'Units': 'N/A', 'Description': '-', 'Swat_codetype': 'gw_tile_num_group'}"
gwflow.tiles,8,1,num_tile_cells(i),"{'Line in File': '8', 'Position in File': '1', 'Condition': 'if (gw_tile_group_flag.eq.1)', 'Local (Y/N)': 'N', 'TYPE': '-', 'Component': 'num_tile_cells(i)', 'Type': 'integer', 'Dimensions': 'dimension (50)', 'Default': '-', 'Units': 'N/A', 'Description': '-', 'Swat_codetype': 'num_tile_cells'}","{'Line in File': '8', 'Position in File': '1', 'Condition': 'if (gw_tile_group_flag == 1)', 'Local (Y/N)': 'N', 'TYPE': '-', 'Component': 'num_tile_cells(i)', 'Type': 'integer', 'Dimensions': 'dimension (50)', 'Default': '0', 'Units': 'N/A', 'Description': '-', 'Swat_codetype': 'num_tile_cells'}"
gwflow.tiles,9,1,"gw_tile_groups(i,j)","{'Line in File': '9', 'Position in File': '1', 'Condition': 'if (gw_tile_group_flag.eq.1)', 'Local (Y/N)': 'N', 'TYPE': '-', 'Component': 'gw_tile_groups(i,j)', 'Type': 'integer', 'Dimensions': 'allocatable', 'Default': '-', 'Units': 'N/A', 'Description': '-', 'Swat_codetype': 'gw_tile_groups'}","{'Line in File': '9', 'Position in File': '1', 'Condition': 'if (gw_tile_group_flag == 1)', 'Local (Y/N)': 'N', 'TYPE': '-', 'Component': 'gw_tile_groups(i,j)', 'Type': 'integer', 'Dimensions': 'allocatable', 'Default': '-', 'Units': 'N/A', 'Description': '-', 'Swat_codetype': 'gw_tile_groups'}"
gwflow.wetland,1,1,header,"{'Line in File': '1', 'Position in File': '1', 'Condition': '-', 'Local (Y/N)': 'Y', 'TYPE': '-', 'Component': 'header', 'Type': 'character(len=80)', 'Dimensions': '-', 'Default': '-', 'Units': 'N/A', 'Description': '-', 'Swat_codetype': '-'}","{'Line in File': '1', 'Position in File': '1', 'Condition': '-', 'Local (Y/N)': 'Y', 'TYPE': '-', 'Component': 'header', 'Type': 'character(len=80)', 'Dimensions': '-', 'Default': '""""', 'Units': 'N/A', 'Description': '-', 'Swat_codetype': '-'}"
gwflow.wetland,2,1,header,"{'Line in File': '2', 'Position in File': '1', 'Condition': '-', 'Local (Y/N)': 'Y', 'TYPE': '-', 'Component': 'header', 'Type': 'character(len=80)', 'Dimensions': '-', 'Default': '-', 'Units': 'N/A', 'Description': '-', 'Swat_codetype': '-'}","{'Line in File': '2', 'Position in File': '1', 'Condition': '-', 'Local (Y/N)': 'Y', 'TYPE': '-', 'Component': 'header', 'Type': 'character(len=80)', 'Dimensions': '-', 'Default': '""""', 'Units': 'N/A', 'Description': '-', 'Swat_codetype': '-'}"
gwflow.wetland,3,1,header,"{'Line in File': '3', 'Position in File': '1', 'Condition': '-', 'Local (Y/N)': 'Y', 'TYPE': '-', 'Component': 'header', 'Type': 'character(len=80)', 'Dimensions': '-', 'Default': '-', 'Units': 'N/A', 'Description': '-', 'Swat_codetype': '-'}","{'Line in File': '3', 'Position in File': '1', 'Condition': '-', 'Local (Y/N)': 'Y', 'TYPE': '-', 'Component': 'header', 'Type': 'character(len=80)', 'Dimensions': '-', 'Default': '""""', 'Units': 'N/A', 'Description': '-', 'Swat_codetype': '-'}"
gwflow.wetland,4,1,header,"{'Line in File': '4', 'Position in File': '1', 'Condition': '-', 'Local (Y/N)': 'Y', 'TYPE': '-', 'Component': 'header', 'Type': 'character(len=80)', 'Dimensions': '-', 'Default': '-', 'Units': 'N/A', 'Description': '-', 'Swat_codetype': '-'}","{'Line in File': '4', 'Position in File': '1', 'Condition': '-', 'Local (Y/N)': 'Y', 'TYPE': '-', 'Component': 'header', 'Type': 'character(len=80)', 'Dimensions': '-', 'Default': '""""', 'Units': 'N/A', 'Description': '-', 'Swat_codetype': '-'}"
gwflow.wetland,5,1,header,"{'Line in File': '5', 'Position in File': '1', 'Condition': '-', 'Local (Y/N)': 'Y', 'TYPE': '-', 'Component': 'header', 'Type': 'character(len=80)', 'Dimensions': '-', 'Default': '-', 'Units': 'N/A', 'Description': '-', 'Swat_codetype': '-'}","{'Line in File': '5', 'Position in File': '1', 'Condition': '-', 'Local (Y/N)': 'Y', 'TYPE': '-', 'Component': 'header', 'Type': 'character(len=80)', 'Dimensions': '-', 'Default': '""""', 'Units': 'N/A', 'Description': '-', 'Swat_codetype': '-'}"
gwflow.wetland,6,1,dum1,"{'Line in File': '6', 'Position in File': '1', 'Condition': '-', 'Local (Y/N)': 'Y', 'TYPE': '-', 'Component': 'dum1', 'Type': 'integer', 'Dimensions': '-', 'Default': '-', 'Units': 'N/A', 'Description': '-', 'Swat_codetype': '-'}","{'Line in File': '6', 'Position in File': '1', 'Condition': '-', 'Local (Y/N)': 'Y', 'TYPE': '-', 'Component': 'dum1', 'Type': 'integer', 'Dimensions': '-', 'Default': '0', 'Units': 'N/A', 'Description': '-', 'Swat_codetype': '-'}"
harv.ops,1,1,titldum,"{'Line in File': '1', 'Position in File': '1', 'Condition': '-', 'Local (Y/N)': 'Y', 'TYPE': '-', 'Component': 'titldum', 'Type': 'character(len=80)', 'Dimensions': '-', 'Default': '-', 'Units': 'N/A', 'Description': '-', 'Swat_codetype': '-'}","{'Line in File': '1', 'Position in File': '1', 'Condition': '-', 'Local (Y/N)': 'Y', 'TYPE': '-', 'Component': 'titldum', 'Type': 'character(len=80)', 'Dimensions': '-', 'Default': '""""', 'Units': 'N/A', 'Description': '-', 'Swat_codetype': '-'}"
harv.ops,2,1,header,"{'Line in File': '2', 'Position in File': '1', 'Condition': '-', 'Local (Y/N)': 'Y', 'TYPE': '-', 'Component': 'header', 'Type': 'character(len=80)', 'Dimensions': '-', 'Default': '-', 'Units': 'N/A', 'Description': '-', 'Swat_codetype': '-'}","{'Line in File': '2', 'Position in File': '1', 'Condition': '-', 'Local (Y/N)': 'Y', 'TYPE': '-', 'Component': 'header', 'Type': 'character(len=80)', 'Dimensions': '-', 'Default': '""""', 'Units': 'N/A', 'Description': '-', 'Swat_codetype': '-'}"
harv.ops,3,1,name,"{'Line in File': '3', 'Position in File': '1', 'Condition': '-', 'Local (Y/N)': 'N', 'TYPE': 'harvest_operation', 'Component': 'name', 'Type': 'character(len=40)', 'Dimensions': '-', 'Default': '-', 'Units': 'N/A', 'Description': '-', 'Swat_codetype': 'in_ops'}","{'Line in File': '3', 'Position in File': '1', 'Condition': '-', 'Local (Y/N)': 'N', 'TYPE': 'harvest_operation', 'Component': 'name', 'Type': 'character(len=40)', 'Dimensions': '-', 'Default': '""""', 'Units': 'N/A', 'Description': '-', 'Swat_codetype': 'in_ops'}"
harv.ops,3,2,typ,"{'Line in File': '3', 'Position in File': '2', 'Condition': '-', 'Local (Y/N)': 'N', 'TYPE': 'harvest_operation', 'Component': 'typ', 'Type': 'character(len=40)', 'Dimensions': '-', 'Default': '-', 'Units': 'N/A', 'Description': '-', 'Swat_codetype': 'in_ops'}","{'Line in File': '3', 'Position in File': '2', 'Condition': '-', 'Local (Y/N)': 'N', 'TYPE': 'harvest_operation', 'Component': 'typ', 'Type': 'character(len=40)', 'Dimensions': '-', 'Default': '""""', 'Units': 'N/A', 'Description': '-', 'Swat_codetype': 'in_ops'}"
hmd(i)%filename,1,1,titldum,"{'Line in File': '1', 'Position in File': '1', 'Condition': '-', 'Local (Y/N)': 'Y', 'TYPE': '-', 'Component': 'titldum', 'Type': 'character(len=80)', 'Dimensions': '-', 'Default': '-', 'Units': 'N/A', 'Description': '-', 'Swat_codetype': '-'}","{'Line in File': '1', 'Position in File': '1', 'Condition': '-', 'Local (Y/N)': 'Y', 'TYPE': '-', 'Component': 'titldum', 'Type': 'character(len=80)', 'Dimensions': '-', 'Default': '""""', 'Units': 'N/A', 'Description': '-', 'Swat_codetype': '-'}"
hmd(i)%filename,2,1,header,"{'Line in File': '2', 'Position in File': '1', 'Condition': '-', 'Local (Y/N)': 'Y', 'TYPE': '-', 'Component': 'header', 'Type': 'character(len=80)', 'Dimensions': '-', 'Default': '-', 'Units': 'N/A', 'Description': '-', 'Swat_codetype': '-'}","{'Line in File': '2', 'Position in File': '1', 'Condition': '-', 'Local (Y/N)': 'Y', 'TYPE': '-', 'Component': 'header', 'Type': 'character(len=80)', 'Dimensions': '-', 'Default': '""""', 'Units': 'N/A', 'Description': '-', 'Swat_codetype': '-'}"
hmd(i)%filename,3,1,nbyr,"{'Line in File': '3', 'Position in File': '1', 'Condition': '-', 'Local (Y/N)': 'N', 'TYPE': 'hmd', 'Component': 'nbyr', 'Type': 'integer', 'Dimensions': '-', 'Default': '-', 'Units': 'N/A', 'Description': 'number of years of daily rainfall', 'Swat_codetype': 'hmd'}","{'Line in File': '3', 'Position in File': '1', 'Condition': '-', 'Local (Y/N)': 'N', 'TYPE': 'hmd', 'Component': 'nbyr', 'Type': 'integer', 'Dimensions': '-', 'Default': '0', 'Units': 'N/A', 'Description': 'number of years of daily rainfall', 'Swat_codetype': 'hmd'}"
hmd(i)%filename,3,2,tstep,"{'Line in File': '3', 'Position in File': '2', 'Condition': '-', 'Local (Y/N)': 'N', 'TYPE': 'hmd', 'Component': 'tstep', 'Type': 'integer', 'Dimensions': '-', 'Default': '-', 'Units': 'N/A', 'Description': 'timestep of precipitation', 'Swat_codetype': 'hmd'}","{'Line in File': '3', 'Position in File': '2', 'Condition': '-', 'Local (Y/N)': 'N', 'TYPE': 'hmd', 'Component': 'tstep', 'Type': 'integer', 'Dimensions': '-', 'Default': '0', 'Units': 'N/A', 'Description': 'timestep of precipitation', 'Swat_codetype': 'hmd'}"
hmd(i)%filename,3,3,lat,"{'Line in File': '3', 'Position in File': '3', 'Condition': '-', 'Local (Y/N)': 'N', 'TYPE': 'hmd', 'Component': 'lat', 'Type': 'real', 'Dimensions': '-', 'Default': '-', 'Units': 'N/A', 'Description': 'latitude of raingage', 'Swat_codetype': 'hmd'}","{'Line in File': '3', 'Position in File': '3', 'Condition': '-', 'Local (Y/N)': 'N', 'TYPE': 'hmd', 'Component': 'lat', 'Type': 'real', 'Dimensions': '-', 'Default': '0.', 'Units': 'N/A', 'Description': 'latitude of raingage', 'Swat_codetype': 'hmd'}"
hmd(i)%filename,3,4,long,"{'Line in File': '3', 'Position in File': '4', 'Condition': '-', 'Local (Y/N)': 'N', 'TYPE': 'hmd', 'Component': 'long', 'Type': 'real', 'Dimensions': '-', 'Default': '-', 'Units': 'N/A', 'Description': 'longitude of raingage', 'Swat_codetype': 'hmd'}","{'Line in File': '3', 'Position in File': '4', 'Condition': '-', 'Local (Y/N)': 'N', 'TYPE': 'hmd', 'Component': 'long', 'Type': 'real', 'Dimensions': '-', 'Default': '0.', 'Units': 'N/A', 'Description': 'longitude of raingage', 'Swat_codetype': 'hmd'}"
hmd(i)%filename,3,5,elev,"{'Line in File': '3', 'Position in File': '5', 'Condition': '-', 'Local (Y/N)': 'N', 'TYPE': 'hmd', 'Component': 'elev', 'Type': 'real', 'Dimensions': '-', 'Default': '-', 'Units': 'N/A', 'Description': 'elevation of raingage', 'Swat_codetype': 'hmd'}","{'Line in File': '3', 'Position in File': '5', 'Condition': '-', 'Local (Y/N)': 'N', 'TYPE': 'hmd', 'Component': 'elev', 'Type': 'real', 'Dimensions': '-', 'Default': '0.', 'Units': 'N/A', 'Description': 'elevation of raingage', 'Swat_codetype': 'hmd'}"
hmd(i)%filename,4,1,iyr,"{'Line in File': '4', 'Position in File': '1', 'Condition': 'if (iyr > time%yrc)', 'Local (Y/N)': 'Y', 'TYPE': '-', 'Component': 'iyr', 'Type': 'integer', 'Dimensions': '-', 'Default': '-', 'Units': 'N/A', 'Description': '-', 'Swat_codetype': '-'}","{'Line in File': '4', 'Position in File': '1', 'Condition': 'if (iyr > time%yrc)', 'Local (Y/N)': 'Y', 'TYPE': '-', 'Component': 'iyr', 'Type': 'integer', 'Dimensions': '-', 'Default': '0', 'Units': 'N/A', 'Description': '-', 'Swat_codetype': '-'}"
hmd(i)%filename,4,2,istep,"{'Line in File': '4', 'Position in File': '2', 'Condition': 'if (iyr > time%yrc)', 'Local (Y/N)': 'Y', 'TYPE': '-', 'Component': 'istep', 'Type': 'integer', 'Dimensions': '-', 'Default': '-', 'Units': 'N/A', 'Description': '-', 'Swat_codetype': '-'}","{'Line in File': '4', 'Position in File': '2', 'Condition': 'if (iyr > time%yrc)', 'Local (Y/N)': 'Y', 'TYPE': '-', 'Component': 'istep', 'Type': 'integer', 'Dimensions': '-', 'Default': '0', 'Units': 'N/A', 'Description': '-', 'Swat_codetype': '-'}"
hmd(i)%filename,5,1,iyr,"{'Line in File': '5', 'Position in File': '1', 'Condition': 'if (istep == 365 .or. istep == 366)', 'Local (Y/N)': 'Y', 'TYPE': '-', 'Component': 'iyr', 'Type': 'integer', 'Dimensions': '-', 'Default': '-', 'Units': 'N/A', 'Description': '-', 'Swat_codetype': '-'}","{'Line in File': '5', 'Position in File': '1', 'Condition': 'if (istep == 365 .or. istep == 366)', 'Local (Y/N)': 'Y', 'TYPE': '-', 'Component': 'iyr', 'Type': 'integer', 'Dimensions': '-', 'Default': '0', 'Units': 'N/A', 'Description': '-', 'Swat_codetype': '-'}"
hmd(i)%filename,5,2,istep,"{'Line in File': '5', 'Position in File': '2', 'Condition': 'if (istep == 365 .or. istep == 366)', 'Local (Y/N)': 'Y', 'TYPE': '-', 'Component': 'istep', 'Type': 'integer', 'Dimensions': '-', 'Default': '-', 'Units': 'N/A', 'Description': '-', 'Swat_codetype': '-'}","{'Line in File': '5', 'Position in File': '2', 'Condition': 'if (istep == 365 .or. istep == 366)', 'Local (Y/N)': 'Y', 'TYPE': '-', 'Component': 'istep', 'Type': 'integer', 'Dimensions': '-', 'Default': '0', 'Units': 'N/A', 'Description': '-', 'Swat_codetype': '-'}"
hmd.cli,1,1,titldum,"{'Line in File': '1', 'Position in File': '1', 'Condition': '-', 'Local (Y/N)': 'Y', 'TYPE': '-', 'Component': 'titldum', 'Type': 'character(len=80)', 'Dimensions': '-', 'Default': '-', 'Units': 'N/A', 'Description': '-', 'Swat_codetype': '-'}","{'Line in File': '1', 'Position in File': '1', 'Condition': '-', 'Local (Y/N)': 'Y', 'TYPE': '-', 'Component': 'titldum', 'Type': 'character(len=80)', 'Dimensions': '-', 'Default': '""""', 'Units': 'N/A', 'Description': '-', 'Swat_codetype': '-'}"
hmd.cli,2,1,header,"{'Line in File': '2', 'Position in File': '1', 'Condition': '-', 'Local (Y/N)': 'Y', 'TYPE': '-', 'Component': 'header', 'Type': 'character(len=80)', 'Dimensions': '-', 'Default': '-', 'Units': 'N/A', 'Description': '-', 'Swat_codetype': '-'}","{'Line in File': '2', 'Position in File': '1', 'Condition': '-', 'Local (Y/N)': 'Y', 'TYPE': '-', 'Component': 'header', 'Type': 'character(len=80)', 'Dimensions': '-', 'Default': '""""', 'Units': 'N/A', 'Description': '-', 'Swat_codetype': '-'}"
hmd.cli,3,1,filename,"{'Line in File': '3', 'Position in File': '1', 'Condition': '-', 'Local (Y/N)': 'N', 'TYPE': 'hmd', 'Component': 'filename', 'Type': 'character(len=50)', 'Dimensions': '-', 'Default': '-', 'Units': 'N/A', 'Description': '-', 'Swat_codetype': 'in_cli'}","{'Line in File': '3', 'Position in File': '1', 'Condition': '-', 'Local (Y/N)': 'N', 'TYPE': 'hmd', 'Component': 'filename', 'Type': 'character(len=50)', 'Dimensions': '-', 'Default': '""""', 'Units': 'N/A', 'Description': '-', 'Swat_codetype': 'in_cli'}"
hmet_hru.ini,1,1,titldum,"{'Line in File': '1', 'Position in File': '1', 'Condition': '-', 'Local (Y/N)': 'Y', 'TYPE': '-', 'Component': 'titldum', 'Type': 'character(len=80)', 'Dimensions': '-', 'Default': '-', 'Units': 'N/A', 'Description': '-', 'Swat_codetype': '-'}","{'Line in File': '1', 'Position in File': '1', 'Condition': '-', 'Local (Y/N)': 'Y', 'TYPE': '-', 'Component': 'titldum', 'Type': 'character(len=80)', 'Dimensions': '-', 'Default': '""""', 'Units': 'N/A', 'Description': '-', 'Swat_codetype': '-'}"
hmet_hru.ini,2,1,header,"{'Line in File': '2', 'Position in File': '1', 'Condition': '-', 'Local (Y/N)': 'Y', 'TYPE': '-', 'Component': 'header', 'Type': 'character(len=80)', 'Dimensions': '-', 'Default': '-', 'Units': 'N/A', 'Description': '-', 'Swat_codetype': '-'}","{'Line in File': '2', 'Position in File': '1', 'Condition': '-', 'Local (Y/N)': 'Y', 'TYPE': '-', 'Component': 'header', 'Type': 'character(len=80)', 'Dimensions': '-', 'Default': '""""', 'Units': 'N/A', 'Description': '-', 'Swat_codetype': '-'}"
hmet_hru.ini,3,1,name,"{'Line in File': '3', 'Position in File': '1', 'Condition': '-', 'Local (Y/N)': 'N', 'TYPE': 'hmet_soil_ini', 'Component': 'name', 'Type': 'character(len=16)', 'Dimensions': '-', 'Default': '-', 'Units': 'N/A', 'Description': 'name of the constituent - points to constituent database', 'Swat_codetype': 'in_init'}","{'Line in File': '3', 'Position in File': '1', 'Condition': '-', 'Local (Y/N)': 'N', 'TYPE': 'hmet_soil_ini', 'Component': 'name', 'Type': 'character(len=16)', 'Dimensions': '-', 'Default': '""""', 'Units': 'N/A', 'Description': 'name of the constituent - points to constituent database', 'Swat_codetype': 'in_init'}"
hmet_hru.ini,4,1,titldum,"{'Line in File': '4', 'Position in File': '1', 'Condition': '-', 'Local (Y/N)': 'Y', 'TYPE': '-', 'Component': 'titldum', 'Type': 'character(len=80)', 'Dimensions': '-', 'Default': '-', 'Units': 'N/A', 'Description': '-', 'Swat_codetype': '-'}","{'Line in File': '4', 'Position in File': '1', 'Condition': '-', 'Local (Y/N)': 'Y', 'TYPE': '-', 'Component': 'titldum', 'Type': 'character(len=80)', 'Dimensions': '-', 'Default': '""""', 'Units': 'N/A', 'Description': '-', 'Swat_codetype': '-'}"
hmet_hru.ini,5,1,titldum,"{'Line in File': '5', 'Position in File': '1', 'Condition': '-', 'Local (Y/N)': 'Y', 'TYPE': '-', 'Component': 'titldum', 'Type': 'character(len=80)', 'Dimensions': '-', 'Default': '-', 'Units': 'N/A', 'Description': '-', 'Swat_codetype': '-'}","{'Line in File': '5', 'Position in File': '1', 'Condition': '-', 'Local (Y/N)': 'Y', 'TYPE': '-', 'Component': 'titldum', 'Type': 'character(len=80)', 'Dimensions': '-', 'Default': '""""', 'Units': 'N/A', 'Description': '-', 'Swat_codetype': '-'}"
hru-data.hru,1,1,titldum,"{'Line in File': '1', 'Position in File': '1', 'Condition': '-', 'Local (Y/N)': 'Y', 'TYPE': '-', 'Component': 'titldum', 'Type': 'character(len=80)', 'Dimensions': '-', 'Default': '-', 'Units': 'N/A', 'Description': '-', 'Swat_codetype': '-'}","{'Line in File': '1', 'Position in File': '1', 'Condition': '-', 'Local (Y/N)': 'Y', 'TYPE': '-', 'Component': 'titldum', 'Type': 'character(len=80)', 'Dimensions': '-', 'Default': '""""', 'Units': 'N/A', 'Description': '-', 'Swat_codetype': '-'}"
hru-data.hru,2,1,header,"{'Line in File': '2', 'Position in File': '1', 'Condition': '-', 'Local (Y/N)': 'Y', 'TYPE': '-', 'Component': 'header', 'Type': 'character(len=80)', 'Dimensions': '-', 'Default': '-', 'Units': 'N/A', 'Description': '-', 'Swat_codetype': '-'}","{'Line in File': '2', 'Position in File': '1', 'Condition': '-', 'Local (Y/N)': 'Y', 'TYPE': '-', 'Component': 'header', 'Type': 'character(len=80)', 'Dimensions': '-', 'Default': '""""', 'Units': 'N/A', 'Description': '-', 'Swat_codetype': '-'}"
hru-data.hru,3,1,k,"{'Line in File': '3', 'Position in File': '1', 'Condition': '-', 'Local (Y/N)': 'Y', 'TYPE': '-', 'Component': 'k', 'Type': 'integer', 'Dimensions': '-', 'Default': '-', 'Units': 'N/A', 'Description': '-', 'Swat_codetype': '-'}","{'Line in File': '3', 'Position in File': '1', 'Condition': '-', 'Local (Y/N)': 'Y', 'TYPE': '-', 'Component': 'k', 'Type': 'integer', 'Dimensions': '-', 'Default': '0', 'Units': 'N/A', 'Description': '-', 'Swat_codetype': '-'}"
hru-lte.con,1,1,titldum,"{'Line in File': '1', 'Position in File': '1', 'Condition': '-', 'Local (Y/N)': 'Y', 'TYPE': '-', 'Component': 'titldum', 'Type': 'character(len=80)', 'Dimensions': '-', 'Default': '-', 'Units': 'N/A', 'Description': '-', 'Swat_codetype': '-'}","{'Line in File': '1', 'Position in File': '1', 'Condition': '-', 'Local (Y/N)': 'Y', 'TYPE': '-', 'Component': 'titldum', 'Type': 'character(len=80)', 'Dimensions': '-', 'Default': '""""', 'Units': 'N/A', 'Description': '-', 'Swat_codetype': '-'}"
hru-lte.con,2,1,header,"{'Line in File': '2', 'Position in File': '1', 'Condition': '-', 'Local (Y/N)': 'Y', 'TYPE': '-', 'Component': 'header', 'Type': 'character(len=80)', 'Dimensions': '-', 'Default': '-', 'Units': 'N/A', 'Description': '-', 'Swat_codetype': '-'}","{'Line in File': '2', 'Position in File': '1', 'Condition': '-', 'Local (Y/N)': 'Y', 'TYPE': '-', 'Component': 'header', 'Type': 'character(len=80)', 'Dimensions': '-', 'Default': '""""', 'Units': 'N/A', 'Description': '-', 'Swat_codetype': '-'}"
hru-lte.con,3,10,constit,"{'Line in File': '3', 'Position in File': '10', 'Condition': 'if (ncs > 0)', 'Local (Y/N)': 'N', 'TYPE': 'ob', 'Component': 'constit', 'Type': 'integer', 'Dimensions': '-', 'Default': '-', 'Units': 'N/A', 'Description': '-', 'Swat_codetype': 'ob'}","{'Line in File': '3', 'Position in File': '10', 'Condition': 'if (ncs > 0)', 'Local (Y/N)': 'N', 'TYPE': 'ob', 'Component': 'constit', 'Type': 'integer', 'Dimensions': '-', 'Default': '0', 'Units': 'N/A', 'Description': '-', 'Swat_codetype': 'ob'}"
hru-lte.con,3,11,props2,"{'Line in File': '3', 'Position in File': '11', 'Condition': 'if (ncs > 0)', 'Local (Y/N)': 'N', 'TYPE': 'ob', 'Component': 'props2', 'Type': 'integer', 'Dimensions': '-', 'Default': '-', 'Units': 'N/A', 'Description': '-', 'Swat_codetype': 'ob'}","{'Line in File': '3', 'Position in File': '11', 'Condition': 'if (ncs > 0)', 'Local (Y/N)': 'N', 'TYPE': 'ob', 'Component': 'props2', 'Type': 'integer', 'Dimensions': '-', 'Default': '0', 'Units': 'N/A', 'Description': '-', 'Swat_codetype': 'ob'}"
hru-lte.con,3,12,ruleset,"{'Line in File': '3', 'Position in File': '12', 'Condition': 'if (ncs > 0)', 'Local (Y/N)': 'N', 'TYPE': 'ob', 'Component': 'ruleset', 'Type': 'character(len=16)', 'Dimensions': '-', 'Default': '-', 'Units': 'N/A', 'Description': '-', 'Swat_codetype': 'ob'}","{'Line in File': '3', 'Position in File': '12', 'Condition': 'if (ncs > 0)', 'Local (Y/N)': 'N', 'TYPE': 'ob', 'Component': 'ruleset', 'Type': 'character(len=16)', 'Dimensions': '-', 'Default': '""""', 'Units': 'N/A', 'Description': '-', 'Swat_codetype': 'ob'}"
hru-lte.con,3,3,gis_id,"{'Line in File': '3', 'Position in File': '3', 'Condition': 'if (ncs > 0)', 'Local (Y/N)': 'N', 'TYPE': 'ob', 'Component': 'gis_id', 'Type': 'integer(kind=8)', 'Dimensions': '-', 'Default': '-', 'Units': 'N/A', 'Description': '-', 'Swat_codetype': 'ob'}","{'Line in File': '3', 'Position in File': '3', 'Condition': 'if (ncs > 0)', 'Local (Y/N)': 'N', 'TYPE': 'ob', 'Component': 'gis_id', 'Type': 'integer(kind=8)', 'Dimensions': '-', 'Default': '0', 'Units': 'N/A', 'Description': '-', 'Swat_codetype': 'ob'}"
hru-lte.con,3,5,lat,"{'Line in File': '3', 'Position in File': '5', 'Condition': 'if (ncs > 0)', 'Local (Y/N)': 'N', 'TYPE': 'ob', 'Component': 'lat', 'Type': 'real', 'Dimensions': '-', 'Default': '-', 'Units': 'N/A', 'Description': '-', 'Swat_codetype': 'ob'}","{'Line in File': '3', 'Position in File': '5', 'Condition': 'if (ncs > 0)', 'Local (Y/N)': 'N', 'TYPE': 'ob', 'Component': 'lat', 'Type': 'real', 'Dimensions': '-', 'Default': '0.', 'Units': 'N/A', 'Description': '-', 'Swat_codetype': 'ob'}"
hru-lte.con,3,6,long,"{'Line in File': '3', 'Position in File': '6', 'Condition': 'if (ncs > 0)', 'Local (Y/N)': 'N', 'TYPE': 'ob', 'Component': 'long', 'Type': 'real', 'Dimensions': '-', 'Default': '-', 'Units': 'N/A', 'Description': '-', 'Swat_codetype': 'ob'}","{'Line in File': '3', 'Position in File': '6', 'Condition': 'if (ncs > 0)', 'Local (Y/N)': 'N', 'TYPE': 'ob', 'Component': 'long', 'Type': 'real', 'Dimensions': '-', 'Default': '0.', 'Units': 'N/A', 'Description': '-', 'Swat_codetype': 'ob'}"
hru-lte.con,3,9,wst_c,"{'Line in File': '3', 'Position in File': '9', 'Condition': 'if (ncs > 0)', 'Local (Y/N)': 'N', 'TYPE': 'ob', 'Component': 'wst_c', 'Type': 'character(len=50)', 'Dimensions': '-', 'Default': '-', 'Units': 'N/A', 'Description': '-', 'Swat_codetype': 'ob'}","{'Line in File': '3', 'Position in File': '9', 'Condition': 'if (ncs > 0)', 'Local (Y/N)': 'N', 'TYPE': 'ob', 'Component': 'wst_c', 'Type': 'character(len=50)', 'Dimensions': '-', 'Default': '""""', 'Units': 'N/A', 'Description': '-', 'Swat_codetype': 'ob'}"
hru-lte.hru,1,1,titldum,"{'Line in File': '1', 'Position in File': '1', 'Condition': '-', 'Local (Y/N)': 'Y', 'TYPE': '-', 'Component': 'titldum', 'Type': 'character(len=80)', 'Dimensions': '-', 'Default': '-', 'Units': 'N/A', 'Description': '-', 'Swat_codetype': '-'}","{'Line in File': '1', 'Position in File': '1', 'Condition': '-', 'Local (Y/N)': 'Y', 'TYPE': '-', 'Component': 'titldum', 'Type': 'character(len=80)', 'Dimensions': '-', 'Default': '""""', 'Units': 'N/A', 'Description': '-', 'Swat_codetype': '-'}"
hru-lte.hru,2,1,header,"{'Line in File': '2', 'Position in File': '1', 'Condition': '-', 'Local (Y/N)': 'Y', 'TYPE': '-', 'Component': 'header', 'Type': 'character(len=80)', 'Dimensions': '-', 'Default': '-', 'Units': 'N/A', 'Description': '-', 'Swat_codetype': '-'}","{'Line in File': '2', 'Position in File': '1', 'Condition': '-', 'Local (Y/N)': 'Y', 'TYPE': '-', 'Component': 'header', 'Type': 'character(len=80)', 'Dimensions': '-', 'Default': '""""', 'Units': 'N/A', 'Description': '-', 'Swat_codetype': '-'}"
hru-lte.hru,3,1,k,"{'Line in File': '3', 'Position in File': '1', 'Condition': '-', 'Local (Y/N)': 'Y', 'TYPE': '-', 'Component': 'k', 'Type': 'integer', 'Dimensions': '-', 'Default': '-', 'Units': 'N/A', 'Description': '-', 'Swat_codetype': '-'}","{'Line in File': '3', 'Position in File': '1', 'Condition': '-', 'Local (Y/N)': 'Y', 'TYPE': '-', 'Component': 'k', 'Type': 'integer', 'Dimensions': '-', 'Default': '0', 'Units': 'N/A', 'Description': '-', 'Swat_codetype': '-'}"
hru-lte.hru,3,2,name,"{'Line in File': '3', 'Position in File': '2', 'Condition': '-', 'Local (Y/N)': 'N', 'TYPE': 'swatdeg_hru_data', 'Component': 'name', 'Type': 'character(len=16)', 'Dimensions': '-', 'Default': '-', 'Units': 'N/A', 'Description': '-', 'Swat_codetype': 'in_hru'}","{'Line in File': '3', 'Position in File': '2', 'Condition': '-', 'Local (Y/N)': 'N', 'TYPE': 'swatdeg_hru_data', 'Component': 'name', 'Type': 'character(len=16)', 'Dimensions': '-', 'Default': '""""', 'Units': 'N/A', 'Description': '-', 'Swat_codetype': 'in_hru'}"
hru-lte.hru,3,22,text,"{'Line in File': '3', 'Position in File': '22', 'Condition': '-', 'Local (Y/N)': 'N', 'TYPE': 'swatdeg_hru_data', 'Component': 'text', 'Type': 'character(len=16)', 'Dimensions': '-', 'Default': '-', 'Units': 'N/A', 'Description': '-', 'Swat_codetype': 'in_hru'}","{'Line in File': '3', 'Position in File': '22', 'Condition': '-', 'Local (Y/N)': 'N', 'TYPE': 'swatdeg_hru_data', 'Component': 'text', 'Type': 'character(len=16)', 'Dimensions': '-', 'Default': '""""', 'Units': 'N/A', 'Description': '-', 'Swat_codetype': 'in_hru'}"
hru-lte.hru,3,23,tropical,"{'Line in File': '3', 'Position in File': '23', 'Condition': '-', 'Local (Y/N)': 'N', 'TYPE': 'swatdeg_hru_data', 'Component': 'tropical', 'Type': 'character(len=16)', 'Dimensions': '-', 'Default': '-', 'Units': 'N/A', 'Description': '-', 'Swat_codetype': 'in_hru'}","{'Line in File': '3', 'Position in File': '23', 'Condition': '-', 'Local (Y/N)': 'N', 'TYPE': 'swatdeg_hru_data', 'Component': 'tropical', 'Type': 'character(len=16)', 'Dimensions': '-', 'Default': '""""', 'Units': 'N/A', 'Description': '-', 'Swat_codetype': 'in_hru'}"
hru-lte.hru,3,24,igrow1,"{'Line in File': '3', 'Position in File': '24', 'Condition': '-', 'Local (Y/N)': 'N', 'TYPE': 'swatdeg_hru_data', 'Component': 'igrow1', 'Type': 'character(len=16)', 'Dimensions': '-', 'Default': '-', 'Units': 'N/A', 'Description': '-', 'Swat_codetype': 'in_hru'}","{'Line in File': '3', 'Position in File': '24', 'Condition': '-', 'Local (Y/N)': 'N', 'TYPE': 'swatdeg_hru_data', 'Component': 'igrow1', 'Type': 'character(len=16)', 'Dimensions': '-', 'Default': '""""', 'Units': 'N/A', 'Description': '-', 'Swat_codetype': 'in_hru'}"
hru-lte.hru,3,25,igrow2,"{'Line in File': '3', 'Position in File': '25', 'Condition': '-', 'Local (Y/N)': 'N', 'TYPE': 'swatdeg_hru_data', 'Component': 'igrow2', 'Type': 'character(len=16)', 'Dimensions': '-', 'Default': '-', 'Units': 'N/A', 'Description': '-', 'Swat_codetype': 'in_hru'}","{'Line in File': '3', 'Position in File': '25', 'Condition': '-', 'Local (Y/N)': 'N', 'TYPE': 'swatdeg_hru_data', 'Component': 'igrow2', 'Type': 'character(len=16)', 'Dimensions': '-', 'Default': '""""', 'Units': 'N/A', 'Description': '-', 'Swat_codetype': 'in_hru'}"
hru-lte.hru,3,26,plant,"{'Line in File': '3', 'Position in File': '26', 'Condition': '-', 'Local (Y/N)': 'N', 'TYPE': 'swatdeg_hru_data', 'Component': 'plant', 'Type': 'character(len=16)', 'Dimensions': '-', 'Default': '-', 'Units': 'N/A', 'Description': '-', 'Swat_codetype': 'in_hru'}","{'Line in File': '3', 'Position in File': '26', 'Condition': '-', 'Local (Y/N)': 'N', 'TYPE': 'swatdeg_hru_data', 'Component': 'plant', 'Type': 'character(len=16)', 'Dimensions': '-', 'Default': '""""', 'Units': 'N/A', 'Description': '-', 'Swat_codetype': 'in_hru'}"
hru.con,1,1,titldum,,"{'Line in File': '1', 'Position in File': '1', 'Condition': '-', 'Local (Y/N)': 'Y', 'TYPE': '-', 'Component': 'titldum', 'Type': 'character(len=80)', 'Dimensions': '-', 'Default': '""""', 'Units': 'N/A', 'Description': '-', 'Swat_codetype': '-'}"
hru.con,2,1,header,,"{'Line in File': '2', 'Position in File': '1', 'Condition': '-', 'Local (Y/N)': 'Y', 'TYPE': '-', 'Component': 'header', 'Type': 'character(len=80)', 'Dimensions': '-', 'Default': '""""', 'Units': 'N/A', 'Description': '-', 'Swat_codetype': '-'}"
hru.con,3,1,hru_id,"{'Line in File': '3', 'Position in File': '1', 'Condition': 'if (nat_model == 1)', 'Local (Y/N)': 'Y', 'TYPE': '-', 'Component': 'hru_id', 'Type': 'integer', 'Dimensions': '-', 'Default': '-', 'Units': 'N/A', 'Description': '-', 'Swat_codetype': '-'}",
hru.con,3,1,num,,"{'Line in File': '3', 'Position in File': '1', 'Condition': 'if (ncs > 0)', 'Local (Y/N)': 'N', 'TYPE': 'ob', 'Component': 'num', 'Type': 'integer', 'Dimensions': '-', 'Default': '1', 'Units': 'N/A', 'Description': '-', 'Swat_codetype': 'ob'}"
hru.con,3,10,constit,,"{'Line in File': '3', 'Position in File': '10', 'Condition': 'if (ncs > 0)', 'Local (Y/N)': 'N', 'TYPE': 'ob', 'Component': 'constit', 'Type': 'integer', 'Dimensions': '-', 'Default': '0', 'Units': 'N/A', 'Description': '-', 'Swat_codetype': 'ob'}"
hru.con,3,11,props2,,"{'Line in File': '3', 'Position in File': '11', 'Condition': 'if (ncs > 0)', 'Local (Y/N)': 'N', 'TYPE': 'ob', 'Component': 'props2', 'Type': 'integer', 'Dimensions': '-', 'Default': '0', 'Units': 'N/A', 'Description': '-', 'Swat_codetype': 'ob'}"
hru.con,3,12,ruleset,,"{'Line in File': '3', 'Position in File': '12', 'Condition': 'if (ncs > 0)', 'Local (Y/N)': 'N', 'TYPE': 'ob', 'Component': 'ruleset', 'Type': 'character(len=16)', 'Dimensions': '-', 'Default': '""""', 'Units': 'N/A', 'Description': '-', 'Swat_codetype': 'ob'}"
hru.con,3,13,src_tot,,"{'Line in File': '3', 'Position in File': '13', 'Condition': 'if (ncs > 0)', 'Local (Y/N)': 'N', 'TYPE': 'ob', 'Component': 'src_tot', 'Type': 'integer', 'Dimensions': '-', 'Default': '0', 'Units': 'N/A', 'Description': '-', 'Swat_codetype': 'ob'}"
hru.con,3,14,obtyp_out,,"{'Line in File': '3', 'Position in File': '14', 'Condition': 'if (ncs > 0)', 'Local (Y/N)': 'N', 'TYPE': 'ob', 'Component': 'obtyp_out', 'Type': 'character(len=3)', 'Dimensions': 'allocatable', 'Default': '-', 'Units': 'N/A', 'Description': '-', 'Swat_codetype': 'ob'}"
hru.con,3,15,obtypno_out,,"{'Line in File': '3', 'Position in File': '15', 'Condition': 'if (ncs > 0)', 'Local (Y/N)': 'N', 'TYPE': 'ob', 'Component': 'obtypno_out', 'Type': 'integer', 'Dimensions': 'allocatable', 'Default': '-', 'Units': 'N/A', 'Description': '-', 'Swat_codetype': 'ob'}"
hru.con,3,16,htyp_out,,"{'Line in File': '3', 'Position in File': '16', 'Condition': 'if (ncs > 0)', 'Local (Y/N)': 'N', 'TYPE': 'ob', 'Component': 'htyp_out', 'Type': 'character(len=3)', 'Dimensions': 'allocatable', 'Default': '-', 'Units': 'N/A', 'Description': '-', 'Swat_codetype': 'ob'}"
hru.con,3,17,frac_out,,"{'Line in File': '3', 'Position in File': '17', 'Condition': 'if (ncs > 0)', 'Local (Y/N)': 'N', 'TYPE': 'ob', 'Component': 'frac_out', 'Type': 'real', 'Dimensions': 'allocatable', 'Default': '-', 'Units': 'N/A', 'Description': '-', 'Swat_codetype': 'ob'}"
hru.con,3,2,name,,"{'Line in File': '3', 'Position in File': '2', 'Condition': 'if (ncs > 0)', 'Local (Y/N)': 'N', 'TYPE': 'ob', 'Component': 'name', 'Type': 'character(len=16)', 'Dimensions': '-', 'Default': '""default""', 'Units': 'N/A', 'Description': '-', 'Swat_codetype': 'ob'}"
hru.con,3,3,gis_id,,"{'Line in File': '3', 'Position in File': '3', 'Condition': 'if (ncs > 0)', 'Local (Y/N)': 'N', 'TYPE': 'ob', 'Component': 'gis_id', 'Type': 'integer(kind=8)', 'Dimensions': '-', 'Default': '0', 'Units': 'N/A', 'Description': '-', 'Swat_codetype': 'ob'}"
hru.con,3,4,area_ha,,"{'Line in File': '3', 'Position in File': '4', 'Condition': 'if (ncs > 0)', 'Local (Y/N)': 'N', 'TYPE': 'ob', 'Component': 'area_ha', 'Type': 'real', 'Dimensions': '-', 'Default': '80.', 'Units': 'N/A', 'Description': '-', 'Swat_codetype': 'ob'}"
hru.con,3,5,lat,,"{'Line in File': '3', 'Position in File': '5', 'Condition': 'if (ncs > 0)', 'Local (Y/N)': 'N', 'TYPE': 'ob', 'Component': 'lat', 'Type': 'real', 'Dimensions': '-', 'Default': '0.', 'Units': 'N/A', 'Description': '-', 'Swat_codetype': 'ob'}"
hru.con,3,6,long,,"{'Line in File': '3', 'Position in File': '6', 'Condition': 'if (ncs > 0)', 'Local (Y/N)': 'N', 'TYPE': 'ob', 'Component': 'long', 'Type': 'real', 'Dimensions': '-', 'Default': '0.', 'Units': 'N/A', 'Description': '-', 'Swat_codetype': 'ob'}"
hru.con,3,7,elev,,"{'Line in File': '3', 'Position in File': '7', 'Condition': 'if (ncs > 0)', 'Local (Y/N)': 'N', 'TYPE': 'ob', 'Component': 'elev', 'Type': 'real', 'Dimensions': '-', 'Default': '100.', 'Units': 'N/A', 'Description': '-', 'Swat_codetype': 'ob'}"
hru.con,3,8,props,,"{'Line in File': '3', 'Position in File': '8', 'Condition': 'if (ncs > 0)', 'Local (Y/N)': 'N', 'TYPE': 'ob', 'Component': 'props', 'Type': 'integer', 'Dimensions': '-', 'Default': '1', 'Units': 'N/A', 'Description': '-', 'Swat_codetype': 'ob'}"
hru.con,3,9,wst_c,,"{'Line in File': '3', 'Position in File': '9', 'Condition': 'if (ncs > 0)', 'Local (Y/N)': 'N', 'TYPE': 'ob', 'Component': 'wst_c', 'Type': 'character(len=50)', 'Dimensions': '-', 'Default': '""""', 'Units': 'N/A', 'Description': '-', 'Swat_codetype': 'ob'}"
hru.con,4,1,dum1,"{'Line in File': '4', 'Position in File': '1', 'Condition': 'if (nat_model == 1)', 'Local (Y/N)': 'Y', 'TYPE': '-', 'Component': 'dum1', 'Type': 'integer', 'Dimensions': '-', 'Default': '-', 'Units': 'N/A', 'Description': '-', 'Swat_codetype': '-'}",
hru.con,4,2,dum2,"{'Line in File': '4', 'Position in File': '2', 'Condition': 'if (nat_model == 1)', 'Local (Y/N)': 'Y', 'TYPE': '-', 'Component': 'dum2', 'Type': 'integer', 'Dimensions': '-', 'Default': '-', 'Units': 'N/A', 'Description': '-', 'Swat_codetype': '-'}",
hru.con,4,3,dum3,"{'Line in File': '4', 'Position in File': '3', 'Condition': 'if (nat_model == 1)', 'Local (Y/N)': 'Y', 'TYPE': '-', 'Component': 'dum3', 'Type': 'integer', 'Dimensions': '-', 'Default': '-', 'Units': 'N/A', 'Description': '-', 'Swat_codetype': '-'}",
hru.con,4,4,dum4,"{'Line in File': '4', 'Position in File': '4', 'Condition': 'if (nat_model == 1)', 'Local (Y/N)': 'Y', 'TYPE': '-', 'Component': 'dum4', 'Type': 'real', 'Dimensions': '-', 'Default': '-', 'Units': 'N/A', 'Description': '-', 'Swat_codetype': '-'}",
hru.con,4,5,dum5,"{'Line in File': '4', 'Position in File': '5', 'Condition': 'if (nat_model == 1)', 'Local (Y/N)': 'Y', 'TYPE': '-', 'Component': 'dum5', 'Type': 'real', 'Dimensions': '-', 'Default': '-', 'Units': 'N/A', 'Description': '-', 'Swat_codetype': '-'}",
hru.con,4,6,dum6,"{'Line in File': '4', 'Position in File': '6', 'Condition': 'if (nat_model == 1)', 'Local (Y/N)': 'Y', 'TYPE': '-', 'Component': 'dum6', 'Type': 'real', 'Dimensions': '-', 'Default': '-', 'Units': 'N/A', 'Description': '-', 'Swat_codetype': '-'}",
hru.con,4,7,dum7,"{'Line in File': '4', 'Position in File': '7', 'Condition': 'if (nat_model == 1)', 'Local (Y/N)': 'Y', 'TYPE': '-', 'Component': 'dum7', 'Type': 'integer', 'Dimensions': '-', 'Default': '-', 'Units': 'N/A', 'Description': '-', 'Swat_codetype': '-'}",
hru.con,4,8,dum8,"{'Line in File': '4', 'Position in File': '8', 'Condition': 'if (nat_model == 1)', 'Local (Y/N)': 'Y', 'TYPE': '-', 'Component': 'dum8', 'Type': 'integer', 'Dimensions': '-', 'Default': '-', 'Units': 'N/A', 'Description': '-', 'Swat_codetype': '-'}",
hru.con,4,9,huc12_id,"{'Line in File': '4', 'Position in File': '9', 'Condition': 'if (nat_model == 1)', 'Local (Y/N)': 'Y', 'TYPE': '-', 'Component': 'huc12_id', 'Type': 'real(kind=8)', 'Dimensions': '-', 'Default': '-', 'Units': 'N/A', 'Description': '-', 'Swat_codetype': '-'}",
hyd-sed-lte.cha,1,1,titldum,"{'Line in File': '1', 'Position in File': '1', 'Condition': '-', 'Local (Y/N)': 'Y', 'TYPE': '-', 'Component': 'titldum', 'Type': 'character(len=80)', 'Dimensions': '-', 'Default': '-', 'Units': 'N/A', 'Description': '-', 'Swat_codetype': '-'}","{'Line in File': '1', 'Position in File': '1', 'Condition': '-', 'Local (Y/N)': 'Y', 'TYPE': '-', 'Component': 'titldum', 'Type': 'character(len=80)', 'Dimensions': '-', 'Default': '""""', 'Units': 'N/A', 'Description': '-', 'Swat_codetype': '-'}"
hyd-sed-lte.cha,2,1,header,"{'Line in File': '2', 'Position in File': '1', 'Condition': '-', 'Local (Y/N)': 'Y', 'TYPE': '-', 'Component': 'header', 'Type': 'character(len=80)', 'Dimensions': '-', 'Default': '-', 'Units': 'N/A', 'Description': '-', 'Swat_codetype': '-'}","{'Line in File': '2', 'Position in File': '1', 'Condition': '-', 'Local (Y/N)': 'Y', 'TYPE': '-', 'Component': 'header', 'Type': 'character(len=80)', 'Dimensions': '-', 'Default': '""""', 'Units': 'N/A', 'Description': '-', 'Swat_codetype': '-'}"
hyd-sed-lte.cha,3,1,name,"{'Line in File': '3', 'Position in File': '1', 'Condition': '-', 'Local (Y/N)': 'N', 'TYPE': 'swatdeg_hydsed_data', 'Component': 'name', 'Type': 'character(len=25)', 'Dimensions': '-', 'Default': '-', 'Units': 'N/A', 'Description': '-', 'Swat_codetype': 'in_cha'}","{'Line in File': '3', 'Position in File': '1', 'Condition': '-', 'Local (Y/N)': 'N', 'TYPE': 'swatdeg_hydsed_data', 'Component': 'name', 'Type': 'character(len=25)', 'Dimensions': '-', 'Default': '""""', 'Units': 'N/A', 'Description': '-', 'Swat_codetype': 'in_cha'}"
hyd-sed-lte.cha,3,11,sinu,"{'Line in File': '3', 'Position in File': '11', 'Condition': '-', 'Local (Y/N)': 'N', 'TYPE': 'swatdeg_hydsed_data', 'Component': 'sinu', 'Type': 'real', 'Dimensions': '-', 'Default': '-', 'Units': 'N/A', 'Description': '-', 'Swat_codetype': 'in_cha'}","{'Line in File': '3', 'Position in File': '11', 'Condition': '-', 'Local (Y/N)': 'N', 'TYPE': 'swatdeg_hydsed_data', 'Component': 'sinu', 'Type': 'real', 'Dimensions': '-', 'Default': '0.', 'Units': 'N/A', 'Description': '-', 'Swat_codetype': 'in_cha'}"
hyd-sed-lte.cha,3,12,chseq,"{'Line in File': '3', 'Position in File': '12', 'Condition': '-', 'Local (Y/N)': 'N', 'TYPE': 'swatdeg_hydsed_data', 'Component': 'chseq', 'Type': 'real', 'Dimensions': '-', 'Default': '0.', 'Units': 'N/A', 'Description': '-', 'Swat_codetype': 'in_cha'}",
hyd-sed-lte.cha,3,12,vcr_coef,,"{'Line in File': '3', 'Position in File': '12', 'Condition': '-', 'Local (Y/N)': 'N', 'TYPE': 'swatdeg_hydsed_data', 'Component': 'vcr_coef', 'Type': 'real', 'Dimensions': '-', 'Default': '0.', 'Units': 'N/A', 'Description': '-', 'Swat_codetype': 'in_cha'}"
hyd-sed-lte.cha,3,2,order,"{'Line in File': '3', 'Position in File': '2', 'Condition': '-', 'Local (Y/N)': 'N', 'TYPE': 'swatdeg_hydsed_data', 'Component': 'order', 'Type': 'character(len=16)', 'Dimensions': '-', 'Default': '-', 'Units': 'N/A', 'Description': '-', 'Swat_codetype': 'in_cha'}","{'Line in File': '3', 'Position in File': '2', 'Condition': '-', 'Local (Y/N)': 'N', 'TYPE': 'swatdeg_hydsed_data', 'Component': 'order', 'Type': 'integer', 'Dimensions': '-', 'Default': '0', 'Units': 'N/A', 'Description': '-', 'Swat_codetype': 'in_cha'}"
hyd-sed-lte.cha,3,9,bank_exp,,"{'Line in File': '3', 'Position in File': '9', 'Condition': '-', 'Local (Y/N)': 'N', 'TYPE': 'swatdeg_hydsed_data', 'Component': 'bank_exp', 'Type': 'real', 'Dimensions': '-', 'Default': '0.', 'Units': 'N/A', 'Description': '-', 'Swat_codetype': 'in_cha'}"
hyd-sed-lte.cha,3,9,cherod,"{'Line in File': '3', 'Position in File': '9', 'Condition': '-', 'Local (Y/N)': 'N', 'TYPE': 'swatdeg_hydsed_data', 'Component': 'cherod', 'Type': 'real', 'Dimensions': '-', 'Default': '0.', 'Units': 'N/A', 'Description': '-', 'Swat_codetype': 'in_cha'}",
hydrology.cha,1,1,titldum,"{'Line in File': '1', 'Position in File': '1', 'Condition': '-', 'Local (Y/N)': 'Y', 'TYPE': '-', 'Component': 'titldum', 'Type': 'character(len=80)', 'Dimensions': '-', 'Default': '-', 'Units': 'N/A', 'Description': '-', 'Swat_codetype': '-'}","{'Line in File': '1', 'Position in File': '1', 'Condition': '-', 'Local (Y/N)': 'Y', 'TYPE': '-', 'Component': 'titldum', 'Type': 'character(len=80)', 'Dimensions': '-', 'Default': '""""', 'Units': 'N/A', 'Description': '-', 'Swat_codetype': '-'}"
hydrology.cha,2,1,header,"{'Line in File': '2', 'Position in File': '1', 'Condition': '-', 'Local (Y/N)': 'Y', 'TYPE': '-', 'Component': 'header', 'Type': 'character(len=80)', 'Dimensions': '-', 'Default': '-', 'Units': 'N/A', 'Description': '-', 'Swat_codetype': '-'}","{'Line in File': '2', 'Position in File': '1', 'Condition': '-', 'Local (Y/N)': 'Y', 'TYPE': '-', 'Component': 'header', 'Type': 'character(len=80)', 'Dimensions': '-', 'Default': '""""', 'Units': 'N/A', 'Description': '-', 'Swat_codetype': '-'}"
hydrology.hyd,1,1,titldum,"{'Line in File': '1', 'Position in File': '1', 'Condition': '-', 'Local (Y/N)': 'Y', 'TYPE': '-', 'Component': 'titldum', 'Type': 'character(len=80)', 'Dimensions': '-', 'Default': '-', 'Units': 'N/A', 'Description': '-', 'Swat_codetype': '-'}","{'Line in File': '1', 'Position in File': '1', 'Condition': '-', 'Local (Y/N)': 'Y', 'TYPE': '-', 'Component': 'titldum', 'Type': 'character(len=80)', 'Dimensions': '-', 'Default': '""""', 'Units': 'N/A', 'Description': '-', 'Swat_codetype': '-'}"
hydrology.hyd,2,1,header,"{'Line in File': '2', 'Position in File': '1', 'Condition': '-', 'Local (Y/N)': 'Y', 'TYPE': '-', 'Component': 'header', 'Type': 'character(len=80)', 'Dimensions': '-', 'Default': '-', 'Units': 'N/A', 'Description': '-', 'Swat_codetype': '-'}","{'Line in File': '2', 'Position in File': '1', 'Condition': '-', 'Local (Y/N)': 'Y', 'TYPE': '-', 'Component': 'header', 'Type': 'character(len=80)', 'Dimensions': '-', 'Default': '""""', 'Units': 'N/A', 'Description': '-', 'Swat_codetype': '-'}"
hydrology.hyd,3,1,name,"{'Line in File': '3', 'Position in File': '1', 'Condition': '-', 'Local (Y/N)': 'N', 'TYPE': 'hydrology_db', 'Component': 'name', 'Type': 'character(len=16)', 'Dimensions': '-', 'Default': '-', 'Units': 'N/A', 'Description': 'none |0 |0 |name', 'Swat_codetype': 'in_hyd'}","{'Line in File': '3', 'Position in File': '1', 'Condition': '-', 'Local (Y/N)': 'N', 'TYPE': 'hydrology_db', 'Component': 'name', 'Type': 'character(len=16)', 'Dimensions': '-', 'Default': '""""', 'Units': 'N/A', 'Description': 'none |0 |0 |name', 'Swat_codetype': 'in_hyd'}"
hydrology.res,1,1,titldum,"{'Line in File': '1', 'Position in File': '1', 'Condition': '-', 'Local (Y/N)': 'Y', 'TYPE': '-', 'Component': 'titldum', 'Type': 'character(len=80)', 'Dimensions': '-', 'Default': '-', 'Units': 'N/A', 'Description': '-', 'Swat_codetype': '-'}","{'Line in File': '1', 'Position in File': '1', 'Condition': '-', 'Local (Y/N)': 'Y', 'TYPE': '-', 'Component': 'titldum', 'Type': 'character(len=80)', 'Dimensions': '-', 'Default': '""""', 'Units': 'N/A', 'Description': '-', 'Swat_codetype': '-'}"
hydrology.res,2,1,header,"{'Line in File': '2', 'Position in File': '1', 'Condition': '-', 'Local (Y/N)': 'Y', 'TYPE': '-', 'Component': 'header', 'Type': 'character(len=80)', 'Dimensions': '-', 'Default': '-', 'Units': 'N/A', 'Description': '-', 'Swat_codetype': '-'}","{'Line in File': '2', 'Position in File': '1', 'Condition': '-', 'Local (Y/N)': 'Y', 'TYPE': '-', 'Component': 'header', 'Type': 'character(len=80)', 'Dimensions': '-', 'Default': '""""', 'Units': 'N/A', 'Description': '-', 'Swat_codetype': '-'}"
hydrology.wet,1,1,titldum,"{'Line in File': '1', 'Position in File': '1', 'Condition': '-', 'Local (Y/N)': 'Y', 'TYPE': '-', 'Component': 'titldum', 'Type': 'character(len=80)', 'Dimensions': '-', 'Default': '-', 'Units': 'N/A', 'Description': '-', 'Swat_codetype': '-'}","{'Line in File': '1', 'Position in File': '1', 'Condition': '-', 'Local (Y/N)': 'Y', 'TYPE': '-', 'Component': 'titldum', 'Type': 'character(len=80)', 'Dimensions': '-', 'Default': '""""', 'Units': 'N/A', 'Description': '-', 'Swat_codetype': '-'}"
hydrology.wet,2,1,header,"{'Line in File': '2', 'Position in File': '1', 'Condition': '-', 'Local (Y/N)': 'Y', 'TYPE': '-', 'Component': 'header', 'Type': 'character(len=80)', 'Dimensions': '-', 'Default': '-', 'Units': 'N/A', 'Description': '-', 'Swat_codetype': '-'}","{'Line in File': '2', 'Position in File': '1', 'Condition': '-', 'Local (Y/N)': 'Y', 'TYPE': '-', 'Component': 'header', 'Type': 'character(len=80)', 'Dimensions': '-', 'Default': '""""', 'Units': 'N/A', 'Description': '-', 'Swat_codetype': '-'}"
initial.aqu,1,1,titldum,"{'Line in File': '1', 'Position in File': '1', 'Condition': '-', 'Local (Y/N)': 'Y', 'TYPE': '-', 'Component': 'titldum', 'Type': 'character(len=80)', 'Dimensions': '-', 'Default': '-', 'Units': 'N/A', 'Description': '-', 'Swat_codetype': '-'}","{'Line in File': '1', 'Position in File': '1', 'Condition': '-', 'Local (Y/N)': 'Y', 'TYPE': '-', 'Component': 'titldum', 'Type': 'character(len=80)', 'Dimensions': '-', 'Default': '""""', 'Units': 'N/A', 'Description': '-', 'Swat_codetype': '-'}"
initial.aqu,2,1,header,"{'Line in File': '2', 'Position in File': '1', 'Condition': '-', 'Local (Y/N)': 'Y', 'TYPE': '-', 'Component': 'header', 'Type': 'character(len=80)', 'Dimensions': '-', 'Default': '-', 'Units': 'N/A', 'Description': '-', 'Swat_codetype': '-'}","{'Line in File': '2', 'Position in File': '1', 'Condition': '-', 'Local (Y/N)': 'Y', 'TYPE': '-', 'Component': 'header', 'Type': 'character(len=80)', 'Dimensions': '-', 'Default': '""""', 'Units': 'N/A', 'Description': '-', 'Swat_codetype': '-'}"
initial.aqu,3,1,name,"{'Line in File': '3', 'Position in File': '1', 'Condition': '-', 'Local (Y/N)': 'N', 'TYPE': 'aquifer_init_data_char', 'Component': 'name', 'Type': 'character(len=16)', 'Dimensions': '-', 'Default': '-', 'Units': 'N/A', 'Description': '-', 'Swat_codetype': 'in_aqu'}","{'Line in File': '3', 'Position in File': '1', 'Condition': '-', 'Local (Y/N)': 'N', 'TYPE': 'aquifer_init_data_char', 'Component': 'name', 'Type': 'character(len=16)', 'Dimensions': '-', 'Default': '""""', 'Units': 'N/A', 'Description': '-', 'Swat_codetype': 'in_aqu'}"
initial.aqu,3,2,org_min,"{'Line in File': '3', 'Position in File': '2', 'Condition': '-', 'Local (Y/N)': 'N', 'TYPE': 'aquifer_init_data_char', 'Component': 'org_min', 'Type': 'character(len=16)', 'Dimensions': '-', 'Default': '-', 'Units': 'N/A', 'Description': '-', 'Swat_codetype': 'in_aqu'}","{'Line in File': '3', 'Position in File': '2', 'Condition': '-', 'Local (Y/N)': 'N', 'TYPE': 'aquifer_init_data_char', 'Component': 'org_min', 'Type': 'character(len=16)', 'Dimensions': '-', 'Default': '""""', 'Units': 'N/A', 'Description': '-', 'Swat_codetype': 'in_aqu'}"
initial.aqu,3,3,pest,"{'Line in File': '3', 'Position in File': '3', 'Condition': '-', 'Local (Y/N)': 'N', 'TYPE': 'aquifer_init_data_char', 'Component': 'pest', 'Type': 'character(len=16)', 'Dimensions': '-', 'Default': '-', 'Units': 'N/A', 'Description': '-', 'Swat_codetype': 'in_aqu'}","{'Line in File': '3', 'Position in File': '3', 'Condition': '-', 'Local (Y/N)': 'N', 'TYPE': 'aquifer_init_data_char', 'Component': 'pest', 'Type': 'character(len=16)', 'Dimensions': '-', 'Default': '""""', 'Units': 'N/A', 'Description': '-', 'Swat_codetype': 'in_aqu'}"
initial.aqu,3,4,path,"{'Line in File': '3', 'Position in File': '4', 'Condition': '-', 'Local (Y/N)': 'N', 'TYPE': 'aquifer_init_data_char', 'Component': 'path', 'Type': 'character(len=16)', 'Dimensions': '-', 'Default': '-', 'Units': 'N/A', 'Description': '-', 'Swat_codetype': 'in_aqu'}","{'Line in File': '3', 'Position in File': '4', 'Condition': '-', 'Local (Y/N)': 'N', 'TYPE': 'aquifer_init_data_char', 'Component': 'path', 'Type': 'character(len=16)', 'Dimensions': '-', 'Default': '""""', 'Units': 'N/A', 'Description': '-', 'Swat_codetype': 'in_aqu'}"
initial.aqu,3,5,hmet,"{'Line in File': '3', 'Position in File': '5', 'Condition': '-', 'Local (Y/N)': 'N', 'TYPE': 'aquifer_init_data_char', 'Component': 'hmet', 'Type': 'character(len=16)', 'Dimensions': '-', 'Default': '-', 'Units': 'N/A', 'Description': '-', 'Swat_codetype': 'in_aqu'}","{'Line in File': '3', 'Position in File': '5', 'Condition': '-', 'Local (Y/N)': 'N', 'TYPE': 'aquifer_init_data_char', 'Component': 'hmet', 'Type': 'character(len=16)', 'Dimensions': '-', 'Default': '""""', 'Units': 'N/A', 'Description': '-', 'Swat_codetype': 'in_aqu'}"
initial.aqu,3,6,salt,"{'Line in File': '3', 'Position in File': '6', 'Condition': '-', 'Local (Y/N)': 'N', 'TYPE': 'aquifer_init_data_char', 'Component': 'salt', 'Type': 'character(len=16)', 'Dimensions': '-', 'Default': '-', 'Units': 'N/A', 'Description': '-', 'Swat_codetype': 'in_aqu'}","{'Line in File': '3', 'Position in File': '6', 'Condition': '-', 'Local (Y/N)': 'N', 'TYPE': 'aquifer_init_data_char', 'Component': 'salt', 'Type': 'character(len=16)', 'Dimensions': '-', 'Default': '""""', 'Units': 'N/A', 'Description': '-', 'Swat_codetype': 'in_aqu'}"
initial.aqu_cs,1,1,titldum,"{'Line in File': '1', 'Position in File': '1', 'Condition': '-', 'Local (Y/N)': 'Y', 'TYPE': '-', 'Component': 'titldum', 'Type': 'character(len=80)', 'Dimensions': '-', 'Default': '-', 'Units': 'N/A', 'Description': '-', 'Swat_codetype': '-'}","{'Line in File': '1', 'Position in File': '1', 'Condition': '-', 'Local (Y/N)': 'Y', 'TYPE': '-', 'Component': 'titldum', 'Type': 'character(len=80)', 'Dimensions': '-', 'Default': '""""', 'Units': 'N/A', 'Description': '-', 'Swat_codetype': '-'}"
initial.aqu_cs,2,1,header,"{'Line in File': '2', 'Position in File': '1', 'Condition': '-', 'Local (Y/N)': 'Y', 'TYPE': '-', 'Component': 'header', 'Type': 'character(len=80)', 'Dimensions': '-', 'Default': '-', 'Units': 'N/A', 'Description': '-', 'Swat_codetype': '-'}","{'Line in File': '2', 'Position in File': '1', 'Condition': '-', 'Local (Y/N)': 'Y', 'TYPE': '-', 'Component': 'header', 'Type': 'character(len=80)', 'Dimensions': '-', 'Default': '""""', 'Units': 'N/A', 'Description': '-', 'Swat_codetype': '-'}"
initial.aqu_cs,3,1,name,"{'Line in File': '3', 'Position in File': '1', 'Condition': '-', 'Local (Y/N)': 'N', 'TYPE': 'aquifer_init_data_char_cs', 'Component': 'name', 'Type': 'character(len=16)', 'Dimensions': '-', 'Default': '-', 'Units': 'N/A', 'Description': '-', 'Swat_codetype': 'aqu_init_dat_c_cs'}","{'Line in File': '3', 'Position in File': '1', 'Condition': '-', 'Local (Y/N)': 'N', 'TYPE': 'aquifer_init_data_char_cs', 'Component': 'name', 'Type': 'character(len=16)', 'Dimensions': '-', 'Default': '""""', 'Units': 'N/A', 'Description': '-', 'Swat_codetype': 'aqu_init_dat_c_cs'}"
initial.aqu_cs,3,2,pest,"{'Line in File': '3', 'Position in File': '2', 'Condition': '-', 'Local (Y/N)': 'N', 'TYPE': 'aquifer_init_data_char_cs', 'Component': 'pest', 'Type': 'character(len=16)', 'Dimensions': '-', 'Default': '-', 'Units': 'N/A', 'Description': '-', 'Swat_codetype': 'aqu_init_dat_c_cs'}","{'Line in File': '3', 'Position in File': '2', 'Condition': '-', 'Local (Y/N)': 'N', 'TYPE': 'aquifer_init_data_char_cs', 'Component': 'pest', 'Type': 'character(len=16)', 'Dimensions': '-', 'Default': '""""', 'Units': 'N/A', 'Description': '-', 'Swat_codetype': 'aqu_init_dat_c_cs'}"
initial.aqu_cs,3,3,path,"{'Line in File': '3', 'Position in File': '3', 'Condition': '-', 'Local (Y/N)': 'N', 'TYPE': 'aquifer_init_data_char_cs', 'Component': 'path', 'Type': 'character(len=16)', 'Dimensions': '-', 'Default': '-', 'Units': 'N/A', 'Description': '-', 'Swat_codetype': 'aqu_init_dat_c_cs'}","{'Line in File': '3', 'Position in File': '3', 'Condition': '-', 'Local (Y/N)': 'N', 'TYPE': 'aquifer_init_data_char_cs', 'Component': 'path', 'Type': 'character(len=16)', 'Dimensions': '-', 'Default': '""""', 'Units': 'N/A', 'Description': '-', 'Swat_codetype': 'aqu_init_dat_c_cs'}"
initial.aqu_cs,3,4,hmet,"{'Line in File': '3', 'Position in File': '4', 'Condition': '-', 'Local (Y/N)': 'N', 'TYPE': 'aquifer_init_data_char_cs', 'Component': 'hmet', 'Type': 'character(len=16)', 'Dimensions': '-', 'Default': '-', 'Units': 'N/A', 'Description': '-', 'Swat_codetype': 'aqu_init_dat_c_cs'}","{'Line in File': '3', 'Position in File': '4', 'Condition': '-', 'Local (Y/N)': 'N', 'TYPE': 'aquifer_init_data_char_cs', 'Component': 'hmet', 'Type': 'character(len=16)', 'Dimensions': '-', 'Default': '""""', 'Units': 'N/A', 'Description': '-', 'Swat_codetype': 'aqu_init_dat_c_cs'}"
initial.aqu_cs,3,5,salt,"{'Line in File': '3', 'Position in File': '5', 'Condition': '-', 'Local (Y/N)': 'N', 'TYPE': 'aquifer_init_data_char_cs', 'Component': 'salt', 'Type': 'character(len=16)', 'Dimensions': '-', 'Default': '-', 'Units': 'N/A', 'Description': '-', 'Swat_codetype': 'aqu_init_dat_c_cs'}","{'Line in File': '3', 'Position in File': '5', 'Condition': '-', 'Local (Y/N)': 'N', 'TYPE': 'aquifer_init_data_char_cs', 'Component': 'salt', 'Type': 'character(len=16)', 'Dimensions': '-', 'Default': '""""', 'Units': 'N/A', 'Description': '-', 'Swat_codetype': 'aqu_init_dat_c_cs'}"
initial.aqu_cs,3,6,cs,"{'Line in File': '3', 'Position in File': '6', 'Condition': '-', 'Local (Y/N)': 'N', 'TYPE': 'aquifer_init_data_char_cs', 'Component': 'cs', 'Type': 'character(len=16)', 'Dimensions': '-', 'Default': '-', 'Units': 'N/A', 'Description': '-', 'Swat_codetype': 'aqu_init_dat_c_cs'}","{'Line in File': '3', 'Position in File': '6', 'Condition': '-', 'Local (Y/N)': 'N', 'TYPE': 'aquifer_init_data_char_cs', 'Component': 'cs', 'Type': 'character(len=16)', 'Dimensions': '-', 'Default': '""""', 'Units': 'N/A', 'Description': '-', 'Swat_codetype': 'aqu_init_dat_c_cs'}"
initial.cha,1,1,titldum,"{'Line in File': '1', 'Position in File': '1', 'Condition': '-', 'Local (Y/N)': 'Y', 'TYPE': '-', 'Component': 'titldum', 'Type': 'character(len=80)', 'Dimensions': '-', 'Default': '-', 'Units': 'N/A', 'Description': '-', 'Swat_codetype': '-'}","{'Line in File': '1', 'Position in File': '1', 'Condition': '-', 'Local (Y/N)': 'Y', 'TYPE': '-', 'Component': 'titldum', 'Type': 'character(len=80)', 'Dimensions': '-', 'Default': '""""', 'Units': 'N/A', 'Description': '-', 'Swat_codetype': '-'}"
initial.cha,2,1,header,"{'Line in File': '2', 'Position in File': '1', 'Condition': '-', 'Local (Y/N)': 'Y', 'TYPE': '-', 'Component': 'header', 'Type': 'character(len=80)', 'Dimensions': '-', 'Default': '-', 'Units': 'N/A', 'Description': '-', 'Swat_codetype': '-'}","{'Line in File': '2', 'Position in File': '1', 'Condition': '-', 'Local (Y/N)': 'Y', 'TYPE': '-', 'Component': 'header', 'Type': 'character(len=80)', 'Dimensions': '-', 'Default': '""""', 'Units': 'N/A', 'Description': '-', 'Swat_codetype': '-'}"
initial.cha_cs,1,1,titldum,"{'Line in File': '1', 'Position in File': '1', 'Condition': '-', 'Local (Y/N)': 'Y', 'TYPE': '-', 'Component': 'titldum', 'Type': 'character(len=80)', 'Dimensions': '-', 'Default': '-', 'Units': 'N/A', 'Description': '-', 'Swat_codetype': '-'}","{'Line in File': '1', 'Position in File': '1', 'Condition': '-', 'Local (Y/N)': 'Y', 'TYPE': '-', 'Component': 'titldum', 'Type': 'character(len=80)', 'Dimensions': '-', 'Default': '""""', 'Units': 'N/A', 'Description': '-', 'Swat_codetype': '-'}"
initial.cha_cs,2,1,header,"{'Line in File': '2', 'Position in File': '1', 'Condition': '-', 'Local (Y/N)': 'Y', 'TYPE': '-', 'Component': 'header', 'Type': 'character(len=80)', 'Dimensions': '-', 'Default': '-', 'Units': 'N/A', 'Description': '-', 'Swat_codetype': '-'}","{'Line in File': '2', 'Position in File': '1', 'Condition': '-', 'Local (Y/N)': 'Y', 'TYPE': '-', 'Component': 'header', 'Type': 'character(len=80)', 'Dimensions': '-', 'Default': '""""', 'Units': 'N/A', 'Description': '-', 'Swat_codetype': '-'}"
initial.res,1,1,titldum,"{'Line in File': '1', 'Position in File': '1', 'Condition': '-', 'Local (Y/N)': 'Y', 'TYPE': '-', 'Component': 'titldum', 'Type': 'character(len=80)', 'Dimensions': '-', 'Default': '-', 'Units': 'N/A', 'Description': '-', 'Swat_codetype': '-'}","{'Line in File': '1', 'Position in File': '1', 'Condition': '-', 'Local (Y/N)': 'Y', 'TYPE': '-', 'Component': 'titldum', 'Type': 'character(len=80)', 'Dimensions': '-', 'Default': '""""', 'Units': 'N/A', 'Description': '-', 'Swat_codetype': '-'}"
initial.res,2,1,header,"{'Line in File': '2', 'Position in File': '1', 'Condition': '-', 'Local (Y/N)': 'Y', 'TYPE': '-', 'Component': 'header', 'Type': 'character(len=80)', 'Dimensions': '-', 'Default': '-', 'Units': 'N/A', 'Description': '-', 'Swat_codetype': '-'}","{'Line in File': '2', 'Position in File': '1', 'Condition': '-', 'Local (Y/N)': 'Y', 'TYPE': '-', 'Component': 'header', 'Type': 'character(len=80)', 'Dimensions': '-', 'Default': '""""', 'Units': 'N/A', 'Description': '-', 'Swat_codetype': '-'}"
initial.res,3,1,init,"{'Line in File': '3', 'Position in File': '1', 'Condition': '-', 'Local (Y/N)': 'N', 'TYPE': 'reservoir_init_data_char', 'Component': 'init', 'Type': 'character(len=25)', 'Dimensions': '-', 'Default': '-', 'Units': 'N/A', 'Description': '-', 'Swat_codetype': 'in_res'}","{'Line in File': '3', 'Position in File': '1', 'Condition': '-', 'Local (Y/N)': 'N', 'TYPE': 'reservoir_init_data_char', 'Component': 'init', 'Type': 'character(len=25)', 'Dimensions': '-', 'Default': '""""', 'Units': 'N/A', 'Description': '-', 'Swat_codetype': 'in_res'}"
initial.res,3,2,org_min,"{'Line in File': '3', 'Position in File': '2', 'Condition': '-', 'Local (Y/N)': 'N', 'TYPE': 'reservoir_init_data_char', 'Component': 'org_min', 'Type': 'character(len=25)', 'Dimensions': '-', 'Default': '-', 'Units': 'N/A', 'Description': '-', 'Swat_codetype': 'in_res'}","{'Line in File': '3', 'Position in File': '2', 'Condition': '-', 'Local (Y/N)': 'N', 'TYPE': 'reservoir_init_data_char', 'Component': 'org_min', 'Type': 'character(len=25)', 'Dimensions': '-', 'Default': '""""', 'Units': 'N/A', 'Description': '-', 'Swat_codetype': 'in_res'}"
initial.res,3,3,pest,"{'Line in File': '3', 'Position in File': '3', 'Condition': '-', 'Local (Y/N)': 'N', 'TYPE': 'reservoir_init_data_char', 'Component': 'pest', 'Type': 'character(len=25)', 'Dimensions': '-', 'Default': '-', 'Units': 'N/A', 'Description': '-', 'Swat_codetype': 'in_res'}","{'Line in File': '3', 'Position in File': '3', 'Condition': '-', 'Local (Y/N)': 'N', 'TYPE': 'reservoir_init_data_char', 'Component': 'pest', 'Type': 'character(len=25)', 'Dimensions': '-', 'Default': '""""', 'Units': 'N/A', 'Description': '-', 'Swat_codetype': 'in_res'}"
initial.res,3,4,path,"{'Line in File': '3', 'Position in File': '4', 'Condition': '-', 'Local (Y/N)': 'N', 'TYPE': 'reservoir_init_data_char', 'Component': 'path', 'Type': 'character(len=25)', 'Dimensions': '-', 'Default': '-', 'Units': 'N/A', 'Description': '-', 'Swat_codetype': 'in_res'}","{'Line in File': '3', 'Position in File': '4', 'Condition': '-', 'Local (Y/N)': 'N', 'TYPE': 'reservoir_init_data_char', 'Component': 'path', 'Type': 'character(len=25)', 'Dimensions': '-', 'Default': '""""', 'Units': 'N/A', 'Description': '-', 'Swat_codetype': 'in_res'}"
initial.res,3,5,hmet,"{'Line in File': '3', 'Position in File': '5', 'Condition': '-', 'Local (Y/N)': 'N', 'TYPE': 'reservoir_init_data_char', 'Component': 'hmet', 'Type': 'character(len=25)', 'Dimensions': '-', 'Default': '-', 'Units': 'N/A', 'Description': '-', 'Swat_codetype': 'in_res'}","{'Line in File': '3', 'Position in File': '5', 'Condition': '-', 'Local (Y/N)': 'N', 'TYPE': 'reservoir_init_data_char', 'Component': 'hmet', 'Type': 'character(len=25)', 'Dimensions': '-', 'Default': '""""', 'Units': 'N/A', 'Description': '-', 'Swat_codetype': 'in_res'}"
initial.res,3,6,salt,"{'Line in File': '3', 'Position in File': '6', 'Condition': '-', 'Local (Y/N)': 'N', 'TYPE': 'reservoir_init_data_char', 'Component': 'salt', 'Type': 'character(len=25)', 'Dimensions': '-', 'Default': '-', 'Units': 'N/A', 'Description': '-', 'Swat_codetype': 'in_res'}","{'Line in File': '3', 'Position in File': '6', 'Condition': '-', 'Local (Y/N)': 'N', 'TYPE': 'reservoir_init_data_char', 'Component': 'salt', 'Type': 'character(len=25)', 'Dimensions': '-', 'Default': '""""', 'Units': 'N/A', 'Description': '-', 'Swat_codetype': 'in_res'}"
irr.ops,1,1,titldum,"{'Line in File': '1', 'Position in File': '1', 'Condition': '-', 'Local (Y/N)': 'Y', 'TYPE': '-', 'Component': 'titldum', 'Type': 'character(len=80)', 'Dimensions': '-', 'Default': '-', 'Units': 'N/A', 'Description': '-', 'Swat_codetype': '-'}","{'Line in File': '1', 'Position in File': '1', 'Condition': '-', 'Local (Y/N)': 'Y', 'TYPE': '-', 'Component': 'titldum', 'Type': 'character(len=80)', 'Dimensions': '-', 'Default': '""""', 'Units': 'N/A', 'Description': '-', 'Swat_codetype': '-'}"
irr.ops,2,1,header,"{'Line in File': '2', 'Position in File': '1', 'Condition': '-', 'Local (Y/N)': 'Y', 'TYPE': '-', 'Component': 'header', 'Type': 'character(len=80)', 'Dimensions': '-', 'Default': '-', 'Units': 'N/A', 'Description': '-', 'Swat_codetype': '-'}","{'Line in File': '2', 'Position in File': '1', 'Condition': '-', 'Local (Y/N)': 'Y', 'TYPE': '-', 'Component': 'header', 'Type': 'character(len=80)', 'Dimensions': '-', 'Default': '""""', 'Units': 'N/A', 'Description': '-', 'Swat_codetype': '-'}"
irr.ops,3,1,name,"{'Line in File': '3', 'Position in File': '1', 'Condition': '-', 'Local (Y/N)': 'N', 'TYPE': 'irrigation_operation', 'Component': 'name', 'Type': 'character(len=40)', 'Dimensions': '-', 'Default': '-', 'Units': 'N/A', 'Description': '-', 'Swat_codetype': 'in_ops'}","{'Line in File': '3', 'Position in File': '1', 'Condition': '-', 'Local (Y/N)': 'N', 'TYPE': 'irrigation_operation', 'Component': 'name', 'Type': 'character(len=40)', 'Dimensions': '-', 'Default': '""""', 'Units': 'N/A', 'Description': '-', 'Swat_codetype': 'in_ops'}"
landuse.lum,1,1,titldum,"{'Line in File': '1', 'Position in File': '1', 'Condition': '-', 'Local (Y/N)': 'Y', 'TYPE': '-', 'Component': 'titldum', 'Type': 'character(len=80)', 'Dimensions': '-', 'Default': '-', 'Units': 'N/A', 'Description': '-', 'Swat_codetype': '-'}","{'Line in File': '1', 'Position in File': '1', 'Condition': '-', 'Local (Y/N)': 'Y', 'TYPE': '-', 'Component': 'titldum', 'Type': 'character(len=80)', 'Dimensions': '-', 'Default': '""""', 'Units': 'N/A', 'Description': '-', 'Swat_codetype': '-'}"
landuse.lum,2,1,header,"{'Line in File': '2', 'Position in File': '1', 'Condition': '-', 'Local (Y/N)': 'Y', 'TYPE': '-', 'Component': 'header', 'Type': 'character(len=80)', 'Dimensions': '-', 'Default': '-', 'Units': 'N/A', 'Description': '-', 'Swat_codetype': '-'}","{'Line in File': '2', 'Position in File': '1', 'Condition': '-', 'Local (Y/N)': 'Y', 'TYPE': '-', 'Component': 'header', 'Type': 'character(len=80)', 'Dimensions': '-', 'Default': '""""', 'Units': 'N/A', 'Description': '-', 'Swat_codetype': '-'}"
landuse.lum,3,1,name,"{'Line in File': '3', 'Position in File': '1', 'Condition': '-', 'Local (Y/N)': 'N', 'TYPE': 'land_use_management', 'Component': 'name', 'Type': 'character(len=40)', 'Dimensions': '-', 'Default': '-', 'Units': 'N/A', 'Description': 'name of the land use and management (from hru-data.hru pointer)', 'Swat_codetype': 'in_lum'}","{'Line in File': '3', 'Position in File': '1', 'Condition': '-', 'Local (Y/N)': 'N', 'TYPE': 'land_use_management', 'Component': 'name', 'Type': 'character(len=40)', 'Dimensions': '-', 'Default': '""""', 'Units': 'N/A', 'Description': 'name of the land use and management (from hru-data.hru pointer)', 'Swat_codetype': 'in_lum'}"
landuse.lum,3,10,tiledrain,"{'Line in File': '3', 'Position in File': '10', 'Condition': '-', 'Local (Y/N)': 'N', 'TYPE': 'land_use_management', 'Component': 'tiledrain', 'Type': 'character(len=40)', 'Dimensions': '-', 'Default': '-', 'Units': 'N/A', 'Description': 'tile drainage (pointer to tiledrain.str', 'Swat_codetype': 'in_lum'}","{'Line in File': '3', 'Position in File': '10', 'Condition': '-', 'Local (Y/N)': 'N', 'TYPE': 'land_use_management', 'Component': 'tiledrain', 'Type': 'character(len=40)', 'Dimensions': '-', 'Default': '""""', 'Units': 'N/A', 'Description': 'tile drainage (pointer to tiledrain.str', 'Swat_codetype': 'in_lum'}"
landuse.lum,3,11,septic,"{'Line in File': '3', 'Position in File': '11', 'Condition': '-', 'Local (Y/N)': 'N', 'TYPE': 'land_use_management', 'Component': 'septic', 'Type': 'character(len=40)', 'Dimensions': '-', 'Default': '-', 'Units': 'N/A', 'Description': 'septic tanks (pointer to septic.str)', 'Swat_codetype': 'in_lum'}","{'Line in File': '3', 'Position in File': '11', 'Condition': '-', 'Local (Y/N)': 'N', 'TYPE': 'land_use_management', 'Component': 'septic', 'Type': 'character(len=40)', 'Dimensions': '-', 'Default': '""""', 'Units': 'N/A', 'Description': 'septic tanks (pointer to septic.str)', 'Swat_codetype': 'in_lum'}"
landuse.lum,3,12,fstrip,"{'Line in File': '3', 'Position in File': '12', 'Condition': '-', 'Local (Y/N)': 'N', 'TYPE': 'land_use_management', 'Component': 'fstrip', 'Type': 'character(len=40)', 'Dimensions': '-', 'Default': '-', 'Units': 'N/A', 'Description': 'filter strips (pointer to filterstrip.str)', 'Swat_codetype': 'in_lum'}","{'Line in File': '3', 'Position in File': '12', 'Condition': '-', 'Local (Y/N)': 'N', 'TYPE': 'land_use_management', 'Component': 'fstrip', 'Type': 'character(len=40)', 'Dimensions': '-', 'Default': '""""', 'Units': 'N/A', 'Description': 'filter strips (pointer to filterstrip.str)', 'Swat_codetype': 'in_lum'}"
landuse.lum,3,13,grassww,"{'Line in File': '3', 'Position in File': '13', 'Condition': '-', 'Local (Y/N)': 'N', 'TYPE': 'land_use_management', 'Component': 'grassww', 'Type': 'character(len=40)', 'Dimensions': '-', 'Default': '-', 'Units': 'N/A', 'Description': 'grass waterways (pointer to grassedww.str)', 'Swat_codetype': 'in_lum'}","{'Line in File': '3', 'Position in File': '13', 'Condition': '-', 'Local (Y/N)': 'N', 'TYPE': 'land_use_management', 'Component': 'grassww', 'Type': 'character(len=40)', 'Dimensions': '-', 'Default': '""""', 'Units': 'N/A', 'Description': 'grass waterways (pointer to grassedww.str)', 'Swat_codetype': 'in_lum'}"
landuse.lum,3,14,bmpuser,"{'Line in File': '3', 'Position in File': '14', 'Condition': '-', 'Local (Y/N)': 'N', 'TYPE': 'land_use_management', 'Component': 'bmpuser', 'Type': 'character(len=40)', 'Dimensions': '-', 'Default': '-', 'Units': 'N/A', 'Description': 'user specified removal efficiency (pointer to bmpuser.str)', 'Swat_codetype': 'in_lum'}","{'Line in File': '3', 'Position in File': '14', 'Condition': '-', 'Local (Y/N)': 'N', 'TYPE': 'land_use_management', 'Component': 'bmpuser', 'Type': 'character(len=40)', 'Dimensions': '-', 'Default': '""""', 'Units': 'N/A', 'Description': 'user specified removal efficiency (pointer to bmpuser.str)', 'Swat_codetype': 'in_lum'}"
landuse.lum,3,2,cal_group,"{'Line in File': '3', 'Position in File': '2', 'Condition': '-', 'Local (Y/N)': 'N', 'TYPE': 'land_use_management', 'Component': 'cal_group', 'Type': 'character(len=40)', 'Dimensions': '-', 'Default': '-', 'Units': 'N/A', 'Description': 'calibration group (not currently used)', 'Swat_codetype': 'in_lum'}","{'Line in File': '3', 'Position in File': '2', 'Condition': '-', 'Local (Y/N)': 'N', 'TYPE': 'land_use_management', 'Component': 'cal_group', 'Type': 'character(len=40)', 'Dimensions': '-', 'Default': '""""', 'Units': 'N/A', 'Description': 'calibration group (not currently used)', 'Swat_codetype': 'in_lum'}"
landuse.lum,3,3,plant_cov,"{'Line in File': '3', 'Position in File': '3', 'Condition': '-', 'Local (Y/N)': 'N', 'TYPE': 'land_use_management', 'Component': 'plant_cov', 'Type': 'character(len=40)', 'Dimensions': '-', 'Default': '-', 'Units': 'N/A', 'Description': 'plant community initialization (pointer to plants.ini)', 'Swat_codetype': 'in_lum'}","{'Line in File': '3', 'Position in File': '3', 'Condition': '-', 'Local (Y/N)': 'N', 'TYPE': 'land_use_management', 'Component': 'plant_cov', 'Type': 'character(len=40)', 'Dimensions': '-', 'Default': '""""', 'Units': 'N/A', 'Description': 'plant community initialization (pointer to plants.ini)', 'Swat_codetype': 'in_lum'}"
landuse.lum,3,4,mgt_ops,"{'Line in File': '3', 'Position in File': '4', 'Condition': '-', 'Local (Y/N)': 'N', 'TYPE': 'land_use_management', 'Component': 'mgt_ops', 'Type': 'character(len=40)', 'Dimensions': '-', 'Default': '-', 'Units': 'N/A', 'Description': 'management operations (pointer to management.sch)', 'Swat_codetype': 'in_lum'}","{'Line in File': '3', 'Position in File': '4', 'Condition': '-', 'Local (Y/N)': 'N', 'TYPE': 'land_use_management', 'Component': 'mgt_ops', 'Type': 'character(len=40)', 'Dimensions': '-', 'Default': '""""', 'Units': 'N/A', 'Description': 'management operations (pointer to management.sch)', 'Swat_codetype': 'in_lum'}"
landuse.lum,3,5,cn_lu,"{'Line in File': '3', 'Position in File': '5', 'Condition': '-', 'Local (Y/N)': 'N', 'TYPE': 'land_use_management', 'Component': 'cn_lu', 'Type': 'character(len=40)', 'Dimensions': '-', 'Default': '-', 'Units': 'N/A', 'Description': 'land use for curve number table (pointer to cntable.lum)', 'Swat_codetype': 'in_lum'}","{'Line in File': '3', 'Position in File': '5', 'Condition': '-', 'Local (Y/N)': 'N', 'TYPE': 'land_use_management', 'Component': 'cn_lu', 'Type': 'character(len=40)', 'Dimensions': '-', 'Default': '""""', 'Units': 'N/A', 'Description': 'land use for curve number table (pointer to cntable.lum)', 'Swat_codetype': 'in_lum'}"
landuse.lum,3,6,cons_prac,"{'Line in File': '3', 'Position in File': '6', 'Condition': '-', 'Local (Y/N)': 'N', 'TYPE': 'land_use_management', 'Component': 'cons_prac', 'Type': 'character(len=40)', 'Dimensions': '-', 'Default': '-', 'Units': 'N/A', 'Description': 'conservation practice from table (cons_practice.lum)', 'Swat_codetype': 'in_lum'}","{'Line in File': '3', 'Position in File': '6', 'Condition': '-', 'Local (Y/N)': 'N', 'TYPE': 'land_use_management', 'Component': 'cons_prac', 'Type': 'character(len=40)', 'Dimensions': '-', 'Default': '""""', 'Units': 'N/A', 'Description': 'conservation practice from table (cons_practice.lum)', 'Swat_codetype': 'in_lum'}"
landuse.lum,3,7,urb_lu,"{'Line in File': '3', 'Position in File': '7', 'Condition': '-', 'Local (Y/N)': 'N', 'TYPE': 'land_use_management', 'Component': 'urb_lu', 'Type': 'character(len=40)', 'Dimensions': '-', 'Default': '-', 'Units': 'N/A', 'Description': 'type of urban land use- ie. residential, industrial, etc (urban.urb)', 'Swat_codetype': 'in_lum'}","{'Line in File': '3', 'Position in File': '7', 'Condition': '-', 'Local (Y/N)': 'N', 'TYPE': 'land_use_management', 'Component': 'urb_lu', 'Type': 'character(len=40)', 'Dimensions': '-', 'Default': '""""', 'Units': 'N/A', 'Description': 'type of urban land use- ie. residential, industrial, etc (urban.urb)', 'Swat_codetype': 'in_lum'}"
landuse.lum,3,8,urb_ro,"{'Line in File': '3', 'Position in File': '8', 'Condition': '-', 'Local (Y/N)': 'N', 'TYPE': 'land_use_management', 'Component': 'urb_ro', 'Type': 'character(len=40)', 'Dimensions': '-', 'Default': '-', 'Units': 'N/A', 'Description': 'urban runoff model ""usgs_reg"", simulate using USGS regression eqs ""buildup_washoff"", simulate...', 'Swat_codetype': 'in_lum'}","{'Line in File': '3', 'Position in File': '8', 'Condition': '-', 'Local (Y/N)': 'N', 'TYPE': 'land_use_management', 'Component': 'urb_ro', 'Type': 'character(len=40)', 'Dimensions': '-', 'Default': '""""', 'Units': 'N/A', 'Description': 'urban runoff model ""usgs_reg"", simulate using USGS regression eqs ""buildup_washoff"", simulate...', 'Swat_codetype': 'in_lum'}"
landuse.lum,3,9,ovn,"{'Line in File': '3', 'Position in File': '9', 'Condition': '-', 'Local (Y/N)': 'N', 'TYPE': 'land_use_management', 'Component': 'ovn', 'Type': 'character(len=40)', 'Dimensions': '-', 'Default': '-', 'Units': 'N/A', 'Description': 'Manning""s ""n"" land use type for overland flow (ovn_table.lum)', 'Swat_codetype': 'in_lum'}","{'Line in File': '3', 'Position in File': '9', 'Condition': '-', 'Local (Y/N)': 'N', 'TYPE': 'land_use_management', 'Component': 'ovn', 'Type': 'character(len=40)', 'Dimensions': '-', 'Default': '""""', 'Units': 'N/A', 'Description': 'Manning""s ""n"" land use type for overland flow (ovn_table.lum)', 'Swat_codetype': 'in_lum'}"
ls_reg.def,1,1,titldum,"{'Line in File': '1', 'Position in File': '1', 'Condition': '-', 'Local (Y/N)': 'Y', 'TYPE': '-', 'Component': 'titldum', 'Type': 'character(len=80)', 'Dimensions': '-', 'Default': '-', 'Units': 'N/A', 'Description': '-', 'Swat_codetype': '-'}","{'Line in File': '1', 'Position in File': '1', 'Condition': '-', 'Local (Y/N)': 'Y', 'TYPE': '-', 'Component': 'titldum', 'Type': 'character(len=80)', 'Dimensions': '-', 'Default': '""""', 'Units': 'N/A', 'Description': '-', 'Swat_codetype': '-'}"
ls_reg.def,2,1,i,"{'Line in File': '2', 'Position in File': '1', 'Condition': 'if (mlug > 0)', 'Local (Y/N)': 'Y', 'TYPE': '-', 'Component': 'i', 'Type': 'integer', 'Dimensions': '-', 'Default': '-', 'Units': 'N/A', 'Description': '-', 'Swat_codetype': '-'}","{'Line in File': '2', 'Position in File': '1', 'Condition': 'if (mlug > 0)', 'Local (Y/N)': 'Y', 'TYPE': '-', 'Component': 'i', 'Type': 'integer', 'Dimensions': '-', 'Default': '0', 'Units': 'N/A', 'Description': '-', 'Swat_codetype': '-'}"
ls_reg.def,2,2,num,"{'Line in File': '2', 'Position in File': '2', 'Condition': 'if (mlug > 0)', 'Local (Y/N)': 'N', 'TYPE': 'lum_grp', 'Component': 'num', 'Type': 'integer', 'Dimensions': '-', 'Default': '-', 'Units': 'N/A', 'Description': '-', 'Swat_codetype': 'in_regs'}","{'Line in File': '2', 'Position in File': '2', 'Condition': 'if (mlug > 0)', 'Local (Y/N)': 'N', 'TYPE': 'lum_grp', 'Component': 'num', 'Type': 'integer', 'Dimensions': '-', 'Default': '0', 'Units': 'N/A', 'Description': '-', 'Swat_codetype': 'in_regs'}"
ls_reg.def,3,1,header,"{'Line in File': '3', 'Position in File': '1', 'Condition': 'if (mlug > 0)', 'Local (Y/N)': 'Y', 'TYPE': '-', 'Component': 'header', 'Type': 'character(len=80)', 'Dimensions': '-', 'Default': '-', 'Units': 'N/A', 'Description': '-', 'Swat_codetype': '-'}","{'Line in File': '3', 'Position in File': '1', 'Condition': 'if (mlug > 0)', 'Local (Y/N)': 'Y', 'TYPE': '-', 'Component': 'header', 'Type': 'character(len=80)', 'Dimensions': '-', 'Default': '""""', 'Units': 'N/A', 'Description': '-', 'Swat_codetype': '-'}"
ls_reg.def,4,1,k,"{'Line in File': '4', 'Position in File': '1', 'Condition': 'if (nspu > 0)', 'Local (Y/N)': 'Y', 'TYPE': '-', 'Component': 'k', 'Type': 'integer', 'Dimensions': '-', 'Default': '-', 'Units': 'N/A', 'Description': '-', 'Swat_codetype': '-'}","{'Line in File': '4', 'Position in File': '1', 'Condition': 'if (nspu > 0)', 'Local (Y/N)': 'Y', 'TYPE': '-', 'Component': 'k', 'Type': 'integer', 'Dimensions': '-', 'Default': '0', 'Units': 'N/A', 'Description': '-', 'Swat_codetype': '-'}"
ls_reg.def,4,3,area_ha,"{'Line in File': '4', 'Position in File': '3', 'Condition': 'if (nspu > 0)', 'Local (Y/N)': 'N', 'TYPE': 'lsu_reg', 'Component': 'area_ha', 'Type': 'real', 'Dimensions': '-', 'Default': '-', 'Units': 'N/A', 'Description': '-', 'Swat_codetype': 'in_regs'}","{'Line in File': '4', 'Position in File': '3', 'Condition': 'if (nspu > 0)', 'Local (Y/N)': 'N', 'TYPE': 'lsu_reg', 'Component': 'area_ha', 'Type': 'real', 'Dimensions': '-', 'Default': '0.', 'Units': 'N/A', 'Description': '-', 'Swat_codetype': 'in_regs'}"
ls_reg.def,4,4,nspu,"{'Line in File': '4', 'Position in File': '4', 'Condition': 'if (nspu > 0)', 'Local (Y/N)': 'Y', 'TYPE': '-', 'Component': 'nspu', 'Type': 'integer', 'Dimensions': '-', 'Default': '-', 'Units': 'N/A', 'Description': '-', 'Swat_codetype': '-'}","{'Line in File': '4', 'Position in File': '4', 'Condition': 'if (nspu > 0)', 'Local (Y/N)': 'Y', 'TYPE': '-', 'Component': 'nspu', 'Type': 'integer', 'Dimensions': '-', 'Default': '0', 'Units': 'N/A', 'Description': '-', 'Swat_codetype': '-'}"
ls_reg.ele,1,1,titldum,"{'Line in File': '1', 'Position in File': '1', 'Condition': '-', 'Local (Y/N)': 'Y', 'TYPE': '-', 'Component': 'titldum', 'Type': 'character(len=80)', 'Dimensions': '-', 'Default': '-', 'Units': 'N/A', 'Description': '-', 'Swat_codetype': '-'}","{'Line in File': '1', 'Position in File': '1', 'Condition': '-', 'Local (Y/N)': 'Y', 'TYPE': '-', 'Component': 'titldum', 'Type': 'character(len=80)', 'Dimensions': '-', 'Default': '""""', 'Units': 'N/A', 'Description': '-', 'Swat_codetype': '-'}"
ls_reg.ele,2,1,header,"{'Line in File': '2', 'Position in File': '1', 'Condition': '-', 'Local (Y/N)': 'Y', 'TYPE': '-', 'Component': 'header', 'Type': 'character(len=80)', 'Dimensions': '-', 'Default': '-', 'Units': 'N/A', 'Description': '-', 'Swat_codetype': '-'}","{'Line in File': '2', 'Position in File': '1', 'Condition': '-', 'Local (Y/N)': 'Y', 'TYPE': '-', 'Component': 'header', 'Type': 'character(len=80)', 'Dimensions': '-', 'Default': '""""', 'Units': 'N/A', 'Description': '-', 'Swat_codetype': '-'}"
ls_reg.ele,3,1,k,"{'Line in File': '3', 'Position in File': '1', 'Condition': '-', 'Local (Y/N)': 'Y', 'TYPE': '-', 'Component': 'k', 'Type': 'integer', 'Dimensions': '-', 'Default': '-', 'Units': 'N/A', 'Description': '-', 'Swat_codetype': '-'}","{'Line in File': '3', 'Position in File': '1', 'Condition': '-', 'Local (Y/N)': 'Y', 'TYPE': '-', 'Component': 'k', 'Type': 'integer', 'Dimensions': '-', 'Default': '0', 'Units': 'N/A', 'Description': '-', 'Swat_codetype': '-'}"
ls_reg.ele,3,2,name,"{'Line in File': '3', 'Position in File': '2', 'Condition': '-', 'Local (Y/N)': 'N', 'TYPE': 'reg_elem', 'Component': 'name', 'Type': 'character(len=16)', 'Dimensions': '-', 'Default': '-', 'Units': 'N/A', 'Description': '-', 'Swat_codetype': 'in_regs'}","{'Line in File': '3', 'Position in File': '2', 'Condition': '-', 'Local (Y/N)': 'N', 'TYPE': 'reg_elem', 'Component': 'name', 'Type': 'character(len=16)', 'Dimensions': '-', 'Default': '""""', 'Units': 'N/A', 'Description': '-', 'Swat_codetype': 'in_regs'}"
ls_reg.ele,3,3,ha,"{'Line in File': '3', 'Position in File': '3', 'Condition': '-', 'Local (Y/N)': 'N', 'TYPE': 'reg_elem', 'Component': 'ha', 'Type': 'real', 'Dimensions': '-', 'Default': '-', 'Units': 'N/A', 'Description': '-', 'Swat_codetype': 'in_regs'}","{'Line in File': '3', 'Position in File': '3', 'Condition': '-', 'Local (Y/N)': 'N', 'TYPE': 'reg_elem', 'Component': 'ha', 'Type': 'real', 'Dimensions': '-', 'Default': '0.', 'Units': 'N/A', 'Description': '-', 'Swat_codetype': 'in_regs'}"
ls_reg.ele,3,4,obtyp,"{'Line in File': '3', 'Position in File': '4', 'Condition': '-', 'Local (Y/N)': 'N', 'TYPE': 'reg_elem', 'Component': 'obtyp', 'Type': 'character(len=3)', 'Dimensions': '-', 'Default': '-', 'Units': 'N/A', 'Description': '-', 'Swat_codetype': 'in_regs'}","{'Line in File': '3', 'Position in File': '4', 'Condition': '-', 'Local (Y/N)': 'N', 'TYPE': 'reg_elem', 'Component': 'obtyp', 'Type': 'character(len=3)', 'Dimensions': '-', 'Default': '""""', 'Units': 'N/A', 'Description': '-', 'Swat_codetype': 'in_regs'}"
ls_unit.def,1,1,titldum,"{'Line in File': '1', 'Position in File': '1', 'Condition': '-', 'Local (Y/N)': 'Y', 'TYPE': '-', 'Component': 'titldum', 'Type': 'character(len=80)', 'Dimensions': '-', 'Default': '-', 'Units': 'N/A', 'Description': '-', 'Swat_codetype': '-'}","{'Line in File': '1', 'Position in File': '1', 'Condition': '-', 'Local (Y/N)': 'Y', 'TYPE': '-', 'Component': 'titldum', 'Type': 'character(len=80)', 'Dimensions': '-', 'Default': '""""', 'Units': 'N/A', 'Description': '-', 'Swat_codetype': '-'}"
ls_unit.def,2,1,mlsu,"{'Line in File': '2', 'Position in File': '1', 'Condition': '-', 'Local (Y/N)': 'Y', 'TYPE': '-', 'Component': 'mlsu', 'Type': 'integer', 'Dimensions': '-', 'Default': '-', 'Units': 'N/A', 'Description': '-', 'Swat_codetype': '-'}","{'Line in File': '2', 'Position in File': '1', 'Condition': '-', 'Local (Y/N)': 'Y', 'TYPE': '-', 'Component': 'mlsu', 'Type': 'integer', 'Dimensions': '-', 'Default': '0', 'Units': 'N/A', 'Description': '-', 'Swat_codetype': '-'}"
ls_unit.def,3,1,header,"{'Line in File': '3', 'Position in File': '1', 'Condition': '-', 'Local (Y/N)': 'Y', 'TYPE': '-', 'Component': 'header', 'Type': 'character(len=80)', 'Dimensions': '-', 'Default': '-', 'Units': 'N/A', 'Description': '-', 'Swat_codetype': '-'}","{'Line in File': '3', 'Position in File': '1', 'Condition': '-', 'Local (Y/N)': 'Y', 'TYPE': '-', 'Component': 'header', 'Type': 'character(len=80)', 'Dimensions': '-', 'Default': '""""', 'Units': 'N/A', 'Description': '-', 'Swat_codetype': '-'}"
ls_unit.def,4,1,k,"{'Line in File': '4', 'Position in File': '1', 'Condition': 'if (nspu > 0)', 'Local (Y/N)': 'Y', 'TYPE': '-', 'Component': 'k', 'Type': 'integer', 'Dimensions': '-', 'Default': '-', 'Units': 'N/A', 'Description': '-', 'Swat_codetype': '-'}","{'Line in File': '4', 'Position in File': '1', 'Condition': 'if (nspu > 0)', 'Local (Y/N)': 'Y', 'TYPE': '-', 'Component': 'k', 'Type': 'integer', 'Dimensions': '-', 'Default': '0', 'Units': 'N/A', 'Description': '-', 'Swat_codetype': '-'}"
ls_unit.def,4,3,area_ha,"{'Line in File': '4', 'Position in File': '3', 'Condition': 'if (nspu > 0)', 'Local (Y/N)': 'N', 'TYPE': 'lsu_out', 'Component': 'area_ha', 'Type': 'real', 'Dimensions': '-', 'Default': '-', 'Units': 'N/A', 'Description': '-', 'Swat_codetype': 'in_regs'}","{'Line in File': '4', 'Position in File': '3', 'Condition': 'if (nspu > 0)', 'Local (Y/N)': 'N', 'TYPE': 'lsu_out', 'Component': 'area_ha', 'Type': 'real', 'Dimensions': '-', 'Default': '0.', 'Units': 'N/A', 'Description': '-', 'Swat_codetype': 'in_regs'}"
ls_unit.def,4,4,nspu,"{'Line in File': '4', 'Position in File': '4', 'Condition': 'if (nspu > 0)', 'Local (Y/N)': 'Y', 'TYPE': '-', 'Component': 'nspu', 'Type': 'integer', 'Dimensions': '-', 'Default': '-', 'Units': 'N/A', 'Description': '-', 'Swat_codetype': '-'}","{'Line in File': '4', 'Position in File': '4', 'Condition': 'if (nspu > 0)', 'Local (Y/N)': 'Y', 'TYPE': '-', 'Component': 'nspu', 'Type': 'integer', 'Dimensions': '-', 'Default': '0', 'Units': 'N/A', 'Description': '-', 'Swat_codetype': '-'}"
ls_unit.ele,1,1,titldum,"{'Line in File': '1', 'Position in File': '1', 'Condition': '-', 'Local (Y/N)': 'Y', 'TYPE': '-', 'Component': 'titldum', 'Type': 'character(len=80)', 'Dimensions': '-', 'Default': '-', 'Units': 'N/A', 'Description': '-', 'Swat_codetype': '-'}","{'Line in File': '1', 'Position in File': '1', 'Condition': '-', 'Local (Y/N)': 'Y', 'TYPE': '-', 'Component': 'titldum', 'Type': 'character(len=80)', 'Dimensions': '-', 'Default': '""""', 'Units': 'N/A', 'Description': '-', 'Swat_codetype': '-'}"
ls_unit.ele,2,1,header,"{'Line in File': '2', 'Position in File': '1', 'Condition': '-', 'Local (Y/N)': 'Y', 'TYPE': '-', 'Component': 'header', 'Type': 'character(len=80)', 'Dimensions': '-', 'Default': '-', 'Units': 'N/A', 'Description': '-', 'Swat_codetype': '-'}","{'Line in File': '2', 'Position in File': '1', 'Condition': '-', 'Local (Y/N)': 'Y', 'TYPE': '-', 'Component': 'header', 'Type': 'character(len=80)', 'Dimensions': '-', 'Default': '""""', 'Units': 'N/A', 'Description': '-', 'Swat_codetype': '-'}"
ls_unit.ele,3,1,k,"{'Line in File': '3', 'Position in File': '1', 'Condition': '-', 'Local (Y/N)': 'Y', 'TYPE': '-', 'Component': 'k', 'Type': 'integer', 'Dimensions': '-', 'Default': '-', 'Units': 'N/A', 'Description': '-', 'Swat_codetype': '-'}","{'Line in File': '3', 'Position in File': '1', 'Condition': '-', 'Local (Y/N)': 'Y', 'TYPE': '-', 'Component': 'k', 'Type': 'integer', 'Dimensions': '-', 'Default': '0', 'Units': 'N/A', 'Description': '-', 'Swat_codetype': '-'}"
ls_unit.ele,3,2,name,"{'Line in File': '3', 'Position in File': '2', 'Condition': '-', 'Local (Y/N)': 'N', 'TYPE': 'lsu_elem', 'Component': 'name', 'Type': 'character(len=16)', 'Dimensions': '-', 'Default': '-', 'Units': 'N/A', 'Description': '-', 'Swat_codetype': 'in_regs'}","{'Line in File': '3', 'Position in File': '2', 'Condition': '-', 'Local (Y/N)': 'N', 'TYPE': 'lsu_elem', 'Component': 'name', 'Type': 'character(len=16)', 'Dimensions': '-', 'Default': '""""', 'Units': 'N/A', 'Description': '-', 'Swat_codetype': 'in_regs'}"
ls_unit.ele,3,3,obtyp,"{'Line in File': '3', 'Position in File': '3', 'Condition': '-', 'Local (Y/N)': 'N', 'TYPE': 'lsu_elem', 'Component': 'obtyp', 'Type': 'character(len=3)', 'Dimensions': '-', 'Default': '-', 'Units': 'N/A', 'Description': '-', 'Swat_codetype': 'in_regs'}","{'Line in File': '3', 'Position in File': '3', 'Condition': '-', 'Local (Y/N)': 'N', 'TYPE': 'lsu_elem', 'Component': 'obtyp', 'Type': 'character(len=3)', 'Dimensions': '-', 'Default': '""""', 'Units': 'N/A', 'Description': '-', 'Swat_codetype': 'in_regs'}"
lsu_elem_upd,1,1,titldum,"{'Line in File': '1', 'Position in File': '1', 'Condition': '-', 'Local (Y/N)': 'Y', 'TYPE': '-', 'Component': 'titldum', 'Type': 'character(len=80)', 'Dimensions': '-', 'Default': '-', 'Units': 'N/A', 'Description': '-', 'Swat_codetype': '-'}","{'Line in File': '1', 'Position in File': '1', 'Condition': '-', 'Local (Y/N)': 'Y', 'TYPE': '-', 'Component': 'titldum', 'Type': 'character(len=80)', 'Dimensions': '-', 'Default': '""""', 'Units': 'N/A', 'Description': '-', 'Swat_codetype': '-'}"
lsu_elem_upd,2,1,header,"{'Line in File': '2', 'Position in File': '1', 'Condition': '-', 'Local (Y/N)': 'Y', 'TYPE': '-', 'Component': 'header', 'Type': 'character(len=80)', 'Dimensions': '-', 'Default': '-', 'Units': 'N/A', 'Description': '-', 'Swat_codetype': '-'}","{'Line in File': '2', 'Position in File': '1', 'Condition': '-', 'Local (Y/N)': 'Y', 'TYPE': '-', 'Component': 'header', 'Type': 'character(len=80)', 'Dimensions': '-', 'Default': '""""', 'Units': 'N/A', 'Description': '-', 'Swat_codetype': '-'}"
lsu_elem_upd,3,1,k,"{'Line in File': '3', 'Position in File': '1', 'Condition': '-', 'Local (Y/N)': 'Y', 'TYPE': '-', 'Component': 'k', 'Type': 'integer', 'Dimensions': '-', 'Default': '-', 'Units': 'N/A', 'Description': '-', 'Swat_codetype': '-'}","{'Line in File': '3', 'Position in File': '1', 'Condition': '-', 'Local (Y/N)': 'Y', 'TYPE': '-', 'Component': 'k', 'Type': 'integer', 'Dimensions': '-', 'Default': '0', 'Units': 'N/A', 'Description': '-', 'Swat_codetype': '-'}"
lsu_elem_upd,3,2,name,"{'Line in File': '3', 'Position in File': '2', 'Condition': '-', 'Local (Y/N)': 'N', 'TYPE': 'lsu_elem', 'Component': 'name', 'Type': 'character(len=16)', 'Dimensions': '-', 'Default': '-', 'Units': 'N/A', 'Description': '-', 'Swat_codetype': 'lsu_elem'}","{'Line in File': '3', 'Position in File': '2', 'Condition': '-', 'Local (Y/N)': 'N', 'TYPE': 'lsu_elem', 'Component': 'name', 'Type': 'character(len=16)', 'Dimensions': '-', 'Default': '""""', 'Units': 'N/A', 'Description': '-', 'Swat_codetype': 'lsu_elem'}"
lsu_elem_upd,3,3,obtyp,"{'Line in File': '3', 'Position in File': '3', 'Condition': '-', 'Local (Y/N)': 'N', 'TYPE': 'lsu_elem', 'Component': 'obtyp', 'Type': 'character(len=3)', 'Dimensions': '-', 'Default': '-', 'Units': 'N/A', 'Description': '-', 'Swat_codetype': 'lsu_elem'}","{'Line in File': '3', 'Position in File': '3', 'Condition': '-', 'Local (Y/N)': 'N', 'TYPE': 'lsu_elem', 'Component': 'obtyp', 'Type': 'character(len=3)', 'Dimensions': '-', 'Default': '""""', 'Units': 'N/A', 'Description': '-', 'Swat_codetype': 'lsu_elem'}"
lum.dtl,1,1,titldum,"{'Line in File': '1', 'Position in File': '1', 'Condition': '-', 'Local (Y/N)': 'Y', 'TYPE': '-', 'Component': 'titldum', 'Type': 'character(len=80)', 'Dimensions': '-', 'Default': '-', 'Units': 'N/A', 'Description': '-', 'Swat_codetype': '-'}","{'Line in File': '1', 'Position in File': '1', 'Condition': '-', 'Local (Y/N)': 'Y', 'TYPE': '-', 'Component': 'titldum', 'Type': 'character(len=80)', 'Dimensions': '-', 'Default': '""""', 'Units': 'N/A', 'Description': '-', 'Swat_codetype': '-'}"
lum.dtl,2,1,mdtbl,"{'Line in File': '2', 'Position in File': '1', 'Condition': '-', 'Local (Y/N)': 'Y', 'TYPE': '-', 'Component': 'mdtbl', 'Type': 'integer', 'Dimensions': '-', 'Default': '-', 'Units': 'N/A', 'Description': '-', 'Swat_codetype': '-'}","{'Line in File': '2', 'Position in File': '1', 'Condition': '-', 'Local (Y/N)': 'Y', 'TYPE': '-', 'Component': 'mdtbl', 'Type': 'integer', 'Dimensions': '-', 'Default': '0', 'Units': 'N/A', 'Description': '-', 'Swat_codetype': '-'}"
lum.dtl,4,1,header,"{'Line in File': '4', 'Position in File': '1', 'Condition': '-', 'Local (Y/N)': 'Y', 'TYPE': '-', 'Component': 'header', 'Type': 'character(len=80)', 'Dimensions': '-', 'Default': '-', 'Units': 'N/A', 'Description': '-', 'Swat_codetype': '-'}","{'Line in File': '4', 'Position in File': '1', 'Condition': '-', 'Local (Y/N)': 'Y', 'TYPE': '-', 'Component': 'header', 'Type': 'character(len=80)', 'Dimensions': '-', 'Default': '""""', 'Units': 'N/A', 'Description': '-', 'Swat_codetype': '-'}"
lum.dtl,5,1,name,"{'Line in File': '5', 'Position in File': '1', 'Condition': '-', 'Local (Y/N)': 'N', 'TYPE': 'dtbl_lum', 'Component': 'name', 'Type': 'character(len=25)', 'Dimensions': '-', 'Default': '-', 'Units': 'N/A', 'Description': '-', 'Swat_codetype': 'in_cond'}","{'Line in File': '5', 'Position in File': '1', 'Condition': '-', 'Local (Y/N)': 'N', 'TYPE': 'dtbl_lum', 'Component': 'name', 'Type': 'character(len=40)', 'Dimensions': '-', 'Default': '""""', 'Units': 'N/A', 'Description': '-', 'Swat_codetype': 'in_cond'}"
lum.dtl,5,2,conds,"{'Line in File': '5', 'Position in File': '2', 'Condition': '-', 'Local (Y/N)': 'N', 'TYPE': 'dtbl_lum', 'Component': 'conds', 'Type': 'integer', 'Dimensions': '-', 'Default': '-', 'Units': 'N/A', 'Description': '-', 'Swat_codetype': 'in_cond'}","{'Line in File': '5', 'Position in File': '2', 'Condition': '-', 'Local (Y/N)': 'N', 'TYPE': 'dtbl_lum', 'Component': 'conds', 'Type': 'integer', 'Dimensions': '-', 'Default': '0', 'Units': 'N/A', 'Description': '-', 'Swat_codetype': 'in_cond'}"
lum.dtl,5,3,alts,"{'Line in File': '5', 'Position in File': '3', 'Condition': '-', 'Local (Y/N)': 'N', 'TYPE': 'dtbl_lum', 'Component': 'alts', 'Type': 'integer', 'Dimensions': '-', 'Default': '-', 'Units': 'N/A', 'Description': '-', 'Swat_codetype': 'in_cond'}","{'Line in File': '5', 'Position in File': '3', 'Condition': '-', 'Local (Y/N)': 'N', 'TYPE': 'dtbl_lum', 'Component': 'alts', 'Type': 'integer', 'Dimensions': '-', 'Default': '0', 'Units': 'N/A', 'Description': '-', 'Swat_codetype': 'in_cond'}"
lum.dtl,5,4,acts,"{'Line in File': '5', 'Position in File': '4', 'Condition': '-', 'Local (Y/N)': 'N', 'TYPE': 'dtbl_lum', 'Component': 'acts', 'Type': 'integer', 'Dimensions': '-', 'Default': '-', 'Units': 'N/A', 'Description': '-', 'Swat_codetype': 'in_cond'}","{'Line in File': '5', 'Position in File': '4', 'Condition': '-', 'Local (Y/N)': 'N', 'TYPE': 'dtbl_lum', 'Component': 'acts', 'Type': 'integer', 'Dimensions': '-', 'Default': '0', 'Units': 'N/A', 'Description': '-', 'Swat_codetype': 'in_cond'}"
lum.dtl,6,1,header,"{'Line in File': '6', 'Position in File': '1', 'Condition': '-', 'Local (Y/N)': 'Y', 'TYPE': '-', 'Component': 'header', 'Type': 'character(len=80)', 'Dimensions': '-', 'Default': '-', 'Units': 'N/A', 'Description': '-', 'Swat_codetype': '-'}","{'Line in File': '6', 'Position in File': '1', 'Condition': '-', 'Local (Y/N)': 'Y', 'TYPE': '-', 'Component': 'header', 'Type': 'character(len=80)', 'Dimensions': '-', 'Default': '""""', 'Units': 'N/A', 'Description': '-', 'Swat_codetype': '-'}"
lum.dtl,8,1,header,"{'Line in File': '8', 'Position in File': '1', 'Condition': 'if (dtbl_lum(i)%cond(ic)%lim_var == hru(ihru)%land_use_mgt_c)', 'Local (Y/N)': 'Y', 'TYPE': '-', 'Component': 'header', 'Type': 'character(len=80)', 'Dimensions': '-', 'Default': '-', 'Units': 'N/A', 'Description': '-', 'Swat_codetype': '-'}","{'Line in File': '8', 'Position in File': '1', 'Condition': 'if (dtbl_lum(i)%cond(ic)%lim_var == hru(ihru)%land_use_mgt_c)', 'Local (Y/N)': 'Y', 'TYPE': '-', 'Component': 'header', 'Type': 'character(len=80)', 'Dimensions': '-', 'Default': '""""', 'Units': 'N/A', 'Description': '-', 'Swat_codetype': '-'}"
manure_allo.mnu,1,1,titldum,"{'Line in File': '1', 'Position in File': '1', 'Condition': '-', 'Local (Y/N)': 'Y', 'TYPE': '-', 'Component': 'titldum', 'Type': 'character(len=80)', 'Dimensions': '-', 'Default': '-', 'Units': 'N/A', 'Description': '-', 'Swat_codetype': '-'}","{'Line in File': '1', 'Position in File': '1', 'Condition': '-', 'Local (Y/N)': 'Y', 'TYPE': '-', 'Component': 'titldum', 'Type': 'character(len=80)', 'Dimensions': '-', 'Default': '""""', 'Units': 'N/A', 'Description': '-', 'Swat_codetype': '-'}"
manure_allo.mnu,2,1,imax,"{'Line in File': '2', 'Position in File': '1', 'Condition': '-', 'Local (Y/N)': 'Y', 'TYPE': '-', 'Component': 'imax', 'Type': 'integer', 'Dimensions': '-', 'Default': '-', 'Units': 'N/A', 'Description': '-', 'Swat_codetype': '-'}","{'Line in File': '2', 'Position in File': '1', 'Condition': '-', 'Local (Y/N)': 'Y', 'TYPE': '-', 'Component': 'imax', 'Type': 'integer', 'Dimensions': '-', 'Default': '0', 'Units': 'N/A', 'Description': '-', 'Swat_codetype': '-'}"
manure_allo.mnu,3,1,header,"{'Line in File': '3', 'Position in File': '1', 'Condition': '-', 'Local (Y/N)': 'Y', 'TYPE': '-', 'Component': 'header', 'Type': 'character(len=80)', 'Dimensions': '-', 'Default': '-', 'Units': 'N/A', 'Description': '-', 'Swat_codetype': '-'}","{'Line in File': '3', 'Position in File': '1', 'Condition': '-', 'Local (Y/N)': 'Y', 'TYPE': '-', 'Component': 'header', 'Type': 'character(len=80)', 'Dimensions': '-', 'Default': '""""', 'Units': 'N/A', 'Description': '-', 'Swat_codetype': '-'}"
manure_allo.mnu,4,1,name,"{'Line in File': '4', 'Position in File': '1', 'Condition': '-', 'Local (Y/N)': 'N', 'TYPE': 'mallo', 'Component': 'name', 'Type': 'character(len=25)', 'Dimensions': '-', 'Default': '-', 'Units': 'N/A', 'Description': '-', 'Swat_codetype': 'mallo'}","{'Line in File': '4', 'Position in File': '1', 'Condition': '-', 'Local (Y/N)': 'N', 'TYPE': 'mallo', 'Component': 'name', 'Type': 'character(len=25)', 'Dimensions': '-', 'Default': '""""', 'Units': 'N/A', 'Description': '-', 'Swat_codetype': 'mallo'}"
manure_allo.mnu,4,2,rule_typ,"{'Line in File': '4', 'Position in File': '2', 'Condition': '-', 'Local (Y/N)': 'N', 'TYPE': 'mallo', 'Component': 'rule_typ', 'Type': 'character(len=25)', 'Dimensions': '-', 'Default': '-', 'Units': 'N/A', 'Description': '-', 'Swat_codetype': 'mallo'}","{'Line in File': '4', 'Position in File': '2', 'Condition': '-', 'Local (Y/N)': 'N', 'TYPE': 'mallo', 'Component': 'rule_typ', 'Type': 'character(len=25)', 'Dimensions': '-', 'Default': '""""', 'Units': 'N/A', 'Description': '-', 'Swat_codetype': 'mallo'}"
manure_allo.mnu,4,3,src_obs,"{'Line in File': '4', 'Position in File': '3', 'Condition': '-', 'Local (Y/N)': 'N', 'TYPE': 'mallo', 'Component': 'src_obs', 'Type': 'integer', 'Dimensions': '-', 'Default': '-', 'Units': 'N/A', 'Description': '-', 'Swat_codetype': 'mallo'}","{'Line in File': '4', 'Position in File': '3', 'Condition': '-', 'Local (Y/N)': 'N', 'TYPE': 'mallo', 'Component': 'src_obs', 'Type': 'integer', 'Dimensions': '-', 'Default': '0', 'Units': 'N/A', 'Description': '-', 'Swat_codetype': 'mallo'}"
manure_allo.mnu,4,4,dmd_obs,"{'Line in File': '4', 'Position in File': '4', 'Condition': '-', 'Local (Y/N)': 'N', 'TYPE': 'mallo', 'Component': 'dmd_obs', 'Type': 'integer', 'Dimensions': '-', 'Default': '-', 'Units': 'N/A', 'Description': '-', 'Swat_codetype': 'mallo'}",
manure_allo.mnu,4,4,trn_obs,,"{'Line in File': '4', 'Position in File': '4', 'Condition': '-', 'Local (Y/N)': 'N', 'TYPE': 'mallo', 'Component': 'trn_obs', 'Type': 'integer', 'Dimensions': '-', 'Default': '0', 'Units': 'N/A', 'Description': '-', 'Swat_codetype': 'mallo'}"
manure_allo.mnu,5,1,header,"{'Line in File': '5', 'Position in File': '1', 'Condition': '-', 'Local (Y/N)': 'Y', 'TYPE': '-', 'Component': 'header', 'Type': 'character(len=80)', 'Dimensions': '-', 'Default': '-', 'Units': 'N/A', 'Description': '-', 'Swat_codetype': '-'}","{'Line in File': '5', 'Position in File': '1', 'Condition': '-', 'Local (Y/N)': 'Y', 'TYPE': '-', 'Component': 'header', 'Type': 'character(len=80)', 'Dimensions': '-', 'Default': '""""', 'Units': 'N/A', 'Description': '-', 'Swat_codetype': '-'}"
manure_allo.mnu,6,1,k,"{'Line in File': '6', 'Position in File': '1', 'Condition': '-', 'Local (Y/N)': 'Y', 'TYPE': '-', 'Component': 'k', 'Type': 'integer', 'Dimensions': '-', 'Default': '-', 'Units': 'N/A', 'Description': '-', 'Swat_codetype': '-'}","{'Line in File': '6', 'Position in File': '1', 'Condition': '-', 'Local (Y/N)': 'Y', 'TYPE': '-', 'Component': 'k', 'Type': 'integer', 'Dimensions': '-', 'Default': '0', 'Units': 'N/A', 'Description': '-', 'Swat_codetype': '-'}"
manure_allo.mnu,7,1,header,"{'Line in File': '7', 'Position in File': '1', 'Condition': 'if (mallo(imro)%src(i)%manure_typ == fertdb(idb)%fertnm)', 'Local (Y/N)': 'Y', 'TYPE': '-', 'Component': 'header', 'Type': 'character(len=80)', 'Dimensions': '-', 'Default': '-', 'Units': 'N/A', 'Description': '-', 'Swat_codetype': '-'}","{'Line in File': '7', 'Position in File': '1', 'Condition': 'if (mallo(imro)%src(i)%manure_typ == fertdb(idb)%fertnm)', 'Local (Y/N)': 'Y', 'TYPE': '-', 'Component': 'header', 'Type': 'character(len=80)', 'Dimensions': '-', 'Default': '""""', 'Units': 'N/A', 'Description': '-', 'Swat_codetype': '-'}"
manure_allo.mnu,8,1,k,"{'Line in File': '8', 'Position in File': '1', 'Condition': 'if (mallo(imro)%src(i)%manure_typ == fertdb(idb)%fertnm)', 'Local (Y/N)': 'Y', 'TYPE': '-', 'Component': 'k', 'Type': 'integer', 'Dimensions': '-', 'Default': '-', 'Units': 'N/A', 'Description': '-', 'Swat_codetype': '-'}","{'Line in File': '8', 'Position in File': '1', 'Condition': 'if (mallo(imro)%src(i)%manure_typ == fertdb(idb)%fertnm)', 'Local (Y/N)': 'Y', 'TYPE': '-', 'Component': 'k', 'Type': 'integer', 'Dimensions': '-', 'Default': '0', 'Units': 'N/A', 'Description': '-', 'Swat_codetype': '-'}"
nutrients.cha,1,1,titldum,"{'Line in File': '1', 'Position in File': '1', 'Condition': '-', 'Local (Y/N)': 'Y', 'TYPE': '-', 'Component': 'titldum', 'Type': 'character(len=80)', 'Dimensions': '-', 'Default': '-', 'Units': 'N/A', 'Description': '-', 'Swat_codetype': '-'}","{'Line in File': '1', 'Position in File': '1', 'Condition': '-', 'Local (Y/N)': 'Y', 'TYPE': '-', 'Component': 'titldum', 'Type': 'character(len=80)', 'Dimensions': '-', 'Default': '""""', 'Units': 'N/A', 'Description': '-', 'Swat_codetype': '-'}"
nutrients.cha,2,1,header,"{'Line in File': '2', 'Position in File': '1', 'Condition': '-', 'Local (Y/N)': 'Y', 'TYPE': '-', 'Component': 'header', 'Type': 'character(len=80)', 'Dimensions': '-', 'Default': '-', 'Units': 'N/A', 'Description': '-', 'Swat_codetype': '-'}","{'Line in File': '2', 'Position in File': '1', 'Condition': '-', 'Local (Y/N)': 'Y', 'TYPE': '-', 'Component': 'header', 'Type': 'character(len=80)', 'Dimensions': '-', 'Default': '""""', 'Units': 'N/A', 'Description': '-', 'Swat_codetype': '-'}"
nutrients.cha,3,1,name,"{'Line in File': '3', 'Position in File': '1', 'Condition': '-', 'Local (Y/N)': 'N', 'TYPE': 'channel_nut_data', 'Component': 'name', 'Type': 'character(len=16)', 'Dimensions': '-', 'Default': '-', 'Units': 'N/A', 'Description': '-', 'Swat_codetype': 'in_cha'}","{'Line in File': '3', 'Position in File': '1', 'Condition': '-', 'Local (Y/N)': 'N', 'TYPE': 'channel_nut_data', 'Component': 'name', 'Type': 'character(len=16)', 'Dimensions': '-', 'Default': '""""', 'Units': 'N/A', 'Description': '-', 'Swat_codetype': 'in_cha'}"
nutrients.res,1,1,titldum,"{'Line in File': '1', 'Position in File': '1', 'Condition': '-', 'Local (Y/N)': 'Y', 'TYPE': '-', 'Component': 'titldum', 'Type': 'character(len=80)', 'Dimensions': '-', 'Default': '-', 'Units': 'N/A', 'Description': '-', 'Swat_codetype': '-'}","{'Line in File': '1', 'Position in File': '1', 'Condition': '-', 'Local (Y/N)': 'Y', 'TYPE': '-', 'Component': 'titldum', 'Type': 'character(len=80)', 'Dimensions': '-', 'Default': '""""', 'Units': 'N/A', 'Description': '-', 'Swat_codetype': '-'}"
nutrients.res,2,1,header,"{'Line in File': '2', 'Position in File': '1', 'Condition': '-', 'Local (Y/N)': 'Y', 'TYPE': '-', 'Component': 'header', 'Type': 'character(len=80)', 'Dimensions': '-', 'Default': '-', 'Units': 'N/A', 'Description': '-', 'Swat_codetype': '-'}","{'Line in File': '2', 'Position in File': '1', 'Condition': '-', 'Local (Y/N)': 'Y', 'TYPE': '-', 'Component': 'header', 'Type': 'character(len=80)', 'Dimensions': '-', 'Default': '""""', 'Units': 'N/A', 'Description': '-', 'Swat_codetype': '-'}"
nutrients.res,3,1,name,"{'Line in File': '3', 'Position in File': '1', 'Condition': '-', 'Local (Y/N)': 'N', 'TYPE': 'reservoir_nut_data', 'Component': 'name', 'Type': 'character(len=25)', 'Dimensions': '-', 'Default': '-', 'Units': 'N/A', 'Description': '-', 'Swat_codetype': 'in_res'}","{'Line in File': '3', 'Position in File': '1', 'Condition': '-', 'Local (Y/N)': 'N', 'TYPE': 'reservoir_nut_data', 'Component': 'name', 'Type': 'character(len=25)', 'Dimensions': '-', 'Default': '""""', 'Units': 'N/A', 'Description': '-', 'Swat_codetype': 'in_res'}"
nutrients.res,3,2,ires1,"{'Line in File': '3', 'Position in File': '2', 'Condition': '-', 'Local (Y/N)': 'N', 'TYPE': 'reservoir_nut_data', 'Component': 'ires1', 'Type': 'integer', 'Dimensions': '-', 'Default': '-', 'Units': 'N/A', 'Description': '-', 'Swat_codetype': 'in_res'}","{'Line in File': '3', 'Position in File': '2', 'Condition': '-', 'Local (Y/N)': 'N', 'TYPE': 'reservoir_nut_data', 'Component': 'ires1', 'Type': 'integer', 'Dimensions': '-', 'Default': '0', 'Units': 'N/A', 'Description': '-', 'Swat_codetype': 'in_res'}"
nutrients.res,3,3,ires2,"{'Line in File': '3', 'Position in File': '3', 'Condition': '-', 'Local (Y/N)': 'N', 'TYPE': 'reservoir_nut_data', 'Component': 'ires2', 'Type': 'integer', 'Dimensions': '-', 'Default': '-', 'Units': 'N/A', 'Description': '-', 'Swat_codetype': 'in_res'}","{'Line in File': '3', 'Position in File': '3', 'Condition': '-', 'Local (Y/N)': 'N', 'TYPE': 'reservoir_nut_data', 'Component': 'ires2', 'Type': 'integer', 'Dimensions': '-', 'Default': '0', 'Units': 'N/A', 'Description': '-', 'Swat_codetype': 'in_res'}"
nutrients.res,3,4,nsetlr1,"{'Line in File': '3', 'Position in File': '4', 'Condition': '-', 'Local (Y/N)': 'N', 'TYPE': 'reservoir_nut_data', 'Component': 'nsetlr1', 'Type': 'real', 'Dimensions': '-', 'Default': '-', 'Units': 'N/A', 'Description': '-', 'Swat_codetype': 'in_res'}","{'Line in File': '3', 'Position in File': '4', 'Condition': '-', 'Local (Y/N)': 'N', 'TYPE': 'reservoir_nut_data', 'Component': 'nsetlr1', 'Type': 'real', 'Dimensions': '-', 'Default': '0.', 'Units': 'N/A', 'Description': '-', 'Swat_codetype': 'in_res'}"
nutrients.res,3,5,nsetlr2,"{'Line in File': '3', 'Position in File': '5', 'Condition': '-', 'Local (Y/N)': 'N', 'TYPE': 'reservoir_nut_data', 'Component': 'nsetlr2', 'Type': 'real', 'Dimensions': '-', 'Default': '-', 'Units': 'N/A', 'Description': '-', 'Swat_codetype': 'in_res'}","{'Line in File': '3', 'Position in File': '5', 'Condition': '-', 'Local (Y/N)': 'N', 'TYPE': 'reservoir_nut_data', 'Component': 'nsetlr2', 'Type': 'real', 'Dimensions': '-', 'Default': '0.', 'Units': 'N/A', 'Description': '-', 'Swat_codetype': 'in_res'}"
nutrients.res,3,6,psetlr1,"{'Line in File': '3', 'Position in File': '6', 'Condition': '-', 'Local (Y/N)': 'N', 'TYPE': 'reservoir_nut_data', 'Component': 'psetlr1', 'Type': 'real', 'Dimensions': '-', 'Default': '-', 'Units': 'N/A', 'Description': '-', 'Swat_codetype': 'in_res'}","{'Line in File': '3', 'Position in File': '6', 'Condition': '-', 'Local (Y/N)': 'N', 'TYPE': 'reservoir_nut_data', 'Component': 'psetlr1', 'Type': 'real', 'Dimensions': '-', 'Default': '0.', 'Units': 'N/A', 'Description': '-', 'Swat_codetype': 'in_res'}"
nutrients.res,3,7,psetlr2,"{'Line in File': '3', 'Position in File': '7', 'Condition': '-', 'Local (Y/N)': 'N', 'TYPE': 'reservoir_nut_data', 'Component': 'psetlr2', 'Type': 'real', 'Dimensions': '-', 'Default': '-', 'Units': 'N/A', 'Description': '-', 'Swat_codetype': 'in_res'}","{'Line in File': '3', 'Position in File': '7', 'Condition': '-', 'Local (Y/N)': 'N', 'TYPE': 'reservoir_nut_data', 'Component': 'psetlr2', 'Type': 'real', 'Dimensions': '-', 'Default': '0.', 'Units': 'N/A', 'Description': '-', 'Swat_codetype': 'in_res'}"
nutrients.res,3,8,chlar,"{'Line in File': '3', 'Position in File': '8', 'Condition': '-', 'Local (Y/N)': 'N', 'TYPE': 'reservoir_nut_data', 'Component': 'chlar', 'Type': 'real', 'Dimensions': '-', 'Default': '1.', 'Units': 'N/A', 'Description': '-', 'Swat_codetype': 'in_res'}",
nutrients.res,3,8,nsolr,,"{'Line in File': '3', 'Position in File': '8', 'Condition': '-', 'Local (Y/N)': 'N', 'TYPE': 'reservoir_nut_data', 'Component': 'nsolr', 'Type': 'real', 'Dimensions': '-', 'Default': '1.', 'Units': 'N/A', 'Description': '-', 'Swat_codetype': 'in_res'}"
nutrients.res,3,9,psolr,,"{'Line in File': '3', 'Position in File': '9', 'Condition': '-', 'Local (Y/N)': 'N', 'TYPE': 'reservoir_nut_data', 'Component': 'psolr', 'Type': 'real', 'Dimensions': '-', 'Default': '1.', 'Units': 'N/A', 'Description': '-', 'Swat_codetype': 'in_res'}"
nutrients.res,3,9,seccir,"{'Line in File': '3', 'Position in File': '9', 'Condition': '-', 'Local (Y/N)': 'N', 'TYPE': 'reservoir_nut_data', 'Component': 'seccir', 'Type': 'real', 'Dimensions': '-', 'Default': '1.0', 'Units': 'N/A', 'Description': '-', 'Swat_codetype': 'in_res'}",
nutrients.rte,1,1,titldum,"{'Line in File': '1', 'Position in File': '1', 'Condition': '-', 'Local (Y/N)': 'Y', 'TYPE': '-', 'Component': 'titldum', 'Type': 'character(len=80)', 'Dimensions': '-', 'Default': '-', 'Units': 'N/A', 'Description': '-', 'Swat_codetype': '-'}","{'Line in File': '1', 'Position in File': '1', 'Condition': '-', 'Local (Y/N)': 'Y', 'TYPE': '-', 'Component': 'titldum', 'Type': 'character(len=80)', 'Dimensions': '-', 'Default': '""""', 'Units': 'N/A', 'Description': '-', 'Swat_codetype': '-'}"
nutrients.rte,2,1,header,"{'Line in File': '2', 'Position in File': '1', 'Condition': '-', 'Local (Y/N)': 'Y', 'TYPE': '-', 'Component': 'header', 'Type': 'character(len=80)', 'Dimensions': '-', 'Default': '-', 'Units': 'N/A', 'Description': '-', 'Swat_codetype': '-'}","{'Line in File': '2', 'Position in File': '1', 'Condition': '-', 'Local (Y/N)': 'Y', 'TYPE': '-', 'Component': 'header', 'Type': 'character(len=80)', 'Dimensions': '-', 'Default': '""""', 'Units': 'N/A', 'Description': '-', 'Swat_codetype': '-'}"
nutrients.sol,1,1,titldum,"{'Line in File': '1', 'Position in File': '1', 'Condition': '-', 'Local (Y/N)': 'Y', 'TYPE': '-', 'Component': 'titldum', 'Type': 'character(len=80)', 'Dimensions': '-', 'Default': '-', 'Units': 'N/A', 'Description': '-', 'Swat_codetype': '-'}","{'Line in File': '1', 'Position in File': '1', 'Condition': '-', 'Local (Y/N)': 'Y', 'TYPE': '-', 'Component': 'titldum', 'Type': 'character(len=80)', 'Dimensions': '-', 'Default': '""""', 'Units': 'N/A', 'Description': '-', 'Swat_codetype': '-'}"
nutrients.sol,2,1,header,"{'Line in File': '2', 'Position in File': '1', 'Condition': '-', 'Local (Y/N)': 'Y', 'TYPE': '-', 'Component': 'header', 'Type': 'character(len=80)', 'Dimensions': '-', 'Default': '-', 'Units': 'N/A', 'Description': '-', 'Swat_codetype': '-'}","{'Line in File': '2', 'Position in File': '1', 'Condition': '-', 'Local (Y/N)': 'Y', 'TYPE': '-', 'Component': 'header', 'Type': 'character(len=80)', 'Dimensions': '-', 'Default': '""""', 'Units': 'N/A', 'Description': '-', 'Swat_codetype': '-'}"
object.cnt,1,1,titldum,"{'Line in File': '1', 'Position in File': '1', 'Condition': '-', 'Local (Y/N)': 'Y', 'TYPE': '-', 'Component': 'titldum', 'Type': 'character(len=80)', 'Dimensions': '-', 'Default': '-', 'Units': 'N/A', 'Description': '-', 'Swat_codetype': '-'}","{'Line in File': '1', 'Position in File': '1', 'Condition': '-', 'Local (Y/N)': 'Y', 'TYPE': '-', 'Component': 'titldum', 'Type': 'character(len=80)', 'Dimensions': '-', 'Default': '""""', 'Units': 'N/A', 'Description': '-', 'Swat_codetype': '-'}"
object.cnt,2,1,header,"{'Line in File': '2', 'Position in File': '1', 'Condition': '-', 'Local (Y/N)': 'Y', 'TYPE': '-', 'Component': 'header', 'Type': 'character(len=80)', 'Dimensions': '-', 'Default': '-', 'Units': 'N/A', 'Description': '-', 'Swat_codetype': '-'}","{'Line in File': '2', 'Position in File': '1', 'Condition': '-', 'Local (Y/N)': 'Y', 'TYPE': '-', 'Component': 'header', 'Type': 'character(len=80)', 'Dimensions': '-', 'Default': '""""', 'Units': 'N/A', 'Description': '-', 'Swat_codetype': '-'}"
object.cnt,3,1,name,"{'Line in File': '3', 'Position in File': '1', 'Condition': '-', 'Local (Y/N)': 'N', 'TYPE': 'basin_inputs', 'Component': 'name', 'Type': 'character(len=25)', 'Dimensions': '-', 'Default': '-', 'Units': 'N/A', 'Description': '-', 'Swat_codetype': 'in_sim'}","{'Line in File': '3', 'Position in File': '1', 'Condition': '-', 'Local (Y/N)': 'N', 'TYPE': 'basin_inputs', 'Component': 'name', 'Type': 'character(len=25)', 'Dimensions': '-', 'Default': '""""', 'Units': 'N/A', 'Description': '-', 'Swat_codetype': 'in_sim'}"
object.prt,1,1,titldum,"{'Line in File': '1', 'Position in File': '1', 'Condition': '-', 'Local (Y/N)': 'Y', 'TYPE': '-', 'Component': 'titldum', 'Type': 'character(len=80)', 'Dimensions': '-', 'Default': '-', 'Units': 'N/A', 'Description': '-', 'Swat_codetype': '-'}","{'Line in File': '1', 'Position in File': '1', 'Condition': '-', 'Local (Y/N)': 'Y', 'TYPE': '-', 'Component': 'titldum', 'Type': 'character(len=80)', 'Dimensions': '-', 'Default': '""""', 'Units': 'N/A', 'Description': '-', 'Swat_codetype': '-'}"
object.prt,2,1,header,"{'Line in File': '2', 'Position in File': '1', 'Condition': '-', 'Local (Y/N)': 'Y', 'TYPE': '-', 'Component': 'header', 'Type': 'character(len=80)', 'Dimensions': '-', 'Default': '-', 'Units': 'N/A', 'Description': '-', 'Swat_codetype': '-'}","{'Line in File': '2', 'Position in File': '1', 'Condition': '-', 'Local (Y/N)': 'Y', 'TYPE': '-', 'Component': 'header', 'Type': 'character(len=80)', 'Dimensions': '-', 'Default': '""""', 'Units': 'N/A', 'Description': '-', 'Swat_codetype': '-'}"
object.prt,3,1,k,"{'Line in File': '3', 'Position in File': '1', 'Condition': '-', 'Local (Y/N)': 'Y', 'TYPE': '-', 'Component': 'k', 'Type': 'integer', 'Dimensions': '-', 'Default': '-', 'Units': 'N/A', 'Description': '-', 'Swat_codetype': '-'}","{'Line in File': '3', 'Position in File': '1', 'Condition': '-', 'Local (Y/N)': 'Y', 'TYPE': '-', 'Component': 'k', 'Type': 'integer', 'Dimensions': '-', 'Default': '0', 'Units': 'N/A', 'Description': '-', 'Swat_codetype': '-'}"
object.prt,3,2,obtyp,"{'Line in File': '3', 'Position in File': '2', 'Condition': '-', 'Local (Y/N)': 'N', 'TYPE': 'ob_out', 'Component': 'obtyp', 'Type': 'character(len=3)', 'Dimensions': '-', 'Default': '-', 'Units': 'N/A', 'Description': 'object type: hru,hlt,hs,rxc,dr,out,sdc', 'Swat_codetype': 'in_sim'}","{'Line in File': '3', 'Position in File': '2', 'Condition': '-', 'Local (Y/N)': 'N', 'TYPE': 'ob_out', 'Component': 'obtyp', 'Type': 'character(len=10)', 'Dimensions': '-', 'Default': '""""', 'Units': 'N/A', 'Description': 'object type: hru,hlt,hs,rxc,dr,out,sdc', 'Swat_codetype': 'in_sim'}"
object.prt,3,3,obtypno,"{'Line in File': '3', 'Position in File': '3', 'Condition': '-', 'Local (Y/N)': 'N', 'TYPE': 'ob_out', 'Component': 'obtypno', 'Type': 'integer', 'Dimensions': '-', 'Default': '-', 'Units': 'N/A', 'Description': 'object type number: 1=hru, 2=hru_lte, 3=channel', 'Swat_codetype': 'in_sim'}","{'Line in File': '3', 'Position in File': '3', 'Condition': '-', 'Local (Y/N)': 'N', 'TYPE': 'ob_out', 'Component': 'obtypno', 'Type': 'integer', 'Dimensions': '-', 'Default': '0', 'Units': 'N/A', 'Description': 'object type number: 1=hru, 2=hru_lte, 3=channel', 'Swat_codetype': 'in_sim'}"
object.prt,3,4,hydtyp,"{'Line in File': '3', 'Position in File': '4', 'Condition': '-', 'Local (Y/N)': 'N', 'TYPE': 'ob_out', 'Component': 'hydtyp', 'Type': 'character(len=6)', 'Dimensions': '-', 'Default': '-', 'Units': 'N/A', 'Description': 'hydrograph type: tot,rhg,sur,lat,til', 'Swat_codetype': 'in_sim'}","{'Line in File': '3', 'Position in File': '4', 'Condition': '-', 'Local (Y/N)': 'N', 'TYPE': 'ob_out', 'Component': 'hydtyp', 'Type': 'character(len=20)', 'Dimensions': '-', 'Default': '""""', 'Units': 'N/A', 'Description': 'hydrograph type: tot,rhg,sur,lat,til', 'Swat_codetype': 'in_sim'}"
object.prt,3,5,filename,"{'Line in File': '3', 'Position in File': '5', 'Condition': '-', 'Local (Y/N)': 'N', 'TYPE': 'ob_out', 'Component': 'filename', 'Type': 'character(len=26)', 'Dimensions': '-', 'Default': '-', 'Units': 'N/A', 'Description': 'file with hydrograph output from the object', 'Swat_codetype': 'in_sim'}","{'Line in File': '3', 'Position in File': '5', 'Condition': '-', 'Local (Y/N)': 'N', 'TYPE': 'ob_out', 'Component': 'filename', 'Type': 'character(len=26)', 'Dimensions': '-', 'Default': '""""', 'Units': 'N/A', 'Description': 'file with hydrograph output from the object', 'Swat_codetype': 'in_sim'}"
om_water.ini,1,1,titldum,"{'Line in File': '1', 'Position in File': '1', 'Condition': '-', 'Local (Y/N)': 'Y', 'TYPE': '-', 'Component': 'titldum', 'Type': 'character(len=80)', 'Dimensions': '-', 'Default': '-', 'Units': 'N/A', 'Description': '-', 'Swat_codetype': '-'}","{'Line in File': '1', 'Position in File': '1', 'Condition': '-', 'Local (Y/N)': 'Y', 'TYPE': '-', 'Component': 'titldum', 'Type': 'character(len=80)', 'Dimensions': '-', 'Default': '""""', 'Units': 'N/A', 'Description': '-', 'Swat_codetype': '-'}"
om_water.ini,2,1,header,"{'Line in File': '2', 'Position in File': '1', 'Condition': '-', 'Local (Y/N)': 'Y', 'TYPE': '-', 'Component': 'header', 'Type': 'character(len=80)', 'Dimensions': '-', 'Default': '-', 'Units': 'N/A', 'Description': '-', 'Swat_codetype': '-'}","{'Line in File': '2', 'Position in File': '1', 'Condition': '-', 'Local (Y/N)': 'Y', 'TYPE': '-', 'Component': 'header', 'Type': 'character(len=80)', 'Dimensions': '-', 'Default': '""""', 'Units': 'N/A', 'Description': '-', 'Swat_codetype': '-'}"
outlet.con,1,1,titldum,"{'Line in File': '1', 'Position in File': '1', 'Condition': '-', 'Local (Y/N)': 'Y', 'TYPE': '-', 'Component': 'titldum', 'Type': 'character(len=80)', 'Dimensions': '-', 'Default': '-', 'Units': 'N/A', 'Description': '-', 'Swat_codetype': '-'}","{'Line in File': '1', 'Position in File': '1', 'Condition': '-', 'Local (Y/N)': 'Y', 'TYPE': '-', 'Component': 'titldum', 'Type': 'character(len=80)', 'Dimensions': '-', 'Default': '""""', 'Units': 'N/A', 'Description': '-', 'Swat_codetype': '-'}"
outlet.con,2,1,header,"{'Line in File': '2', 'Position in File': '1', 'Condition': '-', 'Local (Y/N)': 'Y', 'TYPE': '-', 'Component': 'header', 'Type': 'character(len=80)', 'Dimensions': '-', 'Default': '-', 'Units': 'N/A', 'Description': '-', 'Swat_codetype': '-'}","{'Line in File': '2', 'Position in File': '1', 'Condition': '-', 'Local (Y/N)': 'Y', 'TYPE': '-', 'Component': 'header', 'Type': 'character(len=80)', 'Dimensions': '-', 'Default': '""""', 'Units': 'N/A', 'Description': '-', 'Swat_codetype': '-'}"
outlet.con,3,10,constit,"{'Line in File': '3', 'Position in File': '10', 'Condition': 'if (ncs > 0)', 'Local (Y/N)': 'N', 'TYPE': 'ob', 'Component': 'constit', 'Type': 'integer', 'Dimensions': '-', 'Default': '-', 'Units': 'N/A', 'Description': '-', 'Swat_codetype': 'ob'}","{'Line in File': '3', 'Position in File': '10', 'Condition': 'if (ncs > 0)', 'Local (Y/N)': 'N', 'TYPE': 'ob', 'Component': 'constit', 'Type': 'integer', 'Dimensions': '-', 'Default': '0', 'Units': 'N/A', 'Description': '-', 'Swat_codetype': 'ob'}"
outlet.con,3,11,props2,"{'Line in File': '3', 'Position in File': '11', 'Condition': 'if (ncs > 0)', 'Local (Y/N)': 'N', 'TYPE': 'ob', 'Component': 'props2', 'Type': 'integer', 'Dimensions': '-', 'Default': '-', 'Units': 'N/A', 'Description': '-', 'Swat_codetype': 'ob'}","{'Line in File': '3', 'Position in File': '11', 'Condition': 'if (ncs > 0)', 'Local (Y/N)': 'N', 'TYPE': 'ob', 'Component': 'props2', 'Type': 'integer', 'Dimensions': '-', 'Default': '0', 'Units': 'N/A', 'Description': '-', 'Swat_codetype': 'ob'}"
outlet.con,3,12,ruleset,"{'Line in File': '3', 'Position in File': '12', 'Condition': 'if (ncs > 0)', 'Local (Y/N)': 'N', 'TYPE': 'ob', 'Component': 'ruleset', 'Type': 'character(len=16)', 'Dimensions': '-', 'Default': '-', 'Units': 'N/A', 'Description': '-', 'Swat_codetype': 'ob'}","{'Line in File': '3', 'Position in File': '12', 'Condition': 'if (ncs > 0)', 'Local (Y/N)': 'N', 'TYPE': 'ob', 'Component': 'ruleset', 'Type': 'character(len=16)', 'Dimensions': '-', 'Default': '""""', 'Units': 'N/A', 'Description': '-', 'Swat_codetype': 'ob'}"
outlet.con,3,3,gis_id,"{'Line in File': '3', 'Position in File': '3', 'Condition': 'if (ncs > 0)', 'Local (Y/N)': 'N', 'TYPE': 'ob', 'Component': 'gis_id', 'Type': 'integer(kind=8)', 'Dimensions': '-', 'Default': '-', 'Units': 'N/A', 'Description': '-', 'Swat_codetype': 'ob'}","{'Line in File': '3', 'Position in File': '3', 'Condition': 'if (ncs > 0)', 'Local (Y/N)': 'N', 'TYPE': 'ob', 'Component': 'gis_id', 'Type': 'integer(kind=8)', 'Dimensions': '-', 'Default': '0', 'Units': 'N/A', 'Description': '-', 'Swat_codetype': 'ob'}"
outlet.con,3,5,lat,"{'Line in File': '3', 'Position in File': '5', 'Condition': 'if (ncs > 0)', 'Local (Y/N)': 'N', 'TYPE': 'ob', 'Component': 'lat', 'Type': 'real', 'Dimensions': '-', 'Default': '-', 'Units': 'N/A', 'Description': '-', 'Swat_codetype': 'ob'}","{'Line in File': '3', 'Position in File': '5', 'Condition': 'if (ncs > 0)', 'Local (Y/N)': 'N', 'TYPE': 'ob', 'Component': 'lat', 'Type': 'real', 'Dimensions': '-', 'Default': '0.', 'Units': 'N/A', 'Description': '-', 'Swat_codetype': 'ob'}"
outlet.con,3,6,long,"{'Line in File': '3', 'Position in File': '6', 'Condition': 'if (ncs > 0)', 'Local (Y/N)': 'N', 'TYPE': 'ob', 'Component': 'long', 'Type': 'real', 'Dimensions': '-', 'Default': '-', 'Units': 'N/A', 'Description': '-', 'Swat_codetype': 'ob'}","{'Line in File': '3', 'Position in File': '6', 'Condition': 'if (ncs > 0)', 'Local (Y/N)': 'N', 'TYPE': 'ob', 'Component': 'long', 'Type': 'real', 'Dimensions': '-', 'Default': '0.', 'Units': 'N/A', 'Description': '-', 'Swat_codetype': 'ob'}"
outlet.con,3,9,wst_c,"{'Line in File': '3', 'Position in File': '9', 'Condition': 'if (ncs > 0)', 'Local (Y/N)': 'N', 'TYPE': 'ob', 'Component': 'wst_c', 'Type': 'character(len=50)', 'Dimensions': '-', 'Default': '-', 'Units': 'N/A', 'Description': '-', 'Swat_codetype': 'ob'}","{'Line in File': '3', 'Position in File': '9', 'Condition': 'if (ncs > 0)', 'Local (Y/N)': 'N', 'TYPE': 'ob', 'Component': 'wst_c', 'Type': 'character(len=50)', 'Dimensions': '-', 'Default': '""""', 'Units': 'N/A', 'Description': '-', 'Swat_codetype': 'ob'}"
ovn_table.lum,1,1,titldum,"{'Line in File': '1', 'Position in File': '1', 'Condition': '-', 'Local (Y/N)': 'Y', 'TYPE': '-', 'Component': 'titldum', 'Type': 'character(len=80)', 'Dimensions': '-', 'Default': '-', 'Units': 'N/A', 'Description': '-', 'Swat_codetype': '-'}","{'Line in File': '1', 'Position in File': '1', 'Condition': '-', 'Local (Y/N)': 'Y', 'TYPE': '-', 'Component': 'titldum', 'Type': 'character(len=80)', 'Dimensions': '-', 'Default': '""""', 'Units': 'N/A', 'Description': '-', 'Swat_codetype': '-'}"
ovn_table.lum,2,1,header,"{'Line in File': '2', 'Position in File': '1', 'Condition': '-', 'Local (Y/N)': 'Y', 'TYPE': '-', 'Component': 'header', 'Type': 'character(len=80)', 'Dimensions': '-', 'Default': '-', 'Units': 'N/A', 'Description': '-', 'Swat_codetype': '-'}","{'Line in File': '2', 'Position in File': '1', 'Condition': '-', 'Local (Y/N)': 'Y', 'TYPE': '-', 'Component': 'header', 'Type': 'character(len=80)', 'Dimensions': '-', 'Default': '""""', 'Units': 'N/A', 'Description': '-', 'Swat_codetype': '-'}"
ovn_table.lum,3,1,name,"{'Line in File': '3', 'Position in File': '1', 'Condition': '-', 'Local (Y/N)': 'N', 'TYPE': 'overlandflow_n_table', 'Component': 'name', 'Type': 'character(len=40)', 'Dimensions': '-', 'Default': '-', 'Units': 'N/A', 'Description': '-', 'Swat_codetype': 'in_lum'}","{'Line in File': '3', 'Position in File': '1', 'Condition': '-', 'Local (Y/N)': 'N', 'TYPE': 'overlandflow_n_table', 'Component': 'name', 'Type': 'character(len=40)', 'Dimensions': '-', 'Default': '""""', 'Units': 'N/A', 'Description': '-', 'Swat_codetype': 'in_lum'}"
parameters.bsn,1,1,titldum,"{'Line in File': '1', 'Position in File': '1', 'Condition': '-', 'Local (Y/N)': 'Y', 'TYPE': '-', 'Component': 'titldum', 'Type': 'character(len=80)', 'Dimensions': '-', 'Default': '-', 'Units': 'N/A', 'Description': '-', 'Swat_codetype': '-'}","{'Line in File': '1', 'Position in File': '1', 'Condition': '-', 'Local (Y/N)': 'Y', 'TYPE': '-', 'Component': 'titldum', 'Type': 'character(len=80)', 'Dimensions': '-', 'Default': '""""', 'Units': 'N/A', 'Description': '-', 'Swat_codetype': '-'}"
parameters.bsn,2,1,header,"{'Line in File': '2', 'Position in File': '1', 'Condition': '-', 'Local (Y/N)': 'Y', 'TYPE': '-', 'Component': 'header', 'Type': 'character(len=80)', 'Dimensions': '-', 'Default': '-', 'Units': 'N/A', 'Description': '-', 'Swat_codetype': '-'}","{'Line in File': '2', 'Position in File': '1', 'Condition': '-', 'Local (Y/N)': 'Y', 'TYPE': '-', 'Component': 'header', 'Type': 'character(len=80)', 'Dimensions': '-', 'Default': '""""', 'Units': 'N/A', 'Description': '-', 'Swat_codetype': '-'}"
parameters.bsn,3,23,cdn,"{'Line in File': '3', 'Position in File': '23', 'Condition': '-', 'Local (Y/N)': 'N', 'TYPE': 'basin_parms', 'Component': 'cdn', 'Type': 'real', 'Dimensions': '-', 'Default': '1.40', 'Units': 'N/A', 'Description': 'denitrification expoential rate coefficient', 'Swat_codetype': 'in_basin'}","{'Line in File': '3', 'Position in File': '23', 'Condition': '-', 'Local (Y/N)': 'N', 'TYPE': 'basin_parms', 'Component': 'cdn', 'Type': 'real', 'Dimensions': '-', 'Default': '1.40', 'Units': 'N/A', 'Description': 'denitrification exponential rate coefficient', 'Swat_codetype': 'in_basin'}"
parameters.bsn,3,33,rsd_covco,"{'Line in File': '3', 'Position in File': '33', 'Condition': '-', 'Local (Y/N)': 'N', 'TYPE': 'basin_parms', 'Component': 'rsd_covco', 'Type': 'real', 'Dimensions': '-', 'Default': '0.30', 'Units': 'N/A', 'Description': 'residue cover factor for computing frac of cover', 'Swat_codetype': 'in_basin'}","{'Line in File': '3', 'Position in File': '33', 'Condition': '-', 'Local (Y/N)': 'N', 'TYPE': 'basin_parms', 'Component': 'rsd_covco', 'Type': 'real', 'Dimensions': '-', 'Default': '0.75', 'Units': 'N/A', 'Description': 'residue cover factor for computing frac of cover', 'Swat_codetype': 'in_basin'}"
parameters.bsn,3,37,eros_spl,"{'Line in File': '3', 'Position in File': '37', 'Condition': '-', 'Local (Y/N)': 'N', 'TYPE': 'basin_parms', 'Component': 'eros_spl', 'Type': 'real', 'Dimensions': '-', 'Default': '0.', 'Units': 'N/A', 'Description': 'coeff of splash erosion varing 0.9-3.1', 'Swat_codetype': 'in_basin'}","{'Line in File': '3', 'Position in File': '37', 'Condition': '-', 'Local (Y/N)': 'N', 'TYPE': 'basin_parms', 'Component': 'eros_spl', 'Type': 'real', 'Dimensions': '-', 'Default': '0.', 'Units': 'N/A', 'Description': 'coeff of splash erosion varying 0.9-3.1', 'Swat_codetype': 'in_basin'}"
parameters.bsn,3,39,eros_expo,"{'Line in File': '3', 'Position in File': '39', 'Condition': '-', 'Local (Y/N)': 'N', 'TYPE': 'basin_parms', 'Component': 'eros_expo', 'Type': 'real', 'Dimensions': '-', 'Default': '0.', 'Units': 'N/A', 'Description': 'exponential coeffcient for overland flow', 'Swat_codetype': 'in_basin'}","{'Line in File': '3', 'Position in File': '39', 'Condition': '-', 'Local (Y/N)': 'N', 'TYPE': 'basin_parms', 'Component': 'eros_expo', 'Type': 'real', 'Dimensions': '-', 'Default': '0.', 'Units': 'N/A', 'Description': 'exponential coefficient for overland flow', 'Swat_codetype': 'in_basin'}"
path_hru.ini,1,1,titldum,"{'Line in File': '1', 'Position in File': '1', 'Condition': '-', 'Local (Y/N)': 'Y', 'TYPE': '-', 'Component': 'titldum', 'Type': 'character(len=80)', 'Dimensions': '-', 'Default': '-', 'Units': 'N/A', 'Description': '-', 'Swat_codetype': '-'}","{'Line in File': '1', 'Position in File': '1', 'Condition': '-', 'Local (Y/N)': 'Y', 'TYPE': '-', 'Component': 'titldum', 'Type': 'character(len=80)', 'Dimensions': '-', 'Default': '""""', 'Units': 'N/A', 'Description': '-', 'Swat_codetype': '-'}"
path_hru.ini,2,1,header,"{'Line in File': '2', 'Position in File': '1', 'Condition': '-', 'Local (Y/N)': 'Y', 'TYPE': '-', 'Component': 'header', 'Type': 'character(len=80)', 'Dimensions': '-', 'Default': '-', 'Units': 'N/A', 'Description': '-', 'Swat_codetype': '-'}","{'Line in File': '2', 'Position in File': '1', 'Condition': '-', 'Local (Y/N)': 'Y', 'TYPE': '-', 'Component': 'header', 'Type': 'character(len=80)', 'Dimensions': '-', 'Default': '""""', 'Units': 'N/A', 'Description': '-', 'Swat_codetype': '-'}"
path_hru.ini,3,1,name,"{'Line in File': '3', 'Position in File': '1', 'Condition': '-', 'Local (Y/N)': 'N', 'TYPE': 'path_soil_ini', 'Component': 'name', 'Type': 'character(len=16)', 'Dimensions': '-', 'Default': '-', 'Units': 'N/A', 'Description': 'name of the constituent - points to constituent database', 'Swat_codetype': 'in_init'}","{'Line in File': '3', 'Position in File': '1', 'Condition': '-', 'Local (Y/N)': 'N', 'TYPE': 'path_soil_ini', 'Component': 'name', 'Type': 'character(len=16)', 'Dimensions': '-', 'Default': '""""', 'Units': 'N/A', 'Description': 'name of the constituent - points to constituent database', 'Swat_codetype': 'in_init'}"
path_hru.ini,4,1,titldum,"{'Line in File': '4', 'Position in File': '1', 'Condition': '-', 'Local (Y/N)': 'Y', 'TYPE': '-', 'Component': 'titldum', 'Type': 'character(len=80)', 'Dimensions': '-', 'Default': '-', 'Units': 'N/A', 'Description': '-', 'Swat_codetype': '-'}","{'Line in File': '4', 'Position in File': '1', 'Condition': '-', 'Local (Y/N)': 'Y', 'TYPE': '-', 'Component': 'titldum', 'Type': 'character(len=80)', 'Dimensions': '-', 'Default': '""""', 'Units': 'N/A', 'Description': '-', 'Swat_codetype': '-'}"
path_hru.ini,4,3,plt,,"{'Line in File': '4', 'Position in File': '3', 'Condition': '-', 'Local (Y/N)': 'N', 'TYPE': 'path_soil_ini', 'Component': 'plt', 'Type': 'real', 'Dimensions': 'allocatable', 'Default': '-', 'Units': 'N/A', 'Description': 'ppm or #cfu/m^2 |amount of constituent on plant at start of simulation', 'Swat_codetype': 'in_init'}"
path_hru.ini,5,1,titldum,"{'Line in File': '5', 'Position in File': '1', 'Condition': '-', 'Local (Y/N)': 'Y', 'TYPE': '-', 'Component': 'titldum', 'Type': 'character(len=80)', 'Dimensions': '-', 'Default': '-', 'Units': 'N/A', 'Description': '-', 'Swat_codetype': '-'}",
path_hru.ini,5,2,plt,"{'Line in File': '5', 'Position in File': '2', 'Condition': '-', 'Local (Y/N)': 'N', 'TYPE': 'path_soil_ini', 'Component': 'plt', 'Type': 'real', 'Dimensions': 'allocatable', 'Default': '-', 'Units': 'N/A', 'Description': 'ppm or #cfu/m^2 |amount of constituent on plant at start of simulation', 'Swat_codetype': 'in_init'}",
path_water.ini,1,1,titldum,"{'Line in File': '1', 'Position in File': '1', 'Condition': '-', 'Local (Y/N)': 'Y', 'TYPE': '-', 'Component': 'titldum', 'Type': 'character(len=80)', 'Dimensions': '-', 'Default': '-', 'Units': 'N/A', 'Description': '-', 'Swat_codetype': '-'}","{'Line in File': '1', 'Position in File': '1', 'Condition': '-', 'Local (Y/N)': 'Y', 'TYPE': '-', 'Component': 'titldum', 'Type': 'character(len=80)', 'Dimensions': '-', 'Default': '""""', 'Units': 'N/A', 'Description': '-', 'Swat_codetype': '-'}"
path_water.ini,2,1,header,"{'Line in File': '2', 'Position in File': '1', 'Condition': '-', 'Local (Y/N)': 'Y', 'TYPE': '-', 'Component': 'header', 'Type': 'character(len=80)', 'Dimensions': '-', 'Default': '-', 'Units': 'N/A', 'Description': '-', 'Swat_codetype': '-'}","{'Line in File': '2', 'Position in File': '1', 'Condition': '-', 'Local (Y/N)': 'Y', 'TYPE': '-', 'Component': 'header', 'Type': 'character(len=80)', 'Dimensions': '-', 'Default': '""""', 'Units': 'N/A', 'Description': '-', 'Swat_codetype': '-'}"
path_water.ini,4,1,titldum,"{'Line in File': '4', 'Position in File': '1', 'Condition': '-', 'Local (Y/N)': 'Y', 'TYPE': '-', 'Component': 'titldum', 'Type': 'character(len=80)', 'Dimensions': '-', 'Default': '-', 'Units': 'N/A', 'Description': '-', 'Swat_codetype': '-'}","{'Line in File': '4', 'Position in File': '1', 'Condition': '-', 'Local (Y/N)': 'Y', 'TYPE': '-', 'Component': 'titldum', 'Type': 'character(len=80)', 'Dimensions': '-', 'Default': '""""', 'Units': 'N/A', 'Description': '-', 'Swat_codetype': '-'}"
path_water.ini,4,3,benthic,,"{'Line in File': '4', 'Position in File': '3', 'Condition': '-', 'Local (Y/N)': 'N', 'TYPE': 'path_water_ini', 'Component': 'benthic', 'Type': 'real', 'Dimensions': 'allocatable', 'Default': '-', 'Units': 'N/A', 'Description': 'ppm or #cfu/m^2 |amount of constituent in benthic at start of simulation', 'Swat_codetype': 'in_init'}"
path_water.ini,5,1,titldum,"{'Line in File': '5', 'Position in File': '1', 'Condition': '-', 'Local (Y/N)': 'Y', 'TYPE': '-', 'Component': 'titldum', 'Type': 'character(len=80)', 'Dimensions': '-', 'Default': '-', 'Units': 'N/A', 'Description': '-', 'Swat_codetype': '-'}",
path_water.ini,5,2,benthic,"{'Line in File': '5', 'Position in File': '2', 'Condition': '-', 'Local (Y/N)': 'N', 'TYPE': 'path_water_ini', 'Component': 'benthic', 'Type': 'real', 'Dimensions': 'allocatable', 'Default': '-', 'Units': 'N/A', 'Description': 'ppm or #cfu/m^2 |amount of constituent in benthic at start of simulation', 'Swat_codetype': 'in_init'}",
pathogens.pth,1,1,titldum,"{'Line in File': '1', 'Position in File': '1', 'Condition': '-', 'Local (Y/N)': 'Y', 'TYPE': '-', 'Component': 'titldum', 'Type': 'character(len=80)', 'Dimensions': '-', 'Default': '-', 'Units': 'N/A', 'Description': '-', 'Swat_codetype': '-'}","{'Line in File': '1', 'Position in File': '1', 'Condition': '-', 'Local (Y/N)': 'Y', 'TYPE': '-', 'Component': 'titldum', 'Type': 'character(len=80)', 'Dimensions': '-', 'Default': '""""', 'Units': 'N/A', 'Description': '-', 'Swat_codetype': '-'}"
pathogens.pth,2,1,header,"{'Line in File': '2', 'Position in File': '1', 'Condition': '-', 'Local (Y/N)': 'Y', 'TYPE': '-', 'Component': 'header', 'Type': 'character(len=80)', 'Dimensions': '-', 'Default': '-', 'Units': 'N/A', 'Description': '-', 'Swat_codetype': '-'}","{'Line in File': '2', 'Position in File': '1', 'Condition': '-', 'Local (Y/N)': 'Y', 'TYPE': '-', 'Component': 'header', 'Type': 'character(len=80)', 'Dimensions': '-', 'Default': '""""', 'Units': 'N/A', 'Description': '-', 'Swat_codetype': '-'}"
pathogens.pth,3,1,pathnm,"{'Line in File': '3', 'Position in File': '1', 'Condition': '-', 'Local (Y/N)': 'N', 'TYPE': 'pathogen_db', 'Component': 'pathnm', 'Type': 'character(len=16)', 'Dimensions': '-', 'Default': '-', 'Units': 'N/A', 'Description': '-', 'Swat_codetype': 'in_parmdb'}","{'Line in File': '3', 'Position in File': '1', 'Condition': '-', 'Local (Y/N)': 'N', 'TYPE': 'pathogen_db', 'Component': 'pathnm', 'Type': 'character(len=16)', 'Dimensions': '-', 'Default': '""""', 'Units': 'N/A', 'Description': '-', 'Swat_codetype': 'in_parmdb'}"
pathogens.pth,3,13,det_thrshd,"{'Line in File': '3', 'Position in File': '13', 'Condition': '-', 'Local (Y/N)': 'N', 'TYPE': 'pathogen_db', 'Component': 'det_thrshd', 'Type': 'real', 'Dimensions': '-', 'Default': '-', 'Units': 'N/A', 'Description': 'cfu/m^2 |Threshold detection level for less pers bac when pathogen levels', 'Swat_codetype': 'in_parmdb'}","{'Line in File': '3', 'Position in File': '13', 'Condition': '-', 'Local (Y/N)': 'N', 'TYPE': 'pathogen_db', 'Component': 'det_thrshd', 'Type': 'real', 'Dimensions': '-', 'Default': '0.', 'Units': 'N/A', 'Description': 'cfu/m^2 |Threshold detection level for less pers bac when pathogen levels', 'Swat_codetype': 'in_parmdb'}"
pathogens.pth,3,18,conc_min,,"{'Line in File': '3', 'Position in File': '18', 'Condition': '-', 'Local (Y/N)': 'N', 'TYPE': 'pathogen_db', 'Component': 'conc_min', 'Type': 'real', 'Dimensions': '-', 'Default': '0.', 'Units': 'N/A', 'Description': '|minimum pathogen concentration', 'Swat_codetype': 'in_parmdb'}"
pathogens.pth,3,18,swf,"{'Line in File': '3', 'Position in File': '18', 'Condition': '-', 'Local (Y/N)': 'N', 'TYPE': 'pathogen_db', 'Component': 'swf', 'Type': 'real', 'Dimensions': '-', 'Default': '0.', 'Units': 'N/A', 'Description': 'cfu |fraction of manure containing active colony forming units', 'Swat_codetype': 'in_parmdb'}",
pathogens.pth,3,19,conc_min,"{'Line in File': '3', 'Position in File': '19', 'Condition': '-', 'Local (Y/N)': 'N', 'TYPE': 'pathogen_db', 'Component': 'conc_min', 'Type': 'real', 'Dimensions': '-', 'Default': '-', 'Units': 'N/A', 'Description': '|', 'Swat_codetype': 'in_parmdb'}",
pathogens.pth,3,6,kd,"{'Line in File': '3', 'Position in File': '6', 'Condition': '-', 'Local (Y/N)': 'N', 'TYPE': 'pathogen_db', 'Component': 'kd', 'Type': 'real', 'Dimensions': '-', 'Default': '0.', 'Units': 'N/A', 'Description': 'none |Pthogen part coeff bet sol and sorbed phase in surf runoff', 'Swat_codetype': 'in_parmdb'}","{'Line in File': '3', 'Position in File': '6', 'Condition': '-', 'Local (Y/N)': 'N', 'TYPE': 'pathogen_db', 'Component': 'kd', 'Type': 'real', 'Dimensions': '-', 'Default': '0.', 'Units': 'N/A', 'Description': 'none |Pathogen part coeff bet sol and sorbed phase in surf runoff', 'Swat_codetype': 'in_parmdb'}"
pcp(i)%filename,1,1,titldum,"{'Line in File': '1', 'Position in File': '1', 'Condition': '-', 'Local (Y/N)': 'Y', 'TYPE': '-', 'Component': 'titldum', 'Type': 'character(len=80)', 'Dimensions': '-', 'Default': '-', 'Units': 'N/A', 'Description': '-', 'Swat_codetype': '-'}","{'Line in File': '1', 'Position in File': '1', 'Condition': '-', 'Local (Y/N)': 'Y', 'TYPE': '-', 'Component': 'titldum', 'Type': 'character(len=80)', 'Dimensions': '-', 'Default': '""""', 'Units': 'N/A', 'Description': '-', 'Swat_codetype': '-'}"
pcp(i)%filename,2,1,header,"{'Line in File': '2', 'Position in File': '1', 'Condition': '-', 'Local (Y/N)': 'Y', 'TYPE': '-', 'Component': 'header', 'Type': 'character(len=80)', 'Dimensions': '-', 'Default': '-', 'Units': 'N/A', 'Description': '-', 'Swat_codetype': '-'}","{'Line in File': '2', 'Position in File': '1', 'Condition': '-', 'Local (Y/N)': 'Y', 'TYPE': '-', 'Component': 'header', 'Type': 'character(len=80)', 'Dimensions': '-', 'Default': '""""', 'Units': 'N/A', 'Description': '-', 'Swat_codetype': '-'}"
pcp(i)%filename,3,1,nbyr,"{'Line in File': '3', 'Position in File': '1', 'Condition': '-', 'Local (Y/N)': 'N', 'TYPE': 'pcp', 'Component': 'nbyr', 'Type': 'integer', 'Dimensions': '-', 'Default': '-', 'Units': 'N/A', 'Description': 'number of years of daily rainfall', 'Swat_codetype': 'pcp'}","{'Line in File': '3', 'Position in File': '1', 'Condition': '-', 'Local (Y/N)': 'N', 'TYPE': 'pcp', 'Component': 'nbyr', 'Type': 'integer', 'Dimensions': '-', 'Default': '0', 'Units': 'N/A', 'Description': 'number of years of daily rainfall', 'Swat_codetype': 'pcp'}"
pcp(i)%filename,3,2,tstep,"{'Line in File': '3', 'Position in File': '2', 'Condition': '-', 'Local (Y/N)': 'N', 'TYPE': 'pcp', 'Component': 'tstep', 'Type': 'integer', 'Dimensions': '-', 'Default': '-', 'Units': 'N/A', 'Description': 'timestep of precipitation', 'Swat_codetype': 'pcp'}","{'Line in File': '3', 'Position in File': '2', 'Condition': '-', 'Local (Y/N)': 'N', 'TYPE': 'pcp', 'Component': 'tstep', 'Type': 'integer', 'Dimensions': '-', 'Default': '0', 'Units': 'N/A', 'Description': 'timestep of precipitation', 'Swat_codetype': 'pcp'}"
pcp(i)%filename,3,3,lat,"{'Line in File': '3', 'Position in File': '3', 'Condition': '-', 'Local (Y/N)': 'N', 'TYPE': 'pcp', 'Component': 'lat', 'Type': 'real', 'Dimensions': '-', 'Default': '-', 'Units': 'N/A', 'Description': 'latitude of raingage', 'Swat_codetype': 'pcp'}","{'Line in File': '3', 'Position in File': '3', 'Condition': '-', 'Local (Y/N)': 'N', 'TYPE': 'pcp', 'Component': 'lat', 'Type': 'real', 'Dimensions': '-', 'Default': '0.', 'Units': 'N/A', 'Description': 'latitude of raingage', 'Swat_codetype': 'pcp'}"
pcp(i)%filename,3,4,long,"{'Line in File': '3', 'Position in File': '4', 'Condition': '-', 'Local (Y/N)': 'N', 'TYPE': 'pcp', 'Component': 'long', 'Type': 'real', 'Dimensions': '-', 'Default': '-', 'Units': 'N/A', 'Description': 'longitude of raingage', 'Swat_codetype': 'pcp'}","{'Line in File': '3', 'Position in File': '4', 'Condition': '-', 'Local (Y/N)': 'N', 'TYPE': 'pcp', 'Component': 'long', 'Type': 'real', 'Dimensions': '-', 'Default': '0.', 'Units': 'N/A', 'Description': 'longitude of raingage', 'Swat_codetype': 'pcp'}"
pcp(i)%filename,3,5,elev,"{'Line in File': '3', 'Position in File': '5', 'Condition': '-', 'Local (Y/N)': 'N', 'TYPE': 'pcp', 'Component': 'elev', 'Type': 'real', 'Dimensions': '-', 'Default': '-', 'Units': 'N/A', 'Description': 'elevation of raingage', 'Swat_codetype': 'pcp'}","{'Line in File': '3', 'Position in File': '5', 'Condition': '-', 'Local (Y/N)': 'N', 'TYPE': 'pcp', 'Component': 'elev', 'Type': 'real', 'Dimensions': '-', 'Default': '0.', 'Units': 'N/A', 'Description': 'elevation of raingage', 'Swat_codetype': 'pcp'}"
pcp(i)%filename,4,1,iyr,"{'Line in File': '4', 'Position in File': '1', 'Condition': 'if (pcp(i)%tstep > 0)', 'Local (Y/N)': 'Y', 'TYPE': '-', 'Component': 'iyr', 'Type': 'integer', 'Dimensions': '-', 'Default': '-', 'Units': 'N/A', 'Description': '-', 'Swat_codetype': '-'}","{'Line in File': '4', 'Position in File': '1', 'Condition': 'if (pcp(i)%tstep > 0)', 'Local (Y/N)': 'Y', 'TYPE': '-', 'Component': 'iyr', 'Type': 'integer', 'Dimensions': '-', 'Default': '0', 'Units': 'N/A', 'Description': '-', 'Swat_codetype': '-'}"
pcp(i)%filename,4,2,istep,"{'Line in File': '4', 'Position in File': '2', 'Condition': 'if (pcp(i)%tstep > 0)', 'Local (Y/N)': 'Y', 'TYPE': '-', 'Component': 'istep', 'Type': 'integer', 'Dimensions': '-', 'Default': '-', 'Units': 'N/A', 'Description': '-', 'Swat_codetype': '-'}","{'Line in File': '4', 'Position in File': '2', 'Condition': 'if (pcp(i)%tstep > 0)', 'Local (Y/N)': 'Y', 'TYPE': '-', 'Component': 'istep', 'Type': 'integer', 'Dimensions': '-', 'Default': '0', 'Units': 'N/A', 'Description': '-', 'Swat_codetype': '-'}"
pcp(i)%filename,4,3,mo,"{'Line in File': '4', 'Position in File': '3', 'Condition': 'if (pcp(i)%tstep > 0)', 'Local (Y/N)': 'Y', 'TYPE': '-', 'Component': 'mo', 'Type': 'integer', 'Dimensions': '-', 'Default': '-', 'Units': 'N/A', 'Description': '-', 'Swat_codetype': '-'}","{'Line in File': '4', 'Position in File': '3', 'Condition': 'if (pcp(i)%tstep > 0)', 'Local (Y/N)': 'Y', 'TYPE': '-', 'Component': 'mo', 'Type': 'integer', 'Dimensions': '-', 'Default': '0', 'Units': 'N/A', 'Description': '-', 'Swat_codetype': '-'}"
pcp(i)%filename,4,4,day_mo,"{'Line in File': '4', 'Position in File': '4', 'Condition': 'if (pcp(i)%tstep > 0)', 'Local (Y/N)': 'Y', 'TYPE': '-', 'Component': 'day_mo', 'Type': 'integer', 'Dimensions': '-', 'Default': '-', 'Units': 'N/A', 'Description': '-', 'Swat_codetype': '-'}","{'Line in File': '4', 'Position in File': '4', 'Condition': 'if (pcp(i)%tstep > 0)', 'Local (Y/N)': 'Y', 'TYPE': '-', 'Component': 'day_mo', 'Type': 'integer', 'Dimensions': '-', 'Default': '0', 'Units': 'N/A', 'Description': '-', 'Swat_codetype': '-'}"
pcp(i)%filename,4,5,ihr,"{'Line in File': '4', 'Position in File': '5', 'Condition': 'if (pcp(i)%tstep > 0)', 'Local (Y/N)': 'Y', 'TYPE': '-', 'Component': 'ihr', 'Type': 'integer', 'Dimensions': '-', 'Default': '-', 'Units': 'N/A', 'Description': '-', 'Swat_codetype': '-'}","{'Line in File': '4', 'Position in File': '5', 'Condition': 'if (pcp(i)%tstep > 0)', 'Local (Y/N)': 'Y', 'TYPE': '-', 'Component': 'ihr', 'Type': 'integer', 'Dimensions': '-', 'Default': '0', 'Units': 'N/A', 'Description': '-', 'Swat_codetype': '-'}"
pcp(i)%filename,5,1,iyr,"{'Line in File': '5', 'Position in File': '1', 'Condition': 'if (pcp(i)%tstep > 0)', 'Local (Y/N)': 'Y', 'TYPE': '-', 'Component': 'iyr', 'Type': 'integer', 'Dimensions': '-', 'Default': '-', 'Units': 'N/A', 'Description': '-', 'Swat_codetype': '-'}","{'Line in File': '5', 'Position in File': '1', 'Condition': 'if (pcp(i)%tstep > 0)', 'Local (Y/N)': 'Y', 'TYPE': '-', 'Component': 'iyr', 'Type': 'integer', 'Dimensions': '-', 'Default': '0', 'Units': 'N/A', 'Description': '-', 'Swat_codetype': '-'}"
pcp(i)%filename,5,2,istep,"{'Line in File': '5', 'Position in File': '2', 'Condition': 'if (pcp(i)%tstep > 0)', 'Local (Y/N)': 'Y', 'TYPE': '-', 'Component': 'istep', 'Type': 'integer', 'Dimensions': '-', 'Default': '-', 'Units': 'N/A', 'Description': '-', 'Swat_codetype': '-'}","{'Line in File': '5', 'Position in File': '2', 'Condition': 'if (pcp(i)%tstep > 0)', 'Local (Y/N)': 'Y', 'TYPE': '-', 'Component': 'istep', 'Type': 'integer', 'Dimensions': '-', 'Default': '0', 'Units': 'N/A', 'Description': '-', 'Swat_codetype': '-'}"
pcp(i)%filename,6,1,iyr,"{'Line in File': '6', 'Position in File': '1', 'Condition': 'if (istep == 365 .or. istep == 366)', 'Local (Y/N)': 'Y', 'TYPE': '-', 'Component': 'iyr', 'Type': 'integer', 'Dimensions': '-', 'Default': '-', 'Units': 'N/A', 'Description': '-', 'Swat_codetype': '-'}","{'Line in File': '6', 'Position in File': '1', 'Condition': 'if (istep == 365 .or. istep == 366)', 'Local (Y/N)': 'Y', 'TYPE': '-', 'Component': 'iyr', 'Type': 'integer', 'Dimensions': '-', 'Default': '0', 'Units': 'N/A', 'Description': '-', 'Swat_codetype': '-'}"
pcp(i)%filename,6,2,istep,"{'Line in File': '6', 'Position in File': '2', 'Condition': 'if (istep == 365 .or. istep == 366)', 'Local (Y/N)': 'Y', 'TYPE': '-', 'Component': 'istep', 'Type': 'integer', 'Dimensions': '-', 'Default': '-', 'Units': 'N/A', 'Description': '-', 'Swat_codetype': '-'}","{'Line in File': '6', 'Position in File': '2', 'Condition': 'if (istep == 365 .or. istep == 366)', 'Local (Y/N)': 'Y', 'TYPE': '-', 'Component': 'istep', 'Type': 'integer', 'Dimensions': '-', 'Default': '0', 'Units': 'N/A', 'Description': '-', 'Swat_codetype': '-'}"
pcp.cli,1,1,titldum,"{'Line in File': '1', 'Position in File': '1', 'Condition': '-', 'Local (Y/N)': 'Y', 'TYPE': '-', 'Component': 'titldum', 'Type': 'character(len=80)', 'Dimensions': '-', 'Default': '-', 'Units': 'N/A', 'Description': '-', 'Swat_codetype': '-'}","{'Line in File': '1', 'Position in File': '1', 'Condition': '-', 'Local (Y/N)': 'Y', 'TYPE': '-', 'Component': 'titldum', 'Type': 'character(len=80)', 'Dimensions': '-', 'Default': '""""', 'Units': 'N/A', 'Description': '-', 'Swat_codetype': '-'}"
pcp.cli,2,1,header,"{'Line in File': '2', 'Position in File': '1', 'Condition': '-', 'Local (Y/N)': 'Y', 'TYPE': '-', 'Component': 'header', 'Type': 'character(len=80)', 'Dimensions': '-', 'Default': '-', 'Units': 'N/A', 'Description': '-', 'Swat_codetype': '-'}","{'Line in File': '2', 'Position in File': '1', 'Condition': '-', 'Local (Y/N)': 'Y', 'TYPE': '-', 'Component': 'header', 'Type': 'character(len=80)', 'Dimensions': '-', 'Default': '""""', 'Units': 'N/A', 'Description': '-', 'Swat_codetype': '-'}"
pcp.cli,3,1,filename,"{'Line in File': '3', 'Position in File': '1', 'Condition': '-', 'Local (Y/N)': 'N', 'TYPE': 'pcp', 'Component': 'filename', 'Type': 'character(len=50)', 'Dimensions': '-', 'Default': '-', 'Units': 'N/A', 'Description': '-', 'Swat_codetype': 'in_cli'}","{'Line in File': '3', 'Position in File': '1', 'Condition': '-', 'Local (Y/N)': 'N', 'TYPE': 'pcp', 'Component': 'filename', 'Type': 'character(len=50)', 'Dimensions': '-', 'Default': '""""', 'Units': 'N/A', 'Description': '-', 'Swat_codetype': 'in_cli'}"
pest.com,1,1,titldum,"{'Line in File': '1', 'Position in File': '1', 'Condition': '-', 'Local (Y/N)': 'Y', 'TYPE': '-', 'Component': 'titldum', 'Type': 'character(len=80)', 'Dimensions': '-', 'Default': '-', 'Units': 'N/A', 'Description': '-', 'Swat_codetype': '-'}","{'Line in File': '1', 'Position in File': '1', 'Condition': '-', 'Local (Y/N)': 'Y', 'TYPE': '-', 'Component': 'titldum', 'Type': 'character(len=80)', 'Dimensions': '-', 'Default': '""""', 'Units': 'N/A', 'Description': '-', 'Swat_codetype': '-'}"
pest.com,2,1,header,"{'Line in File': '2', 'Position in File': '1', 'Condition': '-', 'Local (Y/N)': 'Y', 'TYPE': '-', 'Component': 'header', 'Type': 'character(len=80)', 'Dimensions': '-', 'Default': '-', 'Units': 'N/A', 'Description': '-', 'Swat_codetype': '-'}","{'Line in File': '2', 'Position in File': '1', 'Condition': '-', 'Local (Y/N)': 'Y', 'TYPE': '-', 'Component': 'header', 'Type': 'character(len=80)', 'Dimensions': '-', 'Default': '""""', 'Units': 'N/A', 'Description': '-', 'Swat_codetype': '-'}"
pest.com,3,1,ipestcom_db,"{'Line in File': '3', 'Position in File': '1', 'Condition': '-', 'Local (Y/N)': 'Y', 'TYPE': '-', 'Component': 'ipestcom_db', 'Type': 'integer', 'Dimensions': '-', 'Default': '-', 'Units': 'N/A', 'Description': '-', 'Swat_codetype': '-'}","{'Line in File': '3', 'Position in File': '1', 'Condition': '-', 'Local (Y/N)': 'Y', 'TYPE': '-', 'Component': 'ipestcom_db', 'Type': 'integer', 'Dimensions': '-', 'Default': '0', 'Units': 'N/A', 'Description': '-', 'Swat_codetype': '-'}"
pest.com,4,1,k,"{'Line in File': '4', 'Position in File': '1', 'Condition': '-', 'Local (Y/N)': 'Y', 'TYPE': '-', 'Component': 'k', 'Type': 'integer', 'Dimensions': '-', 'Default': '-', 'Units': 'N/A', 'Description': '-', 'Swat_codetype': '-'}","{'Line in File': '4', 'Position in File': '1', 'Condition': '-', 'Local (Y/N)': 'Y', 'TYPE': '-', 'Component': 'k', 'Type': 'integer', 'Dimensions': '-', 'Default': '0', 'Units': 'N/A', 'Description': '-', 'Swat_codetype': '-'}"
pest.com,4,2,name,"{'Line in File': '4', 'Position in File': '2', 'Condition': '-', 'Local (Y/N)': 'N', 'TYPE': 'rec_pest', 'Component': 'name', 'Type': 'character(len=16)', 'Dimensions': '-', 'Default': '-', 'Units': 'N/A', 'Description': '-', 'Swat_codetype': 'rec_pest'}","{'Line in File': '4', 'Position in File': '2', 'Condition': '-', 'Local (Y/N)': 'N', 'TYPE': 'rec_pest', 'Component': 'name', 'Type': 'character(len=16)', 'Dimensions': '-', 'Default': '""""', 'Units': 'N/A', 'Description': '-', 'Swat_codetype': 'rec_pest'}"
pest.com,4,3,typ,"{'Line in File': '4', 'Position in File': '3', 'Condition': '-', 'Local (Y/N)': 'N', 'TYPE': 'rec_pest', 'Component': 'typ', 'Type': 'integer', 'Dimensions': '-', 'Default': '-', 'Units': 'N/A', 'Description': '-', 'Swat_codetype': 'rec_pest'}","{'Line in File': '4', 'Position in File': '3', 'Condition': '-', 'Local (Y/N)': 'N', 'TYPE': 'rec_pest', 'Component': 'typ', 'Type': 'integer', 'Dimensions': '-', 'Default': '0', 'Units': 'N/A', 'Description': '-', 'Swat_codetype': 'rec_pest'}"
pest.com,4,4,filename,"{'Line in File': '4', 'Position in File': '4', 'Condition': '-', 'Local (Y/N)': 'N', 'TYPE': 'rec_pest', 'Component': 'filename', 'Type': 'character(len=13)', 'Dimensions': '-', 'Default': '-', 'Units': 'N/A', 'Description': '-', 'Swat_codetype': 'rec_pest'}","{'Line in File': '4', 'Position in File': '4', 'Condition': '-', 'Local (Y/N)': 'N', 'TYPE': 'rec_pest', 'Component': 'filename', 'Type': 'character(len=13)', 'Dimensions': '-', 'Default': '""""', 'Units': 'N/A', 'Description': '-', 'Swat_codetype': 'rec_pest'}"
pest_hru.ini,1,1,titldum,"{'Line in File': '1', 'Position in File': '1', 'Condition': '-', 'Local (Y/N)': 'Y', 'TYPE': '-', 'Component': 'titldum', 'Type': 'character(len=80)', 'Dimensions': '-', 'Default': '-', 'Units': 'N/A', 'Description': '-', 'Swat_codetype': '-'}","{'Line in File': '1', 'Position in File': '1', 'Condition': '-', 'Local (Y/N)': 'Y', 'TYPE': '-', 'Component': 'titldum', 'Type': 'character(len=80)', 'Dimensions': '-', 'Default': '""""', 'Units': 'N/A', 'Description': '-', 'Swat_codetype': '-'}"
pest_hru.ini,2,1,header,"{'Line in File': '2', 'Position in File': '1', 'Condition': '-', 'Local (Y/N)': 'Y', 'TYPE': '-', 'Component': 'header', 'Type': 'character(len=80)', 'Dimensions': '-', 'Default': '-', 'Units': 'N/A', 'Description': '-', 'Swat_codetype': '-'}","{'Line in File': '2', 'Position in File': '1', 'Condition': '-', 'Local (Y/N)': 'Y', 'TYPE': '-', 'Component': 'header', 'Type': 'character(len=80)', 'Dimensions': '-', 'Default': '""""', 'Units': 'N/A', 'Description': '-', 'Swat_codetype': '-'}"
pest_hru.ini,3,1,name,"{'Line in File': '3', 'Position in File': '1', 'Condition': '-', 'Local (Y/N)': 'N', 'TYPE': 'pest_soil_ini', 'Component': 'name', 'Type': 'character(len=16)', 'Dimensions': '-', 'Default': '-', 'Units': 'N/A', 'Description': 'name of the constituent - points to constituent database', 'Swat_codetype': 'in_init'}","{'Line in File': '3', 'Position in File': '1', 'Condition': '-', 'Local (Y/N)': 'N', 'TYPE': 'pest_soil_ini', 'Component': 'name', 'Type': 'character(len=16)', 'Dimensions': '-', 'Default': '""""', 'Units': 'N/A', 'Description': 'name of the constituent - points to constituent database', 'Swat_codetype': 'in_init'}"
pest_hru.ini,4,1,titldum,"{'Line in File': '4', 'Position in File': '1', 'Condition': '-', 'Local (Y/N)': 'Y', 'TYPE': '-', 'Component': 'titldum', 'Type': 'character(len=80)', 'Dimensions': '-', 'Default': '-', 'Units': 'N/A', 'Description': '-', 'Swat_codetype': '-'}","{'Line in File': '4', 'Position in File': '1', 'Condition': '-', 'Local (Y/N)': 'Y', 'TYPE': '-', 'Component': 'titldum', 'Type': 'character(len=80)', 'Dimensions': '-', 'Default': '""""', 'Units': 'N/A', 'Description': '-', 'Swat_codetype': '-'}"
pest_metabolite.pes,1,1,titldum,"{'Line in File': '1', 'Position in File': '1', 'Condition': '-', 'Local (Y/N)': 'Y', 'TYPE': '-', 'Component': 'titldum', 'Type': 'character(len=80)', 'Dimensions': '-', 'Default': '-', 'Units': 'N/A', 'Description': '-', 'Swat_codetype': '-'}","{'Line in File': '1', 'Position in File': '1', 'Condition': '-', 'Local (Y/N)': 'Y', 'TYPE': '-', 'Component': 'titldum', 'Type': 'character(len=80)', 'Dimensions': '-', 'Default': '""""', 'Units': 'N/A', 'Description': '-', 'Swat_codetype': '-'}"
pest_metabolite.pes,2,1,header,"{'Line in File': '2', 'Position in File': '1', 'Condition': '-', 'Local (Y/N)': 'Y', 'TYPE': '-', 'Component': 'header', 'Type': 'character(len=80)', 'Dimensions': '-', 'Default': '-', 'Units': 'N/A', 'Description': '-', 'Swat_codetype': '-'}","{'Line in File': '2', 'Position in File': '1', 'Condition': '-', 'Local (Y/N)': 'Y', 'TYPE': '-', 'Component': 'header', 'Type': 'character(len=80)', 'Dimensions': '-', 'Default': '""""', 'Units': 'N/A', 'Description': '-', 'Swat_codetype': '-'}"
pest_metabolite.pes,3,1,parent_name,"{'Line in File': '3', 'Position in File': '1', 'Condition': '-', 'Local (Y/N)': 'Y', 'TYPE': '-', 'Component': 'parent_name', 'Type': 'character(len=16)', 'Dimensions': '-', 'Default': '-', 'Units': 'N/A', 'Description': '-', 'Swat_codetype': '-'}","{'Line in File': '3', 'Position in File': '1', 'Condition': '-', 'Local (Y/N)': 'Y', 'TYPE': '-', 'Component': 'parent_name', 'Type': 'character(len=16)', 'Dimensions': '-', 'Default': '""""', 'Units': 'N/A', 'Description': '-', 'Swat_codetype': '-'}"
pest_metabolite.pes,3,2,num_metab,"{'Line in File': '3', 'Position in File': '2', 'Condition': '-', 'Local (Y/N)': 'Y', 'TYPE': '-', 'Component': 'num_metab', 'Type': 'integer', 'Dimensions': '-', 'Default': '-', 'Units': 'N/A', 'Description': '-', 'Swat_codetype': '-'}","{'Line in File': '3', 'Position in File': '2', 'Condition': '-', 'Local (Y/N)': 'Y', 'TYPE': '-', 'Component': 'num_metab', 'Type': 'integer', 'Dimensions': '-', 'Default': '0', 'Units': 'N/A', 'Description': '-', 'Swat_codetype': '-'}"
pest_water.ini,1,1,titldum,"{'Line in File': '1', 'Position in File': '1', 'Condition': '-', 'Local (Y/N)': 'Y', 'TYPE': '-', 'Component': 'titldum', 'Type': 'character(len=80)', 'Dimensions': '-', 'Default': '-', 'Units': 'N/A', 'Description': '-', 'Swat_codetype': '-'}","{'Line in File': '1', 'Position in File': '1', 'Condition': '-', 'Local (Y/N)': 'Y', 'TYPE': '-', 'Component': 'titldum', 'Type': 'character(len=80)', 'Dimensions': '-', 'Default': '""""', 'Units': 'N/A', 'Description': '-', 'Swat_codetype': '-'}"
pest_water.ini,2,1,header,"{'Line in File': '2', 'Position in File': '1', 'Condition': '-', 'Local (Y/N)': 'Y', 'TYPE': '-', 'Component': 'header', 'Type': 'character(len=80)', 'Dimensions': '-', 'Default': '-', 'Units': 'N/A', 'Description': '-', 'Swat_codetype': '-'}","{'Line in File': '2', 'Position in File': '1', 'Condition': '-', 'Local (Y/N)': 'Y', 'TYPE': '-', 'Component': 'header', 'Type': 'character(len=80)', 'Dimensions': '-', 'Default': '""""', 'Units': 'N/A', 'Description': '-', 'Swat_codetype': '-'}"
pest_water.ini,4,1,titldum,"{'Line in File': '4', 'Position in File': '1', 'Condition': '-', 'Local (Y/N)': 'Y', 'TYPE': '-', 'Component': 'titldum', 'Type': 'character(len=80)', 'Dimensions': '-', 'Default': '-', 'Units': 'N/A', 'Description': '-', 'Swat_codetype': '-'}","{'Line in File': '4', 'Position in File': '1', 'Condition': '-', 'Local (Y/N)': 'Y', 'TYPE': '-', 'Component': 'titldum', 'Type': 'character(len=80)', 'Dimensions': '-', 'Default': '""""', 'Units': 'N/A', 'Description': '-', 'Swat_codetype': '-'}"
pest_water.ini,4,3,benthic,,"{'Line in File': '4', 'Position in File': '3', 'Condition': '-', 'Local (Y/N)': 'N', 'TYPE': 'pest_water_ini', 'Component': 'benthic', 'Type': 'real', 'Dimensions': 'allocatable', 'Default': '-', 'Units': 'N/A', 'Description': 'ppm or #cfu/m^2 |amount of constituent in benthic at start of simulation', 'Swat_codetype': 'in_init'}"
pest_water.ini,5,1,titldum,"{'Line in File': '5', 'Position in File': '1', 'Condition': '-', 'Local (Y/N)': 'Y', 'TYPE': '-', 'Component': 'titldum', 'Type': 'character(len=80)', 'Dimensions': '-', 'Default': '-', 'Units': 'N/A', 'Description': '-', 'Swat_codetype': '-'}",
pest_water.ini,5,2,benthic,"{'Line in File': '5', 'Position in File': '2', 'Condition': '-', 'Local (Y/N)': 'N', 'TYPE': 'pest_water_ini', 'Component': 'benthic', 'Type': 'real', 'Dimensions': 'allocatable', 'Default': '-', 'Units': 'N/A', 'Description': 'ppm or #cfu/m^2 |amount of constituent in benthic at start of simulation', 'Swat_codetype': 'in_init'}",
pesticide.pes,1,1,titldum,"{'Line in File': '1', 'Position in File': '1', 'Condition': '-', 'Local (Y/N)': 'Y', 'TYPE': '-', 'Component': 'titldum', 'Type': 'character(len=80)', 'Dimensions': '-', 'Default': '-', 'Units': 'N/A', 'Description': '-', 'Swat_codetype': '-'}","{'Line in File': '1', 'Position in File': '1', 'Condition': '-', 'Local (Y/N)': 'Y', 'TYPE': '-', 'Component': 'titldum', 'Type': 'character(len=80)', 'Dimensions': '-', 'Default': '""""', 'Units': 'N/A', 'Description': '-', 'Swat_codetype': '-'}"
pesticide.pes,2,1,header,"{'Line in File': '2', 'Position in File': '1', 'Condition': '-', 'Local (Y/N)': 'Y', 'TYPE': '-', 'Component': 'header', 'Type': 'character(len=80)', 'Dimensions': '-', 'Default': '-', 'Units': 'N/A', 'Description': '-', 'Swat_codetype': '-'}","{'Line in File': '2', 'Position in File': '1', 'Condition': '-', 'Local (Y/N)': 'Y', 'TYPE': '-', 'Component': 'header', 'Type': 'character(len=80)', 'Dimensions': '-', 'Default': '""""', 'Units': 'N/A', 'Description': '-', 'Swat_codetype': '-'}"
pesticide.pes,3,1,name,"{'Line in File': '3', 'Position in File': '1', 'Condition': '-', 'Local (Y/N)': 'N', 'TYPE': 'pesticide_db', 'Component': 'name', 'Type': 'character(len=16)', 'Dimensions': '-', 'Default': '-', 'Units': 'N/A', 'Description': '|pesticide name', 'Swat_codetype': 'in_parmdb'}","{'Line in File': '3', 'Position in File': '1', 'Condition': '-', 'Local (Y/N)': 'N', 'TYPE': 'pesticide_db', 'Component': 'name', 'Type': 'character(len=16)', 'Dimensions': '-', 'Default': '""""', 'Units': 'N/A', 'Description': '|pesticide name', 'Swat_codetype': 'in_parmdb'}"
pesticide.pes,3,16,descrip,"{'Line in File': '3', 'Position in File': '16', 'Condition': '-', 'Local (Y/N)': 'N', 'TYPE': 'pesticide_db', 'Component': 'descrip', 'Type': 'character(len=32)', 'Dimensions': '-', 'Default': '-', 'Units': 'N/A', 'Description': '-', 'Swat_codetype': 'in_parmdb'}","{'Line in File': '3', 'Position in File': '16', 'Condition': '-', 'Local (Y/N)': 'N', 'TYPE': 'pesticide_db', 'Component': 'descrip', 'Type': 'character(len=32)', 'Dimensions': '-', 'Default': '""""', 'Units': 'N/A', 'Description': '-', 'Swat_codetype': 'in_parmdb'}"
pesticide.pes,3,9,mol_wt,"{'Line in File': '3', 'Position in File': '9', 'Condition': '-', 'Local (Y/N)': 'N', 'TYPE': 'pesticide_db', 'Component': 'mol_wt', 'Type': 'real', 'Dimensions': '-', 'Default': '0.', 'Units': 'N/A', 'Description': 'g/mol |molecular weight - to calulate mixing velocity', 'Swat_codetype': 'in_parmdb'}","{'Line in File': '3', 'Position in File': '9', 'Condition': '-', 'Local (Y/N)': 'N', 'TYPE': 'pesticide_db', 'Component': 'mol_wt', 'Type': 'real', 'Dimensions': '-', 'Default': '0.', 'Units': 'N/A', 'Description': 'g/mol |molecular weight - to calculate mixing velocity', 'Swat_codetype': 'in_parmdb'}"
pet.cli,1,1,titldum,"{'Line in File': '1', 'Position in File': '1', 'Condition': '-', 'Local (Y/N)': 'Y', 'TYPE': '-', 'Component': 'titldum', 'Type': 'character(len=80)', 'Dimensions': '-', 'Default': '-', 'Units': 'N/A', 'Description': '-', 'Swat_codetype': '-'}","{'Line in File': '1', 'Position in File': '1', 'Condition': 'if (bsn_cc%pet == 3)', 'Local (Y/N)': 'Y', 'TYPE': '-', 'Component': 'titldum', 'Type': 'character(len=80)', 'Dimensions': '-', 'Default': '""""', 'Units': 'N/A', 'Description': '-', 'Swat_codetype': '-'}"
pet.cli,2,1,header,"{'Line in File': '2', 'Position in File': '1', 'Condition': '-', 'Local (Y/N)': 'Y', 'TYPE': '-', 'Component': 'header', 'Type': 'character(len=80)', 'Dimensions': '-', 'Default': '-', 'Units': 'N/A', 'Description': '-', 'Swat_codetype': '-'}","{'Line in File': '2', 'Position in File': '1', 'Condition': 'if (bsn_cc%pet == 3)', 'Local (Y/N)': 'Y', 'TYPE': '-', 'Component': 'header', 'Type': 'character(len=80)', 'Dimensions': '-', 'Default': '""""', 'Units': 'N/A', 'Description': '-', 'Swat_codetype': '-'}"
pet.cli,3,1,filename,"{'Line in File': '3', 'Position in File': '1', 'Condition': '-', 'Local (Y/N)': 'N', 'TYPE': 'petm', 'Component': 'filename', 'Type': 'character(len=50)', 'Dimensions': '-', 'Default': '-', 'Units': 'N/A', 'Description': '-', 'Swat_codetype': 'in_cli'}",
pet.cli,3,1,titldum,,"{'Line in File': '3', 'Position in File': '1', 'Condition': 'if (bsn_cc%pet == 3)', 'Local (Y/N)': 'Y', 'TYPE': '-', 'Component': 'titldum', 'Type': 'character(len=80)', 'Dimensions': '-', 'Default': '""""', 'Units': 'N/A', 'Description': '-', 'Swat_codetype': '-'}"
petm(i)%filename,1,1,titldum,"{'Line in File': '1', 'Position in File': '1', 'Condition': '-', 'Local (Y/N)': 'Y', 'TYPE': '-', 'Component': 'titldum', 'Type': 'character(len=80)', 'Dimensions': '-', 'Default': '-', 'Units': 'N/A', 'Description': '-', 'Swat_codetype': '-'}","{'Line in File': '1', 'Position in File': '1', 'Condition': '-', 'Local (Y/N)': 'Y', 'TYPE': '-', 'Component': 'titldum', 'Type': 'character(len=80)', 'Dimensions': '-', 'Default': '""""', 'Units': 'N/A', 'Description': '-', 'Swat_codetype': '-'}"
petm(i)%filename,2,1,header,"{'Line in File': '2', 'Position in File': '1', 'Condition': '-', 'Local (Y/N)': 'Y', 'TYPE': '-', 'Component': 'header', 'Type': 'character(len=80)', 'Dimensions': '-', 'Default': '-', 'Units': 'N/A', 'Description': '-', 'Swat_codetype': '-'}","{'Line in File': '2', 'Position in File': '1', 'Condition': '-', 'Local (Y/N)': 'Y', 'TYPE': '-', 'Component': 'header', 'Type': 'character(len=80)', 'Dimensions': '-', 'Default': '""""', 'Units': 'N/A', 'Description': '-', 'Swat_codetype': '-'}"
petm(i)%filename,3,1,nbyr,"{'Line in File': '3', 'Position in File': '1', 'Condition': '-', 'Local (Y/N)': 'N', 'TYPE': 'petm', 'Component': 'nbyr', 'Type': 'integer', 'Dimensions': '-', 'Default': '-', 'Units': 'N/A', 'Description': 'number of years of daily rainfall', 'Swat_codetype': 'petm'}","{'Line in File': '3', 'Position in File': '1', 'Condition': '-', 'Local (Y/N)': 'N', 'TYPE': 'petm', 'Component': 'nbyr', 'Type': 'integer', 'Dimensions': '-', 'Default': '0', 'Units': 'N/A', 'Description': 'number of years of daily rainfall', 'Swat_codetype': 'petm'}"
petm(i)%filename,3,2,tstep,"{'Line in File': '3', 'Position in File': '2', 'Condition': '-', 'Local (Y/N)': 'N', 'TYPE': 'petm', 'Component': 'tstep', 'Type': 'integer', 'Dimensions': '-', 'Default': '-', 'Units': 'N/A', 'Description': 'timestep of precipitation', 'Swat_codetype': 'petm'}","{'Line in File': '3', 'Position in File': '2', 'Condition': '-', 'Local (Y/N)': 'N', 'TYPE': 'petm', 'Component': 'tstep', 'Type': 'integer', 'Dimensions': '-', 'Default': '0', 'Units': 'N/A', 'Description': 'timestep of precipitation', 'Swat_codetype': 'petm'}"
petm(i)%filename,3,3,lat,"{'Line in File': '3', 'Position in File': '3', 'Condition': '-', 'Local (Y/N)': 'N', 'TYPE': 'petm', 'Component': 'lat', 'Type': 'real', 'Dimensions': '-', 'Default': '-', 'Units': 'N/A', 'Description': 'latitude of raingage', 'Swat_codetype': 'petm'}","{'Line in File': '3', 'Position in File': '3', 'Condition': '-', 'Local (Y/N)': 'N', 'TYPE': 'petm', 'Component': 'lat', 'Type': 'real', 'Dimensions': '-', 'Default': '0.', 'Units': 'N/A', 'Description': 'latitude of raingage', 'Swat_codetype': 'petm'}"
petm(i)%filename,3,4,long,"{'Line in File': '3', 'Position in File': '4', 'Condition': '-', 'Local (Y/N)': 'N', 'TYPE': 'petm', 'Component': 'long', 'Type': 'real', 'Dimensions': '-', 'Default': '-', 'Units': 'N/A', 'Description': 'longitude of raingage', 'Swat_codetype': 'petm'}","{'Line in File': '3', 'Position in File': '4', 'Condition': '-', 'Local (Y/N)': 'N', 'TYPE': 'petm', 'Component': 'long', 'Type': 'real', 'Dimensions': '-', 'Default': '0.', 'Units': 'N/A', 'Description': 'longitude of raingage', 'Swat_codetype': 'petm'}"
petm(i)%filename,3,5,elev,"{'Line in File': '3', 'Position in File': '5', 'Condition': '-', 'Local (Y/N)': 'N', 'TYPE': 'petm', 'Component': 'elev', 'Type': 'real', 'Dimensions': '-', 'Default': '-', 'Units': 'N/A', 'Description': 'elevation of raingage', 'Swat_codetype': 'petm'}","{'Line in File': '3', 'Position in File': '5', 'Condition': '-', 'Local (Y/N)': 'N', 'TYPE': 'petm', 'Component': 'elev', 'Type': 'real', 'Dimensions': '-', 'Default': '0.', 'Units': 'N/A', 'Description': 'elevation of raingage', 'Swat_codetype': 'petm'}"
petm(i)%filename,4,1,iyr,"{'Line in File': '4', 'Position in File': '1', 'Condition': 'if (iyr > time%yrc)', 'Local (Y/N)': 'Y', 'TYPE': '-', 'Component': 'iyr', 'Type': 'integer', 'Dimensions': '-', 'Default': '-', 'Units': 'N/A', 'Description': '-', 'Swat_codetype': '-'}","{'Line in File': '4', 'Position in File': '1', 'Condition': 'if (iyr > time%yrc)', 'Local (Y/N)': 'Y', 'TYPE': '-', 'Component': 'iyr', 'Type': 'integer', 'Dimensions': '-', 'Default': '0', 'Units': 'N/A', 'Description': '-', 'Swat_codetype': '-'}"
petm(i)%filename,4,2,istep,"{'Line in File': '4', 'Position in File': '2', 'Condition': 'if (iyr > time%yrc)', 'Local (Y/N)': 'Y', 'TYPE': '-', 'Component': 'istep', 'Type': 'integer', 'Dimensions': '-', 'Default': '-', 'Units': 'N/A', 'Description': '-', 'Swat_codetype': '-'}","{'Line in File': '4', 'Position in File': '2', 'Condition': 'if (iyr > time%yrc)', 'Local (Y/N)': 'Y', 'TYPE': '-', 'Component': 'istep', 'Type': 'integer', 'Dimensions': '-', 'Default': '0', 'Units': 'N/A', 'Description': '-', 'Swat_codetype': '-'}"
petm(i)%filename,5,1,iyr,"{'Line in File': '5', 'Position in File': '1', 'Condition': 'if (istep == 365 .or. istep == 366)', 'Local (Y/N)': 'Y', 'TYPE': '-', 'Component': 'iyr', 'Type': 'integer', 'Dimensions': '-', 'Default': '-', 'Units': 'N/A', 'Description': '-', 'Swat_codetype': '-'}","{'Line in File': '5', 'Position in File': '1', 'Condition': 'if (istep == 365 .or. istep == 366)', 'Local (Y/N)': 'Y', 'TYPE': '-', 'Component': 'iyr', 'Type': 'integer', 'Dimensions': '-', 'Default': '0', 'Units': 'N/A', 'Description': '-', 'Swat_codetype': '-'}"
petm(i)%filename,5,2,istep,"{'Line in File': '5', 'Position in File': '2', 'Condition': 'if (istep == 365 .or. istep == 366)', 'Local (Y/N)': 'Y', 'TYPE': '-', 'Component': 'istep', 'Type': 'integer', 'Dimensions': '-', 'Default': '-', 'Units': 'N/A', 'Description': '-', 'Swat_codetype': '-'}","{'Line in File': '5', 'Position in File': '2', 'Condition': 'if (istep == 365 .or. istep == 366)', 'Local (Y/N)': 'Y', 'TYPE': '-', 'Component': 'istep', 'Type': 'integer', 'Dimensions': '-', 'Default': '0', 'Units': 'N/A', 'Description': '-', 'Swat_codetype': '-'}"
plant_gro.sft,1,1,titldum,"{'Line in File': '1', 'Position in File': '1', 'Condition': '-', 'Local (Y/N)': 'Y', 'TYPE': '-', 'Component': 'titldum', 'Type': 'character(len=80)', 'Dimensions': '-', 'Default': '-', 'Units': 'N/A', 'Description': '-', 'Swat_codetype': '-'}","{'Line in File': '1', 'Position in File': '1', 'Condition': '-', 'Local (Y/N)': 'Y', 'TYPE': '-', 'Component': 'titldum', 'Type': 'character(len=80)', 'Dimensions': '-', 'Default': '""""', 'Units': 'N/A', 'Description': '-', 'Swat_codetype': '-'}"
plant_gro.sft,2,1,mreg,"{'Line in File': '2', 'Position in File': '1', 'Condition': '-', 'Local (Y/N)': 'Y', 'TYPE': '-', 'Component': 'mreg', 'Type': 'integer', 'Dimensions': '-', 'Default': '-', 'Units': 'N/A', 'Description': '-', 'Swat_codetype': '-'}","{'Line in File': '2', 'Position in File': '1', 'Condition': '-', 'Local (Y/N)': 'Y', 'TYPE': '-', 'Component': 'mreg', 'Type': 'integer', 'Dimensions': '-', 'Default': '0', 'Units': 'N/A', 'Description': '-', 'Swat_codetype': '-'}"
plant_gro.sft,3,1,header,"{'Line in File': '3', 'Position in File': '1', 'Condition': '-', 'Local (Y/N)': 'Y', 'TYPE': '-', 'Component': 'header', 'Type': 'character(len=80)', 'Dimensions': '-', 'Default': '-', 'Units': 'N/A', 'Description': '-', 'Swat_codetype': '-'}","{'Line in File': '3', 'Position in File': '1', 'Condition': '-', 'Local (Y/N)': 'Y', 'TYPE': '-', 'Component': 'header', 'Type': 'character(len=80)', 'Dimensions': '-', 'Default': '""""', 'Units': 'N/A', 'Description': '-', 'Swat_codetype': '-'}"
plant_gro.sft,4,2,lum_num,"{'Line in File': '4', 'Position in File': '2', 'Condition': 'if (nspu > 0)', 'Local (Y/N)': 'N', 'TYPE': 'plcal', 'Component': 'lum_num', 'Type': 'integer', 'Dimensions': '-', 'Default': '-', 'Units': 'N/A', 'Description': '-', 'Swat_codetype': 'in_chg'}","{'Line in File': '4', 'Position in File': '2', 'Condition': 'if (nspu > 0)', 'Local (Y/N)': 'N', 'TYPE': 'plcal', 'Component': 'lum_num', 'Type': 'integer', 'Dimensions': '-', 'Default': '0', 'Units': 'N/A', 'Description': '-', 'Swat_codetype': 'in_chg'}"
plant_gro.sft,4,3,nspu,"{'Line in File': '4', 'Position in File': '3', 'Condition': 'if (nspu > 0)', 'Local (Y/N)': 'Y', 'TYPE': '-', 'Component': 'nspu', 'Type': 'integer', 'Dimensions': '-', 'Default': '-', 'Units': 'N/A', 'Description': '-', 'Swat_codetype': '-'}","{'Line in File': '4', 'Position in File': '3', 'Condition': 'if (nspu > 0)', 'Local (Y/N)': 'Y', 'TYPE': '-', 'Component': 'nspu', 'Type': 'integer', 'Dimensions': '-', 'Default': '0', 'Units': 'N/A', 'Description': '-', 'Swat_codetype': '-'}"
plant_gro.sft,5,1,header,"{'Line in File': '5', 'Position in File': '1', 'Condition': 'if (plcal(i)%lum_num > 0)', 'Local (Y/N)': 'Y', 'TYPE': '-', 'Component': 'header', 'Type': 'character(len=80)', 'Dimensions': '-', 'Default': '-', 'Units': 'N/A', 'Description': '-', 'Swat_codetype': '-'}","{'Line in File': '5', 'Position in File': '1', 'Condition': 'if (plcal(i)%lum_num > 0)', 'Local (Y/N)': 'Y', 'TYPE': '-', 'Component': 'header', 'Type': 'character(len=80)', 'Dimensions': '-', 'Default': '""""', 'Units': 'N/A', 'Description': '-', 'Swat_codetype': '-'}"
plant_parms.sft,1,1,titldum,"{'Line in File': '1', 'Position in File': '1', 'Condition': '-', 'Local (Y/N)': 'Y', 'TYPE': '-', 'Component': 'titldum', 'Type': 'character(len=80)', 'Dimensions': '-', 'Default': '-', 'Units': 'N/A', 'Description': '-', 'Swat_codetype': '-'}","{'Line in File': '1', 'Position in File': '1', 'Condition': '-', 'Local (Y/N)': 'Y', 'TYPE': '-', 'Component': 'titldum', 'Type': 'character(len=80)', 'Dimensions': '-', 'Default': '""""', 'Units': 'N/A', 'Description': '-', 'Swat_codetype': '-'}"
plant_parms.sft,2,1,mreg,"{'Line in File': '2', 'Position in File': '1', 'Condition': '-', 'Local (Y/N)': 'Y', 'TYPE': '-', 'Component': 'mreg', 'Type': 'integer', 'Dimensions': '-', 'Default': '-', 'Units': 'N/A', 'Description': '-', 'Swat_codetype': '-'}","{'Line in File': '2', 'Position in File': '1', 'Condition': '-', 'Local (Y/N)': 'Y', 'TYPE': '-', 'Component': 'mreg', 'Type': 'integer', 'Dimensions': '-', 'Default': '0', 'Units': 'N/A', 'Description': '-', 'Swat_codetype': '-'}"
plant_parms.sft,3,1,header,"{'Line in File': '3', 'Position in File': '1', 'Condition': '-', 'Local (Y/N)': 'Y', 'TYPE': '-', 'Component': 'header', 'Type': 'character(len=80)', 'Dimensions': '-', 'Default': '-', 'Units': 'N/A', 'Description': '-', 'Swat_codetype': '-'}","{'Line in File': '3', 'Position in File': '1', 'Condition': '-', 'Local (Y/N)': 'Y', 'TYPE': '-', 'Component': 'header', 'Type': 'character(len=80)', 'Dimensions': '-', 'Default': '""""', 'Units': 'N/A', 'Description': '-', 'Swat_codetype': '-'}"
plant_parms.sft,4,2,lum_num,"{'Line in File': '4', 'Position in File': '2', 'Condition': 'if (nspu > 0)', 'Local (Y/N)': 'N', 'TYPE': 'pl_prms', 'Component': 'lum_num', 'Type': 'integer', 'Dimensions': '-', 'Default': '-', 'Units': 'N/A', 'Description': '-', 'Swat_codetype': 'in_chg'}","{'Line in File': '4', 'Position in File': '2', 'Condition': 'if (nspu > 0)', 'Local (Y/N)': 'N', 'TYPE': 'pl_prms', 'Component': 'lum_num', 'Type': 'integer', 'Dimensions': '-', 'Default': '0', 'Units': 'N/A', 'Description': '-', 'Swat_codetype': 'in_chg'}"
plant_parms.sft,4,3,nspu,"{'Line in File': '4', 'Position in File': '3', 'Condition': 'if (nspu > 0)', 'Local (Y/N)': 'Y', 'TYPE': '-', 'Component': 'nspu', 'Type': 'integer', 'Dimensions': '-', 'Default': '-', 'Units': 'N/A', 'Description': '-', 'Swat_codetype': '-'}","{'Line in File': '4', 'Position in File': '3', 'Condition': 'if (nspu > 0)', 'Local (Y/N)': 'Y', 'TYPE': '-', 'Component': 'nspu', 'Type': 'integer', 'Dimensions': '-', 'Default': '0', 'Units': 'N/A', 'Description': '-', 'Swat_codetype': '-'}"
plant_parms.sft,5,1,header,"{'Line in File': '5', 'Position in File': '1', 'Condition': 'if (pl_prms(i)%lum_num > 0)', 'Local (Y/N)': 'Y', 'TYPE': '-', 'Component': 'header', 'Type': 'character(len=80)', 'Dimensions': '-', 'Default': '-', 'Units': 'N/A', 'Description': '-', 'Swat_codetype': '-'}","{'Line in File': '5', 'Position in File': '1', 'Condition': 'if (pl_prms(i)%lum_num > 0)', 'Local (Y/N)': 'Y', 'TYPE': '-', 'Component': 'header', 'Type': 'character(len=80)', 'Dimensions': '-', 'Default': '""""', 'Units': 'N/A', 'Description': '-', 'Swat_codetype': '-'}"
plants.plt,1,1,titldum,"{'Line in File': '1', 'Position in File': '1', 'Condition': '-', 'Local (Y/N)': 'Y', 'TYPE': '-', 'Component': 'titldum', 'Type': 'character(len=80)', 'Dimensions': '-', 'Default': '-', 'Units': 'N/A', 'Description': '-', 'Swat_codetype': '-'}","{'Line in File': '1', 'Position in File': '1', 'Condition': '-', 'Local (Y/N)': 'Y', 'TYPE': '-', 'Component': 'titldum', 'Type': 'character(len=80)', 'Dimensions': '-', 'Default': '""""', 'Units': 'N/A', 'Description': '-', 'Swat_codetype': '-'}"
plants.plt,2,1,header,"{'Line in File': '2', 'Position in File': '1', 'Condition': '-', 'Local (Y/N)': 'Y', 'TYPE': '-', 'Component': 'header', 'Type': 'character(len=80)', 'Dimensions': '-', 'Default': '-', 'Units': 'N/A', 'Description': '-', 'Swat_codetype': '-'}","{'Line in File': '2', 'Position in File': '1', 'Condition': '-', 'Local (Y/N)': 'Y', 'TYPE': '-', 'Component': 'header', 'Type': 'character(len=80)', 'Dimensions': '-', 'Default': '""""', 'Units': 'N/A', 'Description': '-', 'Swat_codetype': '-'}"
plants.plt,3,1,plantnm,"{'Line in File': '3', 'Position in File': '1', 'Condition': '-', 'Local (Y/N)': 'N', 'TYPE': 'plant_db', 'Component': 'plantnm', 'Type': 'character(len=40)', 'Dimensions': '-', 'Default': '-', 'Units': 'N/A', 'Description': '-', 'Swat_codetype': 'in_parmdb'}","{'Line in File': '3', 'Position in File': '1', 'Condition': 'if (bsn_cc%nam1 == 0)', 'Local (Y/N)': 'N', 'TYPE': 'plant_db', 'Component': 'plantnm', 'Type': 'character(len=40)', 'Dimensions': '-', 'Default': '""""', 'Units': 'N/A', 'Description': '-', 'Swat_codetype': 'in_parmdb'}"
plants.plt,3,10,laimx1,"{'Line in File': '3', 'Position in File': '10', 'Condition': '-', 'Local (Y/N)': 'N', 'TYPE': 'plant_db', 'Component': 'laimx1', 'Type': 'real', 'Dimensions': '-', 'Default': '0.05', 'Units': 'N/A', 'Description': '-', 'Swat_codetype': 'in_parmdb'}","{'Line in File': '3', 'Position in File': '10', 'Condition': 'if (bsn_cc%nam1 == 0)', 'Local (Y/N)': 'N', 'TYPE': 'plant_db', 'Component': 'laimx1', 'Type': 'real', 'Dimensions': '-', 'Default': '0.05', 'Units': 'N/A', 'Description': '-', 'Swat_codetype': 'in_parmdb'}"
plants.plt,3,11,frgrw2,"{'Line in File': '3', 'Position in File': '11', 'Condition': '-', 'Local (Y/N)': 'N', 'TYPE': 'plant_db', 'Component': 'frgrw2', 'Type': 'real', 'Dimensions': '-', 'Default': '0.4', 'Units': 'N/A', 'Description': '-', 'Swat_codetype': 'in_parmdb'}","{'Line in File': '3', 'Position in File': '11', 'Condition': 'if (bsn_cc%nam1 == 0)', 'Local (Y/N)': 'N', 'TYPE': 'plant_db', 'Component': 'frgrw2', 'Type': 'real', 'Dimensions': '-', 'Default': '0.4', 'Units': 'N/A', 'Description': '-', 'Swat_codetype': 'in_parmdb'}"
plants.plt,3,12,laimx2,"{'Line in File': '3', 'Position in File': '12', 'Condition': '-', 'Local (Y/N)': 'N', 'TYPE': 'plant_db', 'Component': 'laimx2', 'Type': 'real', 'Dimensions': '-', 'Default': '0.95', 'Units': 'N/A', 'Description': '-', 'Swat_codetype': 'in_parmdb'}","{'Line in File': '3', 'Position in File': '12', 'Condition': 'if (bsn_cc%nam1 == 0)', 'Local (Y/N)': 'N', 'TYPE': 'plant_db', 'Component': 'laimx2', 'Type': 'real', 'Dimensions': '-', 'Default': '0.95', 'Units': 'N/A', 'Description': '-', 'Swat_codetype': 'in_parmdb'}"
plants.plt,3,13,dlai,"{'Line in File': '3', 'Position in File': '13', 'Condition': '-', 'Local (Y/N)': 'N', 'TYPE': 'plant_db', 'Component': 'dlai', 'Type': 'real', 'Dimensions': '-', 'Default': '0.99', 'Units': 'N/A', 'Description': '-', 'Swat_codetype': 'in_parmdb'}","{'Line in File': '3', 'Position in File': '13', 'Condition': 'if (bsn_cc%nam1 == 0)', 'Local (Y/N)': 'N', 'TYPE': 'plant_db', 'Component': 'dlai', 'Type': 'real', 'Dimensions': '-', 'Default': '0.99', 'Units': 'N/A', 'Description': '-', 'Swat_codetype': 'in_parmdb'}"
plants.plt,3,14,dlai_rate,"{'Line in File': '3', 'Position in File': '14', 'Condition': '-', 'Local (Y/N)': 'N', 'TYPE': 'plant_db', 'Component': 'dlai_rate', 'Type': 'real', 'Dimensions': '-', 'Default': '1.', 'Units': 'N/A', 'Description': '-', 'Swat_codetype': 'in_parmdb'}","{'Line in File': '3', 'Position in File': '14', 'Condition': 'if (bsn_cc%nam1 == 0)', 'Local (Y/N)': 'N', 'TYPE': 'plant_db', 'Component': 'dlai_rate', 'Type': 'real', 'Dimensions': '-', 'Default': '1.', 'Units': 'N/A', 'Description': '-', 'Swat_codetype': 'in_parmdb'}"
plants.plt,3,15,chtmx,"{'Line in File': '3', 'Position in File': '15', 'Condition': '-', 'Local (Y/N)': 'N', 'TYPE': 'plant_db', 'Component': 'chtmx', 'Type': 'real', 'Dimensions': '-', 'Default': '6.0', 'Units': 'N/A', 'Description': '-', 'Swat_codetype': 'in_parmdb'}","{'Line in File': '3', 'Position in File': '15', 'Condition': 'if (bsn_cc%nam1 == 0)', 'Local (Y/N)': 'N', 'TYPE': 'plant_db', 'Component': 'chtmx', 'Type': 'real', 'Dimensions': '-', 'Default': '6.0', 'Units': 'N/A', 'Description': '-', 'Swat_codetype': 'in_parmdb'}"
plants.plt,3,16,rdmx,"{'Line in File': '3', 'Position in File': '16', 'Condition': '-', 'Local (Y/N)': 'N', 'TYPE': 'plant_db', 'Component': 'rdmx', 'Type': 'real', 'Dimensions': '-', 'Default': '3.5', 'Units': 'N/A', 'Description': '-', 'Swat_codetype': 'in_parmdb'}","{'Line in File': '3', 'Position in File': '16', 'Condition': 'if (bsn_cc%nam1 == 0)', 'Local (Y/N)': 'N', 'TYPE': 'plant_db', 'Component': 'rdmx', 'Type': 'real', 'Dimensions': '-', 'Default': '3.5', 'Units': 'N/A', 'Description': '-', 'Swat_codetype': 'in_parmdb'}"
plants.plt,3,17,t_opt,"{'Line in File': '3', 'Position in File': '17', 'Condition': '-', 'Local (Y/N)': 'N', 'TYPE': 'plant_db', 'Component': 't_opt', 'Type': 'real', 'Dimensions': '-', 'Default': '30.', 'Units': 'N/A', 'Description': '-', 'Swat_codetype': 'in_parmdb'}","{'Line in File': '3', 'Position in File': '17', 'Condition': 'if (bsn_cc%nam1 == 0)', 'Local (Y/N)': 'N', 'TYPE': 'plant_db', 'Component': 't_opt', 'Type': 'real', 'Dimensions': '-', 'Default': '30.', 'Units': 'N/A', 'Description': '-', 'Swat_codetype': 'in_parmdb'}"
plants.plt,3,18,t_base,"{'Line in File': '3', 'Position in File': '18', 'Condition': '-', 'Local (Y/N)': 'N', 'TYPE': 'plant_db', 'Component': 't_base', 'Type': 'real', 'Dimensions': '-', 'Default': '10.', 'Units': 'N/A', 'Description': '-', 'Swat_codetype': 'in_parmdb'}","{'Line in File': '3', 'Position in File': '18', 'Condition': 'if (bsn_cc%nam1 == 0)', 'Local (Y/N)': 'N', 'TYPE': 'plant_db', 'Component': 't_base', 'Type': 'real', 'Dimensions': '-', 'Default': '10.', 'Units': 'N/A', 'Description': '-', 'Swat_codetype': 'in_parmdb'}"
plants.plt,3,19,cnyld,"{'Line in File': '3', 'Position in File': '19', 'Condition': '-', 'Local (Y/N)': 'N', 'TYPE': 'plant_db', 'Component': 'cnyld', 'Type': 'real', 'Dimensions': '-', 'Default': '0.0015', 'Units': 'N/A', 'Description': '-', 'Swat_codetype': 'in_parmdb'}","{'Line in File': '3', 'Position in File': '19', 'Condition': 'if (bsn_cc%nam1 == 0)', 'Local (Y/N)': 'N', 'TYPE': 'plant_db', 'Component': 'cnyld', 'Type': 'real', 'Dimensions': '-', 'Default': '0.0015', 'Units': 'N/A', 'Description': '-', 'Swat_codetype': 'in_parmdb'}"
plants.plt,3,2,typ,"{'Line in File': '3', 'Position in File': '2', 'Condition': '-', 'Local (Y/N)': 'N', 'TYPE': 'plant_db', 'Component': 'typ', 'Type': 'character(len=18)', 'Dimensions': '-', 'Default': '-', 'Units': 'N/A', 'Description': '-', 'Swat_codetype': 'in_parmdb'}","{'Line in File': '3', 'Position in File': '2', 'Condition': 'if (bsn_cc%nam1 == 0)', 'Local (Y/N)': 'N', 'TYPE': 'plant_db', 'Component': 'typ', 'Type': 'character(len=18)', 'Dimensions': '-', 'Default': '""""', 'Units': 'N/A', 'Description': '-', 'Swat_codetype': 'in_parmdb'}"
plants.plt,3,20,cpyld,"{'Line in File': '3', 'Position in File': '20', 'Condition': '-', 'Local (Y/N)': 'N', 'TYPE': 'plant_db', 'Component': 'cpyld', 'Type': 'real', 'Dimensions': '-', 'Default': '0.0003', 'Units': 'N/A', 'Description': '-', 'Swat_codetype': 'in_parmdb'}","{'Line in File': '3', 'Position in File': '20', 'Condition': 'if (bsn_cc%nam1 == 0)', 'Local (Y/N)': 'N', 'TYPE': 'plant_db', 'Component': 'cpyld', 'Type': 'real', 'Dimensions': '-', 'Default': '0.0003', 'Units': 'N/A', 'Description': '-', 'Swat_codetype': 'in_parmdb'}"
plants.plt,3,21,pltnfr1,"{'Line in File': '3', 'Position in File': '21', 'Condition': '-', 'Local (Y/N)': 'N', 'TYPE': 'plant_db', 'Component': 'pltnfr1', 'Type': 'real', 'Dimensions': '-', 'Default': '0.006', 'Units': 'N/A', 'Description': '-', 'Swat_codetype': 'in_parmdb'}","{'Line in File': '3', 'Position in File': '21', 'Condition': 'if (bsn_cc%nam1 == 0)', 'Local (Y/N)': 'N', 'TYPE': 'plant_db', 'Component': 'pltnfr1', 'Type': 'real', 'Dimensions': '-', 'Default': '0.006', 'Units': 'N/A', 'Description': '-', 'Swat_codetype': 'in_parmdb'}"
plants.plt,3,22,pltnfr2,"{'Line in File': '3', 'Position in File': '22', 'Condition': '-', 'Local (Y/N)': 'N', 'TYPE': 'plant_db', 'Component': 'pltnfr2', 'Type': 'real', 'Dimensions': '-', 'Default': '0.002', 'Units': 'N/A', 'Description': '-', 'Swat_codetype': 'in_parmdb'}","{'Line in File': '3', 'Position in File': '22', 'Condition': 'if (bsn_cc%nam1 == 0)', 'Local (Y/N)': 'N', 'TYPE': 'plant_db', 'Component': 'pltnfr2', 'Type': 'real', 'Dimensions': '-', 'Default': '0.002', 'Units': 'N/A', 'Description': '-', 'Swat_codetype': 'in_parmdb'}"
plants.plt,3,23,pltnfr3,"{'Line in File': '3', 'Position in File': '23', 'Condition': '-', 'Local (Y/N)': 'N', 'TYPE': 'plant_db', 'Component': 'pltnfr3', 'Type': 'real', 'Dimensions': '-', 'Default': '0.0015', 'Units': 'N/A', 'Description': '-', 'Swat_codetype': 'in_parmdb'}","{'Line in File': '3', 'Position in File': '23', 'Condition': 'if (bsn_cc%nam1 == 0)', 'Local (Y/N)': 'N', 'TYPE': 'plant_db', 'Component': 'pltnfr3', 'Type': 'real', 'Dimensions': '-', 'Default': '0.0015', 'Units': 'N/A', 'Description': '-', 'Swat_codetype': 'in_parmdb'}"
plants.plt,3,24,pltpfr1,"{'Line in File': '3', 'Position in File': '24', 'Condition': '-', 'Local (Y/N)': 'N', 'TYPE': 'plant_db', 'Component': 'pltpfr1', 'Type': 'real', 'Dimensions': '-', 'Default': '0.0007', 'Units': 'N/A', 'Description': '-', 'Swat_codetype': 'in_parmdb'}","{'Line in File': '3', 'Position in File': '24', 'Condition': 'if (bsn_cc%nam1 == 0)', 'Local (Y/N)': 'N', 'TYPE': 'plant_db', 'Component': 'pltpfr1', 'Type': 'real', 'Dimensions': '-', 'Default': '0.0007', 'Units': 'N/A', 'Description': '-', 'Swat_codetype': 'in_parmdb'}"
plants.plt,3,25,pltpfr2,"{'Line in File': '3', 'Position in File': '25', 'Condition': '-', 'Local (Y/N)': 'N', 'TYPE': 'plant_db', 'Component': 'pltpfr2', 'Type': 'real', 'Dimensions': '-', 'Default': '0.0004', 'Units': 'N/A', 'Description': '-', 'Swat_codetype': 'in_parmdb'}","{'Line in File': '3', 'Position in File': '25', 'Condition': 'if (bsn_cc%nam1 == 0)', 'Local (Y/N)': 'N', 'TYPE': 'plant_db', 'Component': 'pltpfr2', 'Type': 'real', 'Dimensions': '-', 'Default': '0.0004', 'Units': 'N/A', 'Description': '-', 'Swat_codetype': 'in_parmdb'}"
plants.plt,3,26,pltpfr3,"{'Line in File': '3', 'Position in File': '26', 'Condition': '-', 'Local (Y/N)': 'N', 'TYPE': 'plant_db', 'Component': 'pltpfr3', 'Type': 'real', 'Dimensions': '-', 'Default': '0.0003', 'Units': 'N/A', 'Description': '-', 'Swat_codetype': 'in_parmdb'}","{'Line in File': '3', 'Position in File': '26', 'Condition': 'if (bsn_cc%nam1 == 0)', 'Local (Y/N)': 'N', 'TYPE': 'plant_db', 'Component': 'pltpfr3', 'Type': 'real', 'Dimensions': '-', 'Default': '0.0003', 'Units': 'N/A', 'Description': '-', 'Swat_codetype': 'in_parmdb'}"
plants.plt,3,27,wsyf,"{'Line in File': '3', 'Position in File': '27', 'Condition': '-', 'Local (Y/N)': 'N', 'TYPE': 'plant_db', 'Component': 'wsyf', 'Type': 'real', 'Dimensions': '-', 'Default': '0.01', 'Units': 'N/A', 'Description': '-', 'Swat_codetype': 'in_parmdb'}","{'Line in File': '3', 'Position in File': '27', 'Condition': 'if (bsn_cc%nam1 == 0)', 'Local (Y/N)': 'N', 'TYPE': 'plant_db', 'Component': 'wsyf', 'Type': 'real', 'Dimensions': '-', 'Default': '0.01', 'Units': 'N/A', 'Description': '-', 'Swat_codetype': 'in_parmdb'}"
plants.plt,3,28,usle_c,"{'Line in File': '3', 'Position in File': '28', 'Condition': '-', 'Local (Y/N)': 'N', 'TYPE': 'plant_db', 'Component': 'usle_c', 'Type': 'real', 'Dimensions': '-', 'Default': '0.001', 'Units': 'N/A', 'Description': '-', 'Swat_codetype': 'in_parmdb'}","{'Line in File': '3', 'Position in File': '28', 'Condition': 'if (bsn_cc%nam1 == 0)', 'Local (Y/N)': 'N', 'TYPE': 'plant_db', 'Component': 'usle_c', 'Type': 'real', 'Dimensions': '-', 'Default': '0.001', 'Units': 'N/A', 'Description': '-', 'Swat_codetype': 'in_parmdb'}"
plants.plt,3,29,gsi,"{'Line in File': '3', 'Position in File': '29', 'Condition': '-', 'Local (Y/N)': 'N', 'TYPE': 'plant_db', 'Component': 'gsi', 'Type': 'real', 'Dimensions': '-', 'Default': '0.002', 'Units': 'N/A', 'Description': '-', 'Swat_codetype': 'in_parmdb'}","{'Line in File': '3', 'Position in File': '29', 'Condition': 'if (bsn_cc%nam1 == 0)', 'Local (Y/N)': 'N', 'TYPE': 'plant_db', 'Component': 'gsi', 'Type': 'real', 'Dimensions': '-', 'Default': '0.002', 'Units': 'N/A', 'Description': '-', 'Swat_codetype': 'in_parmdb'}"
plants.plt,3,3,trig,"{'Line in File': '3', 'Position in File': '3', 'Condition': '-', 'Local (Y/N)': 'N', 'TYPE': 'plant_db', 'Component': 'trig', 'Type': 'character(len=18)', 'Dimensions': '-', 'Default': '-', 'Units': 'N/A', 'Description': '-', 'Swat_codetype': 'in_parmdb'}","{'Line in File': '3', 'Position in File': '3', 'Condition': 'if (bsn_cc%nam1 == 0)', 'Local (Y/N)': 'N', 'TYPE': 'plant_db', 'Component': 'trig', 'Type': 'character(len=18)', 'Dimensions': '-', 'Default': '""""', 'Units': 'N/A', 'Description': '-', 'Swat_codetype': 'in_parmdb'}"
plants.plt,3,30,vpdfr,"{'Line in File': '3', 'Position in File': '30', 'Condition': '-', 'Local (Y/N)': 'N', 'TYPE': 'plant_db', 'Component': 'vpdfr', 'Type': 'real', 'Dimensions': '-', 'Default': '4.', 'Units': 'N/A', 'Description': '-', 'Swat_codetype': 'in_parmdb'}","{'Line in File': '3', 'Position in File': '30', 'Condition': 'if (bsn_cc%nam1 == 0)', 'Local (Y/N)': 'N', 'TYPE': 'plant_db', 'Component': 'vpdfr', 'Type': 'real', 'Dimensions': '-', 'Default': '4.', 'Units': 'N/A', 'Description': '-', 'Swat_codetype': 'in_parmdb'}"
plants.plt,3,31,gmaxfr,"{'Line in File': '3', 'Position in File': '31', 'Condition': '-', 'Local (Y/N)': 'N', 'TYPE': 'plant_db', 'Component': 'gmaxfr', 'Type': 'real', 'Dimensions': '-', 'Default': '0.75', 'Units': 'N/A', 'Description': '-', 'Swat_codetype': 'in_parmdb'}","{'Line in File': '3', 'Position in File': '31', 'Condition': 'if (bsn_cc%nam1 == 0)', 'Local (Y/N)': 'N', 'TYPE': 'plant_db', 'Component': 'gmaxfr', 'Type': 'real', 'Dimensions': '-', 'Default': '0.75', 'Units': 'N/A', 'Description': '-', 'Swat_codetype': 'in_parmdb'}"
plants.plt,3,32,wavp,"{'Line in File': '3', 'Position in File': '32', 'Condition': '-', 'Local (Y/N)': 'N', 'TYPE': 'plant_db', 'Component': 'wavp', 'Type': 'real', 'Dimensions': '-', 'Default': '8.', 'Units': 'N/A', 'Description': '-', 'Swat_codetype': 'in_parmdb'}","{'Line in File': '3', 'Position in File': '32', 'Condition': 'if (bsn_cc%nam1 == 0)', 'Local (Y/N)': 'N', 'TYPE': 'plant_db', 'Component': 'wavp', 'Type': 'real', 'Dimensions': '-', 'Default': '8.', 'Units': 'N/A', 'Description': '-', 'Swat_codetype': 'in_parmdb'}"
plants.plt,3,33,co2hi,"{'Line in File': '3', 'Position in File': '33', 'Condition': '-', 'Local (Y/N)': 'N', 'TYPE': 'plant_db', 'Component': 'co2hi', 'Type': 'real', 'Dimensions': '-', 'Default': '660.', 'Units': 'N/A', 'Description': '-', 'Swat_codetype': 'in_parmdb'}","{'Line in File': '3', 'Position in File': '33', 'Condition': 'if (bsn_cc%nam1 == 0)', 'Local (Y/N)': 'N', 'TYPE': 'plant_db', 'Component': 'co2hi', 'Type': 'real', 'Dimensions': '-', 'Default': '660.', 'Units': 'N/A', 'Description': '-', 'Swat_codetype': 'in_parmdb'}"
plants.plt,3,34,bioehi,"{'Line in File': '3', 'Position in File': '34', 'Condition': '-', 'Local (Y/N)': 'N', 'TYPE': 'plant_db', 'Component': 'bioehi', 'Type': 'real', 'Dimensions': '-', 'Default': '16.', 'Units': 'N/A', 'Description': '-', 'Swat_codetype': 'in_parmdb'}","{'Line in File': '3', 'Position in File': '34', 'Condition': 'if (bsn_cc%nam1 == 0)', 'Local (Y/N)': 'N', 'TYPE': 'plant_db', 'Component': 'bioehi', 'Type': 'real', 'Dimensions': '-', 'Default': '16.', 'Units': 'N/A', 'Description': '-', 'Swat_codetype': 'in_parmdb'}"
plants.plt,3,35,rsdco_pl,"{'Line in File': '3', 'Position in File': '35', 'Condition': '-', 'Local (Y/N)': 'N', 'TYPE': 'plant_db', 'Component': 'rsdco_pl', 'Type': 'real', 'Dimensions': '-', 'Default': '0.05', 'Units': 'N/A', 'Description': '-', 'Swat_codetype': 'in_parmdb'}","{'Line in File': '3', 'Position in File': '35', 'Condition': 'if (bsn_cc%nam1 == 0)', 'Local (Y/N)': 'N', 'TYPE': 'plant_db', 'Component': 'rsdco_pl', 'Type': 'real', 'Dimensions': '-', 'Default': '0.05', 'Units': 'N/A', 'Description': '-', 'Swat_codetype': 'in_parmdb'}"
plants.plt,3,36,alai_min,"{'Line in File': '3', 'Position in File': '36', 'Condition': '-', 'Local (Y/N)': 'N', 'TYPE': 'plant_db', 'Component': 'alai_min', 'Type': 'real', 'Dimensions': '-', 'Default': '0.75', 'Units': 'N/A', 'Description': '-', 'Swat_codetype': 'in_parmdb'}","{'Line in File': '3', 'Position in File': '36', 'Condition': 'if (bsn_cc%nam1 == 0)', 'Local (Y/N)': 'N', 'TYPE': 'plant_db', 'Component': 'alai_min', 'Type': 'real', 'Dimensions': '-', 'Default': '0.75', 'Units': 'N/A', 'Description': '-', 'Swat_codetype': 'in_parmdb'}"
plants.plt,3,37,laixco_tree,"{'Line in File': '3', 'Position in File': '37', 'Condition': '-', 'Local (Y/N)': 'N', 'TYPE': 'plant_db', 'Component': 'laixco_tree', 'Type': 'real', 'Dimensions': '-', 'Default': '0.3', 'Units': 'N/A', 'Description': '-', 'Swat_codetype': 'in_parmdb'}","{'Line in File': '3', 'Position in File': '37', 'Condition': 'if (bsn_cc%nam1 == 0)', 'Local (Y/N)': 'N', 'TYPE': 'plant_db', 'Component': 'laixco_tree', 'Type': 'real', 'Dimensions': '-', 'Default': '0.3', 'Units': 'N/A', 'Description': '-', 'Swat_codetype': 'in_parmdb'}"
plants.plt,3,38,mat_yrs,"{'Line in File': '3', 'Position in File': '38', 'Condition': '-', 'Local (Y/N)': 'N', 'TYPE': 'plant_db', 'Component': 'mat_yrs', 'Type': 'integer', 'Dimensions': '-', 'Default': '10', 'Units': 'N/A', 'Description': '-', 'Swat_codetype': 'in_parmdb'}","{'Line in File': '3', 'Position in File': '38', 'Condition': 'if (bsn_cc%nam1 == 0)', 'Local (Y/N)': 'N', 'TYPE': 'plant_db', 'Component': 'mat_yrs', 'Type': 'integer', 'Dimensions': '-', 'Default': '10', 'Units': 'N/A', 'Description': '-', 'Swat_codetype': 'in_parmdb'}"
plants.plt,3,39,bmx_peren,"{'Line in File': '3', 'Position in File': '39', 'Condition': '-', 'Local (Y/N)': 'N', 'TYPE': 'plant_db', 'Component': 'bmx_peren', 'Type': 'real', 'Dimensions': '-', 'Default': '1000.', 'Units': 'N/A', 'Description': '-', 'Swat_codetype': 'in_parmdb'}","{'Line in File': '3', 'Position in File': '39', 'Condition': 'if (bsn_cc%nam1 == 0)', 'Local (Y/N)': 'N', 'TYPE': 'plant_db', 'Component': 'bmx_peren', 'Type': 'real', 'Dimensions': '-', 'Default': '1000.', 'Units': 'N/A', 'Description': '-', 'Swat_codetype': 'in_parmdb'}"
plants.plt,3,4,nfix_co,"{'Line in File': '3', 'Position in File': '4', 'Condition': '-', 'Local (Y/N)': 'N', 'TYPE': 'plant_db', 'Component': 'nfix_co', 'Type': 'real', 'Dimensions': '-', 'Default': '-', 'Units': 'N/A', 'Description': '-', 'Swat_codetype': 'in_parmdb'}","{'Line in File': '3', 'Position in File': '4', 'Condition': 'if (bsn_cc%nam1 == 0)', 'Local (Y/N)': 'N', 'TYPE': 'plant_db', 'Component': 'nfix_co', 'Type': 'real', 'Dimensions': '-', 'Default': '0.', 'Units': 'N/A', 'Description': '-', 'Swat_codetype': 'in_parmdb'}"
plants.plt,3,40,ext_coef,"{'Line in File': '3', 'Position in File': '40', 'Condition': '-', 'Local (Y/N)': 'N', 'TYPE': 'plant_db', 'Component': 'ext_coef', 'Type': 'real', 'Dimensions': '-', 'Default': '0.65', 'Units': 'N/A', 'Description': '-', 'Swat_codetype': 'in_parmdb'}","{'Line in File': '3', 'Position in File': '40', 'Condition': 'if (bsn_cc%nam1 == 0)', 'Local (Y/N)': 'N', 'TYPE': 'plant_db', 'Component': 'ext_coef', 'Type': 'real', 'Dimensions': '-', 'Default': '0.65', 'Units': 'N/A', 'Description': '-', 'Swat_codetype': 'in_parmdb'}"
plants.plt,3,41,leaf_tov_min,"{'Line in File': '3', 'Position in File': '41', 'Condition': '-', 'Local (Y/N)': 'N', 'TYPE': 'plant_db', 'Component': 'leaf_tov_min', 'Type': 'real', 'Dimensions': '-', 'Default': '12.', 'Units': 'N/A', 'Description': '-', 'Swat_codetype': 'in_parmdb'}","{'Line in File': '3', 'Position in File': '41', 'Condition': 'if (bsn_cc%nam1 == 0)', 'Local (Y/N)': 'N', 'TYPE': 'plant_db', 'Component': 'leaf_tov_min', 'Type': 'real', 'Dimensions': '-', 'Default': '12.', 'Units': 'N/A', 'Description': '-', 'Swat_codetype': 'in_parmdb'}"
plants.plt,3,42,leaf_tov_max,"{'Line in File': '3', 'Position in File': '42', 'Condition': '-', 'Local (Y/N)': 'N', 'TYPE': 'plant_db', 'Component': 'leaf_tov_max', 'Type': 'real', 'Dimensions': '-', 'Default': '3.', 'Units': 'N/A', 'Description': '-', 'Swat_codetype': 'in_parmdb'}","{'Line in File': '3', 'Position in File': '42', 'Condition': 'if (bsn_cc%nam1 == 0)', 'Local (Y/N)': 'N', 'TYPE': 'plant_db', 'Component': 'leaf_tov_max', 'Type': 'real', 'Dimensions': '-', 'Default': '3.', 'Units': 'N/A', 'Description': '-', 'Swat_codetype': 'in_parmdb'}"
plants.plt,3,43,bm_dieoff,"{'Line in File': '3', 'Position in File': '43', 'Condition': '-', 'Local (Y/N)': 'N', 'TYPE': 'plant_db', 'Component': 'bm_dieoff', 'Type': 'real', 'Dimensions': '-', 'Default': '0.', 'Units': 'N/A', 'Description': '-', 'Swat_codetype': 'in_parmdb'}","{'Line in File': '3', 'Position in File': '43', 'Condition': 'if (bsn_cc%nam1 == 0)', 'Local (Y/N)': 'N', 'TYPE': 'plant_db', 'Component': 'bm_dieoff', 'Type': 'real', 'Dimensions': '-', 'Default': '0.', 'Units': 'N/A', 'Description': '-', 'Swat_codetype': 'in_parmdb'}"
plants.plt,3,44,rsr1,"{'Line in File': '3', 'Position in File': '44', 'Condition': '-', 'Local (Y/N)': 'N', 'TYPE': 'plant_db', 'Component': 'rsr1', 'Type': 'real', 'Dimensions': '-', 'Default': '0.', 'Units': 'N/A', 'Description': '-', 'Swat_codetype': 'in_parmdb'}","{'Line in File': '3', 'Position in File': '44', 'Condition': 'if (bsn_cc%nam1 == 0)', 'Local (Y/N)': 'N', 'TYPE': 'plant_db', 'Component': 'rsr1', 'Type': 'real', 'Dimensions': '-', 'Default': '0.', 'Units': 'N/A', 'Description': '-', 'Swat_codetype': 'in_parmdb'}"
plants.plt,3,45,rsr2,"{'Line in File': '3', 'Position in File': '45', 'Condition': '-', 'Local (Y/N)': 'N', 'TYPE': 'plant_db', 'Component': 'rsr2', 'Type': 'real', 'Dimensions': '-', 'Default': '0.', 'Units': 'N/A', 'Description': '-', 'Swat_codetype': 'in_parmdb'}","{'Line in File': '3', 'Position in File': '45', 'Condition': 'if (bsn_cc%nam1 == 0)', 'Local (Y/N)': 'N', 'TYPE': 'plant_db', 'Component': 'rsr2', 'Type': 'real', 'Dimensions': '-', 'Default': '0.', 'Units': 'N/A', 'Description': '-', 'Swat_codetype': 'in_parmdb'}"
plants.plt,3,46,pop1,"{'Line in File': '3', 'Position in File': '46', 'Condition': '-', 'Local (Y/N)': 'N', 'TYPE': 'plant_db', 'Component': 'pop1', 'Type': 'real', 'Dimensions': '-', 'Default': '0.', 'Units': 'N/A', 'Description': '-', 'Swat_codetype': 'in_parmdb'}","{'Line in File': '3', 'Position in File': '46', 'Condition': 'if (bsn_cc%nam1 == 0)', 'Local (Y/N)': 'N', 'TYPE': 'plant_db', 'Component': 'pop1', 'Type': 'real', 'Dimensions': '-', 'Default': '0.', 'Units': 'N/A', 'Description': '-', 'Swat_codetype': 'in_parmdb'}"
plants.plt,3,47,frlai1,"{'Line in File': '3', 'Position in File': '47', 'Condition': '-', 'Local (Y/N)': 'N', 'TYPE': 'plant_db', 'Component': 'frlai1', 'Type': 'real', 'Dimensions': '-', 'Default': '0.', 'Units': 'N/A', 'Description': '-', 'Swat_codetype': 'in_parmdb'}","{'Line in File': '3', 'Position in File': '47', 'Condition': 'if (bsn_cc%nam1 == 0)', 'Local (Y/N)': 'N', 'TYPE': 'plant_db', 'Component': 'frlai1', 'Type': 'real', 'Dimensions': '-', 'Default': '0.', 'Units': 'N/A', 'Description': '-', 'Swat_codetype': 'in_parmdb'}"
plants.plt,3,48,pop2,"{'Line in File': '3', 'Position in File': '48', 'Condition': '-', 'Local (Y/N)': 'N', 'TYPE': 'plant_db', 'Component': 'pop2', 'Type': 'real', 'Dimensions': '-', 'Default': '0.', 'Units': 'N/A', 'Description': '-', 'Swat_codetype': 'in_parmdb'}","{'Line in File': '3', 'Position in File': '48', 'Condition': 'if (bsn_cc%nam1 == 0)', 'Local (Y/N)': 'N', 'TYPE': 'plant_db', 'Component': 'pop2', 'Type': 'real', 'Dimensions': '-', 'Default': '0.', 'Units': 'N/A', 'Description': '-', 'Swat_codetype': 'in_parmdb'}"
plants.plt,3,49,frlai2,"{'Line in File': '3', 'Position in File': '49', 'Condition': '-', 'Local (Y/N)': 'N', 'TYPE': 'plant_db', 'Component': 'frlai2', 'Type': 'real', 'Dimensions': '-', 'Default': '0.', 'Units': 'N/A', 'Description': '-', 'Swat_codetype': 'in_parmdb'}","{'Line in File': '3', 'Position in File': '49', 'Condition': 'if (bsn_cc%nam1 == 0)', 'Local (Y/N)': 'N', 'TYPE': 'plant_db', 'Component': 'frlai2', 'Type': 'real', 'Dimensions': '-', 'Default': '0.', 'Units': 'N/A', 'Description': '-', 'Swat_codetype': 'in_parmdb'}"
plants.plt,3,5,days_mat,"{'Line in File': '3', 'Position in File': '5', 'Condition': '-', 'Local (Y/N)': 'N', 'TYPE': 'plant_db', 'Component': 'days_mat', 'Type': 'integer', 'Dimensions': '-', 'Default': '110', 'Units': 'N/A', 'Description': '-', 'Swat_codetype': 'in_parmdb'}","{'Line in File': '3', 'Position in File': '5', 'Condition': 'if (bsn_cc%nam1 == 0)', 'Local (Y/N)': 'N', 'TYPE': 'plant_db', 'Component': 'days_mat', 'Type': 'integer', 'Dimensions': '-', 'Default': '110', 'Units': 'N/A', 'Description': '-', 'Swat_codetype': 'in_parmdb'}"
plants.plt,3,50,frsw_gro,"{'Line in File': '3', 'Position in File': '50', 'Condition': '-', 'Local (Y/N)': 'N', 'TYPE': 'plant_db', 'Component': 'frsw_gro', 'Type': 'real', 'Dimensions': '-', 'Default': '.5', 'Units': 'N/A', 'Description': '-', 'Swat_codetype': 'in_parmdb'}","{'Line in File': '3', 'Position in File': '50', 'Condition': 'if (bsn_cc%nam1 == 0)', 'Local (Y/N)': 'N', 'TYPE': 'plant_db', 'Component': 'frsw_gro', 'Type': 'real', 'Dimensions': '-', 'Default': '.5', 'Units': 'N/A', 'Description': '-', 'Swat_codetype': 'in_parmdb'}"
plants.plt,3,51,aeration,"{'Line in File': '3', 'Position in File': '51', 'Condition': '-', 'Local (Y/N)': 'N', 'TYPE': 'plant_db', 'Component': 'aeration', 'Type': 'real', 'Dimensions': '-', 'Default': '0.2', 'Units': 'N/A', 'Description': '-', 'Swat_codetype': 'in_parmdb'}","{'Line in File': '3', 'Position in File': '51', 'Condition': 'if (bsn_cc%nam1 == 0)', 'Local (Y/N)': 'N', 'TYPE': 'plant_db', 'Component': 'aeration', 'Type': 'real', 'Dimensions': '-', 'Default': '0.2', 'Units': 'N/A', 'Description': '-', 'Swat_codetype': 'in_parmdb'}"
plants.plt,3,52,rsd_pctcov,"{'Line in File': '3', 'Position in File': '52', 'Condition': '-', 'Local (Y/N)': 'N', 'TYPE': 'plant_db', 'Component': 'rsd_pctcov', 'Type': 'real', 'Dimensions': '-', 'Default': '0.', 'Units': 'N/A', 'Description': '-', 'Swat_codetype': 'in_parmdb'}","{'Line in File': '3', 'Position in File': '52', 'Condition': 'if (bsn_cc%nam1 == 0)', 'Local (Y/N)': 'N', 'TYPE': 'plant_db', 'Component': 'rsd_pctcov', 'Type': 'real', 'Dimensions': '-', 'Default': '0.', 'Units': 'N/A', 'Description': '-', 'Swat_codetype': 'in_parmdb'}"
plants.plt,3,53,rsd_covfac,"{'Line in File': '3', 'Position in File': '53', 'Condition': '-', 'Local (Y/N)': 'N', 'TYPE': 'plant_db', 'Component': 'rsd_covfac', 'Type': 'real', 'Dimensions': '-', 'Default': '0.', 'Units': 'N/A', 'Description': '-', 'Swat_codetype': 'in_parmdb'}","{'Line in File': '3', 'Position in File': '53', 'Condition': 'if (bsn_cc%nam1 == 0)', 'Local (Y/N)': 'N', 'TYPE': 'plant_db', 'Component': 'rsd_covfac', 'Type': 'real', 'Dimensions': '-', 'Default': '0.', 'Units': 'N/A', 'Description': '-', 'Swat_codetype': 'in_parmdb'}"
plants.plt,3,54,res_part_fracs,,"{'Line in File': '3', 'Position in File': '54', 'Condition': 'if (bsn_cc%nam1 == 0)', 'Local (Y/N)': 'N', 'TYPE': 'plant_db', 'Component': 'res_part_fracs', 'Type': 'type(residue_partition_fracs)', 'Dimensions': '-', 'Default': '-', 'Units': 'N/A', 'Description': '-', 'Swat_codetype': 'in_parmdb'}"
plants.plt,3,6,bio_e,"{'Line in File': '3', 'Position in File': '6', 'Condition': '-', 'Local (Y/N)': 'N', 'TYPE': 'plant_db', 'Component': 'bio_e', 'Type': 'real', 'Dimensions': '-', 'Default': '15.0', 'Units': 'N/A', 'Description': '-', 'Swat_codetype': 'in_parmdb'}","{'Line in File': '3', 'Position in File': '6', 'Condition': 'if (bsn_cc%nam1 == 0)', 'Local (Y/N)': 'N', 'TYPE': 'plant_db', 'Component': 'bio_e', 'Type': 'real', 'Dimensions': '-', 'Default': '15.0', 'Units': 'N/A', 'Description': '-', 'Swat_codetype': 'in_parmdb'}"
plants.plt,3,7,hvsti,"{'Line in File': '3', 'Position in File': '7', 'Condition': '-', 'Local (Y/N)': 'N', 'TYPE': 'plant_db', 'Component': 'hvsti', 'Type': 'real', 'Dimensions': '-', 'Default': '0.76', 'Units': 'N/A', 'Description': '-', 'Swat_codetype': 'in_parmdb'}","{'Line in File': '3', 'Position in File': '7', 'Condition': 'if (bsn_cc%nam1 == 0)', 'Local (Y/N)': 'N', 'TYPE': 'plant_db', 'Component': 'hvsti', 'Type': 'real', 'Dimensions': '-', 'Default': '0.76', 'Units': 'N/A', 'Description': '-', 'Swat_codetype': 'in_parmdb'}"
plants.plt,3,8,blai,"{'Line in File': '3', 'Position in File': '8', 'Condition': '-', 'Local (Y/N)': 'N', 'TYPE': 'plant_db', 'Component': 'blai', 'Type': 'real', 'Dimensions': '-', 'Default': '5.0', 'Units': 'N/A', 'Description': '-', 'Swat_codetype': 'in_parmdb'}","{'Line in File': '3', 'Position in File': '8', 'Condition': 'if (bsn_cc%nam1 == 0)', 'Local (Y/N)': 'N', 'TYPE': 'plant_db', 'Component': 'blai', 'Type': 'real', 'Dimensions': '-', 'Default': '5.0', 'Units': 'N/A', 'Description': '-', 'Swat_codetype': 'in_parmdb'}"
plants.plt,3,9,frgrw1,"{'Line in File': '3', 'Position in File': '9', 'Condition': '-', 'Local (Y/N)': 'N', 'TYPE': 'plant_db', 'Component': 'frgrw1', 'Type': 'real', 'Dimensions': '-', 'Default': '0.05', 'Units': 'N/A', 'Description': '-', 'Swat_codetype': 'in_parmdb'}","{'Line in File': '3', 'Position in File': '9', 'Condition': 'if (bsn_cc%nam1 == 0)', 'Local (Y/N)': 'N', 'TYPE': 'plant_db', 'Component': 'frgrw1', 'Type': 'real', 'Dimensions': '-', 'Default': '0.05', 'Units': 'N/A', 'Description': '-', 'Swat_codetype': 'in_parmdb'}"
plants.plt,4,1,plantnm,,"{'Line in File': '4', 'Position in File': '1', 'Condition': 'if (bsn_cc%nam1 == 0)', 'Local (Y/N)': 'N', 'TYPE': 'plant_db', 'Component': 'plantnm', 'Type': 'character(len=40)', 'Dimensions': '-', 'Default': '""""', 'Units': 'N/A', 'Description': '-', 'Swat_codetype': 'in_parmdb'}"
plants.plt,4,10,laimx1,,"{'Line in File': '4', 'Position in File': '10', 'Condition': 'if (bsn_cc%nam1 == 0)', 'Local (Y/N)': 'N', 'TYPE': 'plant_db', 'Component': 'laimx1', 'Type': 'real', 'Dimensions': '-', 'Default': '0.05', 'Units': 'N/A', 'Description': '-', 'Swat_codetype': 'in_parmdb'}"
plants.plt,4,11,frgrw2,,"{'Line in File': '4', 'Position in File': '11', 'Condition': 'if (bsn_cc%nam1 == 0)', 'Local (Y/N)': 'N', 'TYPE': 'plant_db', 'Component': 'frgrw2', 'Type': 'real', 'Dimensions': '-', 'Default': '0.4', 'Units': 'N/A', 'Description': '-', 'Swat_codetype': 'in_parmdb'}"
plants.plt,4,12,laimx2,,"{'Line in File': '4', 'Position in File': '12', 'Condition': 'if (bsn_cc%nam1 == 0)', 'Local (Y/N)': 'N', 'TYPE': 'plant_db', 'Component': 'laimx2', 'Type': 'real', 'Dimensions': '-', 'Default': '0.95', 'Units': 'N/A', 'Description': '-', 'Swat_codetype': 'in_parmdb'}"
plants.plt,4,13,dlai,,"{'Line in File': '4', 'Position in File': '13', 'Condition': 'if (bsn_cc%nam1 == 0)', 'Local (Y/N)': 'N', 'TYPE': 'plant_db', 'Component': 'dlai', 'Type': 'real', 'Dimensions': '-', 'Default': '0.99', 'Units': 'N/A', 'Description': '-', 'Swat_codetype': 'in_parmdb'}"
plants.plt,4,14,dlai_rate,,"{'Line in File': '4', 'Position in File': '14', 'Condition': 'if (bsn_cc%nam1 == 0)', 'Local (Y/N)': 'N', 'TYPE': 'plant_db', 'Component': 'dlai_rate', 'Type': 'real', 'Dimensions': '-', 'Default': '1.', 'Units': 'N/A', 'Description': '-', 'Swat_codetype': 'in_parmdb'}"
plants.plt,4,15,chtmx,,"{'Line in File': '4', 'Position in File': '15', 'Condition': 'if (bsn_cc%nam1 == 0)', 'Local (Y/N)': 'N', 'TYPE': 'plant_db', 'Component': 'chtmx', 'Type': 'real', 'Dimensions': '-', 'Default': '6.0', 'Units': 'N/A', 'Description': '-', 'Swat_codetype': 'in_parmdb'}"
plants.plt,4,16,rdmx,,"{'Line in File': '4', 'Position in File': '16', 'Condition': 'if (bsn_cc%nam1 == 0)', 'Local (Y/N)': 'N', 'TYPE': 'plant_db', 'Component': 'rdmx', 'Type': 'real', 'Dimensions': '-', 'Default': '3.5', 'Units': 'N/A', 'Description': '-', 'Swat_codetype': 'in_parmdb'}"
plants.plt,4,17,t_opt,,"{'Line in File': '4', 'Position in File': '17', 'Condition': 'if (bsn_cc%nam1 == 0)', 'Local (Y/N)': 'N', 'TYPE': 'plant_db', 'Component': 't_opt', 'Type': 'real', 'Dimensions': '-', 'Default': '30.', 'Units': 'N/A', 'Description': '-', 'Swat_codetype': 'in_parmdb'}"
plants.plt,4,18,t_base,,"{'Line in File': '4', 'Position in File': '18', 'Condition': 'if (bsn_cc%nam1 == 0)', 'Local (Y/N)': 'N', 'TYPE': 'plant_db', 'Component': 't_base', 'Type': 'real', 'Dimensions': '-', 'Default': '10.', 'Units': 'N/A', 'Description': '-', 'Swat_codetype': 'in_parmdb'}"
plants.plt,4,19,cnyld,,"{'Line in File': '4', 'Position in File': '19', 'Condition': 'if (bsn_cc%nam1 == 0)', 'Local (Y/N)': 'N', 'TYPE': 'plant_db', 'Component': 'cnyld', 'Type': 'real', 'Dimensions': '-', 'Default': '0.0015', 'Units': 'N/A', 'Description': '-', 'Swat_codetype': 'in_parmdb'}"
plants.plt,4,2,typ,,"{'Line in File': '4', 'Position in File': '2', 'Condition': 'if (bsn_cc%nam1 == 0)', 'Local (Y/N)': 'N', 'TYPE': 'plant_db', 'Component': 'typ', 'Type': 'character(len=18)', 'Dimensions': '-', 'Default': '""""', 'Units': 'N/A', 'Description': '-', 'Swat_codetype': 'in_parmdb'}"
plants.plt,4,20,cpyld,,"{'Line in File': '4', 'Position in File': '20', 'Condition': 'if (bsn_cc%nam1 == 0)', 'Local (Y/N)': 'N', 'TYPE': 'plant_db', 'Component': 'cpyld', 'Type': 'real', 'Dimensions': '-', 'Default': '0.0003', 'Units': 'N/A', 'Description': '-', 'Swat_codetype': 'in_parmdb'}"
plants.plt,4,21,pltnfr1,,"{'Line in File': '4', 'Position in File': '21', 'Condition': 'if (bsn_cc%nam1 == 0)', 'Local (Y/N)': 'N', 'TYPE': 'plant_db', 'Component': 'pltnfr1', 'Type': 'real', 'Dimensions': '-', 'Default': '0.006', 'Units': 'N/A', 'Description': '-', 'Swat_codetype': 'in_parmdb'}"
plants.plt,4,22,pltnfr2,,"{'Line in File': '4', 'Position in File': '22', 'Condition': 'if (bsn_cc%nam1 == 0)', 'Local (Y/N)': 'N', 'TYPE': 'plant_db', 'Component': 'pltnfr2', 'Type': 'real', 'Dimensions': '-', 'Default': '0.002', 'Units': 'N/A', 'Description': '-', 'Swat_codetype': 'in_parmdb'}"
plants.plt,4,23,pltnfr3,,"{'Line in File': '4', 'Position in File': '23', 'Condition': 'if (bsn_cc%nam1 == 0)', 'Local (Y/N)': 'N', 'TYPE': 'plant_db', 'Component': 'pltnfr3', 'Type': 'real', 'Dimensions': '-', 'Default': '0.0015', 'Units': 'N/A', 'Description': '-', 'Swat_codetype': 'in_parmdb'}"
plants.plt,4,24,pltpfr1,,"{'Line in File': '4', 'Position in File': '24', 'Condition': 'if (bsn_cc%nam1 == 0)', 'Local (Y/N)': 'N', 'TYPE': 'plant_db', 'Component': 'pltpfr1', 'Type': 'real', 'Dimensions': '-', 'Default': '0.0007', 'Units': 'N/A', 'Description': '-', 'Swat_codetype': 'in_parmdb'}"
plants.plt,4,25,pltpfr2,,"{'Line in File': '4', 'Position in File': '25', 'Condition': 'if (bsn_cc%nam1 == 0)', 'Local (Y/N)': 'N', 'TYPE': 'plant_db', 'Component': 'pltpfr2', 'Type': 'real', 'Dimensions': '-', 'Default': '0.0004', 'Units': 'N/A', 'Description': '-', 'Swat_codetype': 'in_parmdb'}"
plants.plt,4,26,pltpfr3,,"{'Line in File': '4', 'Position in File': '26', 'Condition': 'if (bsn_cc%nam1 == 0)', 'Local (Y/N)': 'N', 'TYPE': 'plant_db', 'Component': 'pltpfr3', 'Type': 'real', 'Dimensions': '-', 'Default': '0.0003', 'Units': 'N/A', 'Description': '-', 'Swat_codetype': 'in_parmdb'}"
plants.plt,4,27,wsyf,,"{'Line in File': '4', 'Position in File': '27', 'Condition': 'if (bsn_cc%nam1 == 0)', 'Local (Y/N)': 'N', 'TYPE': 'plant_db', 'Component': 'wsyf', 'Type': 'real', 'Dimensions': '-', 'Default': '0.01', 'Units': 'N/A', 'Description': '-', 'Swat_codetype': 'in_parmdb'}"
plants.plt,4,28,usle_c,,"{'Line in File': '4', 'Position in File': '28', 'Condition': 'if (bsn_cc%nam1 == 0)', 'Local (Y/N)': 'N', 'TYPE': 'plant_db', 'Component': 'usle_c', 'Type': 'real', 'Dimensions': '-', 'Default': '0.001', 'Units': 'N/A', 'Description': '-', 'Swat_codetype': 'in_parmdb'}"
plants.plt,4,29,gsi,,"{'Line in File': '4', 'Position in File': '29', 'Condition': 'if (bsn_cc%nam1 == 0)', 'Local (Y/N)': 'N', 'TYPE': 'plant_db', 'Component': 'gsi', 'Type': 'real', 'Dimensions': '-', 'Default': '0.002', 'Units': 'N/A', 'Description': '-', 'Swat_codetype': 'in_parmdb'}"
plants.plt,4,3,trig,,"{'Line in File': '4', 'Position in File': '3', 'Condition': 'if (bsn_cc%nam1 == 0)', 'Local (Y/N)': 'N', 'TYPE': 'plant_db', 'Component': 'trig', 'Type': 'character(len=18)', 'Dimensions': '-', 'Default': '""""', 'Units': 'N/A', 'Description': '-', 'Swat_codetype': 'in_parmdb'}"
plants.plt,4,30,vpdfr,,"{'Line in File': '4', 'Position in File': '30', 'Condition': 'if (bsn_cc%nam1 == 0)', 'Local (Y/N)': 'N', 'TYPE': 'plant_db', 'Component': 'vpdfr', 'Type': 'real', 'Dimensions': '-', 'Default': '4.', 'Units': 'N/A', 'Description': '-', 'Swat_codetype': 'in_parmdb'}"
plants.plt,4,31,gmaxfr,,"{'Line in File': '4', 'Position in File': '31', 'Condition': 'if (bsn_cc%nam1 == 0)', 'Local (Y/N)': 'N', 'TYPE': 'plant_db', 'Component': 'gmaxfr', 'Type': 'real', 'Dimensions': '-', 'Default': '0.75', 'Units': 'N/A', 'Description': '-', 'Swat_codetype': 'in_parmdb'}"
plants.plt,4,32,wavp,,"{'Line in File': '4', 'Position in File': '32', 'Condition': 'if (bsn_cc%nam1 == 0)', 'Local (Y/N)': 'N', 'TYPE': 'plant_db', 'Component': 'wavp', 'Type': 'real', 'Dimensions': '-', 'Default': '8.', 'Units': 'N/A', 'Description': '-', 'Swat_codetype': 'in_parmdb'}"
plants.plt,4,33,co2hi,,"{'Line in File': '4', 'Position in File': '33', 'Condition': 'if (bsn_cc%nam1 == 0)', 'Local (Y/N)': 'N', 'TYPE': 'plant_db', 'Component': 'co2hi', 'Type': 'real', 'Dimensions': '-', 'Default': '660.', 'Units': 'N/A', 'Description': '-', 'Swat_codetype': 'in_parmdb'}"
plants.plt,4,34,bioehi,,"{'Line in File': '4', 'Position in File': '34', 'Condition': 'if (bsn_cc%nam1 == 0)', 'Local (Y/N)': 'N', 'TYPE': 'plant_db', 'Component': 'bioehi', 'Type': 'real', 'Dimensions': '-', 'Default': '16.', 'Units': 'N/A', 'Description': '-', 'Swat_codetype': 'in_parmdb'}"
plants.plt,4,35,rsdco_pl,,"{'Line in File': '4', 'Position in File': '35', 'Condition': 'if (bsn_cc%nam1 == 0)', 'Local (Y/N)': 'N', 'TYPE': 'plant_db', 'Component': 'rsdco_pl', 'Type': 'real', 'Dimensions': '-', 'Default': '0.05', 'Units': 'N/A', 'Description': '-', 'Swat_codetype': 'in_parmdb'}"
plants.plt,4,36,alai_min,,"{'Line in File': '4', 'Position in File': '36', 'Condition': 'if (bsn_cc%nam1 == 0)', 'Local (Y/N)': 'N', 'TYPE': 'plant_db', 'Component': 'alai_min', 'Type': 'real', 'Dimensions': '-', 'Default': '0.75', 'Units': 'N/A', 'Description': '-', 'Swat_codetype': 'in_parmdb'}"
plants.plt,4,37,laixco_tree,,"{'Line in File': '4', 'Position in File': '37', 'Condition': 'if (bsn_cc%nam1 == 0)', 'Local (Y/N)': 'N', 'TYPE': 'plant_db', 'Component': 'laixco_tree', 'Type': 'real', 'Dimensions': '-', 'Default': '0.3', 'Units': 'N/A', 'Description': '-', 'Swat_codetype': 'in_parmdb'}"
plants.plt,4,38,mat_yrs,,"{'Line in File': '4', 'Position in File': '38', 'Condition': 'if (bsn_cc%nam1 == 0)', 'Local (Y/N)': 'N', 'TYPE': 'plant_db', 'Component': 'mat_yrs', 'Type': 'integer', 'Dimensions': '-', 'Default': '10', 'Units': 'N/A', 'Description': '-', 'Swat_codetype': 'in_parmdb'}"
plants.plt,4,39,bmx_peren,,"{'Line in File': '4', 'Position in File': '39', 'Condition': 'if (bsn_cc%nam1 == 0)', 'Local (Y/N)': 'N', 'TYPE': 'plant_db', 'Component': 'bmx_peren', 'Type': 'real', 'Dimensions': '-', 'Default': '1000.', 'Units': 'N/A', 'Description': '-', 'Swat_codetype': 'in_parmdb'}"
plants.plt,4,4,nfix_co,,"{'Line in File': '4', 'Position in File': '4', 'Condition': 'if (bsn_cc%nam1 == 0)', 'Local (Y/N)': 'N', 'TYPE': 'plant_db', 'Component': 'nfix_co', 'Type': 'real', 'Dimensions': '-', 'Default': '0.', 'Units': 'N/A', 'Description': '-', 'Swat_codetype': 'in_parmdb'}"
plants.plt,4,40,ext_coef,,"{'Line in File': '4', 'Position in File': '40', 'Condition': 'if (bsn_cc%nam1 == 0)', 'Local (Y/N)': 'N', 'TYPE': 'plant_db', 'Component': 'ext_coef', 'Type': 'real', 'Dimensions': '-', 'Default': '0.65', 'Units': 'N/A', 'Description': '-', 'Swat_codetype': 'in_parmdb'}"
plants.plt,4,41,leaf_tov_min,,"{'Line in File': '4', 'Position in File': '41', 'Condition': 'if (bsn_cc%nam1 == 0)', 'Local (Y/N)': 'N', 'TYPE': 'plant_db', 'Component': 'leaf_tov_min', 'Type': 'real', 'Dimensions': '-', 'Default': '12.', 'Units': 'N/A', 'Description': '-', 'Swat_codetype': 'in_parmdb'}"
plants.plt,4,42,leaf_tov_max,,"{'Line in File': '4', 'Position in File': '42', 'Condition': 'if (bsn_cc%nam1 == 0)', 'Local (Y/N)': 'N', 'TYPE': 'plant_db', 'Component': 'leaf_tov_max', 'Type': 'real', 'Dimensions': '-', 'Default': '3.', 'Units': 'N/A', 'Description': '-', 'Swat_codetype': 'in_parmdb'}"
plants.plt,4,43,bm_dieoff,,"{'Line in File': '4', 'Position in File': '43', 'Condition': 'if (bsn_cc%nam1 == 0)', 'Local (Y/N)': 'N', 'TYPE': 'plant_db', 'Component': 'bm_dieoff', 'Type': 'real', 'Dimensions': '-', 'Default': '0.', 'Units': 'N/A', 'Description': '-', 'Swat_codetype': 'in_parmdb'}"
plants.plt,4,44,rsr1,,"{'Line in File': '4', 'Position in File': '44', 'Condition': 'if (bsn_cc%nam1 == 0)', 'Local (Y/N)': 'N', 'TYPE': 'plant_db', 'Component': 'rsr1', 'Type': 'real', 'Dimensions': '-', 'Default': '0.', 'Units': 'N/A', 'Description': '-', 'Swat_codetype': 'in_parmdb'}"
plants.plt,4,45,rsr2,,"{'Line in File': '4', 'Position in File': '45', 'Condition': 'if (bsn_cc%nam1 == 0)', 'Local (Y/N)': 'N', 'TYPE': 'plant_db', 'Component': 'rsr2', 'Type': 'real', 'Dimensions': '-', 'Default': '0.', 'Units': 'N/A', 'Description': '-', 'Swat_codetype': 'in_parmdb'}"
plants.plt,4,46,pop1,,"{'Line in File': '4', 'Position in File': '46', 'Condition': 'if (bsn_cc%nam1 == 0)', 'Local (Y/N)': 'N', 'TYPE': 'plant_db', 'Component': 'pop1', 'Type': 'real', 'Dimensions': '-', 'Default': '0.', 'Units': 'N/A', 'Description': '-', 'Swat_codetype': 'in_parmdb'}"
plants.plt,4,47,frlai1,,"{'Line in File': '4', 'Position in File': '47', 'Condition': 'if (bsn_cc%nam1 == 0)', 'Local (Y/N)': 'N', 'TYPE': 'plant_db', 'Component': 'frlai1', 'Type': 'real', 'Dimensions': '-', 'Default': '0.', 'Units': 'N/A', 'Description': '-', 'Swat_codetype': 'in_parmdb'}"
plants.plt,4,48,pop2,,"{'Line in File': '4', 'Position in File': '48', 'Condition': 'if (bsn_cc%nam1 == 0)', 'Local (Y/N)': 'N', 'TYPE': 'plant_db', 'Component': 'pop2', 'Type': 'real', 'Dimensions': '-', 'Default': '0.', 'Units': 'N/A', 'Description': '-', 'Swat_codetype': 'in_parmdb'}"
plants.plt,4,49,frlai2,,"{'Line in File': '4', 'Position in File': '49', 'Condition': 'if (bsn_cc%nam1 == 0)', 'Local (Y/N)': 'N', 'TYPE': 'plant_db', 'Component': 'frlai2', 'Type': 'real', 'Dimensions': '-', 'Default': '0.', 'Units': 'N/A', 'Description': '-', 'Swat_codetype': 'in_parmdb'}"
plants.plt,4,5,days_mat,,"{'Line in File': '4', 'Position in File': '5', 'Condition': 'if (bsn_cc%nam1 == 0)', 'Local (Y/N)': 'N', 'TYPE': 'plant_db', 'Component': 'days_mat', 'Type': 'integer', 'Dimensions': '-', 'Default': '110', 'Units': 'N/A', 'Description': '-', 'Swat_codetype': 'in_parmdb'}"
plants.plt,4,50,frsw_gro,,"{'Line in File': '4', 'Position in File': '50', 'Condition': 'if (bsn_cc%nam1 == 0)', 'Local (Y/N)': 'N', 'TYPE': 'plant_db', 'Component': 'frsw_gro', 'Type': 'real', 'Dimensions': '-', 'Default': '.5', 'Units': 'N/A', 'Description': '-', 'Swat_codetype': 'in_parmdb'}"
plants.plt,4,51,aeration,,"{'Line in File': '4', 'Position in File': '51', 'Condition': 'if (bsn_cc%nam1 == 0)', 'Local (Y/N)': 'N', 'TYPE': 'plant_db', 'Component': 'aeration', 'Type': 'real', 'Dimensions': '-', 'Default': '0.2', 'Units': 'N/A', 'Description': '-', 'Swat_codetype': 'in_parmdb'}"
plants.plt,4,52,rsd_pctcov,,"{'Line in File': '4', 'Position in File': '52', 'Condition': 'if (bsn_cc%nam1 == 0)', 'Local (Y/N)': 'N', 'TYPE': 'plant_db', 'Component': 'rsd_pctcov', 'Type': 'real', 'Dimensions': '-', 'Default': '0.', 'Units': 'N/A', 'Description': '-', 'Swat_codetype': 'in_parmdb'}"
plants.plt,4,53,rsd_covfac,,"{'Line in File': '4', 'Position in File': '53', 'Condition': 'if (bsn_cc%nam1 == 0)', 'Local (Y/N)': 'N', 'TYPE': 'plant_db', 'Component': 'rsd_covfac', 'Type': 'real', 'Dimensions': '-', 'Default': '0.', 'Units': 'N/A', 'Description': '-', 'Swat_codetype': 'in_parmdb'}"
plants.plt,4,54,res_part_fracs,,"{'Line in File': '4', 'Position in File': '54', 'Condition': 'if (bsn_cc%nam1 == 0)', 'Local (Y/N)': 'N', 'TYPE': 'plant_db', 'Component': 'res_part_fracs', 'Type': 'type(residue_partition_fracs)', 'Dimensions': '-', 'Default': '-', 'Units': 'N/A', 'Description': '-', 'Swat_codetype': 'in_parmdb'}"
plants.plt,4,55,pl_class(ic),,"{'Line in File': '4', 'Position in File': '55', 'Condition': 'if (bsn_cc%nam1 == 0)', 'Local (Y/N)': 'N', 'TYPE': '-', 'Component': 'pl_class(ic)', 'Type': 'character(len=25)', 'Dimensions': 'allocatable', 'Default': '-', 'Units': 'N/A', 'Description': '-', 'Swat_codetype': 'in_parmdb'}"
plants.plt,4,6,bio_e,,"{'Line in File': '4', 'Position in File': '6', 'Condition': 'if (bsn_cc%nam1 == 0)', 'Local (Y/N)': 'N', 'TYPE': 'plant_db', 'Component': 'bio_e', 'Type': 'real', 'Dimensions': '-', 'Default': '15.0', 'Units': 'N/A', 'Description': '-', 'Swat_codetype': 'in_parmdb'}"
plants.plt,4,7,hvsti,,"{'Line in File': '4', 'Position in File': '7', 'Condition': 'if (bsn_cc%nam1 == 0)', 'Local (Y/N)': 'N', 'TYPE': 'plant_db', 'Component': 'hvsti', 'Type': 'real', 'Dimensions': '-', 'Default': '0.76', 'Units': 'N/A', 'Description': '-', 'Swat_codetype': 'in_parmdb'}"
plants.plt,4,8,blai,,"{'Line in File': '4', 'Position in File': '8', 'Condition': 'if (bsn_cc%nam1 == 0)', 'Local (Y/N)': 'N', 'TYPE': 'plant_db', 'Component': 'blai', 'Type': 'real', 'Dimensions': '-', 'Default': '5.0', 'Units': 'N/A', 'Description': '-', 'Swat_codetype': 'in_parmdb'}"
plants.plt,4,9,frgrw1,,"{'Line in File': '4', 'Position in File': '9', 'Condition': 'if (bsn_cc%nam1 == 0)', 'Local (Y/N)': 'N', 'TYPE': 'plant_db', 'Component': 'frgrw1', 'Type': 'real', 'Dimensions': '-', 'Default': '0.05', 'Units': 'N/A', 'Description': '-', 'Swat_codetype': 'in_parmdb'}"
print.prt,1,1,titldum,"{'Line in File': '1', 'Position in File': '1', 'Condition': '-', 'Local (Y/N)': 'Y', 'TYPE': '-', 'Component': 'titldum', 'Type': 'character(len=80)', 'Dimensions': '-', 'Default': '-', 'Units': 'N/A', 'Description': '-', 'Swat_codetype': '-'}","{'Line in File': '1', 'Position in File': '1', 'Condition': '-', 'Local (Y/N)': 'Y', 'TYPE': '-', 'Component': 'titldum', 'Type': 'character(len=80)', 'Dimensions': '-', 'Default': '""""', 'Units': 'N/A', 'Description': '-', 'Swat_codetype': '-'}"
print.prt,10,1,header,"{'Line in File': '10', 'Position in File': '1', 'Condition': 'if (pco%aa_numint > 0)', 'Local (Y/N)': 'Y', 'TYPE': '-', 'Component': 'header', 'Type': 'character(len=500)', 'Dimensions': '-', 'Default': '-', 'Units': 'N/A', 'Description': '-', 'Swat_codetype': '-'}","{'Line in File': '10', 'Position in File': '1', 'Condition': 'if (pco%aa_numint > 0)', 'Local (Y/N)': 'Y', 'TYPE': '-', 'Component': 'header', 'Type': 'character(len=500)', 'Dimensions': '-', 'Default': '""""', 'Units': 'N/A', 'Description': '-', 'Swat_codetype': '-'}"
print.prt,11,1,name,"{'Line in File': '11', 'Position in File': '1', 'Condition': 'if (pco%aa_numint > 0)', 'Local (Y/N)': 'Y', 'TYPE': '-', 'Component': 'name', 'Type': 'character(len=16)', 'Dimensions': '-', 'Default': '-', 'Units': 'N/A', 'Description': '-', 'Swat_codetype': '-'}","{'Line in File': '11', 'Position in File': '1', 'Condition': 'if (pco%use_obj_labels == ""n"")', 'Local (Y/N)': 'Y', 'TYPE': '-', 'Component': 'name', 'Type': 'character(len=16)', 'Dimensions': '-', 'Default': '""""', 'Units': 'N/A', 'Description': '-', 'Swat_codetype': '-'}"
print.prt,11,2,d,,"{'Line in File': '11', 'Position in File': '2', 'Condition': 'if (pco%use_obj_labels == ""n"")', 'Local (Y/N)': 'N', 'TYPE': 'pco', 'Component': 'd', 'Type': 'unknown', 'Dimensions': '-', 'Default': '-', 'Units': 'N/A', 'Description': '-', 'Swat_codetype': 'in_sim'}"
print.prt,11,2,wb_bsn,"{'Line in File': '11', 'Position in File': '2', 'Condition': 'if (pco%aa_numint > 0)', 'Local (Y/N)': 'N', 'TYPE': 'pco', 'Component': 'wb_bsn', 'Type': 'type(print_interval)', 'Dimensions': '-', 'Default': '-', 'Units': 'N/A', 'Description': 'water balance BASIN output', 'Swat_codetype': 'in_sim'}",
print.prt,11,3,m,,"{'Line in File': '11', 'Position in File': '3', 'Condition': 'if (pco%use_obj_labels == ""n"")', 'Local (Y/N)': 'N', 'TYPE': 'pco', 'Component': 'm', 'Type': 'unknown', 'Dimensions': '-', 'Default': '-', 'Units': 'N/A', 'Description': '-', 'Swat_codetype': 'in_sim'}"
print.prt,11,4,y,,"{'Line in File': '11', 'Position in File': '4', 'Condition': 'if (pco%use_obj_labels == ""n"")', 'Local (Y/N)': 'N', 'TYPE': 'pco', 'Component': 'y', 'Type': 'unknown', 'Dimensions': '-', 'Default': '-', 'Units': 'N/A', 'Description': '-', 'Swat_codetype': 'in_sim'}"
print.prt,11,5,a,,"{'Line in File': '11', 'Position in File': '5', 'Condition': 'if (pco%use_obj_labels == ""n"")', 'Local (Y/N)': 'N', 'TYPE': 'pco', 'Component': 'a', 'Type': 'unknown', 'Dimensions': '-', 'Default': '-', 'Units': 'N/A', 'Description': '-', 'Swat_codetype': 'in_sim'}"
print.prt,12,1,name,"{'Line in File': '12', 'Position in File': '1', 'Condition': 'if (pco%aa_numint > 0)', 'Local (Y/N)': 'Y', 'TYPE': '-', 'Component': 'name', 'Type': 'character(len=16)', 'Dimensions': '-', 'Default': '-', 'Units': 'N/A', 'Description': '-', 'Swat_codetype': '-'}","{'Line in File': '12', 'Position in File': '1', 'Condition': 'if (pco%use_obj_labels == ""n"")', 'Local (Y/N)': 'Y', 'TYPE': '-', 'Component': 'name', 'Type': 'character(len=16)', 'Dimensions': '-', 'Default': '""""', 'Units': 'N/A', 'Description': '-', 'Swat_codetype': '-'}"
print.prt,12,2,d,,"{'Line in File': '12', 'Position in File': '2', 'Condition': 'if (pco%use_obj_labels == ""n"")', 'Local (Y/N)': 'N', 'TYPE': 'pco', 'Component': 'd', 'Type': 'unknown', 'Dimensions': '-', 'Default': '-', 'Units': 'N/A', 'Description': '-', 'Swat_codetype': 'in_sim'}"
print.prt,12,2,nb_bsn,"{'Line in File': '12', 'Position in File': '2', 'Condition': 'if (pco%aa_numint > 0)', 'Local (Y/N)': 'N', 'TYPE': 'pco', 'Component': 'nb_bsn', 'Type': 'type(print_interval)', 'Dimensions': '-', 'Default': '-', 'Units': 'N/A', 'Description': 'nutrient balance BASIN output', 'Swat_codetype': 'in_sim'}",
print.prt,12,3,m,,"{'Line in File': '12', 'Position in File': '3', 'Condition': 'if (pco%use_obj_labels == ""n"")', 'Local (Y/N)': 'N', 'TYPE': 'pco', 'Component': 'm', 'Type': 'unknown', 'Dimensions': '-', 'Default': '-', 'Units': 'N/A', 'Description': '-', 'Swat_codetype': 'in_sim'}"
print.prt,12,4,y,,"{'Line in File': '12', 'Position in File': '4', 'Condition': 'if (pco%use_obj_labels == ""n"")', 'Local (Y/N)': 'N', 'TYPE': 'pco', 'Component': 'y', 'Type': 'unknown', 'Dimensions': '-', 'Default': '-', 'Units': 'N/A', 'Description': '-', 'Swat_codetype': 'in_sim'}"
print.prt,12,5,a,,"{'Line in File': '12', 'Position in File': '5', 'Condition': 'if (pco%use_obj_labels == ""n"")', 'Local (Y/N)': 'N', 'TYPE': 'pco', 'Component': 'a', 'Type': 'unknown', 'Dimensions': '-', 'Default': '-', 'Units': 'N/A', 'Description': '-', 'Swat_codetype': 'in_sim'}"
print.prt,13,1,name,"{'Line in File': '13', 'Position in File': '1', 'Condition': 'if (pco%aa_numint > 0)', 'Local (Y/N)': 'Y', 'TYPE': '-', 'Component': 'name', 'Type': 'character(len=16)', 'Dimensions': '-', 'Default': '-', 'Units': 'N/A', 'Description': '-', 'Swat_codetype': '-'}","{'Line in File': '13', 'Position in File': '1', 'Condition': 'if (pco%use_obj_labels == ""n"")', 'Local (Y/N)': 'Y', 'TYPE': '-', 'Component': 'name', 'Type': 'character(len=16)', 'Dimensions': '-', 'Default': '""""', 'Units': 'N/A', 'Description': '-', 'Swat_codetype': '-'}"
print.prt,13,2,d,,"{'Line in File': '13', 'Position in File': '2', 'Condition': 'if (pco%use_obj_labels == ""n"")', 'Local (Y/N)': 'N', 'TYPE': 'pco', 'Component': 'd', 'Type': 'unknown', 'Dimensions': '-', 'Default': '-', 'Units': 'N/A', 'Description': '-', 'Swat_codetype': 'in_sim'}"
print.prt,13,2,ls_bsn,"{'Line in File': '13', 'Position in File': '2', 'Condition': 'if (pco%aa_numint > 0)', 'Local (Y/N)': 'N', 'TYPE': 'pco', 'Component': 'ls_bsn', 'Type': 'type(print_interval)', 'Dimensions': '-', 'Default': '-', 'Units': 'N/A', 'Description': 'losses BASIN output', 'Swat_codetype': 'in_sim'}",
print.prt,13,3,m,,"{'Line in File': '13', 'Position in File': '3', 'Condition': 'if (pco%use_obj_labels == ""n"")', 'Local (Y/N)': 'N', 'TYPE': 'pco', 'Component': 'm', 'Type': 'unknown', 'Dimensions': '-', 'Default': '-', 'Units': 'N/A', 'Description': '-', 'Swat_codetype': 'in_sim'}"
print.prt,13,4,y,,"{'Line in File': '13', 'Position in File': '4', 'Condition': 'if (pco%use_obj_labels == ""n"")', 'Local (Y/N)': 'N', 'TYPE': 'pco', 'Component': 'y', 'Type': 'unknown', 'Dimensions': '-', 'Default': '-', 'Units': 'N/A', 'Description': '-', 'Swat_codetype': 'in_sim'}"
print.prt,13,5,a,,"{'Line in File': '13', 'Position in File': '5', 'Condition': 'if (pco%use_obj_labels == ""n"")', 'Local (Y/N)': 'N', 'TYPE': 'pco', 'Component': 'a', 'Type': 'unknown', 'Dimensions': '-', 'Default': '-', 'Units': 'N/A', 'Description': '-', 'Swat_codetype': 'in_sim'}"
print.prt,14,1,name,"{'Line in File': '14', 'Position in File': '1', 'Condition': 'if (pco%aa_numint > 0)', 'Local (Y/N)': 'Y', 'TYPE': '-', 'Component': 'name', 'Type': 'character(len=16)', 'Dimensions': '-', 'Default': '-', 'Units': 'N/A', 'Description': '-', 'Swat_codetype': '-'}","{'Line in File': '14', 'Position in File': '1', 'Condition': 'if (pco%use_obj_labels == ""n"")', 'Local (Y/N)': 'Y', 'TYPE': '-', 'Component': 'name', 'Type': 'character(len=16)', 'Dimensions': '-', 'Default': '""""', 'Units': 'N/A', 'Description': '-', 'Swat_codetype': '-'}"
print.prt,14,2,d,,"{'Line in File': '14', 'Position in File': '2', 'Condition': 'if (pco%use_obj_labels == ""n"")', 'Local (Y/N)': 'N', 'TYPE': 'pco', 'Component': 'd', 'Type': 'unknown', 'Dimensions': '-', 'Default': '-', 'Units': 'N/A', 'Description': '-', 'Swat_codetype': 'in_sim'}"
print.prt,14,2,pw_bsn,"{'Line in File': '14', 'Position in File': '2', 'Condition': 'if (pco%aa_numint > 0)', 'Local (Y/N)': 'N', 'TYPE': 'pco', 'Component': 'pw_bsn', 'Type': 'type(print_interval)', 'Dimensions': '-', 'Default': '-', 'Units': 'N/A', 'Description': 'plant weather BASIN output', 'Swat_codetype': 'in_sim'}",
print.prt,14,3,m,,"{'Line in File': '14', 'Position in File': '3', 'Condition': 'if (pco%use_obj_labels == ""n"")', 'Local (Y/N)': 'N', 'TYPE': 'pco', 'Component': 'm', 'Type': 'unknown', 'Dimensions': '-', 'Default': '-', 'Units': 'N/A', 'Description': '-', 'Swat_codetype': 'in_sim'}"
print.prt,14,4,y,,"{'Line in File': '14', 'Position in File': '4', 'Condition': 'if (pco%use_obj_labels == ""n"")', 'Local (Y/N)': 'N', 'TYPE': 'pco', 'Component': 'y', 'Type': 'unknown', 'Dimensions': '-', 'Default': '-', 'Units': 'N/A', 'Description': '-', 'Swat_codetype': 'in_sim'}"
print.prt,14,5,a,,"{'Line in File': '14', 'Position in File': '5', 'Condition': 'if (pco%use_obj_labels == ""n"")', 'Local (Y/N)': 'N', 'TYPE': 'pco', 'Component': 'a', 'Type': 'unknown', 'Dimensions': '-', 'Default': '-', 'Units': 'N/A', 'Description': '-', 'Swat_codetype': 'in_sim'}"
print.prt,15,1,name,"{'Line in File': '15', 'Position in File': '1', 'Condition': 'if (pco%aa_numint > 0)', 'Local (Y/N)': 'Y', 'TYPE': '-', 'Component': 'name', 'Type': 'character(len=16)', 'Dimensions': '-', 'Default': '-', 'Units': 'N/A', 'Description': '-', 'Swat_codetype': '-'}","{'Line in File': '15', 'Position in File': '1', 'Condition': 'if (pco%use_obj_labels == ""n"")', 'Local (Y/N)': 'Y', 'TYPE': '-', 'Component': 'name', 'Type': 'character(len=16)', 'Dimensions': '-', 'Default': '""""', 'Units': 'N/A', 'Description': '-', 'Swat_codetype': '-'}"
print.prt,15,2,aqu_bsn,"{'Line in File': '15', 'Position in File': '2', 'Condition': 'if (pco%aa_numint > 0)', 'Local (Y/N)': 'N', 'TYPE': 'pco', 'Component': 'aqu_bsn', 'Type': 'type(print_interval)', 'Dimensions': '-', 'Default': '-', 'Units': 'N/A', 'Description': '-', 'Swat_codetype': 'in_sim'}",
print.prt,15,2,d,,"{'Line in File': '15', 'Position in File': '2', 'Condition': 'if (pco%use_obj_labels == ""n"")', 'Local (Y/N)': 'N', 'TYPE': 'pco', 'Component': 'd', 'Type': 'unknown', 'Dimensions': '-', 'Default': '-', 'Units': 'N/A', 'Description': '-', 'Swat_codetype': 'in_sim'}"
print.prt,15,3,m,,"{'Line in File': '15', 'Position in File': '3', 'Condition': 'if (pco%use_obj_labels == ""n"")', 'Local (Y/N)': 'N', 'TYPE': 'pco', 'Component': 'm', 'Type': 'unknown', 'Dimensions': '-', 'Default': '-', 'Units': 'N/A', 'Description': '-', 'Swat_codetype': 'in_sim'}"
print.prt,15,4,y,,"{'Line in File': '15', 'Position in File': '4', 'Condition': 'if (pco%use_obj_labels == ""n"")', 'Local (Y/N)': 'N', 'TYPE': 'pco', 'Component': 'y', 'Type': 'unknown', 'Dimensions': '-', 'Default': '-', 'Units': 'N/A', 'Description': '-', 'Swat_codetype': 'in_sim'}"
print.prt,15,5,a,,"{'Line in File': '15', 'Position in File': '5', 'Condition': 'if (pco%use_obj_labels == ""n"")', 'Local (Y/N)': 'N', 'TYPE': 'pco', 'Component': 'a', 'Type': 'unknown', 'Dimensions': '-', 'Default': '-', 'Units': 'N/A', 'Description': '-', 'Swat_codetype': 'in_sim'}"
print.prt,16,1,name,"{'Line in File': '16', 'Position in File': '1', 'Condition': 'if (pco%aa_numint > 0)', 'Local (Y/N)': 'Y', 'TYPE': '-', 'Component': 'name', 'Type': 'character(len=16)', 'Dimensions': '-', 'Default': '-', 'Units': 'N/A', 'Description': '-', 'Swat_codetype': '-'}","{'Line in File': '16', 'Position in File': '1', 'Condition': 'if (pco%use_obj_labels == ""n"")', 'Local (Y/N)': 'Y', 'TYPE': '-', 'Component': 'name', 'Type': 'character(len=16)', 'Dimensions': '-', 'Default': '""""', 'Units': 'N/A', 'Description': '-', 'Swat_codetype': '-'}"
print.prt,16,2,d,,"{'Line in File': '16', 'Position in File': '2', 'Condition': 'if (pco%use_obj_labels == ""n"")', 'Local (Y/N)': 'N', 'TYPE': 'pco', 'Component': 'd', 'Type': 'unknown', 'Dimensions': '-', 'Default': '-', 'Units': 'N/A', 'Description': '-', 'Swat_codetype': 'in_sim'}"
print.prt,16,2,res_bsn,"{'Line in File': '16', 'Position in File': '2', 'Condition': 'if (pco%aa_numint > 0)', 'Local (Y/N)': 'N', 'TYPE': 'pco', 'Component': 'res_bsn', 'Type': 'type(print_interval)', 'Dimensions': '-', 'Default': '-', 'Units': 'N/A', 'Description': '-', 'Swat_codetype': 'in_sim'}",
print.prt,16,3,m,,"{'Line in File': '16', 'Position in File': '3', 'Condition': 'if (pco%use_obj_labels == ""n"")', 'Local (Y/N)': 'N', 'TYPE': 'pco', 'Component': 'm', 'Type': 'unknown', 'Dimensions': '-', 'Default': '-', 'Units': 'N/A', 'Description': '-', 'Swat_codetype': 'in_sim'}"
print.prt,16,4,y,,"{'Line in File': '16', 'Position in File': '4', 'Condition': 'if (pco%use_obj_labels == ""n"")', 'Local (Y/N)': 'N', 'TYPE': 'pco', 'Component': 'y', 'Type': 'unknown', 'Dimensions': '-', 'Default': '-', 'Units': 'N/A', 'Description': '-', 'Swat_codetype': 'in_sim'}"
print.prt,16,5,a,,"{'Line in File': '16', 'Position in File': '5', 'Condition': 'if (pco%use_obj_labels == ""n"")', 'Local (Y/N)': 'N', 'TYPE': 'pco', 'Component': 'a', 'Type': 'unknown', 'Dimensions': '-', 'Default': '-', 'Units': 'N/A', 'Description': '-', 'Swat_codetype': 'in_sim'}"
print.prt,17,1,name,"{'Line in File': '17', 'Position in File': '1', 'Condition': 'if (pco%aa_numint > 0)', 'Local (Y/N)': 'Y', 'TYPE': '-', 'Component': 'name', 'Type': 'character(len=16)', 'Dimensions': '-', 'Default': '-', 'Units': 'N/A', 'Description': '-', 'Swat_codetype': '-'}","{'Line in File': '17', 'Position in File': '1', 'Condition': 'if (pco%use_obj_labels == ""n"")', 'Local (Y/N)': 'Y', 'TYPE': '-', 'Component': 'name', 'Type': 'character(len=16)', 'Dimensions': '-', 'Default': '""""', 'Units': 'N/A', 'Description': '-', 'Swat_codetype': '-'}"
print.prt,17,2,chan_bsn,"{'Line in File': '17', 'Position in File': '2', 'Condition': 'if (pco%aa_numint > 0)', 'Local (Y/N)': 'N', 'TYPE': 'pco', 'Component': 'chan_bsn', 'Type': 'type(print_interval)', 'Dimensions': '-', 'Default': '-', 'Units': 'N/A', 'Description': '-', 'Swat_codetype': 'in_sim'}",
print.prt,17,2,d,,"{'Line in File': '17', 'Position in File': '2', 'Condition': 'if (pco%use_obj_labels == ""n"")', 'Local (Y/N)': 'N', 'TYPE': 'pco', 'Component': 'd', 'Type': 'unknown', 'Dimensions': '-', 'Default': '-', 'Units': 'N/A', 'Description': '-', 'Swat_codetype': 'in_sim'}"
print.prt,17,3,m,,"{'Line in File': '17', 'Position in File': '3', 'Condition': 'if (pco%use_obj_labels == ""n"")', 'Local (Y/N)': 'N', 'TYPE': 'pco', 'Component': 'm', 'Type': 'unknown', 'Dimensions': '-', 'Default': '-', 'Units': 'N/A', 'Description': '-', 'Swat_codetype': 'in_sim'}"
print.prt,17,4,y,,"{'Line in File': '17', 'Position in File': '4', 'Condition': 'if (pco%use_obj_labels == ""n"")', 'Local (Y/N)': 'N', 'TYPE': 'pco', 'Component': 'y', 'Type': 'unknown', 'Dimensions': '-', 'Default': '-', 'Units': 'N/A', 'Description': '-', 'Swat_codetype': 'in_sim'}"
print.prt,17,5,a,,"{'Line in File': '17', 'Position in File': '5', 'Condition': 'if (pco%use_obj_labels == ""n"")', 'Local (Y/N)': 'N', 'TYPE': 'pco', 'Component': 'a', 'Type': 'unknown', 'Dimensions': '-', 'Default': '-', 'Units': 'N/A', 'Description': '-', 'Swat_codetype': 'in_sim'}"
print.prt,18,1,name,"{'Line in File': '18', 'Position in File': '1', 'Condition': 'if (pco%aa_numint > 0)', 'Local (Y/N)': 'Y', 'TYPE': '-', 'Component': 'name', 'Type': 'character(len=16)', 'Dimensions': '-', 'Default': '-', 'Units': 'N/A', 'Description': '-', 'Swat_codetype': '-'}","{'Line in File': '18', 'Position in File': '1', 'Condition': 'if (pco%use_obj_labels == ""n"")', 'Local (Y/N)': 'Y', 'TYPE': '-', 'Component': 'name', 'Type': 'character(len=16)', 'Dimensions': '-', 'Default': '""""', 'Units': 'N/A', 'Description': '-', 'Swat_codetype': '-'}"
print.prt,18,2,d,,"{'Line in File': '18', 'Position in File': '2', 'Condition': 'if (pco%use_obj_labels == ""n"")', 'Local (Y/N)': 'N', 'TYPE': 'pco', 'Component': 'd', 'Type': 'unknown', 'Dimensions': '-', 'Default': '-', 'Units': 'N/A', 'Description': '-', 'Swat_codetype': 'in_sim'}"
print.prt,18,2,sd_chan_bsn,"{'Line in File': '18', 'Position in File': '2', 'Condition': 'if (pco%aa_numint > 0)', 'Local (Y/N)': 'N', 'TYPE': 'pco', 'Component': 'sd_chan_bsn', 'Type': 'type(print_interval)', 'Dimensions': '-', 'Default': '-', 'Units': 'N/A', 'Description': '-', 'Swat_codetype': 'in_sim'}",
print.prt,18,3,m,,"{'Line in File': '18', 'Position in File': '3', 'Condition': 'if (pco%use_obj_labels == ""n"")', 'Local (Y/N)': 'N', 'TYPE': 'pco', 'Component': 'm', 'Type': 'unknown', 'Dimensions': '-', 'Default': '-', 'Units': 'N/A', 'Description': '-', 'Swat_codetype': 'in_sim'}"
print.prt,18,4,y,,"{'Line in File': '18', 'Position in File': '4', 'Condition': 'if (pco%use_obj_labels == ""n"")', 'Local (Y/N)': 'N', 'TYPE': 'pco', 'Component': 'y', 'Type': 'unknown', 'Dimensions': '-', 'Default': '-', 'Units': 'N/A', 'Description': '-', 'Swat_codetype': 'in_sim'}"
print.prt,18,5,a,,"{'Line in File': '18', 'Position in File': '5', 'Condition': 'if (pco%use_obj_labels == ""n"")', 'Local (Y/N)': 'N', 'TYPE': 'pco', 'Component': 'a', 'Type': 'unknown', 'Dimensions': '-', 'Default': '-', 'Units': 'N/A', 'Description': '-', 'Swat_codetype': 'in_sim'}"
print.prt,19,1,name,"{'Line in File': '19', 'Position in File': '1', 'Condition': 'if (pco%aa_numint > 0)', 'Local (Y/N)': 'Y', 'TYPE': '-', 'Component': 'name', 'Type': 'character(len=16)', 'Dimensions': '-', 'Default': '-', 'Units': 'N/A', 'Description': '-', 'Swat_codetype': '-'}","{'Line in File': '19', 'Position in File': '1', 'Condition': 'if (pco%use_obj_labels == ""n"")', 'Local (Y/N)': 'Y', 'TYPE': '-', 'Component': 'name', 'Type': 'character(len=16)', 'Dimensions': '-', 'Default': '""""', 'Units': 'N/A', 'Description': '-', 'Swat_codetype': '-'}"
print.prt,19,2,d,,"{'Line in File': '19', 'Position in File': '2', 'Condition': 'if (pco%use_obj_labels == ""n"")', 'Local (Y/N)': 'N', 'TYPE': 'pco', 'Component': 'd', 'Type': 'unknown', 'Dimensions': '-', 'Default': '-', 'Units': 'N/A', 'Description': '-', 'Swat_codetype': 'in_sim'}"
print.prt,19,2,recall_bsn,"{'Line in File': '19', 'Position in File': '2', 'Condition': 'if (pco%aa_numint > 0)', 'Local (Y/N)': 'N', 'TYPE': 'pco', 'Component': 'recall_bsn', 'Type': 'type(print_interval)', 'Dimensions': '-', 'Default': '-', 'Units': 'N/A', 'Description': '-', 'Swat_codetype': 'in_sim'}",
print.prt,19,3,m,,"{'Line in File': '19', 'Position in File': '3', 'Condition': 'if (pco%use_obj_labels == ""n"")', 'Local (Y/N)': 'N', 'TYPE': 'pco', 'Component': 'm', 'Type': 'unknown', 'Dimensions': '-', 'Default': '-', 'Units': 'N/A', 'Description': '-', 'Swat_codetype': 'in_sim'}"
print.prt,19,4,y,,"{'Line in File': '19', 'Position in File': '4', 'Condition': 'if (pco%use_obj_labels == ""n"")', 'Local (Y/N)': 'N', 'TYPE': 'pco', 'Component': 'y', 'Type': 'unknown', 'Dimensions': '-', 'Default': '-', 'Units': 'N/A', 'Description': '-', 'Swat_codetype': 'in_sim'}"
print.prt,19,5,a,,"{'Line in File': '19', 'Position in File': '5', 'Condition': 'if (pco%use_obj_labels == ""n"")', 'Local (Y/N)': 'N', 'TYPE': 'pco', 'Component': 'a', 'Type': 'unknown', 'Dimensions': '-', 'Default': '-', 'Units': 'N/A', 'Description': '-', 'Swat_codetype': 'in_sim'}"
print.prt,2,1,header,"{'Line in File': '2', 'Position in File': '1', 'Condition': '-', 'Local (Y/N)': 'Y', 'TYPE': '-', 'Component': 'header', 'Type': 'character(len=500)', 'Dimensions': '-', 'Default': '-', 'Units': 'N/A', 'Description': '-', 'Swat_codetype': '-'}","{'Line in File': '2', 'Position in File': '1', 'Condition': '-', 'Local (Y/N)': 'Y', 'TYPE': '-', 'Component': 'header', 'Type': 'character(len=500)', 'Dimensions': '-', 'Default': '""""', 'Units': 'N/A', 'Description': '-', 'Swat_codetype': '-'}"
print.prt,20,1,name,"{'Line in File': '20', 'Position in File': '1', 'Condition': 'if (pco%aa_numint > 0)', 'Local (Y/N)': 'Y', 'TYPE': '-', 'Component': 'name', 'Type': 'character(len=16)', 'Dimensions': '-', 'Default': '-', 'Units': 'N/A', 'Description': '-', 'Swat_codetype': '-'}","{'Line in File': '20', 'Position in File': '1', 'Condition': 'if (pco%use_obj_labels == ""n"")', 'Local (Y/N)': 'Y', 'TYPE': '-', 'Component': 'name', 'Type': 'character(len=16)', 'Dimensions': '-', 'Default': '""""', 'Units': 'N/A', 'Description': '-', 'Swat_codetype': '-'}"
print.prt,20,2,d,,"{'Line in File': '20', 'Position in File': '2', 'Condition': 'if (pco%use_obj_labels == ""n"")', 'Local (Y/N)': 'N', 'TYPE': 'pco', 'Component': 'd', 'Type': 'unknown', 'Dimensions': '-', 'Default': '-', 'Units': 'N/A', 'Description': '-', 'Swat_codetype': 'in_sim'}"
print.prt,20,2,wb_reg,"{'Line in File': '20', 'Position in File': '2', 'Condition': 'if (pco%aa_numint > 0)', 'Local (Y/N)': 'N', 'TYPE': 'pco', 'Component': 'wb_reg', 'Type': 'type(print_interval)', 'Dimensions': '-', 'Default': '-', 'Units': 'N/A', 'Description': 'water balance REGION output', 'Swat_codetype': 'in_sim'}",
print.prt,20,3,m,,"{'Line in File': '20', 'Position in File': '3', 'Condition': 'if (pco%use_obj_labels == ""n"")', 'Local (Y/N)': 'N', 'TYPE': 'pco', 'Component': 'm', 'Type': 'unknown', 'Dimensions': '-', 'Default': '-', 'Units': 'N/A', 'Description': '-', 'Swat_codetype': 'in_sim'}"
print.prt,20,4,y,,"{'Line in File': '20', 'Position in File': '4', 'Condition': 'if (pco%use_obj_labels == ""n"")', 'Local (Y/N)': 'N', 'TYPE': 'pco', 'Component': 'y', 'Type': 'unknown', 'Dimensions': '-', 'Default': '-', 'Units': 'N/A', 'Description': '-', 'Swat_codetype': 'in_sim'}"
print.prt,20,5,a,,"{'Line in File': '20', 'Position in File': '5', 'Condition': 'if (pco%use_obj_labels == ""n"")', 'Local (Y/N)': 'N', 'TYPE': 'pco', 'Component': 'a', 'Type': 'unknown', 'Dimensions': '-', 'Default': '-', 'Units': 'N/A', 'Description': '-', 'Swat_codetype': 'in_sim'}"
print.prt,21,1,name,"{'Line in File': '21', 'Position in File': '1', 'Condition': 'if (pco%aa_numint > 0)', 'Local (Y/N)': 'Y', 'TYPE': '-', 'Component': 'name', 'Type': 'character(len=16)', 'Dimensions': '-', 'Default': '-', 'Units': 'N/A', 'Description': '-', 'Swat_codetype': '-'}","{'Line in File': '21', 'Position in File': '1', 'Condition': 'if (pco%use_obj_labels == ""n"")', 'Local (Y/N)': 'Y', 'TYPE': '-', 'Component': 'name', 'Type': 'character(len=16)', 'Dimensions': '-', 'Default': '""""', 'Units': 'N/A', 'Description': '-', 'Swat_codetype': '-'}"
print.prt,21,2,d,,"{'Line in File': '21', 'Position in File': '2', 'Condition': 'if (pco%use_obj_labels == ""n"")', 'Local (Y/N)': 'N', 'TYPE': 'pco', 'Component': 'd', 'Type': 'unknown', 'Dimensions': '-', 'Default': '-', 'Units': 'N/A', 'Description': '-', 'Swat_codetype': 'in_sim'}"
print.prt,21,2,nb_reg,"{'Line in File': '21', 'Position in File': '2', 'Condition': 'if (pco%aa_numint > 0)', 'Local (Y/N)': 'N', 'TYPE': 'pco', 'Component': 'nb_reg', 'Type': 'type(print_interval)', 'Dimensions': '-', 'Default': '-', 'Units': 'N/A', 'Description': 'nutrient balance REGION output', 'Swat_codetype': 'in_sim'}",
print.prt,21,3,m,,"{'Line in File': '21', 'Position in File': '3', 'Condition': 'if (pco%use_obj_labels == ""n"")', 'Local (Y/N)': 'N', 'TYPE': 'pco', 'Component': 'm', 'Type': 'unknown', 'Dimensions': '-', 'Default': '-', 'Units': 'N/A', 'Description': '-', 'Swat_codetype': 'in_sim'}"
print.prt,21,4,y,,"{'Line in File': '21', 'Position in File': '4', 'Condition': 'if (pco%use_obj_labels == ""n"")', 'Local (Y/N)': 'N', 'TYPE': 'pco', 'Component': 'y', 'Type': 'unknown', 'Dimensions': '-', 'Default': '-', 'Units': 'N/A', 'Description': '-', 'Swat_codetype': 'in_sim'}"
print.prt,21,5,a,,"{'Line in File': '21', 'Position in File': '5', 'Condition': 'if (pco%use_obj_labels == ""n"")', 'Local (Y/N)': 'N', 'TYPE': 'pco', 'Component': 'a', 'Type': 'unknown', 'Dimensions': '-', 'Default': '-', 'Units': 'N/A', 'Description': '-', 'Swat_codetype': 'in_sim'}"
print.prt,22,1,name,"{'Line in File': '22', 'Position in File': '1', 'Condition': 'if (pco%aa_numint > 0)', 'Local (Y/N)': 'Y', 'TYPE': '-', 'Component': 'name', 'Type': 'character(len=16)', 'Dimensions': '-', 'Default': '-', 'Units': 'N/A', 'Description': '-', 'Swat_codetype': '-'}","{'Line in File': '22', 'Position in File': '1', 'Condition': 'if (pco%use_obj_labels == ""n"")', 'Local (Y/N)': 'Y', 'TYPE': '-', 'Component': 'name', 'Type': 'character(len=16)', 'Dimensions': '-', 'Default': '""""', 'Units': 'N/A', 'Description': '-', 'Swat_codetype': '-'}"
print.prt,22,2,d,,"{'Line in File': '22', 'Position in File': '2', 'Condition': 'if (pco%use_obj_labels == ""n"")', 'Local (Y/N)': 'N', 'TYPE': 'pco', 'Component': 'd', 'Type': 'unknown', 'Dimensions': '-', 'Default': '-', 'Units': 'N/A', 'Description': '-', 'Swat_codetype': 'in_sim'}"
print.prt,22,2,ls_reg,"{'Line in File': '22', 'Position in File': '2', 'Condition': 'if (pco%aa_numint > 0)', 'Local (Y/N)': 'N', 'TYPE': 'pco', 'Component': 'ls_reg', 'Type': 'type(print_interval)', 'Dimensions': '-', 'Default': '-', 'Units': 'N/A', 'Description': 'losses REGION output', 'Swat_codetype': 'in_sim'}",
print.prt,22,3,m,,"{'Line in File': '22', 'Position in File': '3', 'Condition': 'if (pco%use_obj_labels == ""n"")', 'Local (Y/N)': 'N', 'TYPE': 'pco', 'Component': 'm', 'Type': 'unknown', 'Dimensions': '-', 'Default': '-', 'Units': 'N/A', 'Description': '-', 'Swat_codetype': 'in_sim'}"
print.prt,22,4,y,,"{'Line in File': '22', 'Position in File': '4', 'Condition': 'if (pco%use_obj_labels == ""n"")', 'Local (Y/N)': 'N', 'TYPE': 'pco', 'Component': 'y', 'Type': 'unknown', 'Dimensions': '-', 'Default': '-', 'Units': 'N/A', 'Description': '-', 'Swat_codetype': 'in_sim'}"
print.prt,22,5,a,,"{'Line in File': '22', 'Position in File': '5', 'Condition': 'if (pco%use_obj_labels == ""n"")', 'Local (Y/N)': 'N', 'TYPE': 'pco', 'Component': 'a', 'Type': 'unknown', 'Dimensions': '-', 'Default': '-', 'Units': 'N/A', 'Description': '-', 'Swat_codetype': 'in_sim'}"
print.prt,23,1,name,"{'Line in File': '23', 'Position in File': '1', 'Condition': 'if (pco%aa_numint > 0)', 'Local (Y/N)': 'Y', 'TYPE': '-', 'Component': 'name', 'Type': 'character(len=16)', 'Dimensions': '-', 'Default': '-', 'Units': 'N/A', 'Description': '-', 'Swat_codetype': '-'}","{'Line in File': '23', 'Position in File': '1', 'Condition': 'if (pco%use_obj_labels == ""n"")', 'Local (Y/N)': 'Y', 'TYPE': '-', 'Component': 'name', 'Type': 'character(len=16)', 'Dimensions': '-', 'Default': '""""', 'Units': 'N/A', 'Description': '-', 'Swat_codetype': '-'}"
print.prt,23,2,d,,"{'Line in File': '23', 'Position in File': '2', 'Condition': 'if (pco%use_obj_labels == ""n"")', 'Local (Y/N)': 'N', 'TYPE': 'pco', 'Component': 'd', 'Type': 'unknown', 'Dimensions': '-', 'Default': '-', 'Units': 'N/A', 'Description': '-', 'Swat_codetype': 'in_sim'}"
print.prt,23,2,pw_reg,"{'Line in File': '23', 'Position in File': '2', 'Condition': 'if (pco%aa_numint > 0)', 'Local (Y/N)': 'N', 'TYPE': 'pco', 'Component': 'pw_reg', 'Type': 'type(print_interval)', 'Dimensions': '-', 'Default': '-', 'Units': 'N/A', 'Description': 'plant weather REGION output', 'Swat_codetype': 'in_sim'}",
print.prt,23,3,m,,"{'Line in File': '23', 'Position in File': '3', 'Condition': 'if (pco%use_obj_labels == ""n"")', 'Local (Y/N)': 'N', 'TYPE': 'pco', 'Component': 'm', 'Type': 'unknown', 'Dimensions': '-', 'Default': '-', 'Units': 'N/A', 'Description': '-', 'Swat_codetype': 'in_sim'}"
print.prt,23,4,y,,"{'Line in File': '23', 'Position in File': '4', 'Condition': 'if (pco%use_obj_labels == ""n"")', 'Local (Y/N)': 'N', 'TYPE': 'pco', 'Component': 'y', 'Type': 'unknown', 'Dimensions': '-', 'Default': '-', 'Units': 'N/A', 'Description': '-', 'Swat_codetype': 'in_sim'}"
print.prt,23,5,a,,"{'Line in File': '23', 'Position in File': '5', 'Condition': 'if (pco%use_obj_labels == ""n"")', 'Local (Y/N)': 'N', 'TYPE': 'pco', 'Component': 'a', 'Type': 'unknown', 'Dimensions': '-', 'Default': '-', 'Units': 'N/A', 'Description': '-', 'Swat_codetype': 'in_sim'}"
print.prt,24,1,name,"{'Line in File': '24', 'Position in File': '1', 'Condition': 'if (pco%aa_numint > 0)', 'Local (Y/N)': 'Y', 'TYPE': '-', 'Component': 'name', 'Type': 'character(len=16)', 'Dimensions': '-', 'Default': '-', 'Units': 'N/A', 'Description': '-', 'Swat_codetype': '-'}","{'Line in File': '24', 'Position in File': '1', 'Condition': 'if (pco%use_obj_labels == ""n"")', 'Local (Y/N)': 'Y', 'TYPE': '-', 'Component': 'name', 'Type': 'character(len=16)', 'Dimensions': '-', 'Default': '""""', 'Units': 'N/A', 'Description': '-', 'Swat_codetype': '-'}"
print.prt,24,2,aqu_reg,"{'Line in File': '24', 'Position in File': '2', 'Condition': 'if (pco%aa_numint > 0)', 'Local (Y/N)': 'N', 'TYPE': 'pco', 'Component': 'aqu_reg', 'Type': 'type(print_interval)', 'Dimensions': '-', 'Default': '-', 'Units': 'N/A', 'Description': '-', 'Swat_codetype': 'in_sim'}",
print.prt,24,2,d,,"{'Line in File': '24', 'Position in File': '2', 'Condition': 'if (pco%use_obj_labels == ""n"")', 'Local (Y/N)': 'N', 'TYPE': 'pco', 'Component': 'd', 'Type': 'unknown', 'Dimensions': '-', 'Default': '-', 'Units': 'N/A', 'Description': '-', 'Swat_codetype': 'in_sim'}"
print.prt,24,3,m,,"{'Line in File': '24', 'Position in File': '3', 'Condition': 'if (pco%use_obj_labels == ""n"")', 'Local (Y/N)': 'N', 'TYPE': 'pco', 'Component': 'm', 'Type': 'unknown', 'Dimensions': '-', 'Default': '-', 'Units': 'N/A', 'Description': '-', 'Swat_codetype': 'in_sim'}"
print.prt,24,4,y,,"{'Line in File': '24', 'Position in File': '4', 'Condition': 'if (pco%use_obj_labels == ""n"")', 'Local (Y/N)': 'N', 'TYPE': 'pco', 'Component': 'y', 'Type': 'unknown', 'Dimensions': '-', 'Default': '-', 'Units': 'N/A', 'Description': '-', 'Swat_codetype': 'in_sim'}"
print.prt,24,5,a,,"{'Line in File': '24', 'Position in File': '5', 'Condition': 'if (pco%use_obj_labels == ""n"")', 'Local (Y/N)': 'N', 'TYPE': 'pco', 'Component': 'a', 'Type': 'unknown', 'Dimensions': '-', 'Default': '-', 'Units': 'N/A', 'Description': '-', 'Swat_codetype': 'in_sim'}"
print.prt,25,1,name,"{'Line in File': '25', 'Position in File': '1', 'Condition': 'if (pco%aa_numint > 0)', 'Local (Y/N)': 'Y', 'TYPE': '-', 'Component': 'name', 'Type': 'character(len=16)', 'Dimensions': '-', 'Default': '-', 'Units': 'N/A', 'Description': '-', 'Swat_codetype': '-'}","{'Line in File': '25', 'Position in File': '1', 'Condition': 'if (pco%use_obj_labels == ""n"")', 'Local (Y/N)': 'Y', 'TYPE': '-', 'Component': 'name', 'Type': 'character(len=16)', 'Dimensions': '-', 'Default': '""""', 'Units': 'N/A', 'Description': '-', 'Swat_codetype': '-'}"
print.prt,25,2,d,,"{'Line in File': '25', 'Position in File': '2', 'Condition': 'if (pco%use_obj_labels == ""n"")', 'Local (Y/N)': 'N', 'TYPE': 'pco', 'Component': 'd', 'Type': 'unknown', 'Dimensions': '-', 'Default': '-', 'Units': 'N/A', 'Description': '-', 'Swat_codetype': 'in_sim'}"
print.prt,25,2,res_reg,"{'Line in File': '25', 'Position in File': '2', 'Condition': 'if (pco%aa_numint > 0)', 'Local (Y/N)': 'N', 'TYPE': 'pco', 'Component': 'res_reg', 'Type': 'type(print_interval)', 'Dimensions': '-', 'Default': '-', 'Units': 'N/A', 'Description': '-', 'Swat_codetype': 'in_sim'}",
print.prt,25,3,m,,"{'Line in File': '25', 'Position in File': '3', 'Condition': 'if (pco%use_obj_labels == ""n"")', 'Local (Y/N)': 'N', 'TYPE': 'pco', 'Component': 'm', 'Type': 'unknown', 'Dimensions': '-', 'Default': '-', 'Units': 'N/A', 'Description': '-', 'Swat_codetype': 'in_sim'}"
print.prt,25,4,y,,"{'Line in File': '25', 'Position in File': '4', 'Condition': 'if (pco%use_obj_labels == ""n"")', 'Local (Y/N)': 'N', 'TYPE': 'pco', 'Component': 'y', 'Type': 'unknown', 'Dimensions': '-', 'Default': '-', 'Units': 'N/A', 'Description': '-', 'Swat_codetype': 'in_sim'}"
print.prt,25,5,a,,"{'Line in File': '25', 'Position in File': '5', 'Condition': 'if (pco%use_obj_labels == ""n"")', 'Local (Y/N)': 'N', 'TYPE': 'pco', 'Component': 'a', 'Type': 'unknown', 'Dimensions': '-', 'Default': '-', 'Units': 'N/A', 'Description': '-', 'Swat_codetype': 'in_sim'}"
print.prt,26,1,name,"{'Line in File': '26', 'Position in File': '1', 'Condition': 'if (pco%aa_numint > 0)', 'Local (Y/N)': 'Y', 'TYPE': '-', 'Component': 'name', 'Type': 'character(len=16)', 'Dimensions': '-', 'Default': '-', 'Units': 'N/A', 'Description': '-', 'Swat_codetype': '-'}","{'Line in File': '26', 'Position in File': '1', 'Condition': 'if (pco%use_obj_labels == ""n"")', 'Local (Y/N)': 'Y', 'TYPE': '-', 'Component': 'name', 'Type': 'character(len=16)', 'Dimensions': '-', 'Default': '""""', 'Units': 'N/A', 'Description': '-', 'Swat_codetype': '-'}"
print.prt,26,2,d,,"{'Line in File': '26', 'Position in File': '2', 'Condition': 'if (pco%use_obj_labels == ""n"")', 'Local (Y/N)': 'N', 'TYPE': 'pco', 'Component': 'd', 'Type': 'unknown', 'Dimensions': '-', 'Default': '-', 'Units': 'N/A', 'Description': '-', 'Swat_codetype': 'in_sim'}"
print.prt,26,2,sd_chan_reg,"{'Line in File': '26', 'Position in File': '2', 'Condition': 'if (pco%aa_numint > 0)', 'Local (Y/N)': 'N', 'TYPE': 'pco', 'Component': 'sd_chan_reg', 'Type': 'type(print_interval)', 'Dimensions': '-', 'Default': '-', 'Units': 'N/A', 'Description': '-', 'Swat_codetype': 'in_sim'}",
print.prt,26,3,m,,"{'Line in File': '26', 'Position in File': '3', 'Condition': 'if (pco%use_obj_labels == ""n"")', 'Local (Y/N)': 'N', 'TYPE': 'pco', 'Component': 'm', 'Type': 'unknown', 'Dimensions': '-', 'Default': '-', 'Units': 'N/A', 'Description': '-', 'Swat_codetype': 'in_sim'}"
print.prt,26,4,y,,"{'Line in File': '26', 'Position in File': '4', 'Condition': 'if (pco%use_obj_labels == ""n"")', 'Local (Y/N)': 'N', 'TYPE': 'pco', 'Component': 'y', 'Type': 'unknown', 'Dimensions': '-', 'Default': '-', 'Units': 'N/A', 'Description': '-', 'Swat_codetype': 'in_sim'}"
print.prt,26,5,a,,"{'Line in File': '26', 'Position in File': '5', 'Condition': 'if (pco%use_obj_labels == ""n"")', 'Local (Y/N)': 'N', 'TYPE': 'pco', 'Component': 'a', 'Type': 'unknown', 'Dimensions': '-', 'Default': '-', 'Units': 'N/A', 'Description': '-', 'Swat_codetype': 'in_sim'}"
print.prt,27,1,name,"{'Line in File': '27', 'Position in File': '1', 'Condition': 'if (pco%aa_numint > 0)', 'Local (Y/N)': 'Y', 'TYPE': '-', 'Component': 'name', 'Type': 'character(len=16)', 'Dimensions': '-', 'Default': '-', 'Units': 'N/A', 'Description': '-', 'Swat_codetype': '-'}","{'Line in File': '27', 'Position in File': '1', 'Condition': 'if (pco%use_obj_labels == ""n"")', 'Local (Y/N)': 'Y', 'TYPE': '-', 'Component': 'name', 'Type': 'character(len=16)', 'Dimensions': '-', 'Default': '""""', 'Units': 'N/A', 'Description': '-', 'Swat_codetype': '-'}"
print.prt,27,2,d,,"{'Line in File': '27', 'Position in File': '2', 'Condition': 'if (pco%use_obj_labels == ""n"")', 'Local (Y/N)': 'N', 'TYPE': 'pco', 'Component': 'd', 'Type': 'unknown', 'Dimensions': '-', 'Default': '-', 'Units': 'N/A', 'Description': '-', 'Swat_codetype': 'in_sim'}"
print.prt,27,2,recall_reg,"{'Line in File': '27', 'Position in File': '2', 'Condition': 'if (pco%aa_numint > 0)', 'Local (Y/N)': 'N', 'TYPE': 'pco', 'Component': 'recall_reg', 'Type': 'type(print_interval)', 'Dimensions': '-', 'Default': '-', 'Units': 'N/A', 'Description': '-', 'Swat_codetype': 'in_sim'}",
print.prt,27,3,m,,"{'Line in File': '27', 'Position in File': '3', 'Condition': 'if (pco%use_obj_labels == ""n"")', 'Local (Y/N)': 'N', 'TYPE': 'pco', 'Component': 'm', 'Type': 'unknown', 'Dimensions': '-', 'Default': '-', 'Units': 'N/A', 'Description': '-', 'Swat_codetype': 'in_sim'}"
print.prt,27,4,y,,"{'Line in File': '27', 'Position in File': '4', 'Condition': 'if (pco%use_obj_labels == ""n"")', 'Local (Y/N)': 'N', 'TYPE': 'pco', 'Component': 'y', 'Type': 'unknown', 'Dimensions': '-', 'Default': '-', 'Units': 'N/A', 'Description': '-', 'Swat_codetype': 'in_sim'}"
print.prt,27,5,a,,"{'Line in File': '27', 'Position in File': '5', 'Condition': 'if (pco%use_obj_labels == ""n"")', 'Local (Y/N)': 'N', 'TYPE': 'pco', 'Component': 'a', 'Type': 'unknown', 'Dimensions': '-', 'Default': '-', 'Units': 'N/A', 'Description': '-', 'Swat_codetype': 'in_sim'}"
print.prt,28,1,name,"{'Line in File': '28', 'Position in File': '1', 'Condition': 'if (pco%aa_numint > 0)', 'Local (Y/N)': 'Y', 'TYPE': '-', 'Component': 'name', 'Type': 'character(len=16)', 'Dimensions': '-', 'Default': '-', 'Units': 'N/A', 'Description': '-', 'Swat_codetype': '-'}","{'Line in File': '28', 'Position in File': '1', 'Condition': 'if (pco%use_obj_labels == ""n"")', 'Local (Y/N)': 'Y', 'TYPE': '-', 'Component': 'name', 'Type': 'character(len=16)', 'Dimensions': '-', 'Default': '""""', 'Units': 'N/A', 'Description': '-', 'Swat_codetype': '-'}"
print.prt,28,2,d,,"{'Line in File': '28', 'Position in File': '2', 'Condition': 'if (pco%use_obj_labels == ""n"")', 'Local (Y/N)': 'N', 'TYPE': 'pco', 'Component': 'd', 'Type': 'unknown', 'Dimensions': '-', 'Default': '-', 'Units': 'N/A', 'Description': '-', 'Swat_codetype': 'in_sim'}"
print.prt,28,2,water_allo,"{'Line in File': '28', 'Position in File': '2', 'Condition': 'if (pco%aa_numint > 0)', 'Local (Y/N)': 'N', 'TYPE': 'pco', 'Component': 'water_allo', 'Type': 'type(print_interval)', 'Dimensions': '-', 'Default': '-', 'Units': 'N/A', 'Description': '-', 'Swat_codetype': 'in_sim'}",
print.prt,28,3,m,,"{'Line in File': '28', 'Position in File': '3', 'Condition': 'if (pco%use_obj_labels == ""n"")', 'Local (Y/N)': 'N', 'TYPE': 'pco', 'Component': 'm', 'Type': 'unknown', 'Dimensions': '-', 'Default': '-', 'Units': 'N/A', 'Description': '-', 'Swat_codetype': 'in_sim'}"
print.prt,28,4,y,,"{'Line in File': '28', 'Position in File': '4', 'Condition': 'if (pco%use_obj_labels == ""n"")', 'Local (Y/N)': 'N', 'TYPE': 'pco', 'Component': 'y', 'Type': 'unknown', 'Dimensions': '-', 'Default': '-', 'Units': 'N/A', 'Description': '-', 'Swat_codetype': 'in_sim'}"
print.prt,28,5,a,,"{'Line in File': '28', 'Position in File': '5', 'Condition': 'if (pco%use_obj_labels == ""n"")', 'Local (Y/N)': 'N', 'TYPE': 'pco', 'Component': 'a', 'Type': 'unknown', 'Dimensions': '-', 'Default': '-', 'Units': 'N/A', 'Description': '-', 'Swat_codetype': 'in_sim'}"
print.prt,29,1,name,"{'Line in File': '29', 'Position in File': '1', 'Condition': 'if (pco%aa_numint > 0)', 'Local (Y/N)': 'Y', 'TYPE': '-', 'Component': 'name', 'Type': 'character(len=16)', 'Dimensions': '-', 'Default': '-', 'Units': 'N/A', 'Description': '-', 'Swat_codetype': '-'}","{'Line in File': '29', 'Position in File': '1', 'Condition': 'if (pco%use_obj_labels == ""n"")', 'Local (Y/N)': 'Y', 'TYPE': '-', 'Component': 'name', 'Type': 'character(len=16)', 'Dimensions': '-', 'Default': '""""', 'Units': 'N/A', 'Description': '-', 'Swat_codetype': '-'}"
print.prt,29,2,d,,"{'Line in File': '29', 'Position in File': '2', 'Condition': 'if (pco%use_obj_labels == ""n"")', 'Local (Y/N)': 'N', 'TYPE': 'pco', 'Component': 'd', 'Type': 'unknown', 'Dimensions': '-', 'Default': '-', 'Units': 'N/A', 'Description': '-', 'Swat_codetype': 'in_sim'}"
print.prt,29,2,wb_lsu,"{'Line in File': '29', 'Position in File': '2', 'Condition': 'if (pco%aa_numint > 0)', 'Local (Y/N)': 'N', 'TYPE': 'pco', 'Component': 'wb_lsu', 'Type': 'type(print_interval)', 'Dimensions': '-', 'Default': '-', 'Units': 'N/A', 'Description': 'water balance LSU output', 'Swat_codetype': 'in_sim'}",
print.prt,29,3,m,,"{'Line in File': '29', 'Position in File': '3', 'Condition': 'if (pco%use_obj_labels == ""n"")', 'Local (Y/N)': 'N', 'TYPE': 'pco', 'Component': 'm', 'Type': 'unknown', 'Dimensions': '-', 'Default': '-', 'Units': 'N/A', 'Description': '-', 'Swat_codetype': 'in_sim'}"
print.prt,29,4,y,,"{'Line in File': '29', 'Position in File': '4', 'Condition': 'if (pco%use_obj_labels == ""n"")', 'Local (Y/N)': 'N', 'TYPE': 'pco', 'Component': 'y', 'Type': 'unknown', 'Dimensions': '-', 'Default': '-', 'Units': 'N/A', 'Description': '-', 'Swat_codetype': 'in_sim'}"
print.prt,29,5,a,,"{'Line in File': '29', 'Position in File': '5', 'Condition': 'if (pco%use_obj_labels == ""n"")', 'Local (Y/N)': 'N', 'TYPE': 'pco', 'Component': 'a', 'Type': 'unknown', 'Dimensions': '-', 'Default': '-', 'Units': 'N/A', 'Description': '-', 'Swat_codetype': 'in_sim'}"
print.prt,30,1,name,"{'Line in File': '30', 'Position in File': '1', 'Condition': 'if (pco%aa_numint > 0)', 'Local (Y/N)': 'Y', 'TYPE': '-', 'Component': 'name', 'Type': 'character(len=16)', 'Dimensions': '-', 'Default': '-', 'Units': 'N/A', 'Description': '-', 'Swat_codetype': '-'}","{'Line in File': '30', 'Position in File': '1', 'Condition': 'if (pco%use_obj_labels == ""n"")', 'Local (Y/N)': 'Y', 'TYPE': '-', 'Component': 'name', 'Type': 'character(len=16)', 'Dimensions': '-', 'Default': '""""', 'Units': 'N/A', 'Description': '-', 'Swat_codetype': '-'}"
print.prt,30,2,d,,"{'Line in File': '30', 'Position in File': '2', 'Condition': 'if (pco%use_obj_labels == ""n"")', 'Local (Y/N)': 'N', 'TYPE': 'pco', 'Component': 'd', 'Type': 'unknown', 'Dimensions': '-', 'Default': '-', 'Units': 'N/A', 'Description': '-', 'Swat_codetype': 'in_sim'}"
print.prt,30,2,nb_lsu,"{'Line in File': '30', 'Position in File': '2', 'Condition': 'if (pco%aa_numint > 0)', 'Local (Y/N)': 'N', 'TYPE': 'pco', 'Component': 'nb_lsu', 'Type': 'type(print_interval)', 'Dimensions': '-', 'Default': '-', 'Units': 'N/A', 'Description': 'nutrient balance LSU output', 'Swat_codetype': 'in_sim'}",
print.prt,30,3,m,,"{'Line in File': '30', 'Position in File': '3', 'Condition': 'if (pco%use_obj_labels == ""n"")', 'Local (Y/N)': 'N', 'TYPE': 'pco', 'Component': 'm', 'Type': 'unknown', 'Dimensions': '-', 'Default': '-', 'Units': 'N/A', 'Description': '-', 'Swat_codetype': 'in_sim'}"
print.prt,30,4,y,,"{'Line in File': '30', 'Position in File': '4', 'Condition': 'if (pco%use_obj_labels == ""n"")', 'Local (Y/N)': 'N', 'TYPE': 'pco', 'Component': 'y', 'Type': 'unknown', 'Dimensions': '-', 'Default': '-', 'Units': 'N/A', 'Description': '-', 'Swat_codetype': 'in_sim'}"
print.prt,30,5,a,,"{'Line in File': '30', 'Position in File': '5', 'Condition': 'if (pco%use_obj_labels == ""n"")', 'Local (Y/N)': 'N', 'TYPE': 'pco', 'Component': 'a', 'Type': 'unknown', 'Dimensions': '-', 'Default': '-', 'Units': 'N/A', 'Description': '-', 'Swat_codetype': 'in_sim'}"
print.prt,31,1,name,"{'Line in File': '31', 'Position in File': '1', 'Condition': 'if (pco%aa_numint > 0)', 'Local (Y/N)': 'Y', 'TYPE': '-', 'Component': 'name', 'Type': 'character(len=16)', 'Dimensions': '-', 'Default': '-', 'Units': 'N/A', 'Description': '-', 'Swat_codetype': '-'}","{'Line in File': '31', 'Position in File': '1', 'Condition': 'if (pco%use_obj_labels == ""n"")', 'Local (Y/N)': 'Y', 'TYPE': '-', 'Component': 'name', 'Type': 'character(len=16)', 'Dimensions': '-', 'Default': '""""', 'Units': 'N/A', 'Description': '-', 'Swat_codetype': '-'}"
print.prt,31,2,d,,"{'Line in File': '31', 'Position in File': '2', 'Condition': 'if (pco%use_obj_labels == ""n"")', 'Local (Y/N)': 'N', 'TYPE': 'pco', 'Component': 'd', 'Type': 'unknown', 'Dimensions': '-', 'Default': '-', 'Units': 'N/A', 'Description': '-', 'Swat_codetype': 'in_sim'}"
print.prt,31,2,ls_lsu,"{'Line in File': '31', 'Position in File': '2', 'Condition': 'if (pco%aa_numint > 0)', 'Local (Y/N)': 'N', 'TYPE': 'pco', 'Component': 'ls_lsu', 'Type': 'type(print_interval)', 'Dimensions': '-', 'Default': '-', 'Units': 'N/A', 'Description': 'losses LSU output', 'Swat_codetype': 'in_sim'}",
print.prt,31,3,m,,"{'Line in File': '31', 'Position in File': '3', 'Condition': 'if (pco%use_obj_labels == ""n"")', 'Local (Y/N)': 'N', 'TYPE': 'pco', 'Component': 'm', 'Type': 'unknown', 'Dimensions': '-', 'Default': '-', 'Units': 'N/A', 'Description': '-', 'Swat_codetype': 'in_sim'}"
print.prt,31,4,y,,"{'Line in File': '31', 'Position in File': '4', 'Condition': 'if (pco%use_obj_labels == ""n"")', 'Local (Y/N)': 'N', 'TYPE': 'pco', 'Component': 'y', 'Type': 'unknown', 'Dimensions': '-', 'Default': '-', 'Units': 'N/A', 'Description': '-', 'Swat_codetype': 'in_sim'}"
print.prt,31,5,a,,"{'Line in File': '31', 'Position in File': '5', 'Condition': 'if (pco%use_obj_labels == ""n"")', 'Local (Y/N)': 'N', 'TYPE': 'pco', 'Component': 'a', 'Type': 'unknown', 'Dimensions': '-', 'Default': '-', 'Units': 'N/A', 'Description': '-', 'Swat_codetype': 'in_sim'}"
print.prt,32,1,name,"{'Line in File': '32', 'Position in File': '1', 'Condition': 'if (pco%aa_numint > 0)', 'Local (Y/N)': 'Y', 'TYPE': '-', 'Component': 'name', 'Type': 'character(len=16)', 'Dimensions': '-', 'Default': '-', 'Units': 'N/A', 'Description': '-', 'Swat_codetype': '-'}","{'Line in File': '32', 'Position in File': '1', 'Condition': 'if (pco%use_obj_labels == ""n"")', 'Local (Y/N)': 'Y', 'TYPE': '-', 'Component': 'name', 'Type': 'character(len=16)', 'Dimensions': '-', 'Default': '""""', 'Units': 'N/A', 'Description': '-', 'Swat_codetype': '-'}"
print.prt,32,2,d,,"{'Line in File': '32', 'Position in File': '2', 'Condition': 'if (pco%use_obj_labels == ""n"")', 'Local (Y/N)': 'N', 'TYPE': 'pco', 'Component': 'd', 'Type': 'unknown', 'Dimensions': '-', 'Default': '-', 'Units': 'N/A', 'Description': '-', 'Swat_codetype': 'in_sim'}"
print.prt,32,2,pw_lsu,"{'Line in File': '32', 'Position in File': '2', 'Condition': 'if (pco%aa_numint > 0)', 'Local (Y/N)': 'N', 'TYPE': 'pco', 'Component': 'pw_lsu', 'Type': 'type(print_interval)', 'Dimensions': '-', 'Default': '-', 'Units': 'N/A', 'Description': 'plant weather LSU output', 'Swat_codetype': 'in_sim'}",
print.prt,32,3,m,,"{'Line in File': '32', 'Position in File': '3', 'Condition': 'if (pco%use_obj_labels == ""n"")', 'Local (Y/N)': 'N', 'TYPE': 'pco', 'Component': 'm', 'Type': 'unknown', 'Dimensions': '-', 'Default': '-', 'Units': 'N/A', 'Description': '-', 'Swat_codetype': 'in_sim'}"
print.prt,32,4,y,,"{'Line in File': '32', 'Position in File': '4', 'Condition': 'if (pco%use_obj_labels == ""n"")', 'Local (Y/N)': 'N', 'TYPE': 'pco', 'Component': 'y', 'Type': 'unknown', 'Dimensions': '-', 'Default': '-', 'Units': 'N/A', 'Description': '-', 'Swat_codetype': 'in_sim'}"
print.prt,32,5,a,,"{'Line in File': '32', 'Position in File': '5', 'Condition': 'if (pco%use_obj_labels == ""n"")', 'Local (Y/N)': 'N', 'TYPE': 'pco', 'Component': 'a', 'Type': 'unknown', 'Dimensions': '-', 'Default': '-', 'Units': 'N/A', 'Description': '-', 'Swat_codetype': 'in_sim'}"
print.prt,33,1,name,"{'Line in File': '33', 'Position in File': '1', 'Condition': 'if (pco%aa_numint > 0)', 'Local (Y/N)': 'Y', 'TYPE': '-', 'Component': 'name', 'Type': 'character(len=16)', 'Dimensions': '-', 'Default': '-', 'Units': 'N/A', 'Description': '-', 'Swat_codetype': '-'}","{'Line in File': '33', 'Position in File': '1', 'Condition': 'if (pco%use_obj_labels == ""n"")', 'Local (Y/N)': 'Y', 'TYPE': '-', 'Component': 'name', 'Type': 'character(len=16)', 'Dimensions': '-', 'Default': '""""', 'Units': 'N/A', 'Description': '-', 'Swat_codetype': '-'}"
print.prt,33,2,d,,"{'Line in File': '33', 'Position in File': '2', 'Condition': 'if (pco%use_obj_labels == ""n"")', 'Local (Y/N)': 'N', 'TYPE': 'pco', 'Component': 'd', 'Type': 'unknown', 'Dimensions': '-', 'Default': '-', 'Units': 'N/A', 'Description': '-', 'Swat_codetype': 'in_sim'}"
print.prt,33,2,wb_hru,"{'Line in File': '33', 'Position in File': '2', 'Condition': 'if (pco%aa_numint > 0)', 'Local (Y/N)': 'N', 'TYPE': 'pco', 'Component': 'wb_hru', 'Type': 'type(print_interval)', 'Dimensions': '-', 'Default': '-', 'Units': 'N/A', 'Description': 'water balance HRU output', 'Swat_codetype': 'in_sim'}",
print.prt,33,3,m,,"{'Line in File': '33', 'Position in File': '3', 'Condition': 'if (pco%use_obj_labels == ""n"")', 'Local (Y/N)': 'N', 'TYPE': 'pco', 'Component': 'm', 'Type': 'unknown', 'Dimensions': '-', 'Default': '-', 'Units': 'N/A', 'Description': '-', 'Swat_codetype': 'in_sim'}"
print.prt,33,4,y,,"{'Line in File': '33', 'Position in File': '4', 'Condition': 'if (pco%use_obj_labels == ""n"")', 'Local (Y/N)': 'N', 'TYPE': 'pco', 'Component': 'y', 'Type': 'unknown', 'Dimensions': '-', 'Default': '-', 'Units': 'N/A', 'Description': '-', 'Swat_codetype': 'in_sim'}"
print.prt,33,5,a,,"{'Line in File': '33', 'Position in File': '5', 'Condition': 'if (pco%use_obj_labels == ""n"")', 'Local (Y/N)': 'N', 'TYPE': 'pco', 'Component': 'a', 'Type': 'unknown', 'Dimensions': '-', 'Default': '-', 'Units': 'N/A', 'Description': '-', 'Swat_codetype': 'in_sim'}"
print.prt,34,1,name,"{'Line in File': '34', 'Position in File': '1', 'Condition': 'if (pco%aa_numint > 0)', 'Local (Y/N)': 'Y', 'TYPE': '-', 'Component': 'name', 'Type': 'character(len=16)', 'Dimensions': '-', 'Default': '-', 'Units': 'N/A', 'Description': '-', 'Swat_codetype': '-'}","{'Line in File': '34', 'Position in File': '1', 'Condition': 'if (pco%use_obj_labels == ""n"")', 'Local (Y/N)': 'Y', 'TYPE': '-', 'Component': 'name', 'Type': 'character(len=16)', 'Dimensions': '-', 'Default': '""""', 'Units': 'N/A', 'Description': '-', 'Swat_codetype': '-'}"
print.prt,34,2,d,,"{'Line in File': '34', 'Position in File': '2', 'Condition': 'if (pco%use_obj_labels == ""n"")', 'Local (Y/N)': 'N', 'TYPE': 'pco', 'Component': 'd', 'Type': 'unknown', 'Dimensions': '-', 'Default': '-', 'Units': 'N/A', 'Description': '-', 'Swat_codetype': 'in_sim'}"
print.prt,34,2,nb_hru,"{'Line in File': '34', 'Position in File': '2', 'Condition': 'if (pco%aa_numint > 0)', 'Local (Y/N)': 'N', 'TYPE': 'pco', 'Component': 'nb_hru', 'Type': 'type(print_interval)', 'Dimensions': '-', 'Default': '-', 'Units': 'N/A', 'Description': 'nutrient balance HRU output', 'Swat_codetype': 'in_sim'}",
print.prt,34,3,m,,"{'Line in File': '34', 'Position in File': '3', 'Condition': 'if (pco%use_obj_labels == ""n"")', 'Local (Y/N)': 'N', 'TYPE': 'pco', 'Component': 'm', 'Type': 'unknown', 'Dimensions': '-', 'Default': '-', 'Units': 'N/A', 'Description': '-', 'Swat_codetype': 'in_sim'}"
print.prt,34,4,y,,"{'Line in File': '34', 'Position in File': '4', 'Condition': 'if (pco%use_obj_labels == ""n"")', 'Local (Y/N)': 'N', 'TYPE': 'pco', 'Component': 'y', 'Type': 'unknown', 'Dimensions': '-', 'Default': '-', 'Units': 'N/A', 'Description': '-', 'Swat_codetype': 'in_sim'}"
print.prt,34,5,a,,"{'Line in File': '34', 'Position in File': '5', 'Condition': 'if (pco%use_obj_labels == ""n"")', 'Local (Y/N)': 'N', 'TYPE': 'pco', 'Component': 'a', 'Type': 'unknown', 'Dimensions': '-', 'Default': '-', 'Units': 'N/A', 'Description': '-', 'Swat_codetype': 'in_sim'}"
print.prt,35,1,name,"{'Line in File': '35', 'Position in File': '1', 'Condition': 'if (pco%aa_numint > 0)', 'Local (Y/N)': 'Y', 'TYPE': '-', 'Component': 'name', 'Type': 'character(len=16)', 'Dimensions': '-', 'Default': '-', 'Units': 'N/A', 'Description': '-', 'Swat_codetype': '-'}","{'Line in File': '35', 'Position in File': '1', 'Condition': 'if (pco%use_obj_labels == ""n"")', 'Local (Y/N)': 'Y', 'TYPE': '-', 'Component': 'name', 'Type': 'character(len=16)', 'Dimensions': '-', 'Default': '""""', 'Units': 'N/A', 'Description': '-', 'Swat_codetype': '-'}"
print.prt,35,2,d,,"{'Line in File': '35', 'Position in File': '2', 'Condition': 'if (pco%use_obj_labels == ""n"")', 'Local (Y/N)': 'N', 'TYPE': 'pco', 'Component': 'd', 'Type': 'unknown', 'Dimensions': '-', 'Default': '-', 'Units': 'N/A', 'Description': '-', 'Swat_codetype': 'in_sim'}"
print.prt,35,2,ls_hru,"{'Line in File': '35', 'Position in File': '2', 'Condition': 'if (pco%aa_numint > 0)', 'Local (Y/N)': 'N', 'TYPE': 'pco', 'Component': 'ls_hru', 'Type': 'type(print_interval)', 'Dimensions': '-', 'Default': '-', 'Units': 'N/A', 'Description': 'losses HRU output', 'Swat_codetype': 'in_sim'}",
print.prt,35,3,m,,"{'Line in File': '35', 'Position in File': '3', 'Condition': 'if (pco%use_obj_labels == ""n"")', 'Local (Y/N)': 'N', 'TYPE': 'pco', 'Component': 'm', 'Type': 'unknown', 'Dimensions': '-', 'Default': '-', 'Units': 'N/A', 'Description': '-', 'Swat_codetype': 'in_sim'}"
print.prt,35,4,y,,"{'Line in File': '35', 'Position in File': '4', 'Condition': 'if (pco%use_obj_labels == ""n"")', 'Local (Y/N)': 'N', 'TYPE': 'pco', 'Component': 'y', 'Type': 'unknown', 'Dimensions': '-', 'Default': '-', 'Units': 'N/A', 'Description': '-', 'Swat_codetype': 'in_sim'}"
print.prt,35,5,a,,"{'Line in File': '35', 'Position in File': '5', 'Condition': 'if (pco%use_obj_labels == ""n"")', 'Local (Y/N)': 'N', 'TYPE': 'pco', 'Component': 'a', 'Type': 'unknown', 'Dimensions': '-', 'Default': '-', 'Units': 'N/A', 'Description': '-', 'Swat_codetype': 'in_sim'}"
print.prt,36,1,name,"{'Line in File': '36', 'Position in File': '1', 'Condition': 'if (pco%aa_numint > 0)', 'Local (Y/N)': 'Y', 'TYPE': '-', 'Component': 'name', 'Type': 'character(len=16)', 'Dimensions': '-', 'Default': '-', 'Units': 'N/A', 'Description': '-', 'Swat_codetype': '-'}","{'Line in File': '36', 'Position in File': '1', 'Condition': 'if (pco%use_obj_labels == ""n"")', 'Local (Y/N)': 'Y', 'TYPE': '-', 'Component': 'name', 'Type': 'character(len=16)', 'Dimensions': '-', 'Default': '""""', 'Units': 'N/A', 'Description': '-', 'Swat_codetype': '-'}"
print.prt,36,2,d,,"{'Line in File': '36', 'Position in File': '2', 'Condition': 'if (pco%use_obj_labels == ""n"")', 'Local (Y/N)': 'N', 'TYPE': 'pco', 'Component': 'd', 'Type': 'unknown', 'Dimensions': '-', 'Default': '-', 'Units': 'N/A', 'Description': '-', 'Swat_codetype': 'in_sim'}"
print.prt,36,2,pw_hru,"{'Line in File': '36', 'Position in File': '2', 'Condition': 'if (pco%aa_numint > 0)', 'Local (Y/N)': 'N', 'TYPE': 'pco', 'Component': 'pw_hru', 'Type': 'type(print_interval)', 'Dimensions': '-', 'Default': '-', 'Units': 'N/A', 'Description': 'plant weather HRU output', 'Swat_codetype': 'in_sim'}",
print.prt,36,3,m,,"{'Line in File': '36', 'Position in File': '3', 'Condition': 'if (pco%use_obj_labels == ""n"")', 'Local (Y/N)': 'N', 'TYPE': 'pco', 'Component': 'm', 'Type': 'unknown', 'Dimensions': '-', 'Default': '-', 'Units': 'N/A', 'Description': '-', 'Swat_codetype': 'in_sim'}"
print.prt,36,4,y,,"{'Line in File': '36', 'Position in File': '4', 'Condition': 'if (pco%use_obj_labels == ""n"")', 'Local (Y/N)': 'N', 'TYPE': 'pco', 'Component': 'y', 'Type': 'unknown', 'Dimensions': '-', 'Default': '-', 'Units': 'N/A', 'Description': '-', 'Swat_codetype': 'in_sim'}"
print.prt,36,5,a,,"{'Line in File': '36', 'Position in File': '5', 'Condition': 'if (pco%use_obj_labels == ""n"")', 'Local (Y/N)': 'N', 'TYPE': 'pco', 'Component': 'a', 'Type': 'unknown', 'Dimensions': '-', 'Default': '-', 'Units': 'N/A', 'Description': '-', 'Swat_codetype': 'in_sim'}"
print.prt,37,1,name,"{'Line in File': '37', 'Position in File': '1', 'Condition': 'if (pco%aa_numint > 0)', 'Local (Y/N)': 'Y', 'TYPE': '-', 'Component': 'name', 'Type': 'character(len=16)', 'Dimensions': '-', 'Default': '-', 'Units': 'N/A', 'Description': '-', 'Swat_codetype': '-'}","{'Line in File': '37', 'Position in File': '1', 'Condition': 'if (pco%use_obj_labels == ""n"")', 'Local (Y/N)': 'Y', 'TYPE': '-', 'Component': 'name', 'Type': 'character(len=16)', 'Dimensions': '-', 'Default': '""""', 'Units': 'N/A', 'Description': '-', 'Swat_codetype': '-'}"
print.prt,37,2,d,,"{'Line in File': '37', 'Position in File': '2', 'Condition': 'if (pco%use_obj_labels == ""n"")', 'Local (Y/N)': 'N', 'TYPE': 'pco', 'Component': 'd', 'Type': 'unknown', 'Dimensions': '-', 'Default': '-', 'Units': 'N/A', 'Description': '-', 'Swat_codetype': 'in_sim'}"
print.prt,37,2,wb_sd,"{'Line in File': '37', 'Position in File': '2', 'Condition': 'if (pco%aa_numint > 0)', 'Local (Y/N)': 'N', 'TYPE': 'pco', 'Component': 'wb_sd', 'Type': 'type(print_interval)', 'Dimensions': '-', 'Default': '-', 'Units': 'N/A', 'Description': 'water balance SWAT-DEG output', 'Swat_codetype': 'in_sim'}",
print.prt,37,3,m,,"{'Line in File': '37', 'Position in File': '3', 'Condition': 'if (pco%use_obj_labels == ""n"")', 'Local (Y/N)': 'N', 'TYPE': 'pco', 'Component': 'm', 'Type': 'unknown', 'Dimensions': '-', 'Default': '-', 'Units': 'N/A', 'Description': '-', 'Swat_codetype': 'in_sim'}"
print.prt,37,4,y,,"{'Line in File': '37', 'Position in File': '4', 'Condition': 'if (pco%use_obj_labels == ""n"")', 'Local (Y/N)': 'N', 'TYPE': 'pco', 'Component': 'y', 'Type': 'unknown', 'Dimensions': '-', 'Default': '-', 'Units': 'N/A', 'Description': '-', 'Swat_codetype': 'in_sim'}"
print.prt,37,5,a,,"{'Line in File': '37', 'Position in File': '5', 'Condition': 'if (pco%use_obj_labels == ""n"")', 'Local (Y/N)': 'N', 'TYPE': 'pco', 'Component': 'a', 'Type': 'unknown', 'Dimensions': '-', 'Default': '-', 'Units': 'N/A', 'Description': '-', 'Swat_codetype': 'in_sim'}"
print.prt,38,1,name,"{'Line in File': '38', 'Position in File': '1', 'Condition': 'if (pco%aa_numint > 0)', 'Local (Y/N)': 'Y', 'TYPE': '-', 'Component': 'name', 'Type': 'character(len=16)', 'Dimensions': '-', 'Default': '-', 'Units': 'N/A', 'Description': '-', 'Swat_codetype': '-'}","{'Line in File': '38', 'Position in File': '1', 'Condition': 'if (pco%use_obj_labels == ""n"")', 'Local (Y/N)': 'Y', 'TYPE': '-', 'Component': 'name', 'Type': 'character(len=16)', 'Dimensions': '-', 'Default': '""""', 'Units': 'N/A', 'Description': '-', 'Swat_codetype': '-'}"
print.prt,38,2,d,,"{'Line in File': '38', 'Position in File': '2', 'Condition': 'if (pco%use_obj_labels == ""n"")', 'Local (Y/N)': 'N', 'TYPE': 'pco', 'Component': 'd', 'Type': 'unknown', 'Dimensions': '-', 'Default': '-', 'Units': 'N/A', 'Description': '-', 'Swat_codetype': 'in_sim'}"
print.prt,38,2,nb_sd,"{'Line in File': '38', 'Position in File': '2', 'Condition': 'if (pco%aa_numint > 0)', 'Local (Y/N)': 'N', 'TYPE': 'pco', 'Component': 'nb_sd', 'Type': 'type(print_interval)', 'Dimensions': '-', 'Default': '-', 'Units': 'N/A', 'Description': 'nutrient balance SWAT-DEG output', 'Swat_codetype': 'in_sim'}",
print.prt,38,3,m,,"{'Line in File': '38', 'Position in File': '3', 'Condition': 'if (pco%use_obj_labels == ""n"")', 'Local (Y/N)': 'N', 'TYPE': 'pco', 'Component': 'm', 'Type': 'unknown', 'Dimensions': '-', 'Default': '-', 'Units': 'N/A', 'Description': '-', 'Swat_codetype': 'in_sim'}"
print.prt,38,4,y,,"{'Line in File': '38', 'Position in File': '4', 'Condition': 'if (pco%use_obj_labels == ""n"")', 'Local (Y/N)': 'N', 'TYPE': 'pco', 'Component': 'y', 'Type': 'unknown', 'Dimensions': '-', 'Default': '-', 'Units': 'N/A', 'Description': '-', 'Swat_codetype': 'in_sim'}"
print.prt,38,5,a,,"{'Line in File': '38', 'Position in File': '5', 'Condition': 'if (pco%use_obj_labels == ""n"")', 'Local (Y/N)': 'N', 'TYPE': 'pco', 'Component': 'a', 'Type': 'unknown', 'Dimensions': '-', 'Default': '-', 'Units': 'N/A', 'Description': '-', 'Swat_codetype': 'in_sim'}"
print.prt,39,1,name,"{'Line in File': '39', 'Position in File': '1', 'Condition': 'if (pco%aa_numint > 0)', 'Local (Y/N)': 'Y', 'TYPE': '-', 'Component': 'name', 'Type': 'character(len=16)', 'Dimensions': '-', 'Default': '-', 'Units': 'N/A', 'Description': '-', 'Swat_codetype': '-'}","{'Line in File': '39', 'Position in File': '1', 'Condition': 'if (pco%use_obj_labels == ""n"")', 'Local (Y/N)': 'Y', 'TYPE': '-', 'Component': 'name', 'Type': 'character(len=16)', 'Dimensions': '-', 'Default': '""""', 'Units': 'N/A', 'Description': '-', 'Swat_codetype': '-'}"
print.prt,39,2,d,,"{'Line in File': '39', 'Position in File': '2', 'Condition': 'if (pco%use_obj_labels == ""n"")', 'Local (Y/N)': 'N', 'TYPE': 'pco', 'Component': 'd', 'Type': 'unknown', 'Dimensions': '-', 'Default': '-', 'Units': 'N/A', 'Description': '-', 'Swat_codetype': 'in_sim'}"
print.prt,39,2,ls_sd,"{'Line in File': '39', 'Position in File': '2', 'Condition': 'if (pco%aa_numint > 0)', 'Local (Y/N)': 'N', 'TYPE': 'pco', 'Component': 'ls_sd', 'Type': 'type(print_interval)', 'Dimensions': '-', 'Default': '-', 'Units': 'N/A', 'Description': 'losses SWAT-DEG output', 'Swat_codetype': 'in_sim'}",
print.prt,39,3,m,,"{'Line in File': '39', 'Position in File': '3', 'Condition': 'if (pco%use_obj_labels == ""n"")', 'Local (Y/N)': 'N', 'TYPE': 'pco', 'Component': 'm', 'Type': 'unknown', 'Dimensions': '-', 'Default': '-', 'Units': 'N/A', 'Description': '-', 'Swat_codetype': 'in_sim'}"
print.prt,39,4,y,,"{'Line in File': '39', 'Position in File': '4', 'Condition': 'if (pco%use_obj_labels == ""n"")', 'Local (Y/N)': 'N', 'TYPE': 'pco', 'Component': 'y', 'Type': 'unknown', 'Dimensions': '-', 'Default': '-', 'Units': 'N/A', 'Description': '-', 'Swat_codetype': 'in_sim'}"
print.prt,39,5,a,,"{'Line in File': '39', 'Position in File': '5', 'Condition': 'if (pco%use_obj_labels == ""n"")', 'Local (Y/N)': 'N', 'TYPE': 'pco', 'Component': 'a', 'Type': 'unknown', 'Dimensions': '-', 'Default': '-', 'Units': 'N/A', 'Description': '-', 'Swat_codetype': 'in_sim'}"
print.prt,4,1,header,"{'Line in File': '4', 'Position in File': '1', 'Condition': '-', 'Local (Y/N)': 'Y', 'TYPE': '-', 'Component': 'header', 'Type': 'character(len=500)', 'Dimensions': '-', 'Default': '-', 'Units': 'N/A', 'Description': '-', 'Swat_codetype': '-'}","{'Line in File': '4', 'Position in File': '1', 'Condition': '-', 'Local (Y/N)': 'Y', 'TYPE': '-', 'Component': 'header', 'Type': 'character(len=500)', 'Dimensions': '-', 'Default': '""""', 'Units': 'N/A', 'Description': '-', 'Swat_codetype': '-'}"
print.prt,40,1,name,"{'Line in File': '40', 'Position in File': '1', 'Condition': 'if (pco%aa_numint > 0)', 'Local (Y/N)': 'Y', 'TYPE': '-', 'Component': 'name', 'Type': 'character(len=16)', 'Dimensions': '-', 'Default': '-', 'Units': 'N/A', 'Description': '-', 'Swat_codetype': '-'}","{'Line in File': '40', 'Position in File': '1', 'Condition': 'if (pco%use_obj_labels == ""n"")', 'Local (Y/N)': 'Y', 'TYPE': '-', 'Component': 'name', 'Type': 'character(len=16)', 'Dimensions': '-', 'Default': '""""', 'Units': 'N/A', 'Description': '-', 'Swat_codetype': '-'}"
print.prt,40,2,d,,"{'Line in File': '40', 'Position in File': '2', 'Condition': 'if (pco%use_obj_labels == ""n"")', 'Local (Y/N)': 'N', 'TYPE': 'pco', 'Component': 'd', 'Type': 'unknown', 'Dimensions': '-', 'Default': '-', 'Units': 'N/A', 'Description': '-', 'Swat_codetype': 'in_sim'}"
print.prt,40,2,pw_sd,"{'Line in File': '40', 'Position in File': '2', 'Condition': 'if (pco%aa_numint > 0)', 'Local (Y/N)': 'N', 'TYPE': 'pco', 'Component': 'pw_sd', 'Type': 'type(print_interval)', 'Dimensions': '-', 'Default': '-', 'Units': 'N/A', 'Description': 'plant weather SWAT-DEG output', 'Swat_codetype': 'in_sim'}",
print.prt,40,3,m,,"{'Line in File': '40', 'Position in File': '3', 'Condition': 'if (pco%use_obj_labels == ""n"")', 'Local (Y/N)': 'N', 'TYPE': 'pco', 'Component': 'm', 'Type': 'unknown', 'Dimensions': '-', 'Default': '-', 'Units': 'N/A', 'Description': '-', 'Swat_codetype': 'in_sim'}"
print.prt,40,4,y,,"{'Line in File': '40', 'Position in File': '4', 'Condition': 'if (pco%use_obj_labels == ""n"")', 'Local (Y/N)': 'N', 'TYPE': 'pco', 'Component': 'y', 'Type': 'unknown', 'Dimensions': '-', 'Default': '-', 'Units': 'N/A', 'Description': '-', 'Swat_codetype': 'in_sim'}"
print.prt,40,5,a,,"{'Line in File': '40', 'Position in File': '5', 'Condition': 'if (pco%use_obj_labels == ""n"")', 'Local (Y/N)': 'N', 'TYPE': 'pco', 'Component': 'a', 'Type': 'unknown', 'Dimensions': '-', 'Default': '-', 'Units': 'N/A', 'Description': '-', 'Swat_codetype': 'in_sim'}"
print.prt,41,1,name,"{'Line in File': '41', 'Position in File': '1', 'Condition': 'if (pco%aa_numint > 0)', 'Local (Y/N)': 'Y', 'TYPE': '-', 'Component': 'name', 'Type': 'character(len=16)', 'Dimensions': '-', 'Default': '-', 'Units': 'N/A', 'Description': '-', 'Swat_codetype': '-'}","{'Line in File': '41', 'Position in File': '1', 'Condition': 'if (pco%use_obj_labels == ""n"")', 'Local (Y/N)': 'Y', 'TYPE': '-', 'Component': 'name', 'Type': 'character(len=16)', 'Dimensions': '-', 'Default': '""""', 'Units': 'N/A', 'Description': '-', 'Swat_codetype': '-'}"
print.prt,41,2,chan,"{'Line in File': '41', 'Position in File': '2', 'Condition': 'if (pco%aa_numint > 0)', 'Local (Y/N)': 'N', 'TYPE': 'pco', 'Component': 'chan', 'Type': 'type(print_interval)', 'Dimensions': '-', 'Default': '-', 'Units': 'N/A', 'Description': 'channel output', 'Swat_codetype': 'in_sim'}",
print.prt,41,2,d,,"{'Line in File': '41', 'Position in File': '2', 'Condition': 'if (pco%use_obj_labels == ""n"")', 'Local (Y/N)': 'N', 'TYPE': 'pco', 'Component': 'd', 'Type': 'unknown', 'Dimensions': '-', 'Default': '-', 'Units': 'N/A', 'Description': '-', 'Swat_codetype': 'in_sim'}"
print.prt,41,3,m,,"{'Line in File': '41', 'Position in File': '3', 'Condition': 'if (pco%use_obj_labels == ""n"")', 'Local (Y/N)': 'N', 'TYPE': 'pco', 'Component': 'm', 'Type': 'unknown', 'Dimensions': '-', 'Default': '-', 'Units': 'N/A', 'Description': '-', 'Swat_codetype': 'in_sim'}"
print.prt,41,4,y,,"{'Line in File': '41', 'Position in File': '4', 'Condition': 'if (pco%use_obj_labels == ""n"")', 'Local (Y/N)': 'N', 'TYPE': 'pco', 'Component': 'y', 'Type': 'unknown', 'Dimensions': '-', 'Default': '-', 'Units': 'N/A', 'Description': '-', 'Swat_codetype': 'in_sim'}"
print.prt,41,5,a,,"{'Line in File': '41', 'Position in File': '5', 'Condition': 'if (pco%use_obj_labels == ""n"")', 'Local (Y/N)': 'N', 'TYPE': 'pco', 'Component': 'a', 'Type': 'unknown', 'Dimensions': '-', 'Default': '-', 'Units': 'N/A', 'Description': '-', 'Swat_codetype': 'in_sim'}"
print.prt,42,1,name,"{'Line in File': '42', 'Position in File': '1', 'Condition': 'if (pco%aa_numint > 0)', 'Local (Y/N)': 'Y', 'TYPE': '-', 'Component': 'name', 'Type': 'character(len=16)', 'Dimensions': '-', 'Default': '-', 'Units': 'N/A', 'Description': '-', 'Swat_codetype': '-'}","{'Line in File': '42', 'Position in File': '1', 'Condition': 'if (pco%use_obj_labels == ""n"")', 'Local (Y/N)': 'Y', 'TYPE': '-', 'Component': 'name', 'Type': 'character(len=16)', 'Dimensions': '-', 'Default': '""""', 'Units': 'N/A', 'Description': '-', 'Swat_codetype': '-'}"
print.prt,42,2,d,,"{'Line in File': '42', 'Position in File': '2', 'Condition': 'if (pco%use_obj_labels == ""n"")', 'Local (Y/N)': 'N', 'TYPE': 'pco', 'Component': 'd', 'Type': 'unknown', 'Dimensions': '-', 'Default': '-', 'Units': 'N/A', 'Description': '-', 'Swat_codetype': 'in_sim'}"
print.prt,42,2,sd_chan,"{'Line in File': '42', 'Position in File': '2', 'Condition': 'if (pco%aa_numint > 0)', 'Local (Y/N)': 'N', 'TYPE': 'pco', 'Component': 'sd_chan', 'Type': 'type(print_interval)', 'Dimensions': '-', 'Default': '-', 'Units': 'N/A', 'Description': 'swat deg (lte) channel output', 'Swat_codetype': 'in_sim'}",
print.prt,42,3,m,,"{'Line in File': '42', 'Position in File': '3', 'Condition': 'if (pco%use_obj_labels == ""n"")', 'Local (Y/N)': 'N', 'TYPE': 'pco', 'Component': 'm', 'Type': 'unknown', 'Dimensions': '-', 'Default': '-', 'Units': 'N/A', 'Description': '-', 'Swat_codetype': 'in_sim'}"
print.prt,42,4,y,,"{'Line in File': '42', 'Position in File': '4', 'Condition': 'if (pco%use_obj_labels == ""n"")', 'Local (Y/N)': 'N', 'TYPE': 'pco', 'Component': 'y', 'Type': 'unknown', 'Dimensions': '-', 'Default': '-', 'Units': 'N/A', 'Description': '-', 'Swat_codetype': 'in_sim'}"
print.prt,42,5,a,,"{'Line in File': '42', 'Position in File': '5', 'Condition': 'if (pco%use_obj_labels == ""n"")', 'Local (Y/N)': 'N', 'TYPE': 'pco', 'Component': 'a', 'Type': 'unknown', 'Dimensions': '-', 'Default': '-', 'Units': 'N/A', 'Description': '-', 'Swat_codetype': 'in_sim'}"
print.prt,43,1,name,"{'Line in File': '43', 'Position in File': '1', 'Condition': 'if (pco%aa_numint > 0)', 'Local (Y/N)': 'Y', 'TYPE': '-', 'Component': 'name', 'Type': 'character(len=16)', 'Dimensions': '-', 'Default': '-', 'Units': 'N/A', 'Description': '-', 'Swat_codetype': '-'}","{'Line in File': '43', 'Position in File': '1', 'Condition': 'if (pco%use_obj_labels == ""n"")', 'Local (Y/N)': 'Y', 'TYPE': '-', 'Component': 'name', 'Type': 'character(len=16)', 'Dimensions': '-', 'Default': '""""', 'Units': 'N/A', 'Description': '-', 'Swat_codetype': '-'}"
print.prt,43,2,aqu,"{'Line in File': '43', 'Position in File': '2', 'Condition': 'if (pco%aa_numint > 0)', 'Local (Y/N)': 'N', 'TYPE': 'pco', 'Component': 'aqu', 'Type': 'type(print_interval)', 'Dimensions': '-', 'Default': '-', 'Units': 'N/A', 'Description': 'aqufier output', 'Swat_codetype': 'in_sim'}",
print.prt,43,2,d,,"{'Line in File': '43', 'Position in File': '2', 'Condition': 'if (pco%use_obj_labels == ""n"")', 'Local (Y/N)': 'N', 'TYPE': 'pco', 'Component': 'd', 'Type': 'unknown', 'Dimensions': '-', 'Default': '-', 'Units': 'N/A', 'Description': '-', 'Swat_codetype': 'in_sim'}"
print.prt,43,3,m,,"{'Line in File': '43', 'Position in File': '3', 'Condition': 'if (pco%use_obj_labels == ""n"")', 'Local (Y/N)': 'N', 'TYPE': 'pco', 'Component': 'm', 'Type': 'unknown', 'Dimensions': '-', 'Default': '-', 'Units': 'N/A', 'Description': '-', 'Swat_codetype': 'in_sim'}"
print.prt,43,4,y,,"{'Line in File': '43', 'Position in File': '4', 'Condition': 'if (pco%use_obj_labels == ""n"")', 'Local (Y/N)': 'N', 'TYPE': 'pco', 'Component': 'y', 'Type': 'unknown', 'Dimensions': '-', 'Default': '-', 'Units': 'N/A', 'Description': '-', 'Swat_codetype': 'in_sim'}"
print.prt,43,5,a,,"{'Line in File': '43', 'Position in File': '5', 'Condition': 'if (pco%use_obj_labels == ""n"")', 'Local (Y/N)': 'N', 'TYPE': 'pco', 'Component': 'a', 'Type': 'unknown', 'Dimensions': '-', 'Default': '-', 'Units': 'N/A', 'Description': '-', 'Swat_codetype': 'in_sim'}"
print.prt,44,1,name,"{'Line in File': '44', 'Position in File': '1', 'Condition': 'if (pco%aa_numint > 0)', 'Local (Y/N)': 'Y', 'TYPE': '-', 'Component': 'name', 'Type': 'character(len=16)', 'Dimensions': '-', 'Default': '-', 'Units': 'N/A', 'Description': '-', 'Swat_codetype': '-'}","{'Line in File': '44', 'Position in File': '1', 'Condition': 'if (pco%use_obj_labels == ""n"")', 'Local (Y/N)': 'Y', 'TYPE': '-', 'Component': 'name', 'Type': 'character(len=16)', 'Dimensions': '-', 'Default': '""""', 'Units': 'N/A', 'Description': '-', 'Swat_codetype': '-'}"
print.prt,44,2,d,,"{'Line in File': '44', 'Position in File': '2', 'Condition': 'if (pco%use_obj_labels == ""n"")', 'Local (Y/N)': 'N', 'TYPE': 'pco', 'Component': 'd', 'Type': 'unknown', 'Dimensions': '-', 'Default': '-', 'Units': 'N/A', 'Description': '-', 'Swat_codetype': 'in_sim'}"
print.prt,44,2,res,"{'Line in File': '44', 'Position in File': '2', 'Condition': 'if (pco%aa_numint > 0)', 'Local (Y/N)': 'N', 'TYPE': 'pco', 'Component': 'res', 'Type': 'type(print_interval)', 'Dimensions': '-', 'Default': '-', 'Units': 'N/A', 'Description': 'reservoir output', 'Swat_codetype': 'in_sim'}",
print.prt,44,3,m,,"{'Line in File': '44', 'Position in File': '3', 'Condition': 'if (pco%use_obj_labels == ""n"")', 'Local (Y/N)': 'N', 'TYPE': 'pco', 'Component': 'm', 'Type': 'unknown', 'Dimensions': '-', 'Default': '-', 'Units': 'N/A', 'Description': '-', 'Swat_codetype': 'in_sim'}"
print.prt,44,4,y,,"{'Line in File': '44', 'Position in File': '4', 'Condition': 'if (pco%use_obj_labels == ""n"")', 'Local (Y/N)': 'N', 'TYPE': 'pco', 'Component': 'y', 'Type': 'unknown', 'Dimensions': '-', 'Default': '-', 'Units': 'N/A', 'Description': '-', 'Swat_codetype': 'in_sim'}"
print.prt,44,5,a,,"{'Line in File': '44', 'Position in File': '5', 'Condition': 'if (pco%use_obj_labels == ""n"")', 'Local (Y/N)': 'N', 'TYPE': 'pco', 'Component': 'a', 'Type': 'unknown', 'Dimensions': '-', 'Default': '-', 'Units': 'N/A', 'Description': '-', 'Swat_codetype': 'in_sim'}"
print.prt,45,1,name,"{'Line in File': '45', 'Position in File': '1', 'Condition': 'if (pco%aa_numint > 0)', 'Local (Y/N)': 'Y', 'TYPE': '-', 'Component': 'name', 'Type': 'character(len=16)', 'Dimensions': '-', 'Default': '-', 'Units': 'N/A', 'Description': '-', 'Swat_codetype': '-'}","{'Line in File': '45', 'Position in File': '1', 'Condition': 'if (pco%use_obj_labels == ""n"")', 'Local (Y/N)': 'Y', 'TYPE': '-', 'Component': 'name', 'Type': 'character(len=16)', 'Dimensions': '-', 'Default': '""""', 'Units': 'N/A', 'Description': '-', 'Swat_codetype': '-'}"
print.prt,45,2,d,,"{'Line in File': '45', 'Position in File': '2', 'Condition': 'if (pco%use_obj_labels == ""n"")', 'Local (Y/N)': 'N', 'TYPE': 'pco', 'Component': 'd', 'Type': 'unknown', 'Dimensions': '-', 'Default': '-', 'Units': 'N/A', 'Description': '-', 'Swat_codetype': 'in_sim'}"
print.prt,45,2,recall,"{'Line in File': '45', 'Position in File': '2', 'Condition': 'if (pco%aa_numint > 0)', 'Local (Y/N)': 'N', 'TYPE': 'pco', 'Component': 'recall', 'Type': 'type(print_interval)', 'Dimensions': '-', 'Default': '-', 'Units': 'N/A', 'Description': 'recall output', 'Swat_codetype': 'in_sim'}",
print.prt,45,3,m,,"{'Line in File': '45', 'Position in File': '3', 'Condition': 'if (pco%use_obj_labels == ""n"")', 'Local (Y/N)': 'N', 'TYPE': 'pco', 'Component': 'm', 'Type': 'unknown', 'Dimensions': '-', 'Default': '-', 'Units': 'N/A', 'Description': '-', 'Swat_codetype': 'in_sim'}"
print.prt,45,4,y,,"{'Line in File': '45', 'Position in File': '4', 'Condition': 'if (pco%use_obj_labels == ""n"")', 'Local (Y/N)': 'N', 'TYPE': 'pco', 'Component': 'y', 'Type': 'unknown', 'Dimensions': '-', 'Default': '-', 'Units': 'N/A', 'Description': '-', 'Swat_codetype': 'in_sim'}"
print.prt,45,5,a,,"{'Line in File': '45', 'Position in File': '5', 'Condition': 'if (pco%use_obj_labels == ""n"")', 'Local (Y/N)': 'N', 'TYPE': 'pco', 'Component': 'a', 'Type': 'unknown', 'Dimensions': '-', 'Default': '-', 'Units': 'N/A', 'Description': '-', 'Swat_codetype': 'in_sim'}"
print.prt,46,1,name,"{'Line in File': '46', 'Position in File': '1', 'Condition': 'if (pco%aa_numint > 0)', 'Local (Y/N)': 'Y', 'TYPE': '-', 'Component': 'name', 'Type': 'character(len=16)', 'Dimensions': '-', 'Default': '-', 'Units': 'N/A', 'Description': '-', 'Swat_codetype': '-'}","{'Line in File': '46', 'Position in File': '1', 'Condition': 'if (pco%use_obj_labels == ""n"")', 'Local (Y/N)': 'Y', 'TYPE': '-', 'Component': 'name', 'Type': 'character(len=16)', 'Dimensions': '-', 'Default': '""""', 'Units': 'N/A', 'Description': '-', 'Swat_codetype': '-'}"
print.prt,46,2,d,,"{'Line in File': '46', 'Position in File': '2', 'Condition': 'if (pco%use_obj_labels == ""n"")', 'Local (Y/N)': 'N', 'TYPE': 'pco', 'Component': 'd', 'Type': 'unknown', 'Dimensions': '-', 'Default': '-', 'Units': 'N/A', 'Description': '-', 'Swat_codetype': 'in_sim'}"
print.prt,46,2,hyd,"{'Line in File': '46', 'Position in File': '2', 'Condition': 'if (pco%aa_numint > 0)', 'Local (Y/N)': 'N', 'TYPE': 'pco', 'Component': 'hyd', 'Type': 'type(print_interval)', 'Dimensions': '-', 'Default': '-', 'Units': 'N/A', 'Description': 'hydin_output and hydout_output', 'Swat_codetype': 'in_sim'}",
print.prt,46,3,m,,"{'Line in File': '46', 'Position in File': '3', 'Condition': 'if (pco%use_obj_labels == ""n"")', 'Local (Y/N)': 'N', 'TYPE': 'pco', 'Component': 'm', 'Type': 'unknown', 'Dimensions': '-', 'Default': '-', 'Units': 'N/A', 'Description': '-', 'Swat_codetype': 'in_sim'}"
print.prt,46,4,y,,"{'Line in File': '46', 'Position in File': '4', 'Condition': 'if (pco%use_obj_labels == ""n"")', 'Local (Y/N)': 'N', 'TYPE': 'pco', 'Component': 'y', 'Type': 'unknown', 'Dimensions': '-', 'Default': '-', 'Units': 'N/A', 'Description': '-', 'Swat_codetype': 'in_sim'}"
print.prt,46,5,a,,"{'Line in File': '46', 'Position in File': '5', 'Condition': 'if (pco%use_obj_labels == ""n"")', 'Local (Y/N)': 'N', 'TYPE': 'pco', 'Component': 'a', 'Type': 'unknown', 'Dimensions': '-', 'Default': '-', 'Units': 'N/A', 'Description': '-', 'Swat_codetype': 'in_sim'}"
print.prt,47,1,name,"{'Line in File': '47', 'Position in File': '1', 'Condition': 'if (pco%aa_numint > 0)', 'Local (Y/N)': 'Y', 'TYPE': '-', 'Component': 'name', 'Type': 'character(len=16)', 'Dimensions': '-', 'Default': '-', 'Units': 'N/A', 'Description': '-', 'Swat_codetype': '-'}","{'Line in File': '47', 'Position in File': '1', 'Condition': 'if (pco%use_obj_labels == ""n"")', 'Local (Y/N)': 'Y', 'TYPE': '-', 'Component': 'name', 'Type': 'character(len=16)', 'Dimensions': '-', 'Default': '""""', 'Units': 'N/A', 'Description': '-', 'Swat_codetype': '-'}"
print.prt,47,2,d,,"{'Line in File': '47', 'Position in File': '2', 'Condition': 'if (pco%use_obj_labels == ""n"")', 'Local (Y/N)': 'N', 'TYPE': 'pco', 'Component': 'd', 'Type': 'unknown', 'Dimensions': '-', 'Default': '-', 'Units': 'N/A', 'Description': '-', 'Swat_codetype': 'in_sim'}"
print.prt,47,2,ru,"{'Line in File': '47', 'Position in File': '2', 'Condition': 'if (pco%aa_numint > 0)', 'Local (Y/N)': 'N', 'TYPE': 'pco', 'Component': 'ru', 'Type': 'type(print_interval)', 'Dimensions': '-', 'Default': '-', 'Units': 'N/A', 'Description': '-', 'Swat_codetype': 'in_sim'}",
print.prt,47,3,m,,"{'Line in File': '47', 'Position in File': '3', 'Condition': 'if (pco%use_obj_labels == ""n"")', 'Local (Y/N)': 'N', 'TYPE': 'pco', 'Component': 'm', 'Type': 'unknown', 'Dimensions': '-', 'Default': '-', 'Units': 'N/A', 'Description': '-', 'Swat_codetype': 'in_sim'}"
print.prt,47,4,y,,"{'Line in File': '47', 'Position in File': '4', 'Condition': 'if (pco%use_obj_labels == ""n"")', 'Local (Y/N)': 'N', 'TYPE': 'pco', 'Component': 'y', 'Type': 'unknown', 'Dimensions': '-', 'Default': '-', 'Units': 'N/A', 'Description': '-', 'Swat_codetype': 'in_sim'}"
print.prt,47,5,a,,"{'Line in File': '47', 'Position in File': '5', 'Condition': 'if (pco%use_obj_labels == ""n"")', 'Local (Y/N)': 'N', 'TYPE': 'pco', 'Component': 'a', 'Type': 'unknown', 'Dimensions': '-', 'Default': '-', 'Units': 'N/A', 'Description': '-', 'Swat_codetype': 'in_sim'}"
print.prt,48,1,name,"{'Line in File': '48', 'Position in File': '1', 'Condition': 'if (pco%aa_numint > 0)', 'Local (Y/N)': 'Y', 'TYPE': '-', 'Component': 'name', 'Type': 'character(len=16)', 'Dimensions': '-', 'Default': '-', 'Units': 'N/A', 'Description': '-', 'Swat_codetype': '-'}","{'Line in File': '48', 'Position in File': '1', 'Condition': 'if (pco%use_obj_labels == ""n"")', 'Local (Y/N)': 'Y', 'TYPE': '-', 'Component': 'name', 'Type': 'character(len=16)', 'Dimensions': '-', 'Default': '""""', 'Units': 'N/A', 'Description': '-', 'Swat_codetype': '-'}"
print.prt,48,2,d,,"{'Line in File': '48', 'Position in File': '2', 'Condition': 'if (pco%use_obj_labels == ""n"")', 'Local (Y/N)': 'N', 'TYPE': 'pco', 'Component': 'd', 'Type': 'unknown', 'Dimensions': '-', 'Default': '-', 'Units': 'N/A', 'Description': '-', 'Swat_codetype': 'in_sim'}"
print.prt,48,2,pest,"{'Line in File': '48', 'Position in File': '2', 'Condition': 'if (pco%aa_numint > 0)', 'Local (Y/N)': 'N', 'TYPE': 'pco', 'Component': 'pest', 'Type': 'type(print_interval)', 'Dimensions': '-', 'Default': '-', 'Units': 'N/A', 'Description': 'all constituents pesticide output files (hru, chan, res, basin_chan, basin_res, basin_ls', 'Swat_codetype': 'in_sim'}",
print.prt,48,3,m,,"{'Line in File': '48', 'Position in File': '3', 'Condition': 'if (pco%use_obj_labels == ""n"")', 'Local (Y/N)': 'N', 'TYPE': 'pco', 'Component': 'm', 'Type': 'unknown', 'Dimensions': '-', 'Default': '-', 'Units': 'N/A', 'Description': '-', 'Swat_codetype': 'in_sim'}"
print.prt,48,4,y,,"{'Line in File': '48', 'Position in File': '4', 'Condition': 'if (pco%use_obj_labels == ""n"")', 'Local (Y/N)': 'N', 'TYPE': 'pco', 'Component': 'y', 'Type': 'unknown', 'Dimensions': '-', 'Default': '-', 'Units': 'N/A', 'Description': '-', 'Swat_codetype': 'in_sim'}"
print.prt,48,5,a,,"{'Line in File': '48', 'Position in File': '5', 'Condition': 'if (pco%use_obj_labels == ""n"")', 'Local (Y/N)': 'N', 'TYPE': 'pco', 'Component': 'a', 'Type': 'unknown', 'Dimensions': '-', 'Default': '-', 'Units': 'N/A', 'Description': '-', 'Swat_codetype': 'in_sim'}"
print.prt,49,1,name,"{'Line in File': '49', 'Position in File': '1', 'Condition': 'if (pco%aa_numint > 0)', 'Local (Y/N)': 'Y', 'TYPE': '-', 'Component': 'name', 'Type': 'character(len=16)', 'Dimensions': '-', 'Default': '-', 'Units': 'N/A', 'Description': '-', 'Swat_codetype': '-'}","{'Line in File': '49', 'Position in File': '1', 'Condition': 'if (pco%use_obj_labels == ""n"")', 'Local (Y/N)': 'Y', 'TYPE': '-', 'Component': 'name', 'Type': 'character(len=16)', 'Dimensions': '-', 'Default': '""""', 'Units': 'N/A', 'Description': '-', 'Swat_codetype': '-'}"
print.prt,49,2,d,,"{'Line in File': '49', 'Position in File': '2', 'Condition': 'if (pco%use_obj_labels == ""n"")', 'Local (Y/N)': 'N', 'TYPE': 'pco', 'Component': 'd', 'Type': 'unknown', 'Dimensions': '-', 'Default': '-', 'Units': 'N/A', 'Description': '-', 'Swat_codetype': 'in_sim'}"
print.prt,49,2,salt_basin,"{'Line in File': '49', 'Position in File': '2', 'Condition': 'if (pco%aa_numint > 0)', 'Local (Y/N)': 'N', 'TYPE': 'pco', 'Component': 'salt_basin', 'Type': 'type(print_interval)', 'Dimensions': '-', 'Default': '-', 'Units': 'N/A', 'Description': 'salt output for the basin', 'Swat_codetype': 'in_sim'}",
print.prt,49,3,m,,"{'Line in File': '49', 'Position in File': '3', 'Condition': 'if (pco%use_obj_labels == ""n"")', 'Local (Y/N)': 'N', 'TYPE': 'pco', 'Component': 'm', 'Type': 'unknown', 'Dimensions': '-', 'Default': '-', 'Units': 'N/A', 'Description': '-', 'Swat_codetype': 'in_sim'}"
print.prt,49,4,y,,"{'Line in File': '49', 'Position in File': '4', 'Condition': 'if (pco%use_obj_labels == ""n"")', 'Local (Y/N)': 'N', 'TYPE': 'pco', 'Component': 'y', 'Type': 'unknown', 'Dimensions': '-', 'Default': '-', 'Units': 'N/A', 'Description': '-', 'Swat_codetype': 'in_sim'}"
print.prt,49,5,a,,"{'Line in File': '49', 'Position in File': '5', 'Condition': 'if (pco%use_obj_labels == ""n"")', 'Local (Y/N)': 'N', 'TYPE': 'pco', 'Component': 'a', 'Type': 'unknown', 'Dimensions': '-', 'Default': '-', 'Units': 'N/A', 'Description': '-', 'Swat_codetype': 'in_sim'}"
print.prt,5,1,aa_numint,"{'Line in File': '5', 'Position in File': '1', 'Condition': 'if (pco%aa_numint > 0)', 'Local (Y/N)': 'N', 'TYPE': 'pco', 'Component': 'aa_numint', 'Type': 'integer', 'Dimensions': '-', 'Default': '-', 'Units': 'N/A', 'Description': 'number of print intervals for ave annual output', 'Swat_codetype': 'in_sim'}","{'Line in File': '5', 'Position in File': '1', 'Condition': 'if (pco%aa_numint > 0)', 'Local (Y/N)': 'N', 'TYPE': 'pco', 'Component': 'aa_numint', 'Type': 'integer', 'Dimensions': '-', 'Default': '0', 'Units': 'N/A', 'Description': 'number of print intervals for ave annual output', 'Swat_codetype': 'in_sim'}"
print.prt,50,1,name,"{'Line in File': '50', 'Position in File': '1', 'Condition': 'if (pco%aa_numint > 0)', 'Local (Y/N)': 'Y', 'TYPE': '-', 'Component': 'name', 'Type': 'character(len=16)', 'Dimensions': '-', 'Default': '-', 'Units': 'N/A', 'Description': '-', 'Swat_codetype': '-'}","{'Line in File': '50', 'Position in File': '1', 'Condition': 'if (pco%use_obj_labels == ""n"")', 'Local (Y/N)': 'Y', 'TYPE': '-', 'Component': 'name', 'Type': 'character(len=16)', 'Dimensions': '-', 'Default': '""""', 'Units': 'N/A', 'Description': '-', 'Swat_codetype': '-'}"
print.prt,50,2,d,,"{'Line in File': '50', 'Position in File': '2', 'Condition': 'if (pco%use_obj_labels == ""n"")', 'Local (Y/N)': 'N', 'TYPE': 'pco', 'Component': 'd', 'Type': 'unknown', 'Dimensions': '-', 'Default': '-', 'Units': 'N/A', 'Description': '-', 'Swat_codetype': 'in_sim'}"
print.prt,50,2,salt_hru,"{'Line in File': '50', 'Position in File': '2', 'Condition': 'if (pco%aa_numint > 0)', 'Local (Y/N)': 'N', 'TYPE': 'pco', 'Component': 'salt_hru', 'Type': 'type(print_interval)', 'Dimensions': '-', 'Default': '-', 'Units': 'N/A', 'Description': 'salt output for HRUs', 'Swat_codetype': 'in_sim'}",
print.prt,50,3,m,,"{'Line in File': '50', 'Position in File': '3', 'Condition': 'if (pco%use_obj_labels == ""n"")', 'Local (Y/N)': 'N', 'TYPE': 'pco', 'Component': 'm', 'Type': 'unknown', 'Dimensions': '-', 'Default': '-', 'Units': 'N/A', 'Description': '-', 'Swat_codetype': 'in_sim'}"
print.prt,50,4,y,,"{'Line in File': '50', 'Position in File': '4', 'Condition': 'if (pco%use_obj_labels == ""n"")', 'Local (Y/N)': 'N', 'TYPE': 'pco', 'Component': 'y', 'Type': 'unknown', 'Dimensions': '-', 'Default': '-', 'Units': 'N/A', 'Description': '-', 'Swat_codetype': 'in_sim'}"
print.prt,50,5,a,,"{'Line in File': '50', 'Position in File': '5', 'Condition': 'if (pco%use_obj_labels == ""n"")', 'Local (Y/N)': 'N', 'TYPE': 'pco', 'Component': 'a', 'Type': 'unknown', 'Dimensions': '-', 'Default': '-', 'Units': 'N/A', 'Description': '-', 'Swat_codetype': 'in_sim'}"
print.prt,51,1,name,"{'Line in File': '51', 'Position in File': '1', 'Condition': 'if (pco%aa_numint > 0)', 'Local (Y/N)': 'Y', 'TYPE': '-', 'Component': 'name', 'Type': 'character(len=16)', 'Dimensions': '-', 'Default': '-', 'Units': 'N/A', 'Description': '-', 'Swat_codetype': '-'}","{'Line in File': '51', 'Position in File': '1', 'Condition': 'if (pco%use_obj_labels == ""n"")', 'Local (Y/N)': 'Y', 'TYPE': '-', 'Component': 'name', 'Type': 'character(len=16)', 'Dimensions': '-', 'Default': '""""', 'Units': 'N/A', 'Description': '-', 'Swat_codetype': '-'}"
print.prt,51,2,d,,"{'Line in File': '51', 'Position in File': '2', 'Condition': 'if (pco%use_obj_labels == ""n"")', 'Local (Y/N)': 'N', 'TYPE': 'pco', 'Component': 'd', 'Type': 'unknown', 'Dimensions': '-', 'Default': '-', 'Units': 'N/A', 'Description': '-', 'Swat_codetype': 'in_sim'}"
print.prt,51,2,salt_ru,"{'Line in File': '51', 'Position in File': '2', 'Condition': 'if (pco%aa_numint > 0)', 'Local (Y/N)': 'N', 'TYPE': 'pco', 'Component': 'salt_ru', 'Type': 'type(print_interval)', 'Dimensions': '-', 'Default': '-', 'Units': 'N/A', 'Description': 'salt output for routing units', 'Swat_codetype': 'in_sim'}",
print.prt,51,3,m,,"{'Line in File': '51', 'Position in File': '3', 'Condition': 'if (pco%use_obj_labels == ""n"")', 'Local (Y/N)': 'N', 'TYPE': 'pco', 'Component': 'm', 'Type': 'unknown', 'Dimensions': '-', 'Default': '-', 'Units': 'N/A', 'Description': '-', 'Swat_codetype': 'in_sim'}"
print.prt,51,4,y,,"{'Line in File': '51', 'Position in File': '4', 'Condition': 'if (pco%use_obj_labels == ""n"")', 'Local (Y/N)': 'N', 'TYPE': 'pco', 'Component': 'y', 'Type': 'unknown', 'Dimensions': '-', 'Default': '-', 'Units': 'N/A', 'Description': '-', 'Swat_codetype': 'in_sim'}"
print.prt,51,5,a,,"{'Line in File': '51', 'Position in File': '5', 'Condition': 'if (pco%use_obj_labels == ""n"")', 'Local (Y/N)': 'N', 'TYPE': 'pco', 'Component': 'a', 'Type': 'unknown', 'Dimensions': '-', 'Default': '-', 'Units': 'N/A', 'Description': '-', 'Swat_codetype': 'in_sim'}"
print.prt,52,1,name,"{'Line in File': '52', 'Position in File': '1', 'Condition': 'if (pco%aa_numint > 0)', 'Local (Y/N)': 'Y', 'TYPE': '-', 'Component': 'name', 'Type': 'character(len=16)', 'Dimensions': '-', 'Default': '-', 'Units': 'N/A', 'Description': '-', 'Swat_codetype': '-'}","{'Line in File': '52', 'Position in File': '1', 'Condition': 'if (pco%use_obj_labels == ""n"")', 'Local (Y/N)': 'Y', 'TYPE': '-', 'Component': 'name', 'Type': 'character(len=16)', 'Dimensions': '-', 'Default': '""""', 'Units': 'N/A', 'Description': '-', 'Swat_codetype': '-'}"
print.prt,52,2,d,,"{'Line in File': '52', 'Position in File': '2', 'Condition': 'if (pco%use_obj_labels == ""n"")', 'Local (Y/N)': 'N', 'TYPE': 'pco', 'Component': 'd', 'Type': 'unknown', 'Dimensions': '-', 'Default': '-', 'Units': 'N/A', 'Description': '-', 'Swat_codetype': 'in_sim'}"
print.prt,52,2,salt_aqu,"{'Line in File': '52', 'Position in File': '2', 'Condition': 'if (pco%aa_numint > 0)', 'Local (Y/N)': 'N', 'TYPE': 'pco', 'Component': 'salt_aqu', 'Type': 'type(print_interval)', 'Dimensions': '-', 'Default': '-', 'Units': 'N/A', 'Description': 'salt output for aquifers', 'Swat_codetype': 'in_sim'}",
print.prt,52,3,m,,"{'Line in File': '52', 'Position in File': '3', 'Condition': 'if (pco%use_obj_labels == ""n"")', 'Local (Y/N)': 'N', 'TYPE': 'pco', 'Component': 'm', 'Type': 'unknown', 'Dimensions': '-', 'Default': '-', 'Units': 'N/A', 'Description': '-', 'Swat_codetype': 'in_sim'}"
print.prt,52,4,y,,"{'Line in File': '52', 'Position in File': '4', 'Condition': 'if (pco%use_obj_labels == ""n"")', 'Local (Y/N)': 'N', 'TYPE': 'pco', 'Component': 'y', 'Type': 'unknown', 'Dimensions': '-', 'Default': '-', 'Units': 'N/A', 'Description': '-', 'Swat_codetype': 'in_sim'}"
print.prt,52,5,a,,"{'Line in File': '52', 'Position in File': '5', 'Condition': 'if (pco%use_obj_labels == ""n"")', 'Local (Y/N)': 'N', 'TYPE': 'pco', 'Component': 'a', 'Type': 'unknown', 'Dimensions': '-', 'Default': '-', 'Units': 'N/A', 'Description': '-', 'Swat_codetype': 'in_sim'}"
print.prt,53,1,name,"{'Line in File': '53', 'Position in File': '1', 'Condition': 'if (pco%aa_numint > 0)', 'Local (Y/N)': 'Y', 'TYPE': '-', 'Component': 'name', 'Type': 'character(len=16)', 'Dimensions': '-', 'Default': '-', 'Units': 'N/A', 'Description': '-', 'Swat_codetype': '-'}","{'Line in File': '53', 'Position in File': '1', 'Condition': 'if (pco%use_obj_labels == ""n"")', 'Local (Y/N)': 'Y', 'TYPE': '-', 'Component': 'name', 'Type': 'character(len=16)', 'Dimensions': '-', 'Default': '""""', 'Units': 'N/A', 'Description': '-', 'Swat_codetype': '-'}"
print.prt,53,2,d,,"{'Line in File': '53', 'Position in File': '2', 'Condition': 'if (pco%use_obj_labels == ""n"")', 'Local (Y/N)': 'N', 'TYPE': 'pco', 'Component': 'd', 'Type': 'unknown', 'Dimensions': '-', 'Default': '-', 'Units': 'N/A', 'Description': '-', 'Swat_codetype': 'in_sim'}"
print.prt,53,2,salt_chn,"{'Line in File': '53', 'Position in File': '2', 'Condition': 'if (pco%aa_numint > 0)', 'Local (Y/N)': 'N', 'TYPE': 'pco', 'Component': 'salt_chn', 'Type': 'type(print_interval)', 'Dimensions': '-', 'Default': '-', 'Units': 'N/A', 'Description': 'salt output for channels', 'Swat_codetype': 'in_sim'}",
print.prt,53,3,m,,"{'Line in File': '53', 'Position in File': '3', 'Condition': 'if (pco%use_obj_labels == ""n"")', 'Local (Y/N)': 'N', 'TYPE': 'pco', 'Component': 'm', 'Type': 'unknown', 'Dimensions': '-', 'Default': '-', 'Units': 'N/A', 'Description': '-', 'Swat_codetype': 'in_sim'}"
print.prt,53,4,y,,"{'Line in File': '53', 'Position in File': '4', 'Condition': 'if (pco%use_obj_labels == ""n"")', 'Local (Y/N)': 'N', 'TYPE': 'pco', 'Component': 'y', 'Type': 'unknown', 'Dimensions': '-', 'Default': '-', 'Units': 'N/A', 'Description': '-', 'Swat_codetype': 'in_sim'}"
print.prt,53,5,a,,"{'Line in File': '53', 'Position in File': '5', 'Condition': 'if (pco%use_obj_labels == ""n"")', 'Local (Y/N)': 'N', 'TYPE': 'pco', 'Component': 'a', 'Type': 'unknown', 'Dimensions': '-', 'Default': '-', 'Units': 'N/A', 'Description': '-', 'Swat_codetype': 'in_sim'}"
print.prt,54,1,name,"{'Line in File': '54', 'Position in File': '1', 'Condition': 'if (pco%aa_numint > 0)', 'Local (Y/N)': 'Y', 'TYPE': '-', 'Component': 'name', 'Type': 'character(len=16)', 'Dimensions': '-', 'Default': '-', 'Units': 'N/A', 'Description': '-', 'Swat_codetype': '-'}","{'Line in File': '54', 'Position in File': '1', 'Condition': 'if (pco%use_obj_labels == ""n"")', 'Local (Y/N)': 'Y', 'TYPE': '-', 'Component': 'name', 'Type': 'character(len=16)', 'Dimensions': '-', 'Default': '""""', 'Units': 'N/A', 'Description': '-', 'Swat_codetype': '-'}"
print.prt,54,2,d,,"{'Line in File': '54', 'Position in File': '2', 'Condition': 'if (pco%use_obj_labels == ""n"")', 'Local (Y/N)': 'N', 'TYPE': 'pco', 'Component': 'd', 'Type': 'unknown', 'Dimensions': '-', 'Default': '-', 'Units': 'N/A', 'Description': '-', 'Swat_codetype': 'in_sim'}"
print.prt,54,2,salt_res,"{'Line in File': '54', 'Position in File': '2', 'Condition': 'if (pco%aa_numint > 0)', 'Local (Y/N)': 'N', 'TYPE': 'pco', 'Component': 'salt_res', 'Type': 'type(print_interval)', 'Dimensions': '-', 'Default': '-', 'Units': 'N/A', 'Description': 'salt output for reservoirs', 'Swat_codetype': 'in_sim'}",
print.prt,54,3,m,,"{'Line in File': '54', 'Position in File': '3', 'Condition': 'if (pco%use_obj_labels == ""n"")', 'Local (Y/N)': 'N', 'TYPE': 'pco', 'Component': 'm', 'Type': 'unknown', 'Dimensions': '-', 'Default': '-', 'Units': 'N/A', 'Description': '-', 'Swat_codetype': 'in_sim'}"
print.prt,54,4,y,,"{'Line in File': '54', 'Position in File': '4', 'Condition': 'if (pco%use_obj_labels == ""n"")', 'Local (Y/N)': 'N', 'TYPE': 'pco', 'Component': 'y', 'Type': 'unknown', 'Dimensions': '-', 'Default': '-', 'Units': 'N/A', 'Description': '-', 'Swat_codetype': 'in_sim'}"
print.prt,54,5,a,,"{'Line in File': '54', 'Position in File': '5', 'Condition': 'if (pco%use_obj_labels == ""n"")', 'Local (Y/N)': 'N', 'TYPE': 'pco', 'Component': 'a', 'Type': 'unknown', 'Dimensions': '-', 'Default': '-', 'Units': 'N/A', 'Description': '-', 'Swat_codetype': 'in_sim'}"
print.prt,55,1,name,"{'Line in File': '55', 'Position in File': '1', 'Condition': 'if (pco%aa_numint > 0)', 'Local (Y/N)': 'Y', 'TYPE': '-', 'Component': 'name', 'Type': 'character(len=16)', 'Dimensions': '-', 'Default': '-', 'Units': 'N/A', 'Description': '-', 'Swat_codetype': '-'}","{'Line in File': '55', 'Position in File': '1', 'Condition': 'if (pco%use_obj_labels == ""n"")', 'Local (Y/N)': 'Y', 'TYPE': '-', 'Component': 'name', 'Type': 'character(len=16)', 'Dimensions': '-', 'Default': '""""', 'Units': 'N/A', 'Description': '-', 'Swat_codetype': '-'}"
print.prt,55,2,d,,"{'Line in File': '55', 'Position in File': '2', 'Condition': 'if (pco%use_obj_labels == ""n"")', 'Local (Y/N)': 'N', 'TYPE': 'pco', 'Component': 'd', 'Type': 'unknown', 'Dimensions': '-', 'Default': '-', 'Units': 'N/A', 'Description': '-', 'Swat_codetype': 'in_sim'}"
print.prt,55,2,salt_wet,"{'Line in File': '55', 'Position in File': '2', 'Condition': 'if (pco%aa_numint > 0)', 'Local (Y/N)': 'N', 'TYPE': 'pco', 'Component': 'salt_wet', 'Type': 'type(print_interval)', 'Dimensions': '-', 'Default': '-', 'Units': 'N/A', 'Description': 'salt output for reservoirs', 'Swat_codetype': 'in_sim'}",
print.prt,55,3,m,,"{'Line in File': '55', 'Position in File': '3', 'Condition': 'if (pco%use_obj_labels == ""n"")', 'Local (Y/N)': 'N', 'TYPE': 'pco', 'Component': 'm', 'Type': 'unknown', 'Dimensions': '-', 'Default': '-', 'Units': 'N/A', 'Description': '-', 'Swat_codetype': 'in_sim'}"
print.prt,55,4,y,,"{'Line in File': '55', 'Position in File': '4', 'Condition': 'if (pco%use_obj_labels == ""n"")', 'Local (Y/N)': 'N', 'TYPE': 'pco', 'Component': 'y', 'Type': 'unknown', 'Dimensions': '-', 'Default': '-', 'Units': 'N/A', 'Description': '-', 'Swat_codetype': 'in_sim'}"
print.prt,55,5,a,,"{'Line in File': '55', 'Position in File': '5', 'Condition': 'if (pco%use_obj_labels == ""n"")', 'Local (Y/N)': 'N', 'TYPE': 'pco', 'Component': 'a', 'Type': 'unknown', 'Dimensions': '-', 'Default': '-', 'Units': 'N/A', 'Description': '-', 'Swat_codetype': 'in_sim'}"
print.prt,56,1,name,"{'Line in File': '56', 'Position in File': '1', 'Condition': 'if (pco%aa_numint > 0)', 'Local (Y/N)': 'Y', 'TYPE': '-', 'Component': 'name', 'Type': 'character(len=16)', 'Dimensions': '-', 'Default': '-', 'Units': 'N/A', 'Description': '-', 'Swat_codetype': '-'}","{'Line in File': '56', 'Position in File': '1', 'Condition': 'if (pco%use_obj_labels == ""n"")', 'Local (Y/N)': 'Y', 'TYPE': '-', 'Component': 'name', 'Type': 'character(len=16)', 'Dimensions': '-', 'Default': '""""', 'Units': 'N/A', 'Description': '-', 'Swat_codetype': '-'}"
print.prt,56,2,cs_basin,"{'Line in File': '56', 'Position in File': '2', 'Condition': 'if (pco%aa_numint > 0)', 'Local (Y/N)': 'N', 'TYPE': 'pco', 'Component': 'cs_basin', 'Type': 'type(print_interval)', 'Dimensions': '-', 'Default': '-', 'Units': 'N/A', 'Description': 'constituent output for the basin', 'Swat_codetype': 'in_sim'}",
print.prt,56,2,d,,"{'Line in File': '56', 'Position in File': '2', 'Condition': 'if (pco%use_obj_labels == ""n"")', 'Local (Y/N)': 'N', 'TYPE': 'pco', 'Component': 'd', 'Type': 'unknown', 'Dimensions': '-', 'Default': '-', 'Units': 'N/A', 'Description': '-', 'Swat_codetype': 'in_sim'}"
print.prt,56,3,m,,"{'Line in File': '56', 'Position in File': '3', 'Condition': 'if (pco%use_obj_labels == ""n"")', 'Local (Y/N)': 'N', 'TYPE': 'pco', 'Component': 'm', 'Type': 'unknown', 'Dimensions': '-', 'Default': '-', 'Units': 'N/A', 'Description': '-', 'Swat_codetype': 'in_sim'}"
print.prt,56,4,y,,"{'Line in File': '56', 'Position in File': '4', 'Condition': 'if (pco%use_obj_labels == ""n"")', 'Local (Y/N)': 'N', 'TYPE': 'pco', 'Component': 'y', 'Type': 'unknown', 'Dimensions': '-', 'Default': '-', 'Units': 'N/A', 'Description': '-', 'Swat_codetype': 'in_sim'}"
print.prt,56,5,a,,"{'Line in File': '56', 'Position in File': '5', 'Condition': 'if (pco%use_obj_labels == ""n"")', 'Local (Y/N)': 'N', 'TYPE': 'pco', 'Component': 'a', 'Type': 'unknown', 'Dimensions': '-', 'Default': '-', 'Units': 'N/A', 'Description': '-', 'Swat_codetype': 'in_sim'}"
print.prt,57,1,name,"{'Line in File': '57', 'Position in File': '1', 'Condition': 'if (pco%aa_numint > 0)', 'Local (Y/N)': 'Y', 'TYPE': '-', 'Component': 'name', 'Type': 'character(len=16)', 'Dimensions': '-', 'Default': '-', 'Units': 'N/A', 'Description': '-', 'Swat_codetype': '-'}","{'Line in File': '57', 'Position in File': '1', 'Condition': 'if (pco%use_obj_labels == ""n"")', 'Local (Y/N)': 'Y', 'TYPE': '-', 'Component': 'name', 'Type': 'character(len=16)', 'Dimensions': '-', 'Default': '""""', 'Units': 'N/A', 'Description': '-', 'Swat_codetype': '-'}"
print.prt,57,2,cs_hru,"{'Line in File': '57', 'Position in File': '2', 'Condition': 'if (pco%aa_numint > 0)', 'Local (Y/N)': 'N', 'TYPE': 'pco', 'Component': 'cs_hru', 'Type': 'type(print_interval)', 'Dimensions': '-', 'Default': '-', 'Units': 'N/A', 'Description': 'constituent output for HRUs', 'Swat_codetype': 'in_sim'}",
print.prt,57,2,d,,"{'Line in File': '57', 'Position in File': '2', 'Condition': 'if (pco%use_obj_labels == ""n"")', 'Local (Y/N)': 'N', 'TYPE': 'pco', 'Component': 'd', 'Type': 'unknown', 'Dimensions': '-', 'Default': '-', 'Units': 'N/A', 'Description': '-', 'Swat_codetype': 'in_sim'}"
print.prt,57,3,m,,"{'Line in File': '57', 'Position in File': '3', 'Condition': 'if (pco%use_obj_labels == ""n"")', 'Local (Y/N)': 'N', 'TYPE': 'pco', 'Component': 'm', 'Type': 'unknown', 'Dimensions': '-', 'Default': '-', 'Units': 'N/A', 'Description': '-', 'Swat_codetype': 'in_sim'}"
print.prt,57,4,y,,"{'Line in File': '57', 'Position in File': '4', 'Condition': 'if (pco%use_obj_labels == ""n"")', 'Local (Y/N)': 'N', 'TYPE': 'pco', 'Component': 'y', 'Type': 'unknown', 'Dimensions': '-', 'Default': '-', 'Units': 'N/A', 'Description': '-', 'Swat_codetype': 'in_sim'}"
print.prt,57,5,a,,"{'Line in File': '57', 'Position in File': '5', 'Condition': 'if (pco%use_obj_labels == ""n"")', 'Local (Y/N)': 'N', 'TYPE': 'pco', 'Component': 'a', 'Type': 'unknown', 'Dimensions': '-', 'Default': '-', 'Units': 'N/A', 'Description': '-', 'Swat_codetype': 'in_sim'}"
print.prt,58,1,name,"{'Line in File': '58', 'Position in File': '1', 'Condition': 'if (pco%aa_numint > 0)', 'Local (Y/N)': 'Y', 'TYPE': '-', 'Component': 'name', 'Type': 'character(len=16)', 'Dimensions': '-', 'Default': '-', 'Units': 'N/A', 'Description': '-', 'Swat_codetype': '-'}","{'Line in File': '58', 'Position in File': '1', 'Condition': 'if (pco%use_obj_labels == ""n"")', 'Local (Y/N)': 'Y', 'TYPE': '-', 'Component': 'name', 'Type': 'character(len=16)', 'Dimensions': '-', 'Default': '""""', 'Units': 'N/A', 'Description': '-', 'Swat_codetype': '-'}"
print.prt,58,2,cs_ru,"{'Line in File': '58', 'Position in File': '2', 'Condition': 'if (pco%aa_numint > 0)', 'Local (Y/N)': 'N', 'TYPE': 'pco', 'Component': 'cs_ru', 'Type': 'type(print_interval)', 'Dimensions': '-', 'Default': '-', 'Units': 'N/A', 'Description': 'constituent output for routing units', 'Swat_codetype': 'in_sim'}",
print.prt,58,2,d,,"{'Line in File': '58', 'Position in File': '2', 'Condition': 'if (pco%use_obj_labels == ""n"")', 'Local (Y/N)': 'N', 'TYPE': 'pco', 'Component': 'd', 'Type': 'unknown', 'Dimensions': '-', 'Default': '-', 'Units': 'N/A', 'Description': '-', 'Swat_codetype': 'in_sim'}"
print.prt,58,3,m,,"{'Line in File': '58', 'Position in File': '3', 'Condition': 'if (pco%use_obj_labels == ""n"")', 'Local (Y/N)': 'N', 'TYPE': 'pco', 'Component': 'm', 'Type': 'unknown', 'Dimensions': '-', 'Default': '-', 'Units': 'N/A', 'Description': '-', 'Swat_codetype': 'in_sim'}"
print.prt,58,4,y,,"{'Line in File': '58', 'Position in File': '4', 'Condition': 'if (pco%use_obj_labels == ""n"")', 'Local (Y/N)': 'N', 'TYPE': 'pco', 'Component': 'y', 'Type': 'unknown', 'Dimensions': '-', 'Default': '-', 'Units': 'N/A', 'Description': '-', 'Swat_codetype': 'in_sim'}"
print.prt,58,5,a,,"{'Line in File': '58', 'Position in File': '5', 'Condition': 'if (pco%use_obj_labels == ""n"")', 'Local (Y/N)': 'N', 'TYPE': 'pco', 'Component': 'a', 'Type': 'unknown', 'Dimensions': '-', 'Default': '-', 'Units': 'N/A', 'Description': '-', 'Swat_codetype': 'in_sim'}"
print.prt,59,1,name,"{'Line in File': '59', 'Position in File': '1', 'Condition': 'if (pco%aa_numint > 0)', 'Local (Y/N)': 'Y', 'TYPE': '-', 'Component': 'name', 'Type': 'character(len=16)', 'Dimensions': '-', 'Default': '-', 'Units': 'N/A', 'Description': '-', 'Swat_codetype': '-'}","{'Line in File': '59', 'Position in File': '1', 'Condition': 'if (pco%use_obj_labels == ""n"")', 'Local (Y/N)': 'Y', 'TYPE': '-', 'Component': 'name', 'Type': 'character(len=16)', 'Dimensions': '-', 'Default': '""""', 'Units': 'N/A', 'Description': '-', 'Swat_codetype': '-'}"
print.prt,59,2,cs_aqu,"{'Line in File': '59', 'Position in File': '2', 'Condition': 'if (pco%aa_numint > 0)', 'Local (Y/N)': 'N', 'TYPE': 'pco', 'Component': 'cs_aqu', 'Type': 'type(print_interval)', 'Dimensions': '-', 'Default': '-', 'Units': 'N/A', 'Description': 'constituent output for aquifers', 'Swat_codetype': 'in_sim'}",
print.prt,59,2,d,,"{'Line in File': '59', 'Position in File': '2', 'Condition': 'if (pco%use_obj_labels == ""n"")', 'Local (Y/N)': 'N', 'TYPE': 'pco', 'Component': 'd', 'Type': 'unknown', 'Dimensions': '-', 'Default': '-', 'Units': 'N/A', 'Description': '-', 'Swat_codetype': 'in_sim'}"
print.prt,59,3,m,,"{'Line in File': '59', 'Position in File': '3', 'Condition': 'if (pco%use_obj_labels == ""n"")', 'Local (Y/N)': 'N', 'TYPE': 'pco', 'Component': 'm', 'Type': 'unknown', 'Dimensions': '-', 'Default': '-', 'Units': 'N/A', 'Description': '-', 'Swat_codetype': 'in_sim'}"
print.prt,59,4,y,,"{'Line in File': '59', 'Position in File': '4', 'Condition': 'if (pco%use_obj_labels == ""n"")', 'Local (Y/N)': 'N', 'TYPE': 'pco', 'Component': 'y', 'Type': 'unknown', 'Dimensions': '-', 'Default': '-', 'Units': 'N/A', 'Description': '-', 'Swat_codetype': 'in_sim'}"
print.prt,59,5,a,,"{'Line in File': '59', 'Position in File': '5', 'Condition': 'if (pco%use_obj_labels == ""n"")', 'Local (Y/N)': 'N', 'TYPE': 'pco', 'Component': 'a', 'Type': 'unknown', 'Dimensions': '-', 'Default': '-', 'Units': 'N/A', 'Description': '-', 'Swat_codetype': 'in_sim'}"
print.prt,6,1,header,"{'Line in File': '6', 'Position in File': '1', 'Condition': 'if (pco%aa_numint > 0)', 'Local (Y/N)': 'Y', 'TYPE': '-', 'Component': 'header', 'Type': 'character(len=500)', 'Dimensions': '-', 'Default': '-', 'Units': 'N/A', 'Description': '-', 'Swat_codetype': '-'}","{'Line in File': '6', 'Position in File': '1', 'Condition': 'if (pco%aa_numint > 0)', 'Local (Y/N)': 'Y', 'TYPE': '-', 'Component': 'header', 'Type': 'character(len=500)', 'Dimensions': '-', 'Default': '""""', 'Units': 'N/A', 'Description': '-', 'Swat_codetype': '-'}"
print.prt,60,1,name,"{'Line in File': '60', 'Position in File': '1', 'Condition': 'if (pco%aa_numint > 0)', 'Local (Y/N)': 'Y', 'TYPE': '-', 'Component': 'name', 'Type': 'character(len=16)', 'Dimensions': '-', 'Default': '-', 'Units': 'N/A', 'Description': '-', 'Swat_codetype': '-'}","{'Line in File': '60', 'Position in File': '1', 'Condition': 'if (pco%use_obj_labels == ""n"")', 'Local (Y/N)': 'Y', 'TYPE': '-', 'Component': 'name', 'Type': 'character(len=16)', 'Dimensions': '-', 'Default': '""""', 'Units': 'N/A', 'Description': '-', 'Swat_codetype': '-'}"
print.prt,60,2,cs_chn,"{'Line in File': '60', 'Position in File': '2', 'Condition': 'if (pco%aa_numint > 0)', 'Local (Y/N)': 'N', 'TYPE': 'pco', 'Component': 'cs_chn', 'Type': 'type(print_interval)', 'Dimensions': '-', 'Default': '-', 'Units': 'N/A', 'Description': 'constituent output for channels', 'Swat_codetype': 'in_sim'}",
print.prt,60,2,d,,"{'Line in File': '60', 'Position in File': '2', 'Condition': 'if (pco%use_obj_labels == ""n"")', 'Local (Y/N)': 'N', 'TYPE': 'pco', 'Component': 'd', 'Type': 'unknown', 'Dimensions': '-', 'Default': '-', 'Units': 'N/A', 'Description': '-', 'Swat_codetype': 'in_sim'}"
print.prt,60,3,m,,"{'Line in File': '60', 'Position in File': '3', 'Condition': 'if (pco%use_obj_labels == ""n"")', 'Local (Y/N)': 'N', 'TYPE': 'pco', 'Component': 'm', 'Type': 'unknown', 'Dimensions': '-', 'Default': '-', 'Units': 'N/A', 'Description': '-', 'Swat_codetype': 'in_sim'}"
print.prt,60,4,y,,"{'Line in File': '60', 'Position in File': '4', 'Condition': 'if (pco%use_obj_labels == ""n"")', 'Local (Y/N)': 'N', 'TYPE': 'pco', 'Component': 'y', 'Type': 'unknown', 'Dimensions': '-', 'Default': '-', 'Units': 'N/A', 'Description': '-', 'Swat_codetype': 'in_sim'}"
print.prt,60,5,a,,"{'Line in File': '60', 'Position in File': '5', 'Condition': 'if (pco%use_obj_labels == ""n"")', 'Local (Y/N)': 'N', 'TYPE': 'pco', 'Component': 'a', 'Type': 'unknown', 'Dimensions': '-', 'Default': '-', 'Units': 'N/A', 'Description': '-', 'Swat_codetype': 'in_sim'}"
print.prt,61,1,name,"{'Line in File': '61', 'Position in File': '1', 'Condition': 'if (pco%aa_numint > 0)', 'Local (Y/N)': 'Y', 'TYPE': '-', 'Component': 'name', 'Type': 'character(len=16)', 'Dimensions': '-', 'Default': '-', 'Units': 'N/A', 'Description': '-', 'Swat_codetype': '-'}","{'Line in File': '61', 'Position in File': '1', 'Condition': 'if (pco%use_obj_labels == ""n"")', 'Local (Y/N)': 'Y', 'TYPE': '-', 'Component': 'name', 'Type': 'character(len=16)', 'Dimensions': '-', 'Default': '""""', 'Units': 'N/A', 'Description': '-', 'Swat_codetype': '-'}"
print.prt,61,2,cs_res,"{'Line in File': '61', 'Position in File': '2', 'Condition': 'if (pco%aa_numint > 0)', 'Local (Y/N)': 'N', 'TYPE': 'pco', 'Component': 'cs_res', 'Type': 'type(print_interval)', 'Dimensions': '-', 'Default': '-', 'Units': 'N/A', 'Description': 'constituent output for reservoirs', 'Swat_codetype': 'in_sim'}",
print.prt,61,2,d,,"{'Line in File': '61', 'Position in File': '2', 'Condition': 'if (pco%use_obj_labels == ""n"")', 'Local (Y/N)': 'N', 'TYPE': 'pco', 'Component': 'd', 'Type': 'unknown', 'Dimensions': '-', 'Default': '-', 'Units': 'N/A', 'Description': '-', 'Swat_codetype': 'in_sim'}"
print.prt,61,3,m,,"{'Line in File': '61', 'Position in File': '3', 'Condition': 'if (pco%use_obj_labels == ""n"")', 'Local (Y/N)': 'N', 'TYPE': 'pco', 'Component': 'm', 'Type': 'unknown', 'Dimensions': '-', 'Default': '-', 'Units': 'N/A', 'Description': '-', 'Swat_codetype': 'in_sim'}"
print.prt,61,4,y,,"{'Line in File': '61', 'Position in File': '4', 'Condition': 'if (pco%use_obj_labels == ""n"")', 'Local (Y/N)': 'N', 'TYPE': 'pco', 'Component': 'y', 'Type': 'unknown', 'Dimensions': '-', 'Default': '-', 'Units': 'N/A', 'Description': '-', 'Swat_codetype': 'in_sim'}"
print.prt,61,5,a,,"{'Line in File': '61', 'Position in File': '5', 'Condition': 'if (pco%use_obj_labels == ""n"")', 'Local (Y/N)': 'N', 'TYPE': 'pco', 'Component': 'a', 'Type': 'unknown', 'Dimensions': '-', 'Default': '-', 'Units': 'N/A', 'Description': '-', 'Swat_codetype': 'in_sim'}"
print.prt,62,1,name,"{'Line in File': '62', 'Position in File': '1', 'Condition': 'if (pco%aa_numint > 0)', 'Local (Y/N)': 'Y', 'TYPE': '-', 'Component': 'name', 'Type': 'character(len=16)', 'Dimensions': '-', 'Default': '-', 'Units': 'N/A', 'Description': '-', 'Swat_codetype': '-'}","{'Line in File': '62', 'Position in File': '1', 'Condition': 'if (pco%use_obj_labels == ""n"")', 'Local (Y/N)': 'Y', 'TYPE': '-', 'Component': 'name', 'Type': 'character(len=16)', 'Dimensions': '-', 'Default': '""""', 'Units': 'N/A', 'Description': '-', 'Swat_codetype': '-'}"
print.prt,62,2,cs_wet,"{'Line in File': '62', 'Position in File': '2', 'Condition': 'if (pco%aa_numint > 0)', 'Local (Y/N)': 'N', 'TYPE': 'pco', 'Component': 'cs_wet', 'Type': 'type(print_interval)', 'Dimensions': '-', 'Default': '-', 'Units': 'N/A', 'Description': 'constituent output for reservoirs', 'Swat_codetype': 'in_sim'}",
print.prt,62,2,d,,"{'Line in File': '62', 'Position in File': '2', 'Condition': 'if (pco%use_obj_labels == ""n"")', 'Local (Y/N)': 'N', 'TYPE': 'pco', 'Component': 'd', 'Type': 'unknown', 'Dimensions': '-', 'Default': '-', 'Units': 'N/A', 'Description': '-', 'Swat_codetype': 'in_sim'}"
print.prt,62,3,m,,"{'Line in File': '62', 'Position in File': '3', 'Condition': 'if (pco%use_obj_labels == ""n"")', 'Local (Y/N)': 'N', 'TYPE': 'pco', 'Component': 'm', 'Type': 'unknown', 'Dimensions': '-', 'Default': '-', 'Units': 'N/A', 'Description': '-', 'Swat_codetype': 'in_sim'}"
print.prt,62,4,y,,"{'Line in File': '62', 'Position in File': '4', 'Condition': 'if (pco%use_obj_labels == ""n"")', 'Local (Y/N)': 'N', 'TYPE': 'pco', 'Component': 'y', 'Type': 'unknown', 'Dimensions': '-', 'Default': '-', 'Units': 'N/A', 'Description': '-', 'Swat_codetype': 'in_sim'}"
print.prt,62,5,a,,"{'Line in File': '62', 'Position in File': '5', 'Condition': 'if (pco%use_obj_labels == ""n"")', 'Local (Y/N)': 'N', 'TYPE': 'pco', 'Component': 'a', 'Type': 'unknown', 'Dimensions': '-', 'Default': '-', 'Units': 'N/A', 'Description': '-', 'Swat_codetype': 'in_sim'}"
print.prt,63,1,name,,"{'Line in File': '63', 'Position in File': '1', 'Condition': 'if (pco%cs_wet%already_read_in)', 'Local (Y/N)': 'Y', 'TYPE': '-', 'Component': 'name', 'Type': 'character(len=16)', 'Dimensions': '-', 'Default': '""""', 'Units': 'N/A', 'Description': '-', 'Swat_codetype': '-'}"
print.prt,63,2,d,,"{'Line in File': '63', 'Position in File': '2', 'Condition': 'if (pco%cs_wet%already_read_in)', 'Local (Y/N)': 'N', 'TYPE': 'pco', 'Component': 'd', 'Type': 'unknown', 'Dimensions': '-', 'Default': '-', 'Units': 'N/A', 'Description': '-', 'Swat_codetype': 'in_sim'}"
print.prt,63,3,m,,"{'Line in File': '63', 'Position in File': '3', 'Condition': 'if (pco%cs_wet%already_read_in)', 'Local (Y/N)': 'N', 'TYPE': 'pco', 'Component': 'm', 'Type': 'unknown', 'Dimensions': '-', 'Default': '-', 'Units': 'N/A', 'Description': '-', 'Swat_codetype': 'in_sim'}"
print.prt,63,4,y,,"{'Line in File': '63', 'Position in File': '4', 'Condition': 'if (pco%cs_wet%already_read_in)', 'Local (Y/N)': 'N', 'TYPE': 'pco', 'Component': 'y', 'Type': 'unknown', 'Dimensions': '-', 'Default': '-', 'Units': 'N/A', 'Description': '-', 'Swat_codetype': 'in_sim'}"
print.prt,63,5,a,,"{'Line in File': '63', 'Position in File': '5', 'Condition': 'if (pco%cs_wet%already_read_in)', 'Local (Y/N)': 'N', 'TYPE': 'pco', 'Component': 'a', 'Type': 'unknown', 'Dimensions': '-', 'Default': '-', 'Units': 'N/A', 'Description': '-', 'Swat_codetype': 'in_sim'}"
print.prt,7,1,csvout,"{'Line in File': '7', 'Position in File': '1', 'Condition': 'if (pco%aa_numint > 0)', 'Local (Y/N)': 'N', 'TYPE': 'pco', 'Component': 'csvout', 'Type': 'character(len=1)', 'Dimensions': '-', 'Default': '"" n""', 'Units': 'N/A', 'Description': 'code to print .csv files n=no print; y=print;', 'Swat_codetype': 'in_sim'}","{'Line in File': '7', 'Position in File': '1', 'Condition': 'if (pco%aa_numint > 0)', 'Local (Y/N)': 'N', 'TYPE': 'pco', 'Component': 'csvout', 'Type': 'character(len=1)', 'Dimensions': '-', 'Default': '""n""', 'Units': 'N/A', 'Description': 'code to print .csv files n=no print; y=print;', 'Swat_codetype': 'in_sim'}"
print.prt,7,2,carbout,"{'Line in File': '7', 'Position in File': '2', 'Condition': 'if (pco%aa_numint > 0)', 'Local (Y/N)': 'N', 'TYPE': 'pco', 'Component': 'carbout', 'Type': 'character(len=1)', 'Dimensions': '-', 'Default': '"" n""', 'Units': 'N/A', 'Description': 'code to print carbon output; d = end of day; m = end of month; y = end of year; a = end of simulation;', 'Swat_codetype': 'in_sim'}",
print.prt,7,2,use_obj_labels,,"{'Line in File': '7', 'Position in File': '2', 'Condition': 'if (pco%aa_numint > 0)', 'Local (Y/N)': 'N', 'TYPE': 'pco', 'Component': 'use_obj_labels', 'Type': 'character(len=1)', 'Dimensions': '-', 'Default': '""n""', 'Units': 'N/A', 'Description': 'code to read in the print.prt print objects respecting the label of in the row (1st column) to...', 'Swat_codetype': 'in_sim'}"
print.prt,7,3,cdfout,"{'Line in File': '7', 'Position in File': '3', 'Condition': 'if (pco%aa_numint > 0)', 'Local (Y/N)': 'N', 'TYPE': 'pco', 'Component': 'cdfout', 'Type': 'character(len=1)', 'Dimensions': '-', 'Default': '"" n""', 'Units': 'N/A', 'Description': 'code to print netcdf (cdf) files n=no print; y=print; nbs character(len=1) :: snutc = "" n"" !!...', 'Swat_codetype': 'in_sim'}","{'Line in File': '7', 'Position in File': '3', 'Condition': 'if (pco%aa_numint > 0)', 'Local (Y/N)': 'N', 'TYPE': 'pco', 'Component': 'cdfout', 'Type': 'character(len=1)', 'Dimensions': '-', 'Default': '""n""', 'Units': 'N/A', 'Description': 'code to print netcdf (cdf) files n=no print; y=print; nbs character(len=1) :: snutc = "" n"" !!...', 'Swat_codetype': 'in_sim'}"
print.prt,8,1,header,"{'Line in File': '8', 'Position in File': '1', 'Condition': 'if (pco%aa_numint > 0)', 'Local (Y/N)': 'Y', 'TYPE': '-', 'Component': 'header', 'Type': 'character(len=500)', 'Dimensions': '-', 'Default': '-', 'Units': 'N/A', 'Description': '-', 'Swat_codetype': '-'}","{'Line in File': '8', 'Position in File': '1', 'Condition': 'if (pco%aa_numint > 0)', 'Local (Y/N)': 'Y', 'TYPE': '-', 'Component': 'header', 'Type': 'character(len=500)', 'Dimensions': '-', 'Default': '""""', 'Units': 'N/A', 'Description': '-', 'Swat_codetype': '-'}"
print.prt,9,1,crop_yld,"{'Line in File': '9', 'Position in File': '1', 'Condition': 'if (pco%aa_numint > 0)', 'Local (Y/N)': 'N', 'TYPE': 'pco', 'Component': 'crop_yld', 'Type': 'character(len=1)', 'Dimensions': '-', 'Default': '"" a""', 'Units': 'N/A', 'Description': 'crop yields - a=average annual; y=yearly; b=both annual and yearly; n=no print', 'Swat_codetype': 'in_sim'}","{'Line in File': '9', 'Position in File': '1', 'Condition': 'if (pco%aa_numint > 0)', 'Local (Y/N)': 'N', 'TYPE': 'pco', 'Component': 'crop_yld', 'Type': 'character(len=1)', 'Dimensions': '-', 'Default': '""a""', 'Units': 'N/A', 'Description': 'crop yields - a=average annual; y=yearly; b=both annual and yearly; n=no print', 'Swat_codetype': 'in_sim'}"
print.prt,9,2,mgtout,"{'Line in File': '9', 'Position in File': '2', 'Condition': 'if (pco%aa_numint > 0)', 'Local (Y/N)': 'N', 'TYPE': 'pco', 'Component': 'mgtout', 'Type': 'character(len=1)', 'Dimensions': '-', 'Default': '"" n""', 'Units': 'N/A', 'Description': 'management output file (mgt.out) (default ave annual-d,m,y,a input)', 'Swat_codetype': 'in_sim'}","{'Line in File': '9', 'Position in File': '2', 'Condition': 'if (pco%aa_numint > 0)', 'Local (Y/N)': 'N', 'TYPE': 'pco', 'Component': 'mgtout', 'Type': 'character(len=1)', 'Dimensions': '-', 'Default': '""n""', 'Units': 'N/A', 'Description': 'management output file (mgt.out) (default ave annual-d,m,y,a input)', 'Swat_codetype': 'in_sim'}"
print.prt,9,3,hydcon,"{'Line in File': '9', 'Position in File': '3', 'Condition': 'if (pco%aa_numint > 0)', 'Local (Y/N)': 'N', 'TYPE': 'pco', 'Component': 'hydcon', 'Type': 'character(len=1)', 'Dimensions': '-', 'Default': '"" n""', 'Units': 'N/A', 'Description': 'hydrograph connect output file (hydcon.out)', 'Swat_codetype': 'in_sim'}","{'Line in File': '9', 'Position in File': '3', 'Condition': 'if (pco%aa_numint > 0)', 'Local (Y/N)': 'N', 'TYPE': 'pco', 'Component': 'hydcon', 'Type': 'character(len=1)', 'Dimensions': '-', 'Default': '""n""', 'Units': 'N/A', 'Description': 'hydrograph connect output file (hydcon.out)', 'Swat_codetype': 'in_sim'}"
print.prt,9,4,fdcout,"{'Line in File': '9', 'Position in File': '4', 'Condition': 'if (pco%aa_numint > 0)', 'Local (Y/N)': 'N', 'TYPE': 'pco', 'Component': 'fdcout', 'Type': 'character(len=1)', 'Dimensions': '-', 'Default': '"" n""', 'Units': 'N/A', 'Description': 'flow duration curve output n=no print; avann=print; NOT ACTIVE', 'Swat_codetype': 'in_sim'}","{'Line in File': '9', 'Position in File': '4', 'Condition': 'if (pco%aa_numint > 0)', 'Local (Y/N)': 'N', 'TYPE': 'pco', 'Component': 'fdcout', 'Type': 'character(len=1)', 'Dimensions': '-', 'Default': '""n""', 'Units': 'N/A', 'Description': 'flow duration curve output n=no print; avann=print; NOT ACTIVE', 'Swat_codetype': 'in_sim'}"
puddle.ops,1,1,titldum,"{'Line in File': '1', 'Position in File': '1', 'Condition': '-', 'Local (Y/N)': 'Y', 'TYPE': '-', 'Component': 'titldum', 'Type': 'character(len=80)', 'Dimensions': '-', 'Default': '-', 'Units': 'N/A', 'Description': '-', 'Swat_codetype': '-'}","{'Line in File': '1', 'Position in File': '1', 'Condition': '-', 'Local (Y/N)': 'Y', 'TYPE': '-', 'Component': 'titldum', 'Type': 'character(len=80)', 'Dimensions': '-', 'Default': '""""', 'Units': 'N/A', 'Description': '-', 'Swat_codetype': '-'}"
puddle.ops,2,1,header,"{'Line in File': '2', 'Position in File': '1', 'Condition': '-', 'Local (Y/N)': 'Y', 'TYPE': '-', 'Component': 'header', 'Type': 'character(len=80)', 'Dimensions': '-', 'Default': '-', 'Units': 'N/A', 'Description': '-', 'Swat_codetype': '-'}","{'Line in File': '2', 'Position in File': '1', 'Condition': '-', 'Local (Y/N)': 'Y', 'TYPE': '-', 'Component': 'header', 'Type': 'character(len=80)', 'Dimensions': '-', 'Default': '""""', 'Units': 'N/A', 'Description': '-', 'Swat_codetype': '-'}"
puddle.ops,3,1,name,"{'Line in File': '3', 'Position in File': '1', 'Condition': '-', 'Local (Y/N)': 'N', 'TYPE': 'puddle_operation', 'Component': 'name', 'Type': 'character(len=40)', 'Dimensions': '-', 'Default': '-', 'Units': 'N/A', 'Description': '-', 'Swat_codetype': 'pudl_db'}","{'Line in File': '3', 'Position in File': '1', 'Condition': '-', 'Local (Y/N)': 'N', 'TYPE': 'puddle_operation', 'Component': 'name', 'Type': 'character(len=40)', 'Dimensions': '-', 'Default': '""""', 'Units': 'N/A', 'Description': '-', 'Swat_codetype': 'pudl_db'}"
rec_catunit.def,1,1,titldum,"{'Line in File': '1', 'Position in File': '1', 'Condition': '-', 'Local (Y/N)': 'Y', 'TYPE': '-', 'Component': 'titldum', 'Type': 'character(len=80)', 'Dimensions': '-', 'Default': '-', 'Units': 'N/A', 'Description': '-', 'Swat_codetype': '-'}","{'Line in File': '1', 'Position in File': '1', 'Condition': '-', 'Local (Y/N)': 'Y', 'TYPE': '-', 'Component': 'titldum', 'Type': 'character(len=80)', 'Dimensions': '-', 'Default': '""""', 'Units': 'N/A', 'Description': '-', 'Swat_codetype': '-'}"
rec_catunit.def,2,1,mreg,"{'Line in File': '2', 'Position in File': '1', 'Condition': '-', 'Local (Y/N)': 'Y', 'TYPE': '-', 'Component': 'mreg', 'Type': 'integer', 'Dimensions': '-', 'Default': '-', 'Units': 'N/A', 'Description': '-', 'Swat_codetype': '-'}","{'Line in File': '2', 'Position in File': '1', 'Condition': '-', 'Local (Y/N)': 'Y', 'TYPE': '-', 'Component': 'mreg', 'Type': 'integer', 'Dimensions': '-', 'Default': '0', 'Units': 'N/A', 'Description': '-', 'Swat_codetype': '-'}"
rec_catunit.def,3,1,header,"{'Line in File': '3', 'Position in File': '1', 'Condition': '-', 'Local (Y/N)': 'Y', 'TYPE': '-', 'Component': 'header', 'Type': 'character(len=80)', 'Dimensions': '-', 'Default': '-', 'Units': 'N/A', 'Description': '-', 'Swat_codetype': '-'}","{'Line in File': '3', 'Position in File': '1', 'Condition': '-', 'Local (Y/N)': 'Y', 'TYPE': '-', 'Component': 'header', 'Type': 'character(len=80)', 'Dimensions': '-', 'Default': '""""', 'Units': 'N/A', 'Description': '-', 'Swat_codetype': '-'}"
rec_catunit.def,4,1,k,"{'Line in File': '4', 'Position in File': '1', 'Condition': 'if (nspu > 0)', 'Local (Y/N)': 'Y', 'TYPE': '-', 'Component': 'k', 'Type': 'integer', 'Dimensions': '-', 'Default': '-', 'Units': 'N/A', 'Description': '-', 'Swat_codetype': '-'}","{'Line in File': '4', 'Position in File': '1', 'Condition': 'if (nspu > 0)', 'Local (Y/N)': 'Y', 'TYPE': '-', 'Component': 'k', 'Type': 'integer', 'Dimensions': '-', 'Default': '0', 'Units': 'N/A', 'Description': '-', 'Swat_codetype': '-'}"
rec_catunit.def,4,3,area_ha,"{'Line in File': '4', 'Position in File': '3', 'Condition': 'if (nspu > 0)', 'Local (Y/N)': 'N', 'TYPE': 'pcu_out', 'Component': 'area_ha', 'Type': 'real', 'Dimensions': '-', 'Default': '-', 'Units': 'N/A', 'Description': '-', 'Swat_codetype': 'in_regs'}","{'Line in File': '4', 'Position in File': '3', 'Condition': 'if (nspu > 0)', 'Local (Y/N)': 'N', 'TYPE': 'pcu_out', 'Component': 'area_ha', 'Type': 'real', 'Dimensions': '-', 'Default': '0.', 'Units': 'N/A', 'Description': '-', 'Swat_codetype': 'in_regs'}"
rec_catunit.def,4,4,nspu,"{'Line in File': '4', 'Position in File': '4', 'Condition': 'if (nspu > 0)', 'Local (Y/N)': 'Y', 'TYPE': '-', 'Component': 'nspu', 'Type': 'integer', 'Dimensions': '-', 'Default': '-', 'Units': 'N/A', 'Description': '-', 'Swat_codetype': '-'}","{'Line in File': '4', 'Position in File': '4', 'Condition': 'if (nspu > 0)', 'Local (Y/N)': 'Y', 'TYPE': '-', 'Component': 'nspu', 'Type': 'integer', 'Dimensions': '-', 'Default': '0', 'Units': 'N/A', 'Description': '-', 'Swat_codetype': '-'}"
rec_catunit.ele,1,1,titldum,"{'Line in File': '1', 'Position in File': '1', 'Condition': '-', 'Local (Y/N)': 'Y', 'TYPE': '-', 'Component': 'titldum', 'Type': 'character(len=80)', 'Dimensions': '-', 'Default': '-', 'Units': 'N/A', 'Description': '-', 'Swat_codetype': '-'}","{'Line in File': '1', 'Position in File': '1', 'Condition': '-', 'Local (Y/N)': 'Y', 'TYPE': '-', 'Component': 'titldum', 'Type': 'character(len=80)', 'Dimensions': '-', 'Default': '""""', 'Units': 'N/A', 'Description': '-', 'Swat_codetype': '-'}"
rec_catunit.ele,2,1,header,"{'Line in File': '2', 'Position in File': '1', 'Condition': '-', 'Local (Y/N)': 'Y', 'TYPE': '-', 'Component': 'header', 'Type': 'character(len=80)', 'Dimensions': '-', 'Default': '-', 'Units': 'N/A', 'Description': '-', 'Swat_codetype': '-'}","{'Line in File': '2', 'Position in File': '1', 'Condition': '-', 'Local (Y/N)': 'Y', 'TYPE': '-', 'Component': 'header', 'Type': 'character(len=80)', 'Dimensions': '-', 'Default': '""""', 'Units': 'N/A', 'Description': '-', 'Swat_codetype': '-'}"
rec_catunit.ele,3,1,k,"{'Line in File': '3', 'Position in File': '1', 'Condition': '-', 'Local (Y/N)': 'Y', 'TYPE': '-', 'Component': 'k', 'Type': 'integer', 'Dimensions': '-', 'Default': '-', 'Units': 'N/A', 'Description': '-', 'Swat_codetype': '-'}","{'Line in File': '3', 'Position in File': '1', 'Condition': '-', 'Local (Y/N)': 'Y', 'TYPE': '-', 'Component': 'k', 'Type': 'integer', 'Dimensions': '-', 'Default': '0', 'Units': 'N/A', 'Description': '-', 'Swat_codetype': '-'}"
rec_catunit.ele,3,2,name,"{'Line in File': '3', 'Position in File': '2', 'Condition': '-', 'Local (Y/N)': 'N', 'TYPE': 'pcu_elem', 'Component': 'name', 'Type': 'character(len=16)', 'Dimensions': '-', 'Default': '-', 'Units': 'N/A', 'Description': '-', 'Swat_codetype': 'in_regs'}","{'Line in File': '3', 'Position in File': '2', 'Condition': '-', 'Local (Y/N)': 'N', 'TYPE': 'pcu_elem', 'Component': 'name', 'Type': 'character(len=16)', 'Dimensions': '-', 'Default': '""""', 'Units': 'N/A', 'Description': '-', 'Swat_codetype': 'in_regs'}"
rec_catunit.ele,3,3,obtyp,"{'Line in File': '3', 'Position in File': '3', 'Condition': '-', 'Local (Y/N)': 'N', 'TYPE': 'pcu_elem', 'Component': 'obtyp', 'Type': 'character(len=3)', 'Dimensions': '-', 'Default': '-', 'Units': 'N/A', 'Description': '-', 'Swat_codetype': 'in_regs'}","{'Line in File': '3', 'Position in File': '3', 'Condition': '-', 'Local (Y/N)': 'N', 'TYPE': 'pcu_elem', 'Component': 'obtyp', 'Type': 'character(len=3)', 'Dimensions': '-', 'Default': '""""', 'Units': 'N/A', 'Description': '-', 'Swat_codetype': 'in_regs'}"
rec_cs(i)%filename,1,1,titldum,"{'Line in File': '1', 'Position in File': '1', 'Condition': 'case (3)', 'Local (Y/N)': 'Y', 'TYPE': '-', 'Component': 'titldum', 'Type': 'character(len=80)', 'Dimensions': '-', 'Default': '-', 'Units': 'N/A', 'Description': '-', 'Swat_codetype': '-'}","{'Line in File': '1', 'Position in File': '1', 'Condition': 'case (3)', 'Local (Y/N)': 'Y', 'TYPE': '-', 'Component': 'titldum', 'Type': 'character(len=80)', 'Dimensions': '-', 'Default': '""""', 'Units': 'N/A', 'Description': '-', 'Swat_codetype': '-'}"
rec_cs(i)%filename,2,1,nbyr,"{'Line in File': '2', 'Position in File': '1', 'Condition': 'case (3)', 'Local (Y/N)': 'Y', 'TYPE': '-', 'Component': 'nbyr', 'Type': 'integer', 'Dimensions': '-', 'Default': '-', 'Units': 'N/A', 'Description': '-', 'Swat_codetype': '-'}","{'Line in File': '2', 'Position in File': '1', 'Condition': 'case (3)', 'Local (Y/N)': 'Y', 'TYPE': '-', 'Component': 'nbyr', 'Type': 'integer', 'Dimensions': '-', 'Default': '0', 'Units': 'N/A', 'Description': '-', 'Swat_codetype': '-'}"
rec_cs(i)%filename,3,1,header,"{'Line in File': '3', 'Position in File': '1', 'Condition': 'case (3)', 'Local (Y/N)': 'Y', 'TYPE': '-', 'Component': 'header', 'Type': 'character(len=80)', 'Dimensions': '-', 'Default': '-', 'Units': 'N/A', 'Description': '-', 'Swat_codetype': '-'}","{'Line in File': '3', 'Position in File': '1', 'Condition': 'case (3)', 'Local (Y/N)': 'Y', 'TYPE': '-', 'Component': 'header', 'Type': 'character(len=80)', 'Dimensions': '-', 'Default': '""""', 'Units': 'N/A', 'Description': '-', 'Swat_codetype': '-'}"
rec_cs(i)%filename,4,1,jday,"{'Line in File': '4', 'Position in File': '1', 'Condition': 'if (rec_cs(i)%typ == 0)', 'Local (Y/N)': 'Y', 'TYPE': '-', 'Component': 'jday', 'Type': 'integer', 'Dimensions': '-', 'Default': '-', 'Units': 'N/A', 'Description': '-', 'Swat_codetype': '-'}","{'Line in File': '4', 'Position in File': '1', 'Condition': 'if (rec_cs(i)%typ == 0)', 'Local (Y/N)': 'Y', 'TYPE': '-', 'Component': 'jday', 'Type': 'integer', 'Dimensions': '-', 'Default': '0', 'Units': 'N/A', 'Description': '-', 'Swat_codetype': '-'}"
rec_cs(i)%filename,4,2,mo,"{'Line in File': '4', 'Position in File': '2', 'Condition': 'if (rec_cs(i)%typ == 0)', 'Local (Y/N)': 'Y', 'TYPE': '-', 'Component': 'mo', 'Type': 'integer', 'Dimensions': '-', 'Default': '-', 'Units': 'N/A', 'Description': '-', 'Swat_codetype': '-'}","{'Line in File': '4', 'Position in File': '2', 'Condition': 'if (rec_cs(i)%typ == 0)', 'Local (Y/N)': 'Y', 'TYPE': '-', 'Component': 'mo', 'Type': 'integer', 'Dimensions': '-', 'Default': '0', 'Units': 'N/A', 'Description': '-', 'Swat_codetype': '-'}"
rec_cs(i)%filename,4,3,day_mo,"{'Line in File': '4', 'Position in File': '3', 'Condition': 'if (rec_cs(i)%typ == 0)', 'Local (Y/N)': 'Y', 'TYPE': '-', 'Component': 'day_mo', 'Type': 'integer', 'Dimensions': '-', 'Default': '-', 'Units': 'N/A', 'Description': '-', 'Swat_codetype': '-'}","{'Line in File': '4', 'Position in File': '3', 'Condition': 'if (rec_cs(i)%typ == 0)', 'Local (Y/N)': 'Y', 'TYPE': '-', 'Component': 'day_mo', 'Type': 'integer', 'Dimensions': '-', 'Default': '0', 'Units': 'N/A', 'Description': '-', 'Swat_codetype': '-'}"
rec_cs(i)%filename,4,4,iyr,"{'Line in File': '4', 'Position in File': '4', 'Condition': 'if (rec_cs(i)%typ == 0)', 'Local (Y/N)': 'Y', 'TYPE': '-', 'Component': 'iyr', 'Type': 'integer', 'Dimensions': '-', 'Default': '-', 'Units': 'N/A', 'Description': '-', 'Swat_codetype': '-'}","{'Line in File': '4', 'Position in File': '4', 'Condition': 'if (rec_cs(i)%typ == 0)', 'Local (Y/N)': 'Y', 'TYPE': '-', 'Component': 'iyr', 'Type': 'integer', 'Dimensions': '-', 'Default': '0', 'Units': 'N/A', 'Description': '-', 'Swat_codetype': '-'}"
rec_cs(i)%filename,4,5,ob_typ,"{'Line in File': '4', 'Position in File': '5', 'Condition': 'if (rec_cs(i)%typ == 0)', 'Local (Y/N)': 'N', 'TYPE': '-', 'Component': 'ob_typ', 'Type': 'character(len=8)', 'Dimensions': '-', 'Default': '-', 'Units': 'N/A', 'Description': '-', 'Swat_codetype': 'ob_typ'}","{'Line in File': '4', 'Position in File': '5', 'Condition': 'if (rec_cs(i)%typ == 0)', 'Local (Y/N)': 'N', 'TYPE': '-', 'Component': 'ob_typ', 'Type': 'character(len=8)', 'Dimensions': '-', 'Default': '""""', 'Units': 'N/A', 'Description': '-', 'Swat_codetype': 'ob_typ'}"
rec_cs(i)%filename,4,6,ob_name,"{'Line in File': '4', 'Position in File': '6', 'Condition': 'if (rec_cs(i)%typ == 0)', 'Local (Y/N)': 'N', 'TYPE': '-', 'Component': 'ob_name', 'Type': 'character(len=16)', 'Dimensions': '-', 'Default': '-', 'Units': 'N/A', 'Description': '-', 'Swat_codetype': 'ob_name'}","{'Line in File': '4', 'Position in File': '6', 'Condition': 'if (rec_cs(i)%typ == 0)', 'Local (Y/N)': 'N', 'TYPE': '-', 'Component': 'ob_name', 'Type': 'character(len=16)', 'Dimensions': '-', 'Default': '""""', 'Units': 'N/A', 'Description': '-', 'Swat_codetype': 'ob_name'}"
rec_cs(i)%filename,5,1,jday,"{'Line in File': '5', 'Position in File': '1', 'Condition': 'if (jday == 365 .or. jday == 366)', 'Local (Y/N)': 'Y', 'TYPE': '-', 'Component': 'jday', 'Type': 'integer', 'Dimensions': '-', 'Default': '-', 'Units': 'N/A', 'Description': '-', 'Swat_codetype': '-'}","{'Line in File': '5', 'Position in File': '1', 'Condition': 'if (jday == 365 .or. jday == 366)', 'Local (Y/N)': 'Y', 'TYPE': '-', 'Component': 'jday', 'Type': 'integer', 'Dimensions': '-', 'Default': '0', 'Units': 'N/A', 'Description': '-', 'Swat_codetype': '-'}"
rec_cs(i)%filename,5,2,mo,"{'Line in File': '5', 'Position in File': '2', 'Condition': 'if (jday == 365 .or. jday == 366)', 'Local (Y/N)': 'Y', 'TYPE': '-', 'Component': 'mo', 'Type': 'integer', 'Dimensions': '-', 'Default': '-', 'Units': 'N/A', 'Description': '-', 'Swat_codetype': '-'}","{'Line in File': '5', 'Position in File': '2', 'Condition': 'if (jday == 365 .or. jday == 366)', 'Local (Y/N)': 'Y', 'TYPE': '-', 'Component': 'mo', 'Type': 'integer', 'Dimensions': '-', 'Default': '0', 'Units': 'N/A', 'Description': '-', 'Swat_codetype': '-'}"
rec_cs(i)%filename,5,3,day_mo,"{'Line in File': '5', 'Position in File': '3', 'Condition': 'if (jday == 365 .or. jday == 366)', 'Local (Y/N)': 'Y', 'TYPE': '-', 'Component': 'day_mo', 'Type': 'integer', 'Dimensions': '-', 'Default': '-', 'Units': 'N/A', 'Description': '-', 'Swat_codetype': '-'}","{'Line in File': '5', 'Position in File': '3', 'Condition': 'if (jday == 365 .or. jday == 366)', 'Local (Y/N)': 'Y', 'TYPE': '-', 'Component': 'day_mo', 'Type': 'integer', 'Dimensions': '-', 'Default': '0', 'Units': 'N/A', 'Description': '-', 'Swat_codetype': '-'}"
rec_cs(i)%filename,5,4,iyr,"{'Line in File': '5', 'Position in File': '4', 'Condition': 'if (jday == 365 .or. jday == 366)', 'Local (Y/N)': 'Y', 'TYPE': '-', 'Component': 'iyr', 'Type': 'integer', 'Dimensions': '-', 'Default': '-', 'Units': 'N/A', 'Description': '-', 'Swat_codetype': '-'}","{'Line in File': '5', 'Position in File': '4', 'Condition': 'if (jday == 365 .or. jday == 366)', 'Local (Y/N)': 'Y', 'TYPE': '-', 'Component': 'iyr', 'Type': 'integer', 'Dimensions': '-', 'Default': '0', 'Units': 'N/A', 'Description': '-', 'Swat_codetype': '-'}"
rec_pest(i)%filename,1,1,titldum,"{'Line in File': '1', 'Position in File': '1', 'Condition': '-', 'Local (Y/N)': 'Y', 'TYPE': '-', 'Component': 'titldum', 'Type': 'character(len=80)', 'Dimensions': '-', 'Default': '-', 'Units': 'N/A', 'Description': '-', 'Swat_codetype': '-'}","{'Line in File': '1', 'Position in File': '1', 'Condition': '-', 'Local (Y/N)': 'Y', 'TYPE': '-', 'Component': 'titldum', 'Type': 'character(len=80)', 'Dimensions': '-', 'Default': '""""', 'Units': 'N/A', 'Description': '-', 'Swat_codetype': '-'}"
rec_pest(i)%filename,2,1,nbyr,"{'Line in File': '2', 'Position in File': '1', 'Condition': '-', 'Local (Y/N)': 'Y', 'TYPE': '-', 'Component': 'nbyr', 'Type': 'integer', 'Dimensions': '-', 'Default': '-', 'Units': 'N/A', 'Description': '-', 'Swat_codetype': '-'}","{'Line in File': '2', 'Position in File': '1', 'Condition': '-', 'Local (Y/N)': 'Y', 'TYPE': '-', 'Component': 'nbyr', 'Type': 'integer', 'Dimensions': '-', 'Default': '0', 'Units': 'N/A', 'Description': '-', 'Swat_codetype': '-'}"
rec_pest(i)%filename,3,1,header,"{'Line in File': '3', 'Position in File': '1', 'Condition': '-', 'Local (Y/N)': 'Y', 'TYPE': '-', 'Component': 'header', 'Type': 'character(len=80)', 'Dimensions': '-', 'Default': '-', 'Units': 'N/A', 'Description': '-', 'Swat_codetype': '-'}","{'Line in File': '3', 'Position in File': '1', 'Condition': '-', 'Local (Y/N)': 'Y', 'TYPE': '-', 'Component': 'header', 'Type': 'character(len=80)', 'Dimensions': '-', 'Default': '""""', 'Units': 'N/A', 'Description': '-', 'Swat_codetype': '-'}"
rec_pest(i)%filename,4,1,iyr,"{'Line in File': '4', 'Position in File': '1', 'Condition': 'case (3)', 'Local (Y/N)': 'Y', 'TYPE': '-', 'Component': 'iyr', 'Type': 'integer', 'Dimensions': '-', 'Default': '-', 'Units': 'N/A', 'Description': '-', 'Swat_codetype': '-'}","{'Line in File': '4', 'Position in File': '1', 'Condition': 'case (3)', 'Local (Y/N)': 'Y', 'TYPE': '-', 'Component': 'iyr', 'Type': 'integer', 'Dimensions': '-', 'Default': '0', 'Units': 'N/A', 'Description': '-', 'Swat_codetype': '-'}"
rec_pest(i)%filename,4,2,istep,"{'Line in File': '4', 'Position in File': '2', 'Condition': 'case (3)', 'Local (Y/N)': 'Y', 'TYPE': '-', 'Component': 'istep', 'Type': 'integer', 'Dimensions': '-', 'Default': '-', 'Units': 'N/A', 'Description': '-', 'Swat_codetype': '-'}","{'Line in File': '4', 'Position in File': '2', 'Condition': 'case (3)', 'Local (Y/N)': 'Y', 'TYPE': '-', 'Component': 'istep', 'Type': 'integer', 'Dimensions': '-', 'Default': '0', 'Units': 'N/A', 'Description': '-', 'Swat_codetype': '-'}"
rec_reg.def,1,1,titldum,"{'Line in File': '1', 'Position in File': '1', 'Condition': '-', 'Local (Y/N)': 'Y', 'TYPE': '-', 'Component': 'titldum', 'Type': 'character(len=80)', 'Dimensions': '-', 'Default': '-', 'Units': 'N/A', 'Description': '-', 'Swat_codetype': '-'}","{'Line in File': '1', 'Position in File': '1', 'Condition': '-', 'Local (Y/N)': 'Y', 'TYPE': '-', 'Component': 'titldum', 'Type': 'character(len=80)', 'Dimensions': '-', 'Default': '""""', 'Units': 'N/A', 'Description': '-', 'Swat_codetype': '-'}"
rec_reg.def,2,1,mreg,"{'Line in File': '2', 'Position in File': '1', 'Condition': '-', 'Local (Y/N)': 'Y', 'TYPE': '-', 'Component': 'mreg', 'Type': 'integer', 'Dimensions': '-', 'Default': '-', 'Units': 'N/A', 'Description': '-', 'Swat_codetype': '-'}","{'Line in File': '2', 'Position in File': '1', 'Condition': '-', 'Local (Y/N)': 'Y', 'TYPE': '-', 'Component': 'mreg', 'Type': 'integer', 'Dimensions': '-', 'Default': '0', 'Units': 'N/A', 'Description': '-', 'Swat_codetype': '-'}"
rec_reg.def,3,1,header,"{'Line in File': '3', 'Position in File': '1', 'Condition': '-', 'Local (Y/N)': 'Y', 'TYPE': '-', 'Component': 'header', 'Type': 'character(len=80)', 'Dimensions': '-', 'Default': '-', 'Units': 'N/A', 'Description': '-', 'Swat_codetype': '-'}","{'Line in File': '3', 'Position in File': '1', 'Condition': '-', 'Local (Y/N)': 'Y', 'TYPE': '-', 'Component': 'header', 'Type': 'character(len=80)', 'Dimensions': '-', 'Default': '""""', 'Units': 'N/A', 'Description': '-', 'Swat_codetype': '-'}"
rec_reg.def,4,1,k,"{'Line in File': '4', 'Position in File': '1', 'Condition': 'if (nspu > 0)', 'Local (Y/N)': 'Y', 'TYPE': '-', 'Component': 'k', 'Type': 'integer', 'Dimensions': '-', 'Default': '-', 'Units': 'N/A', 'Description': '-', 'Swat_codetype': '-'}","{'Line in File': '4', 'Position in File': '1', 'Condition': 'if (nspu > 0)', 'Local (Y/N)': 'Y', 'TYPE': '-', 'Component': 'k', 'Type': 'integer', 'Dimensions': '-', 'Default': '0', 'Units': 'N/A', 'Description': '-', 'Swat_codetype': '-'}"
rec_reg.def,4,3,area_ha,"{'Line in File': '4', 'Position in File': '3', 'Condition': 'if (nspu > 0)', 'Local (Y/N)': 'N', 'TYPE': 'pcu_reg', 'Component': 'area_ha', 'Type': 'real', 'Dimensions': '-', 'Default': '-', 'Units': 'N/A', 'Description': '-', 'Swat_codetype': 'in_regs'}","{'Line in File': '4', 'Position in File': '3', 'Condition': 'if (nspu > 0)', 'Local (Y/N)': 'N', 'TYPE': 'pcu_reg', 'Component': 'area_ha', 'Type': 'real', 'Dimensions': '-', 'Default': '0.', 'Units': 'N/A', 'Description': '-', 'Swat_codetype': 'in_regs'}"
rec_reg.def,4,4,nspu,"{'Line in File': '4', 'Position in File': '4', 'Condition': 'if (nspu > 0)', 'Local (Y/N)': 'Y', 'TYPE': '-', 'Component': 'nspu', 'Type': 'integer', 'Dimensions': '-', 'Default': '-', 'Units': 'N/A', 'Description': '-', 'Swat_codetype': '-'}","{'Line in File': '4', 'Position in File': '4', 'Condition': 'if (nspu > 0)', 'Local (Y/N)': 'Y', 'TYPE': '-', 'Component': 'nspu', 'Type': 'integer', 'Dimensions': '-', 'Default': '0', 'Units': 'N/A', 'Description': '-', 'Swat_codetype': '-'}"
rec_salt(i)%filename,1,1,titldum,"{'Line in File': '1', 'Position in File': '1', 'Condition': 'case (3)', 'Local (Y/N)': 'Y', 'TYPE': '-', 'Component': 'titldum', 'Type': 'character(len=80)', 'Dimensions': '-', 'Default': '-', 'Units': 'N/A', 'Description': '-', 'Swat_codetype': '-'}","{'Line in File': '1', 'Position in File': '1', 'Condition': 'case (3)', 'Local (Y/N)': 'Y', 'TYPE': '-', 'Component': 'titldum', 'Type': 'character(len=80)', 'Dimensions': '-', 'Default': '""""', 'Units': 'N/A', 'Description': '-', 'Swat_codetype': '-'}"
rec_salt(i)%filename,2,1,nbyr,"{'Line in File': '2', 'Position in File': '1', 'Condition': 'case (3)', 'Local (Y/N)': 'Y', 'TYPE': '-', 'Component': 'nbyr', 'Type': 'integer', 'Dimensions': '-', 'Default': '-', 'Units': 'N/A', 'Description': '-', 'Swat_codetype': '-'}","{'Line in File': '2', 'Position in File': '1', 'Condition': 'case (3)', 'Local (Y/N)': 'Y', 'TYPE': '-', 'Component': 'nbyr', 'Type': 'integer', 'Dimensions': '-', 'Default': '0', 'Units': 'N/A', 'Description': '-', 'Swat_codetype': '-'}"
rec_salt(i)%filename,3,1,header,"{'Line in File': '3', 'Position in File': '1', 'Condition': 'case (3)', 'Local (Y/N)': 'Y', 'TYPE': '-', 'Component': 'header', 'Type': 'character(len=80)', 'Dimensions': '-', 'Default': '-', 'Units': 'N/A', 'Description': '-', 'Swat_codetype': '-'}","{'Line in File': '3', 'Position in File': '1', 'Condition': 'case (3)', 'Local (Y/N)': 'Y', 'TYPE': '-', 'Component': 'header', 'Type': 'character(len=80)', 'Dimensions': '-', 'Default': '""""', 'Units': 'N/A', 'Description': '-', 'Swat_codetype': '-'}"
rec_salt(i)%filename,4,1,jday,"{'Line in File': '4', 'Position in File': '1', 'Condition': 'if (rec_salt(i)%typ == 0)', 'Local (Y/N)': 'Y', 'TYPE': '-', 'Component': 'jday', 'Type': 'integer', 'Dimensions': '-', 'Default': '-', 'Units': 'N/A', 'Description': '-', 'Swat_codetype': '-'}","{'Line in File': '4', 'Position in File': '1', 'Condition': 'if (rec_salt(i)%typ == 0)', 'Local (Y/N)': 'Y', 'TYPE': '-', 'Component': 'jday', 'Type': 'integer', 'Dimensions': '-', 'Default': '0', 'Units': 'N/A', 'Description': '-', 'Swat_codetype': '-'}"
rec_salt(i)%filename,4,2,mo,"{'Line in File': '4', 'Position in File': '2', 'Condition': 'if (rec_salt(i)%typ == 0)', 'Local (Y/N)': 'Y', 'TYPE': '-', 'Component': 'mo', 'Type': 'integer', 'Dimensions': '-', 'Default': '-', 'Units': 'N/A', 'Description': '-', 'Swat_codetype': '-'}","{'Line in File': '4', 'Position in File': '2', 'Condition': 'if (rec_salt(i)%typ == 0)', 'Local (Y/N)': 'Y', 'TYPE': '-', 'Component': 'mo', 'Type': 'integer', 'Dimensions': '-', 'Default': '0', 'Units': 'N/A', 'Description': '-', 'Swat_codetype': '-'}"
rec_salt(i)%filename,4,3,day_mo,"{'Line in File': '4', 'Position in File': '3', 'Condition': 'if (rec_salt(i)%typ == 0)', 'Local (Y/N)': 'Y', 'TYPE': '-', 'Component': 'day_mo', 'Type': 'integer', 'Dimensions': '-', 'Default': '-', 'Units': 'N/A', 'Description': '-', 'Swat_codetype': '-'}","{'Line in File': '4', 'Position in File': '3', 'Condition': 'if (rec_salt(i)%typ == 0)', 'Local (Y/N)': 'Y', 'TYPE': '-', 'Component': 'day_mo', 'Type': 'integer', 'Dimensions': '-', 'Default': '0', 'Units': 'N/A', 'Description': '-', 'Swat_codetype': '-'}"
rec_salt(i)%filename,4,4,iyr,"{'Line in File': '4', 'Position in File': '4', 'Condition': 'if (rec_salt(i)%typ == 0)', 'Local (Y/N)': 'Y', 'TYPE': '-', 'Component': 'iyr', 'Type': 'integer', 'Dimensions': '-', 'Default': '-', 'Units': 'N/A', 'Description': '-', 'Swat_codetype': '-'}","{'Line in File': '4', 'Position in File': '4', 'Condition': 'if (rec_salt(i)%typ == 0)', 'Local (Y/N)': 'Y', 'TYPE': '-', 'Component': 'iyr', 'Type': 'integer', 'Dimensions': '-', 'Default': '0', 'Units': 'N/A', 'Description': '-', 'Swat_codetype': '-'}"
rec_salt(i)%filename,4,5,ob_typ,"{'Line in File': '4', 'Position in File': '5', 'Condition': 'if (rec_salt(i)%typ == 0)', 'Local (Y/N)': 'N', 'TYPE': '-', 'Component': 'ob_typ', 'Type': 'character(len=8)', 'Dimensions': '-', 'Default': '-', 'Units': 'N/A', 'Description': '-', 'Swat_codetype': 'ob_typ'}","{'Line in File': '4', 'Position in File': '5', 'Condition': 'if (rec_salt(i)%typ == 0)', 'Local (Y/N)': 'N', 'TYPE': '-', 'Component': 'ob_typ', 'Type': 'character(len=8)', 'Dimensions': '-', 'Default': '""""', 'Units': 'N/A', 'Description': '-', 'Swat_codetype': 'ob_typ'}"
rec_salt(i)%filename,4,6,ob_name,"{'Line in File': '4', 'Position in File': '6', 'Condition': 'if (rec_salt(i)%typ == 0)', 'Local (Y/N)': 'N', 'TYPE': '-', 'Component': 'ob_name', 'Type': 'character(len=16)', 'Dimensions': '-', 'Default': '-', 'Units': 'N/A', 'Description': '-', 'Swat_codetype': 'ob_name'}","{'Line in File': '4', 'Position in File': '6', 'Condition': 'if (rec_salt(i)%typ == 0)', 'Local (Y/N)': 'N', 'TYPE': '-', 'Component': 'ob_name', 'Type': 'character(len=16)', 'Dimensions': '-', 'Default': '""""', 'Units': 'N/A', 'Description': '-', 'Swat_codetype': 'ob_name'}"
rec_salt(i)%filename,5,1,jday,"{'Line in File': '5', 'Position in File': '1', 'Condition': 'if (jday == 365 .or. jday == 366)', 'Local (Y/N)': 'Y', 'TYPE': '-', 'Component': 'jday', 'Type': 'integer', 'Dimensions': '-', 'Default': '-', 'Units': 'N/A', 'Description': '-', 'Swat_codetype': '-'}","{'Line in File': '5', 'Position in File': '1', 'Condition': 'if (jday == 365 .or. jday == 366)', 'Local (Y/N)': 'Y', 'TYPE': '-', 'Component': 'jday', 'Type': 'integer', 'Dimensions': '-', 'Default': '0', 'Units': 'N/A', 'Description': '-', 'Swat_codetype': '-'}"
rec_salt(i)%filename,5,2,mo,"{'Line in File': '5', 'Position in File': '2', 'Condition': 'if (jday == 365 .or. jday == 366)', 'Local (Y/N)': 'Y', 'TYPE': '-', 'Component': 'mo', 'Type': 'integer', 'Dimensions': '-', 'Default': '-', 'Units': 'N/A', 'Description': '-', 'Swat_codetype': '-'}","{'Line in File': '5', 'Position in File': '2', 'Condition': 'if (jday == 365 .or. jday == 366)', 'Local (Y/N)': 'Y', 'TYPE': '-', 'Component': 'mo', 'Type': 'integer', 'Dimensions': '-', 'Default': '0', 'Units': 'N/A', 'Description': '-', 'Swat_codetype': '-'}"
rec_salt(i)%filename,5,3,day_mo,"{'Line in File': '5', 'Position in File': '3', 'Condition': 'if (jday == 365 .or. jday == 366)', 'Local (Y/N)': 'Y', 'TYPE': '-', 'Component': 'day_mo', 'Type': 'integer', 'Dimensions': '-', 'Default': '-', 'Units': 'N/A', 'Description': '-', 'Swat_codetype': '-'}","{'Line in File': '5', 'Position in File': '3', 'Condition': 'if (jday == 365 .or. jday == 366)', 'Local (Y/N)': 'Y', 'TYPE': '-', 'Component': 'day_mo', 'Type': 'integer', 'Dimensions': '-', 'Default': '0', 'Units': 'N/A', 'Description': '-', 'Swat_codetype': '-'}"
rec_salt(i)%filename,5,4,iyr,"{'Line in File': '5', 'Position in File': '4', 'Condition': 'if (jday == 365 .or. jday == 366)', 'Local (Y/N)': 'Y', 'TYPE': '-', 'Component': 'iyr', 'Type': 'integer', 'Dimensions': '-', 'Default': '-', 'Units': 'N/A', 'Description': '-', 'Swat_codetype': '-'}","{'Line in File': '5', 'Position in File': '4', 'Condition': 'if (jday == 365 .or. jday == 366)', 'Local (Y/N)': 'Y', 'TYPE': '-', 'Component': 'iyr', 'Type': 'integer', 'Dimensions': '-', 'Default': '0', 'Units': 'N/A', 'Description': '-', 'Swat_codetype': '-'}"
recall(i)%filename,1,1,titldum,"{'Line in File': '1', 'Position in File': '1', 'Condition': 'case (3)', 'Local (Y/N)': 'Y', 'TYPE': '-', 'Component': 'titldum', 'Type': 'character(len=80)', 'Dimensions': '-', 'Default': '-', 'Units': 'N/A', 'Description': '-', 'Swat_codetype': '-'}","{'Line in File': '1', 'Position in File': '1', 'Condition': 'if (recall(i)%typ /= 4)', 'Local (Y/N)': 'Y', 'TYPE': '-', 'Component': 'titldum', 'Type': 'character(len=80)', 'Dimensions': '-', 'Default': '""""', 'Units': 'N/A', 'Description': '-', 'Swat_codetype': '-'}"
recall(i)%filename,2,1,nbyr,"{'Line in File': '2', 'Position in File': '1', 'Condition': 'case (3)', 'Local (Y/N)': 'Y', 'TYPE': '-', 'Component': 'nbyr', 'Type': 'integer', 'Dimensions': '-', 'Default': '-', 'Units': 'N/A', 'Description': '-', 'Swat_codetype': '-'}","{'Line in File': '2', 'Position in File': '1', 'Condition': 'if (recall(i)%typ /= 4)', 'Local (Y/N)': 'Y', 'TYPE': '-', 'Component': 'nbyr', 'Type': 'integer', 'Dimensions': '-', 'Default': '0', 'Units': 'N/A', 'Description': '-', 'Swat_codetype': '-'}"
recall(i)%filename,3,1,header,"{'Line in File': '3', 'Position in File': '1', 'Condition': 'case (3)', 'Local (Y/N)': 'Y', 'TYPE': '-', 'Component': 'header', 'Type': 'character(len=80)', 'Dimensions': '-', 'Default': '-', 'Units': 'N/A', 'Description': '-', 'Swat_codetype': '-'}","{'Line in File': '3', 'Position in File': '1', 'Condition': 'if (recall(i)%typ /= 4)', 'Local (Y/N)': 'Y', 'TYPE': '-', 'Component': 'header', 'Type': 'character(len=80)', 'Dimensions': '-', 'Default': '""""', 'Units': 'N/A', 'Description': '-', 'Swat_codetype': '-'}"
recall(i)%filename,4,1,jday,"{'Line in File': '4', 'Position in File': '1', 'Condition': 'if (recall(i)%typ == 0)', 'Local (Y/N)': 'Y', 'TYPE': '-', 'Component': 'jday', 'Type': 'integer', 'Dimensions': '-', 'Default': '-', 'Units': 'N/A', 'Description': '-', 'Swat_codetype': '-'}","{'Line in File': '4', 'Position in File': '1', 'Condition': 'case (1)', 'Local (Y/N)': 'Y', 'TYPE': '-', 'Component': 'jday', 'Type': 'integer', 'Dimensions': '-', 'Default': '0', 'Units': 'N/A', 'Description': '-', 'Swat_codetype': '-'}"
recall(i)%filename,4,10,sedp,"{'Line in File': '4', 'Position in File': '10', 'Condition': 'if (recall(i)%typ == 0)', 'Local (Y/N)': 'N', 'TYPE': 'hyd_output', 'Component': 'sedp', 'Type': 'real', 'Dimensions': '-', 'Default': '0.', 'Units': 'N/A', 'Description': 'kg P |organic P', 'Swat_codetype': 'ht1'}",
recall(i)%filename,4,11,no3,"{'Line in File': '4', 'Position in File': '11', 'Condition': 'if (recall(i)%typ == 0)', 'Local (Y/N)': 'N', 'TYPE': 'hyd_output', 'Component': 'no3', 'Type': 'real', 'Dimensions': '-', 'Default': '0.', 'Units': 'N/A', 'Description': 'kg N |NO3-N', 'Swat_codetype': 'ht1'}",
recall(i)%filename,4,12,solp,"{'Line in File': '4', 'Position in File': '12', 'Condition': 'if (recall(i)%typ == 0)', 'Local (Y/N)': 'N', 'TYPE': 'hyd_output', 'Component': 'solp', 'Type': 'real', 'Dimensions': '-', 'Default': '0.', 'Units': 'N/A', 'Description': 'kg P |mineral (soluble P)', 'Swat_codetype': 'ht1'}",
recall(i)%filename,4,13,chla,"{'Line in File': '4', 'Position in File': '13', 'Condition': 'if (recall(i)%typ == 0)', 'Local (Y/N)': 'N', 'TYPE': 'hyd_output', 'Component': 'chla', 'Type': 'real', 'Dimensions': '-', 'Default': '0.', 'Units': 'N/A', 'Description': 'kg |chlorophyll-a', 'Swat_codetype': 'ht1'}",
recall(i)%filename,4,14,nh3,"{'Line in File': '4', 'Position in File': '14', 'Condition': 'if (recall(i)%typ == 0)', 'Local (Y/N)': 'N', 'TYPE': 'hyd_output', 'Component': 'nh3', 'Type': 'real', 'Dimensions': '-', 'Default': '0.', 'Units': 'N/A', 'Description': 'kg N |NH3', 'Swat_codetype': 'ht1'}",
recall(i)%filename,4,15,no2,"{'Line in File': '4', 'Position in File': '15', 'Condition': 'if (recall(i)%typ == 0)', 'Local (Y/N)': 'N', 'TYPE': 'hyd_output', 'Component': 'no2', 'Type': 'real', 'Dimensions': '-', 'Default': '0.', 'Units': 'N/A', 'Description': 'kg N |NO2', 'Swat_codetype': 'ht1'}",
recall(i)%filename,4,16,cbod,"{'Line in File': '4', 'Position in File': '16', 'Condition': 'if (recall(i)%typ == 0)', 'Local (Y/N)': 'N', 'TYPE': 'hyd_output', 'Component': 'cbod', 'Type': 'real', 'Dimensions': '-', 'Default': '0.', 'Units': 'N/A', 'Description': 'kg |carbonaceous biological oxygen demand', 'Swat_codetype': 'ht1'}",
recall(i)%filename,4,17,dox,"{'Line in File': '4', 'Position in File': '17', 'Condition': 'if (recall(i)%typ == 0)', 'Local (Y/N)': 'N', 'TYPE': 'hyd_output', 'Component': 'dox', 'Type': 'real', 'Dimensions': '-', 'Default': '0.', 'Units': 'N/A', 'Description': 'kg |dissolved oxygen', 'Swat_codetype': 'ht1'}",
recall(i)%filename,4,18,san,"{'Line in File': '4', 'Position in File': '18', 'Condition': 'if (recall(i)%typ == 0)', 'Local (Y/N)': 'N', 'TYPE': 'hyd_output', 'Component': 'san', 'Type': 'real', 'Dimensions': '-', 'Default': '0.', 'Units': 'N/A', 'Description': 'tons |detached sand', 'Swat_codetype': 'ht1'}",
recall(i)%filename,4,19,sil,"{'Line in File': '4', 'Position in File': '19', 'Condition': 'if (recall(i)%typ == 0)', 'Local (Y/N)': 'N', 'TYPE': 'hyd_output', 'Component': 'sil', 'Type': 'real', 'Dimensions': '-', 'Default': '0.', 'Units': 'N/A', 'Description': 'tons |detached silt', 'Swat_codetype': 'ht1'}",
recall(i)%filename,4,2,mo,"{'Line in File': '4', 'Position in File': '2', 'Condition': 'if (recall(i)%typ == 0)', 'Local (Y/N)': 'Y', 'TYPE': '-', 'Component': 'mo', 'Type': 'integer', 'Dimensions': '-', 'Default': '-', 'Units': 'N/A', 'Description': '-', 'Swat_codetype': '-'}","{'Line in File': '4', 'Position in File': '2', 'Condition': 'case (1)', 'Local (Y/N)': 'Y', 'TYPE': '-', 'Component': 'mo', 'Type': 'integer', 'Dimensions': '-', 'Default': '0', 'Units': 'N/A', 'Description': '-', 'Swat_codetype': '-'}"
recall(i)%filename,4,20,cla,"{'Line in File': '4', 'Position in File': '20', 'Condition': 'if (recall(i)%typ == 0)', 'Local (Y/N)': 'N', 'TYPE': 'hyd_output', 'Component': 'cla', 'Type': 'real', 'Dimensions': '-', 'Default': '0.', 'Units': 'N/A', 'Description': 'tons |detached clay', 'Swat_codetype': 'ht1'}",
recall(i)%filename,4,21,sag,"{'Line in File': '4', 'Position in File': '21', 'Condition': 'if (recall(i)%typ == 0)', 'Local (Y/N)': 'N', 'TYPE': 'hyd_output', 'Component': 'sag', 'Type': 'real', 'Dimensions': '-', 'Default': '0.', 'Units': 'N/A', 'Description': 'tons |detached small ag', 'Swat_codetype': 'ht1'}",
recall(i)%filename,4,22,lag,"{'Line in File': '4', 'Position in File': '22', 'Condition': 'if (recall(i)%typ == 0)', 'Local (Y/N)': 'N', 'TYPE': 'hyd_output', 'Component': 'lag', 'Type': 'real', 'Dimensions': '-', 'Default': '0.', 'Units': 'N/A', 'Description': 'tons |detached large ag', 'Swat_codetype': 'ht1'}",
recall(i)%filename,4,23,grv,"{'Line in File': '4', 'Position in File': '23', 'Condition': 'if (recall(i)%typ == 0)', 'Local (Y/N)': 'N', 'TYPE': 'hyd_output', 'Component': 'grv', 'Type': 'real', 'Dimensions': '-', 'Default': '0.', 'Units': 'N/A', 'Description': 'tons |gravel', 'Swat_codetype': 'ht1'}",
recall(i)%filename,4,24,temp,"{'Line in File': '4', 'Position in File': '24', 'Condition': 'if (recall(i)%typ == 0)', 'Local (Y/N)': 'N', 'TYPE': 'hyd_output', 'Component': 'temp', 'Type': 'real', 'Dimensions': '-', 'Default': '0.', 'Units': 'N/A', 'Description': 'deg c |temperature', 'Swat_codetype': 'ht1'}",
recall(i)%filename,4,3,day_mo,"{'Line in File': '4', 'Position in File': '3', 'Condition': 'if (recall(i)%typ == 0)', 'Local (Y/N)': 'Y', 'TYPE': '-', 'Component': 'day_mo', 'Type': 'integer', 'Dimensions': '-', 'Default': '-', 'Units': 'N/A', 'Description': '-', 'Swat_codetype': '-'}","{'Line in File': '4', 'Position in File': '3', 'Condition': 'case (1)', 'Local (Y/N)': 'Y', 'TYPE': '-', 'Component': 'day_mo', 'Type': 'integer', 'Dimensions': '-', 'Default': '0', 'Units': 'N/A', 'Description': '-', 'Swat_codetype': '-'}"
recall(i)%filename,4,4,iyr,"{'Line in File': '4', 'Position in File': '4', 'Condition': 'if (recall(i)%typ == 0)', 'Local (Y/N)': 'Y', 'TYPE': '-', 'Component': 'iyr', 'Type': 'integer', 'Dimensions': '-', 'Default': '-', 'Units': 'N/A', 'Description': '-', 'Swat_codetype': '-'}","{'Line in File': '4', 'Position in File': '4', 'Condition': 'case (1)', 'Local (Y/N)': 'Y', 'TYPE': '-', 'Component': 'iyr', 'Type': 'integer', 'Dimensions': '-', 'Default': '0', 'Units': 'N/A', 'Description': '-', 'Swat_codetype': '-'}"
recall(i)%filename,4,5,ob_typ,"{'Line in File': '4', 'Position in File': '5', 'Condition': 'if (recall(i)%typ == 0)', 'Local (Y/N)': 'N', 'TYPE': '-', 'Component': 'ob_typ', 'Type': 'character(len=8)', 'Dimensions': '-', 'Default': '-', 'Units': 'N/A', 'Description': '-', 'Swat_codetype': 'ob_typ'}","{'Line in File': '4', 'Position in File': '5', 'Condition': 'case (1)', 'Local (Y/N)': 'N', 'TYPE': '-', 'Component': 'ob_typ', 'Type': 'character(len=8)', 'Dimensions': '-', 'Default': '""""', 'Units': 'N/A', 'Description': '-', 'Swat_codetype': 'ob_typ'}"
recall(i)%filename,4,6,ob_name,"{'Line in File': '4', 'Position in File': '6', 'Condition': 'if (recall(i)%typ == 0)', 'Local (Y/N)': 'N', 'TYPE': '-', 'Component': 'ob_name', 'Type': 'character(len=16)', 'Dimensions': '-', 'Default': '-', 'Units': 'N/A', 'Description': '-', 'Swat_codetype': 'ob_name'}","{'Line in File': '4', 'Position in File': '6', 'Condition': 'case (1)', 'Local (Y/N)': 'N', 'TYPE': '-', 'Component': 'ob_name', 'Type': 'character(len=16)', 'Dimensions': '-', 'Default': '""""', 'Units': 'N/A', 'Description': '-', 'Swat_codetype': 'ob_name'}"
recall(i)%filename,4,7,flo,"{'Line in File': '4', 'Position in File': '7', 'Condition': 'if (recall(i)%typ == 0)', 'Local (Y/N)': 'N', 'TYPE': 'hyd_output', 'Component': 'flo', 'Type': 'real', 'Dimensions': '-', 'Default': '0.', 'Units': 'N/A', 'Description': 'm^3 |volume of water', 'Swat_codetype': 'ht1'}",
recall(i)%filename,4,7,hd,,"{'Line in File': '4', 'Position in File': '7', 'Condition': 'case (1)', 'Local (Y/N)': 'N', 'TYPE': 'recall', 'Component': 'hd', 'Type': 'type(hyd_output)', 'Dimensions': 'allocatable', 'Default': '-', 'Units': 'N/A', 'Description': '-', 'Swat_codetype': 'recall'}"
recall(i)%filename,4,8,sed,"{'Line in File': '4', 'Position in File': '8', 'Condition': 'if (recall(i)%typ == 0)', 'Local (Y/N)': 'N', 'TYPE': 'hyd_output', 'Component': 'sed', 'Type': 'real', 'Dimensions': '-', 'Default': '0.', 'Units': 'N/A', 'Description': 'metric tons |sediment', 'Swat_codetype': 'ht1'}",
recall(i)%filename,4,9,orgn,"{'Line in File': '4', 'Position in File': '9', 'Condition': 'if (recall(i)%typ == 0)', 'Local (Y/N)': 'N', 'TYPE': 'hyd_output', 'Component': 'orgn', 'Type': 'real', 'Dimensions': '-', 'Default': '0.', 'Units': 'N/A', 'Description': 'kg N |organic N', 'Swat_codetype': 'ht1'}",
recall(i)%filename,5,1,jday,"{'Line in File': '5', 'Position in File': '1', 'Condition': 'if (recall(i)%typ == 0)', 'Local (Y/N)': 'Y', 'TYPE': '-', 'Component': 'jday', 'Type': 'integer', 'Dimensions': '-', 'Default': '-', 'Units': 'N/A', 'Description': '-', 'Swat_codetype': '-'}","{'Line in File': '5', 'Position in File': '1', 'Condition': 'case (2)', 'Local (Y/N)': 'Y', 'TYPE': '-', 'Component': 'jday', 'Type': 'integer', 'Dimensions': '-', 'Default': '0', 'Units': 'N/A', 'Description': '-', 'Swat_codetype': '-'}"
recall(i)%filename,5,2,mo,"{'Line in File': '5', 'Position in File': '2', 'Condition': 'if (recall(i)%typ == 0)', 'Local (Y/N)': 'Y', 'TYPE': '-', 'Component': 'mo', 'Type': 'integer', 'Dimensions': '-', 'Default': '-', 'Units': 'N/A', 'Description': '-', 'Swat_codetype': '-'}","{'Line in File': '5', 'Position in File': '2', 'Condition': 'case (2)', 'Local (Y/N)': 'Y', 'TYPE': '-', 'Component': 'mo', 'Type': 'integer', 'Dimensions': '-', 'Default': '0', 'Units': 'N/A', 'Description': '-', 'Swat_codetype': '-'}"
recall(i)%filename,5,3,day_mo,"{'Line in File': '5', 'Position in File': '3', 'Condition': 'if (recall(i)%typ == 0)', 'Local (Y/N)': 'Y', 'TYPE': '-', 'Component': 'day_mo', 'Type': 'integer', 'Dimensions': '-', 'Default': '-', 'Units': 'N/A', 'Description': '-', 'Swat_codetype': '-'}","{'Line in File': '5', 'Position in File': '3', 'Condition': 'case (2)', 'Local (Y/N)': 'Y', 'TYPE': '-', 'Component': 'day_mo', 'Type': 'integer', 'Dimensions': '-', 'Default': '0', 'Units': 'N/A', 'Description': '-', 'Swat_codetype': '-'}"
recall(i)%filename,5,4,iyr,"{'Line in File': '5', 'Position in File': '4', 'Condition': 'if (recall(i)%typ == 0)', 'Local (Y/N)': 'Y', 'TYPE': '-', 'Component': 'iyr', 'Type': 'integer', 'Dimensions': '-', 'Default': '-', 'Units': 'N/A', 'Description': '-', 'Swat_codetype': '-'}","{'Line in File': '5', 'Position in File': '4', 'Condition': 'case (2)', 'Local (Y/N)': 'Y', 'TYPE': '-', 'Component': 'iyr', 'Type': 'integer', 'Dimensions': '-', 'Default': '0', 'Units': 'N/A', 'Description': '-', 'Swat_codetype': '-'}"
recall(i)%filename,5,5,ob_typ,"{'Line in File': '5', 'Position in File': '5', 'Condition': 'if (recall(i)%typ == 0)', 'Local (Y/N)': 'N', 'TYPE': '-', 'Component': 'ob_typ', 'Type': 'character(len=8)', 'Dimensions': '-', 'Default': '-', 'Units': 'N/A', 'Description': '-', 'Swat_codetype': 'ob_typ'}","{'Line in File': '5', 'Position in File': '5', 'Condition': 'case (2)', 'Local (Y/N)': 'N', 'TYPE': '-', 'Component': 'ob_typ', 'Type': 'character(len=8)', 'Dimensions': '-', 'Default': '""""', 'Units': 'N/A', 'Description': '-', 'Swat_codetype': 'ob_typ'}"
recall(i)%filename,5,6,ob_name,"{'Line in File': '5', 'Position in File': '6', 'Condition': 'if (recall(i)%typ == 0)', 'Local (Y/N)': 'N', 'TYPE': '-', 'Component': 'ob_name', 'Type': 'character(len=16)', 'Dimensions': '-', 'Default': '-', 'Units': 'N/A', 'Description': '-', 'Swat_codetype': 'ob_name'}","{'Line in File': '5', 'Position in File': '6', 'Condition': 'case (2)', 'Local (Y/N)': 'N', 'TYPE': '-', 'Component': 'ob_name', 'Type': 'character(len=16)', 'Dimensions': '-', 'Default': '""""', 'Units': 'N/A', 'Description': '-', 'Swat_codetype': 'ob_name'}"
recall(i)%filename,5,7,hd,"{'Line in File': '5', 'Position in File': '7', 'Condition': 'if (recall(i)%typ == 0)', 'Local (Y/N)': 'N', 'TYPE': 'recall', 'Component': 'hd', 'Type': 'type(hyd_output)', 'Dimensions': 'allocatable', 'Default': '-', 'Units': 'N/A', 'Description': '-', 'Swat_codetype': 'recall'}","{'Line in File': '5', 'Position in File': '7', 'Condition': 'case (2)', 'Local (Y/N)': 'N', 'TYPE': 'recall', 'Component': 'hd', 'Type': 'type(hyd_output)', 'Dimensions': 'allocatable', 'Default': '-', 'Units': 'N/A', 'Description': '-', 'Swat_codetype': 'recall'}"
recall(i)%filename,6,1,jday,"{'Line in File': '6', 'Position in File': '1', 'Condition': 'if (jday == 365 .or. jday == 366)', 'Local (Y/N)': 'Y', 'TYPE': '-', 'Component': 'jday', 'Type': 'integer', 'Dimensions': '-', 'Default': '-', 'Units': 'N/A', 'Description': '-', 'Swat_codetype': '-'}","{'Line in File': '6', 'Position in File': '1', 'Condition': 'case (3)', 'Local (Y/N)': 'Y', 'TYPE': '-', 'Component': 'jday', 'Type': 'integer', 'Dimensions': '-', 'Default': '0', 'Units': 'N/A', 'Description': '-', 'Swat_codetype': '-'}"
recall(i)%filename,6,10,sedp,,"{'Line in File': '6', 'Position in File': '10', 'Condition': 'case (3)', 'Local (Y/N)': 'N', 'TYPE': 'hyd_output', 'Component': 'sedp', 'Type': 'real', 'Dimensions': '-', 'Default': '0.', 'Units': 'N/A', 'Description': 'kg P |organic P', 'Swat_codetype': 'ht1'}"
recall(i)%filename,6,11,no3,,"{'Line in File': '6', 'Position in File': '11', 'Condition': 'case (3)', 'Local (Y/N)': 'N', 'TYPE': 'hyd_output', 'Component': 'no3', 'Type': 'real', 'Dimensions': '-', 'Default': '0.', 'Units': 'N/A', 'Description': 'kg N |NO3-N', 'Swat_codetype': 'ht1'}"
recall(i)%filename,6,12,solp,,"{'Line in File': '6', 'Position in File': '12', 'Condition': 'case (3)', 'Local (Y/N)': 'N', 'TYPE': 'hyd_output', 'Component': 'solp', 'Type': 'real', 'Dimensions': '-', 'Default': '0.', 'Units': 'N/A', 'Description': 'kg P |mineral (soluble P)', 'Swat_codetype': 'ht1'}"
recall(i)%filename,6,13,chla,,"{'Line in File': '6', 'Position in File': '13', 'Condition': 'case (3)', 'Local (Y/N)': 'N', 'TYPE': 'hyd_output', 'Component': 'chla', 'Type': 'real', 'Dimensions': '-', 'Default': '0.', 'Units': 'N/A', 'Description': 'kg |chlorophyll-a', 'Swat_codetype': 'ht1'}"
recall(i)%filename,6,14,nh3,,"{'Line in File': '6', 'Position in File': '14', 'Condition': 'case (3)', 'Local (Y/N)': 'N', 'TYPE': 'hyd_output', 'Component': 'nh3', 'Type': 'real', 'Dimensions': '-', 'Default': '0.', 'Units': 'N/A', 'Description': 'kg N |NH3', 'Swat_codetype': 'ht1'}"
recall(i)%filename,6,15,no2,,"{'Line in File': '6', 'Position in File': '15', 'Condition': 'case (3)', 'Local (Y/N)': 'N', 'TYPE': 'hyd_output', 'Component': 'no2', 'Type': 'real', 'Dimensions': '-', 'Default': '0.', 'Units': 'N/A', 'Description': 'kg N |NO2', 'Swat_codetype': 'ht1'}"
recall(i)%filename,6,16,cbod,,"{'Line in File': '6', 'Position in File': '16', 'Condition': 'case (3)', 'Local (Y/N)': 'N', 'TYPE': 'hyd_output', 'Component': 'cbod', 'Type': 'real', 'Dimensions': '-', 'Default': '0.', 'Units': 'N/A', 'Description': 'kg |carbonaceous biological oxygen demand', 'Swat_codetype': 'ht1'}"
recall(i)%filename,6,17,dox,,"{'Line in File': '6', 'Position in File': '17', 'Condition': 'case (3)', 'Local (Y/N)': 'N', 'TYPE': 'hyd_output', 'Component': 'dox', 'Type': 'real', 'Dimensions': '-', 'Default': '0.', 'Units': 'N/A', 'Description': 'kg |dissolved oxygen', 'Swat_codetype': 'ht1'}"
recall(i)%filename,6,18,san,,"{'Line in File': '6', 'Position in File': '18', 'Condition': 'case (3)', 'Local (Y/N)': 'N', 'TYPE': 'hyd_output', 'Component': 'san', 'Type': 'real', 'Dimensions': '-', 'Default': '0.', 'Units': 'N/A', 'Description': 'tons |detached sand', 'Swat_codetype': 'ht1'}"
recall(i)%filename,6,19,sil,,"{'Line in File': '6', 'Position in File': '19', 'Condition': 'case (3)', 'Local (Y/N)': 'N', 'TYPE': 'hyd_output', 'Component': 'sil', 'Type': 'real', 'Dimensions': '-', 'Default': '0.', 'Units': 'N/A', 'Description': 'tons |detached silt', 'Swat_codetype': 'ht1'}"
recall(i)%filename,6,2,mo,"{'Line in File': '6', 'Position in File': '2', 'Condition': 'if (jday == 365 .or. jday == 366)', 'Local (Y/N)': 'Y', 'TYPE': '-', 'Component': 'mo', 'Type': 'integer', 'Dimensions': '-', 'Default': '-', 'Units': 'N/A', 'Description': '-', 'Swat_codetype': '-'}","{'Line in File': '6', 'Position in File': '2', 'Condition': 'case (3)', 'Local (Y/N)': 'Y', 'TYPE': '-', 'Component': 'mo', 'Type': 'integer', 'Dimensions': '-', 'Default': '0', 'Units': 'N/A', 'Description': '-', 'Swat_codetype': '-'}"
recall(i)%filename,6,20,cla,,"{'Line in File': '6', 'Position in File': '20', 'Condition': 'case (3)', 'Local (Y/N)': 'N', 'TYPE': 'hyd_output', 'Component': 'cla', 'Type': 'real', 'Dimensions': '-', 'Default': '0.', 'Units': 'N/A', 'Description': 'tons |detached clay', 'Swat_codetype': 'ht1'}"
recall(i)%filename,6,21,sag,,"{'Line in File': '6', 'Position in File': '21', 'Condition': 'case (3)', 'Local (Y/N)': 'N', 'TYPE': 'hyd_output', 'Component': 'sag', 'Type': 'real', 'Dimensions': '-', 'Default': '0.', 'Units': 'N/A', 'Description': 'tons |detached small ag', 'Swat_codetype': 'ht1'}"
recall(i)%filename,6,22,lag,,"{'Line in File': '6', 'Position in File': '22', 'Condition': 'case (3)', 'Local (Y/N)': 'N', 'TYPE': 'hyd_output', 'Component': 'lag', 'Type': 'real', 'Dimensions': '-', 'Default': '0.', 'Units': 'N/A', 'Description': 'tons |detached large ag', 'Swat_codetype': 'ht1'}"
recall(i)%filename,6,23,grv,,"{'Line in File': '6', 'Position in File': '23', 'Condition': 'case (3)', 'Local (Y/N)': 'N', 'TYPE': 'hyd_output', 'Component': 'grv', 'Type': 'real', 'Dimensions': '-', 'Default': '0.', 'Units': 'N/A', 'Description': 'tons |gravel', 'Swat_codetype': 'ht1'}"
recall(i)%filename,6,24,temp,,"{'Line in File': '6', 'Position in File': '24', 'Condition': 'case (3)', 'Local (Y/N)': 'N', 'TYPE': 'hyd_output', 'Component': 'temp', 'Type': 'real', 'Dimensions': '-', 'Default': '0.', 'Units': 'N/A', 'Description': 'deg c |temperature', 'Swat_codetype': 'ht1'}"
recall(i)%filename,6,3,day_mo,"{'Line in File': '6', 'Position in File': '3', 'Condition': 'if (jday == 365 .or. jday == 366)', 'Local (Y/N)': 'Y', 'TYPE': '-', 'Component': 'day_mo', 'Type': 'integer', 'Dimensions': '-', 'Default': '-', 'Units': 'N/A', 'Description': '-', 'Swat_codetype': '-'}","{'Line in File': '6', 'Position in File': '3', 'Condition': 'case (3)', 'Local (Y/N)': 'Y', 'TYPE': '-', 'Component': 'day_mo', 'Type': 'integer', 'Dimensions': '-', 'Default': '0', 'Units': 'N/A', 'Description': '-', 'Swat_codetype': '-'}"
recall(i)%filename,6,4,iyr,"{'Line in File': '6', 'Position in File': '4', 'Condition': 'if (jday == 365 .or. jday == 366)', 'Local (Y/N)': 'Y', 'TYPE': '-', 'Component': 'iyr', 'Type': 'integer', 'Dimensions': '-', 'Default': '-', 'Units': 'N/A', 'Description': '-', 'Swat_codetype': '-'}","{'Line in File': '6', 'Position in File': '4', 'Condition': 'case (3)', 'Local (Y/N)': 'Y', 'TYPE': '-', 'Component': 'iyr', 'Type': 'integer', 'Dimensions': '-', 'Default': '0', 'Units': 'N/A', 'Description': '-', 'Swat_codetype': '-'}"
recall(i)%filename,6,5,ob_typ,,"{'Line in File': '6', 'Position in File': '5', 'Condition': 'case (3)', 'Local (Y/N)': 'N', 'TYPE': '-', 'Component': 'ob_typ', 'Type': 'character(len=8)', 'Dimensions': '-', 'Default': '""""', 'Units': 'N/A', 'Description': '-', 'Swat_codetype': 'ob_typ'}"
recall(i)%filename,6,6,ob_name,,"{'Line in File': '6', 'Position in File': '6', 'Condition': 'case (3)', 'Local (Y/N)': 'N', 'TYPE': '-', 'Component': 'ob_name', 'Type': 'character(len=16)', 'Dimensions': '-', 'Default': '""""', 'Units': 'N/A', 'Description': '-', 'Swat_codetype': 'ob_name'}"
recall(i)%filename,6,7,flo,,"{'Line in File': '6', 'Position in File': '7', 'Condition': 'case (3)', 'Local (Y/N)': 'N', 'TYPE': 'hyd_output', 'Component': 'flo', 'Type': 'real', 'Dimensions': '-', 'Default': '0.', 'Units': 'N/A', 'Description': 'm^3 |volume of water', 'Swat_codetype': 'ht1'}"
recall(i)%filename,6,8,sed,,"{'Line in File': '6', 'Position in File': '8', 'Condition': 'case (3)', 'Local (Y/N)': 'N', 'TYPE': 'hyd_output', 'Component': 'sed', 'Type': 'real', 'Dimensions': '-', 'Default': '0.', 'Units': 'N/A', 'Description': 'metric tons |sediment', 'Swat_codetype': 'ht1'}"
recall(i)%filename,6,9,orgn,,"{'Line in File': '6', 'Position in File': '9', 'Condition': 'case (3)', 'Local (Y/N)': 'N', 'TYPE': 'hyd_output', 'Component': 'orgn', 'Type': 'real', 'Dimensions': '-', 'Default': '0.', 'Units': 'N/A', 'Description': 'kg N |organic N', 'Swat_codetype': 'ht1'}"
recall.con,1,1,titldum,"{'Line in File': '1', 'Position in File': '1', 'Condition': '-', 'Local (Y/N)': 'Y', 'TYPE': '-', 'Component': 'titldum', 'Type': 'character(len=80)', 'Dimensions': '-', 'Default': '-', 'Units': 'N/A', 'Description': '-', 'Swat_codetype': '-'}","{'Line in File': '1', 'Position in File': '1', 'Condition': '-', 'Local (Y/N)': 'Y', 'TYPE': '-', 'Component': 'titldum', 'Type': 'character(len=80)', 'Dimensions': '-', 'Default': '""""', 'Units': 'N/A', 'Description': '-', 'Swat_codetype': '-'}"
recall.con,2,1,header,"{'Line in File': '2', 'Position in File': '1', 'Condition': '-', 'Local (Y/N)': 'Y', 'TYPE': '-', 'Component': 'header', 'Type': 'character(len=80)', 'Dimensions': '-', 'Default': '-', 'Units': 'N/A', 'Description': '-', 'Swat_codetype': '-'}","{'Line in File': '2', 'Position in File': '1', 'Condition': '-', 'Local (Y/N)': 'Y', 'TYPE': '-', 'Component': 'header', 'Type': 'character(len=80)', 'Dimensions': '-', 'Default': '""""', 'Units': 'N/A', 'Description': '-', 'Swat_codetype': '-'}"
recall.con,3,10,constit,"{'Line in File': '3', 'Position in File': '10', 'Condition': 'if (ncs > 0)', 'Local (Y/N)': 'N', 'TYPE': 'ob', 'Component': 'constit', 'Type': 'integer', 'Dimensions': '-', 'Default': '-', 'Units': 'N/A', 'Description': '-', 'Swat_codetype': 'ob'}","{'Line in File': '3', 'Position in File': '10', 'Condition': 'if (ncs > 0)', 'Local (Y/N)': 'N', 'TYPE': 'ob', 'Component': 'constit', 'Type': 'integer', 'Dimensions': '-', 'Default': '0', 'Units': 'N/A', 'Description': '-', 'Swat_codetype': 'ob'}"
recall.con,3,11,props2,"{'Line in File': '3', 'Position in File': '11', 'Condition': 'if (ncs > 0)', 'Local (Y/N)': 'N', 'TYPE': 'ob', 'Component': 'props2', 'Type': 'integer', 'Dimensions': '-', 'Default': '-', 'Units': 'N/A', 'Description': '-', 'Swat_codetype': 'ob'}","{'Line in File': '3', 'Position in File': '11', 'Condition': 'if (ncs > 0)', 'Local (Y/N)': 'N', 'TYPE': 'ob', 'Component': 'props2', 'Type': 'integer', 'Dimensions': '-', 'Default': '0', 'Units': 'N/A', 'Description': '-', 'Swat_codetype': 'ob'}"
recall.con,3,12,ruleset,"{'Line in File': '3', 'Position in File': '12', 'Condition': 'if (ncs > 0)', 'Local (Y/N)': 'N', 'TYPE': 'ob', 'Component': 'ruleset', 'Type': 'character(len=16)', 'Dimensions': '-', 'Default': '-', 'Units': 'N/A', 'Description': '-', 'Swat_codetype': 'ob'}","{'Line in File': '3', 'Position in File': '12', 'Condition': 'if (ncs > 0)', 'Local (Y/N)': 'N', 'TYPE': 'ob', 'Component': 'ruleset', 'Type': 'character(len=16)', 'Dimensions': '-', 'Default': '""""', 'Units': 'N/A', 'Description': '-', 'Swat_codetype': 'ob'}"
recall.con,3,3,gis_id,"{'Line in File': '3', 'Position in File': '3', 'Condition': 'if (ncs > 0)', 'Local (Y/N)': 'N', 'TYPE': 'ob', 'Component': 'gis_id', 'Type': 'integer(kind=8)', 'Dimensions': '-', 'Default': '-', 'Units': 'N/A', 'Description': '-', 'Swat_codetype': 'ob'}","{'Line in File': '3', 'Position in File': '3', 'Condition': 'if (ncs > 0)', 'Local (Y/N)': 'N', 'TYPE': 'ob', 'Component': 'gis_id', 'Type': 'integer(kind=8)', 'Dimensions': '-', 'Default': '0', 'Units': 'N/A', 'Description': '-', 'Swat_codetype': 'ob'}"
recall.con,3,5,lat,"{'Line in File': '3', 'Position in File': '5', 'Condition': 'if (ncs > 0)', 'Local (Y/N)': 'N', 'TYPE': 'ob', 'Component': 'lat', 'Type': 'real', 'Dimensions': '-', 'Default': '-', 'Units': 'N/A', 'Description': '-', 'Swat_codetype': 'ob'}","{'Line in File': '3', 'Position in File': '5', 'Condition': 'if (ncs > 0)', 'Local (Y/N)': 'N', 'TYPE': 'ob', 'Component': 'lat', 'Type': 'real', 'Dimensions': '-', 'Default': '0.', 'Units': 'N/A', 'Description': '-', 'Swat_codetype': 'ob'}"
recall.con,3,6,long,"{'Line in File': '3', 'Position in File': '6', 'Condition': 'if (ncs > 0)', 'Local (Y/N)': 'N', 'TYPE': 'ob', 'Component': 'long', 'Type': 'real', 'Dimensions': '-', 'Default': '-', 'Units': 'N/A', 'Description': '-', 'Swat_codetype': 'ob'}","{'Line in File': '3', 'Position in File': '6', 'Condition': 'if (ncs > 0)', 'Local (Y/N)': 'N', 'TYPE': 'ob', 'Component': 'long', 'Type': 'real', 'Dimensions': '-', 'Default': '0.', 'Units': 'N/A', 'Description': '-', 'Swat_codetype': 'ob'}"
recall.con,3,9,wst_c,"{'Line in File': '3', 'Position in File': '9', 'Condition': 'if (ncs > 0)', 'Local (Y/N)': 'N', 'TYPE': 'ob', 'Component': 'wst_c', 'Type': 'character(len=50)', 'Dimensions': '-', 'Default': '-', 'Units': 'N/A', 'Description': '-', 'Swat_codetype': 'ob'}","{'Line in File': '3', 'Position in File': '9', 'Condition': 'if (ncs > 0)', 'Local (Y/N)': 'N', 'TYPE': 'ob', 'Component': 'wst_c', 'Type': 'character(len=50)', 'Dimensions': '-', 'Default': '""""', 'Units': 'N/A', 'Description': '-', 'Swat_codetype': 'ob'}"
recall.rec,1,1,titldum,"{'Line in File': '1', 'Position in File': '1', 'Condition': '-', 'Local (Y/N)': 'Y', 'TYPE': '-', 'Component': 'titldum', 'Type': 'character(len=80)', 'Dimensions': '-', 'Default': '-', 'Units': 'N/A', 'Description': '-', 'Swat_codetype': '-'}","{'Line in File': '1', 'Position in File': '1', 'Condition': '-', 'Local (Y/N)': 'Y', 'TYPE': '-', 'Component': 'titldum', 'Type': 'character(len=80)', 'Dimensions': '-', 'Default': '""""', 'Units': 'N/A', 'Description': '-', 'Swat_codetype': '-'}"
recall.rec,2,1,header,"{'Line in File': '2', 'Position in File': '1', 'Condition': '-', 'Local (Y/N)': 'Y', 'TYPE': '-', 'Component': 'header', 'Type': 'character(len=80)', 'Dimensions': '-', 'Default': '-', 'Units': 'N/A', 'Description': '-', 'Swat_codetype': '-'}","{'Line in File': '2', 'Position in File': '1', 'Condition': '-', 'Local (Y/N)': 'Y', 'TYPE': '-', 'Component': 'header', 'Type': 'character(len=80)', 'Dimensions': '-', 'Default': '""""', 'Units': 'N/A', 'Description': '-', 'Swat_codetype': '-'}"
recall.rec,3,1,k,"{'Line in File': '3', 'Position in File': '1', 'Condition': '-', 'Local (Y/N)': 'Y', 'TYPE': '-', 'Component': 'k', 'Type': 'integer', 'Dimensions': '-', 'Default': '-', 'Units': 'N/A', 'Description': '-', 'Swat_codetype': '-'}","{'Line in File': '3', 'Position in File': '1', 'Condition': '-', 'Local (Y/N)': 'Y', 'TYPE': '-', 'Component': 'k', 'Type': 'integer', 'Dimensions': '-', 'Default': '0', 'Units': 'N/A', 'Description': '-', 'Swat_codetype': '-'}"
recall.rec,3,2,name,"{'Line in File': '3', 'Position in File': '2', 'Condition': '-', 'Local (Y/N)': 'N', 'TYPE': 'recall', 'Component': 'name', 'Type': 'character(len=25)', 'Dimensions': '-', 'Default': '-', 'Units': 'N/A', 'Description': '-', 'Swat_codetype': 'in_rec'}","{'Line in File': '3', 'Position in File': '2', 'Condition': '-', 'Local (Y/N)': 'N', 'TYPE': 'recall', 'Component': 'name', 'Type': 'character(len=25)', 'Dimensions': '-', 'Default': '""""', 'Units': 'N/A', 'Description': '-', 'Swat_codetype': 'in_rec'}"
recall.rec,3,4,filename,"{'Line in File': '3', 'Position in File': '4', 'Condition': '-', 'Local (Y/N)': 'N', 'TYPE': 'recall', 'Component': 'filename', 'Type': 'character(len=25)', 'Dimensions': '-', 'Default': '-', 'Units': 'N/A', 'Description': '-', 'Swat_codetype': 'in_rec'}","{'Line in File': '3', 'Position in File': '4', 'Condition': '-', 'Local (Y/N)': 'N', 'TYPE': 'recall', 'Component': 'filename', 'Type': 'character(len=25)', 'Dimensions': '-', 'Default': '""""', 'Units': 'N/A', 'Description': '-', 'Swat_codetype': 'in_rec'}"
res_catunit.def,1,1,titldum,"{'Line in File': '1', 'Position in File': '1', 'Condition': '-', 'Local (Y/N)': 'Y', 'TYPE': '-', 'Component': 'titldum', 'Type': 'character(len=80)', 'Dimensions': '-', 'Default': '-', 'Units': 'N/A', 'Description': '-', 'Swat_codetype': '-'}","{'Line in File': '1', 'Position in File': '1', 'Condition': '-', 'Local (Y/N)': 'Y', 'TYPE': '-', 'Component': 'titldum', 'Type': 'character(len=80)', 'Dimensions': '-', 'Default': '""""', 'Units': 'N/A', 'Description': '-', 'Swat_codetype': '-'}"
res_catunit.def,2,1,mreg,"{'Line in File': '2', 'Position in File': '1', 'Condition': '-', 'Local (Y/N)': 'Y', 'TYPE': '-', 'Component': 'mreg', 'Type': 'integer', 'Dimensions': '-', 'Default': '-', 'Units': 'N/A', 'Description': '-', 'Swat_codetype': '-'}","{'Line in File': '2', 'Position in File': '1', 'Condition': '-', 'Local (Y/N)': 'Y', 'TYPE': '-', 'Component': 'mreg', 'Type': 'integer', 'Dimensions': '-', 'Default': '0', 'Units': 'N/A', 'Description': '-', 'Swat_codetype': '-'}"
res_catunit.def,3,1,header,"{'Line in File': '3', 'Position in File': '1', 'Condition': '-', 'Local (Y/N)': 'Y', 'TYPE': '-', 'Component': 'header', 'Type': 'character(len=500)', 'Dimensions': '-', 'Default': '-', 'Units': 'N/A', 'Description': '-', 'Swat_codetype': '-'}","{'Line in File': '3', 'Position in File': '1', 'Condition': '-', 'Local (Y/N)': 'Y', 'TYPE': '-', 'Component': 'header', 'Type': 'character(len=500)', 'Dimensions': '-', 'Default': '""""', 'Units': 'N/A', 'Description': '-', 'Swat_codetype': '-'}"
res_catunit.def,4,1,k,"{'Line in File': '4', 'Position in File': '1', 'Condition': 'if (nspu > 0)', 'Local (Y/N)': 'Y', 'TYPE': '-', 'Component': 'k', 'Type': 'integer', 'Dimensions': '-', 'Default': '-', 'Units': 'N/A', 'Description': '-', 'Swat_codetype': '-'}","{'Line in File': '4', 'Position in File': '1', 'Condition': 'if (nspu > 0)', 'Local (Y/N)': 'Y', 'TYPE': '-', 'Component': 'k', 'Type': 'integer', 'Dimensions': '-', 'Default': '0', 'Units': 'N/A', 'Description': '-', 'Swat_codetype': '-'}"
res_catunit.def,4,3,area_ha,"{'Line in File': '4', 'Position in File': '3', 'Condition': 'if (nspu > 0)', 'Local (Y/N)': 'N', 'TYPE': 'rcu_out', 'Component': 'area_ha', 'Type': 'real', 'Dimensions': '-', 'Default': '-', 'Units': 'N/A', 'Description': '-', 'Swat_codetype': 'in_regs'}","{'Line in File': '4', 'Position in File': '3', 'Condition': 'if (nspu > 0)', 'Local (Y/N)': 'N', 'TYPE': 'rcu_out', 'Component': 'area_ha', 'Type': 'real', 'Dimensions': '-', 'Default': '0.', 'Units': 'N/A', 'Description': '-', 'Swat_codetype': 'in_regs'}"
res_catunit.def,4,4,nspu,"{'Line in File': '4', 'Position in File': '4', 'Condition': 'if (nspu > 0)', 'Local (Y/N)': 'Y', 'TYPE': '-', 'Component': 'nspu', 'Type': 'integer', 'Dimensions': '-', 'Default': '-', 'Units': 'N/A', 'Description': '-', 'Swat_codetype': '-'}","{'Line in File': '4', 'Position in File': '4', 'Condition': 'if (nspu > 0)', 'Local (Y/N)': 'Y', 'TYPE': '-', 'Component': 'nspu', 'Type': 'integer', 'Dimensions': '-', 'Default': '0', 'Units': 'N/A', 'Description': '-', 'Swat_codetype': '-'}"
res_catunit.ele,1,1,titldum,"{'Line in File': '1', 'Position in File': '1', 'Condition': '-', 'Local (Y/N)': 'Y', 'TYPE': '-', 'Component': 'titldum', 'Type': 'character(len=80)', 'Dimensions': '-', 'Default': '-', 'Units': 'N/A', 'Description': '-', 'Swat_codetype': '-'}","{'Line in File': '1', 'Position in File': '1', 'Condition': '-', 'Local (Y/N)': 'Y', 'TYPE': '-', 'Component': 'titldum', 'Type': 'character(len=80)', 'Dimensions': '-', 'Default': '""""', 'Units': 'N/A', 'Description': '-', 'Swat_codetype': '-'}"
res_catunit.ele,2,1,header,"{'Line in File': '2', 'Position in File': '1', 'Condition': '-', 'Local (Y/N)': 'Y', 'TYPE': '-', 'Component': 'header', 'Type': 'character(len=500)', 'Dimensions': '-', 'Default': '-', 'Units': 'N/A', 'Description': '-', 'Swat_codetype': '-'}","{'Line in File': '2', 'Position in File': '1', 'Condition': '-', 'Local (Y/N)': 'Y', 'TYPE': '-', 'Component': 'header', 'Type': 'character(len=500)', 'Dimensions': '-', 'Default': '""""', 'Units': 'N/A', 'Description': '-', 'Swat_codetype': '-'}"
res_catunit.ele,3,1,k,"{'Line in File': '3', 'Position in File': '1', 'Condition': '-', 'Local (Y/N)': 'Y', 'TYPE': '-', 'Component': 'k', 'Type': 'integer', 'Dimensions': '-', 'Default': '-', 'Units': 'N/A', 'Description': '-', 'Swat_codetype': '-'}","{'Line in File': '3', 'Position in File': '1', 'Condition': '-', 'Local (Y/N)': 'Y', 'TYPE': '-', 'Component': 'k', 'Type': 'integer', 'Dimensions': '-', 'Default': '0', 'Units': 'N/A', 'Description': '-', 'Swat_codetype': '-'}"
res_catunit.ele,3,2,name,"{'Line in File': '3', 'Position in File': '2', 'Condition': '-', 'Local (Y/N)': 'N', 'TYPE': 'rcu_elem', 'Component': 'name', 'Type': 'character(len=16)', 'Dimensions': '-', 'Default': '-', 'Units': 'N/A', 'Description': '-', 'Swat_codetype': 'in_regs'}","{'Line in File': '3', 'Position in File': '2', 'Condition': '-', 'Local (Y/N)': 'N', 'TYPE': 'rcu_elem', 'Component': 'name', 'Type': 'character(len=16)', 'Dimensions': '-', 'Default': '""""', 'Units': 'N/A', 'Description': '-', 'Swat_codetype': 'in_regs'}"
res_catunit.ele,3,3,obtyp,"{'Line in File': '3', 'Position in File': '3', 'Condition': '-', 'Local (Y/N)': 'N', 'TYPE': 'rcu_elem', 'Component': 'obtyp', 'Type': 'character(len=3)', 'Dimensions': '-', 'Default': '-', 'Units': 'N/A', 'Description': '-', 'Swat_codetype': 'in_regs'}","{'Line in File': '3', 'Position in File': '3', 'Condition': '-', 'Local (Y/N)': 'N', 'TYPE': 'rcu_elem', 'Component': 'obtyp', 'Type': 'character(len=3)', 'Dimensions': '-', 'Default': '""""', 'Units': 'N/A', 'Description': '-', 'Swat_codetype': 'in_regs'}"
res_conds.dat,1,1,title,"{'Line in File': '1', 'Position in File': '1', 'Condition': '-', 'Local (Y/N)': 'Y', 'TYPE': '-', 'Component': 'title', 'Type': 'character(len=80)', 'Dimensions': '-', 'Default': '-', 'Units': 'N/A', 'Description': '-', 'Swat_codetype': '-'}","{'Line in File': '1', 'Position in File': '1', 'Condition': '-', 'Local (Y/N)': 'Y', 'TYPE': '-', 'Component': 'title', 'Type': 'character(len=80)', 'Dimensions': '-', 'Default': '""""', 'Units': 'N/A', 'Description': '-', 'Swat_codetype': '-'}"
res_conds.dat,2,1,max_table,"{'Line in File': '2', 'Position in File': '1', 'Condition': '-', 'Local (Y/N)': 'Y', 'TYPE': '-', 'Component': 'max_table', 'Type': 'integer', 'Dimensions': '-', 'Default': '-', 'Units': 'N/A', 'Description': '-', 'Swat_codetype': '-'}","{'Line in File': '2', 'Position in File': '1', 'Condition': '-', 'Local (Y/N)': 'Y', 'TYPE': '-', 'Component': 'max_table', 'Type': 'integer', 'Dimensions': '-', 'Default': '0', 'Units': 'N/A', 'Description': '-', 'Swat_codetype': '-'}"
res_conds.dat,3,1,name,"{'Line in File': '3', 'Position in File': '1', 'Condition': '-', 'Local (Y/N)': 'N', 'TYPE': 'ctbl', 'Component': 'name', 'Type': 'character(len=25)', 'Dimensions': '-', 'Default': '-', 'Units': 'N/A', 'Description': '-', 'Swat_codetype': 'ctbl'}","{'Line in File': '3', 'Position in File': '1', 'Condition': '-', 'Local (Y/N)': 'N', 'TYPE': 'ctbl', 'Component': 'name', 'Type': 'character(len=25)', 'Dimensions': '-', 'Default': '""""', 'Units': 'N/A', 'Description': '-', 'Swat_codetype': 'ctbl'}"
res_conds.dat,3,2,num_conds,"{'Line in File': '3', 'Position in File': '2', 'Condition': '-', 'Local (Y/N)': 'N', 'TYPE': 'ctbl', 'Component': 'num_conds', 'Type': 'integer', 'Dimensions': '-', 'Default': '-', 'Units': 'N/A', 'Description': '-', 'Swat_codetype': 'ctbl'}","{'Line in File': '3', 'Position in File': '2', 'Condition': '-', 'Local (Y/N)': 'N', 'TYPE': 'ctbl', 'Component': 'num_conds', 'Type': 'integer', 'Dimensions': '-', 'Default': '0', 'Units': 'N/A', 'Description': '-', 'Swat_codetype': 'ctbl'}"
res_conds.dat,3,3,num_modules,"{'Line in File': '3', 'Position in File': '3', 'Condition': '-', 'Local (Y/N)': 'N', 'TYPE': 'ctbl', 'Component': 'num_modules', 'Type': 'integer', 'Dimensions': '-', 'Default': '-', 'Units': 'N/A', 'Description': '-', 'Swat_codetype': 'ctbl'}","{'Line in File': '3', 'Position in File': '3', 'Condition': '-', 'Local (Y/N)': 'N', 'TYPE': 'ctbl', 'Component': 'num_modules', 'Type': 'integer', 'Dimensions': '-', 'Default': '0', 'Units': 'N/A', 'Description': '-', 'Swat_codetype': 'ctbl'}"
res_conds.dat,4,1,num_conds,"{'Line in File': '4', 'Position in File': '1', 'Condition': '-', 'Local (Y/N)': 'N', 'TYPE': 'ctbl', 'Component': 'num_conds', 'Type': 'integer', 'Dimensions': '-', 'Default': '-', 'Units': 'N/A', 'Description': '-', 'Swat_codetype': 'ctbl'}","{'Line in File': '4', 'Position in File': '1', 'Condition': '-', 'Local (Y/N)': 'N', 'TYPE': 'ctbl', 'Component': 'num_conds', 'Type': 'integer', 'Dimensions': '-', 'Default': '0', 'Units': 'N/A', 'Description': '-', 'Swat_codetype': 'ctbl'}"
res_conds.dat,5,1,tnum_conds,"{'Line in File': '5', 'Position in File': '1', 'Condition': '-', 'Local (Y/N)': 'Y', 'TYPE': '-', 'Component': 'tnum_conds', 'Type': 'integer', 'Dimensions': '-', 'Default': '-', 'Units': 'N/A', 'Description': '-', 'Swat_codetype': '-'}","{'Line in File': '5', 'Position in File': '1', 'Condition': '-', 'Local (Y/N)': 'Y', 'TYPE': '-', 'Component': 'tnum_conds', 'Type': 'integer', 'Dimensions': '-', 'Default': '0', 'Units': 'N/A', 'Description': '-', 'Swat_codetype': '-'}"
res_conds.dat,6,1,num_conds,"{'Line in File': '6', 'Position in File': '1', 'Condition': '-', 'Local (Y/N)': 'N', 'TYPE': 'ctbl', 'Component': 'num_conds', 'Type': 'integer', 'Dimensions': '-', 'Default': '-', 'Units': 'N/A', 'Description': '-', 'Swat_codetype': 'ctbl'}","{'Line in File': '6', 'Position in File': '1', 'Condition': '-', 'Local (Y/N)': 'N', 'TYPE': 'ctbl', 'Component': 'num_conds', 'Type': 'integer', 'Dimensions': '-', 'Default': '0', 'Units': 'N/A', 'Description': '-', 'Swat_codetype': 'ctbl'}"
res_reg.def,1,1,titldum,"{'Line in File': '1', 'Position in File': '1', 'Condition': '-', 'Local (Y/N)': 'Y', 'TYPE': '-', 'Component': 'titldum', 'Type': 'character(len=80)', 'Dimensions': '-', 'Default': '-', 'Units': 'N/A', 'Description': '-', 'Swat_codetype': '-'}","{'Line in File': '1', 'Position in File': '1', 'Condition': '-', 'Local (Y/N)': 'Y', 'TYPE': '-', 'Component': 'titldum', 'Type': 'character(len=80)', 'Dimensions': '-', 'Default': '""""', 'Units': 'N/A', 'Description': '-', 'Swat_codetype': '-'}"
res_reg.def,2,1,mreg,"{'Line in File': '2', 'Position in File': '1', 'Condition': '-', 'Local (Y/N)': 'Y', 'TYPE': '-', 'Component': 'mreg', 'Type': 'integer', 'Dimensions': '-', 'Default': '-', 'Units': 'N/A', 'Description': '-', 'Swat_codetype': '-'}","{'Line in File': '2', 'Position in File': '1', 'Condition': '-', 'Local (Y/N)': 'Y', 'TYPE': '-', 'Component': 'mreg', 'Type': 'integer', 'Dimensions': '-', 'Default': '0', 'Units': 'N/A', 'Description': '-', 'Swat_codetype': '-'}"
res_reg.def,3,1,header,"{'Line in File': '3', 'Position in File': '1', 'Condition': '-', 'Local (Y/N)': 'Y', 'TYPE': '-', 'Component': 'header', 'Type': 'character(len=500)', 'Dimensions': '-', 'Default': '-', 'Units': 'N/A', 'Description': '-', 'Swat_codetype': '-'}","{'Line in File': '3', 'Position in File': '1', 'Condition': '-', 'Local (Y/N)': 'Y', 'TYPE': '-', 'Component': 'header', 'Type': 'character(len=500)', 'Dimensions': '-', 'Default': '""""', 'Units': 'N/A', 'Description': '-', 'Swat_codetype': '-'}"
res_reg.def,4,1,k,"{'Line in File': '4', 'Position in File': '1', 'Condition': 'if (nspu > 0)', 'Local (Y/N)': 'Y', 'TYPE': '-', 'Component': 'k', 'Type': 'integer', 'Dimensions': '-', 'Default': '-', 'Units': 'N/A', 'Description': '-', 'Swat_codetype': '-'}","{'Line in File': '4', 'Position in File': '1', 'Condition': 'if (nspu > 0)', 'Local (Y/N)': 'Y', 'TYPE': '-', 'Component': 'k', 'Type': 'integer', 'Dimensions': '-', 'Default': '0', 'Units': 'N/A', 'Description': '-', 'Swat_codetype': '-'}"
res_reg.def,4,3,area_ha,"{'Line in File': '4', 'Position in File': '3', 'Condition': 'if (nspu > 0)', 'Local (Y/N)': 'N', 'TYPE': 'rcu_cal', 'Component': 'area_ha', 'Type': 'real', 'Dimensions': '-', 'Default': '-', 'Units': 'N/A', 'Description': '-', 'Swat_codetype': 'in_regs'}","{'Line in File': '4', 'Position in File': '3', 'Condition': 'if (nspu > 0)', 'Local (Y/N)': 'N', 'TYPE': 'rcu_cal', 'Component': 'area_ha', 'Type': 'real', 'Dimensions': '-', 'Default': '0.', 'Units': 'N/A', 'Description': '-', 'Swat_codetype': 'in_regs'}"
res_reg.def,4,4,nspu,"{'Line in File': '4', 'Position in File': '4', 'Condition': 'if (nspu > 0)', 'Local (Y/N)': 'Y', 'TYPE': '-', 'Component': 'nspu', 'Type': 'integer', 'Dimensions': '-', 'Default': '-', 'Units': 'N/A', 'Description': '-', 'Swat_codetype': '-'}","{'Line in File': '4', 'Position in File': '4', 'Condition': 'if (nspu > 0)', 'Local (Y/N)': 'Y', 'TYPE': '-', 'Component': 'nspu', 'Type': 'integer', 'Dimensions': '-', 'Default': '0', 'Units': 'N/A', 'Description': '-', 'Swat_codetype': '-'}"
res_rel.dtl,1,1,titldum,"{'Line in File': '1', 'Position in File': '1', 'Condition': '-', 'Local (Y/N)': 'Y', 'TYPE': '-', 'Component': 'titldum', 'Type': 'character(len=80)', 'Dimensions': '-', 'Default': '-', 'Units': 'N/A', 'Description': '-', 'Swat_codetype': '-'}","{'Line in File': '1', 'Position in File': '1', 'Condition': '-', 'Local (Y/N)': 'Y', 'TYPE': '-', 'Component': 'titldum', 'Type': 'character(len=80)', 'Dimensions': '-', 'Default': '""""', 'Units': 'N/A', 'Description': '-', 'Swat_codetype': '-'}"
res_rel.dtl,2,1,mdtbl,"{'Line in File': '2', 'Position in File': '1', 'Condition': '-', 'Local (Y/N)': 'Y', 'TYPE': '-', 'Component': 'mdtbl', 'Type': 'integer', 'Dimensions': '-', 'Default': '-', 'Units': 'N/A', 'Description': '-', 'Swat_codetype': '-'}","{'Line in File': '2', 'Position in File': '1', 'Condition': '-', 'Local (Y/N)': 'Y', 'TYPE': '-', 'Component': 'mdtbl', 'Type': 'integer', 'Dimensions': '-', 'Default': '0', 'Units': 'N/A', 'Description': '-', 'Swat_codetype': '-'}"
res_rel.dtl,4,1,header,"{'Line in File': '4', 'Position in File': '1', 'Condition': '-', 'Local (Y/N)': 'Y', 'TYPE': '-', 'Component': 'header', 'Type': 'character(len=80)', 'Dimensions': '-', 'Default': '-', 'Units': 'N/A', 'Description': '-', 'Swat_codetype': '-'}","{'Line in File': '4', 'Position in File': '1', 'Condition': '-', 'Local (Y/N)': 'Y', 'TYPE': '-', 'Component': 'header', 'Type': 'character(len=80)', 'Dimensions': '-', 'Default': '""""', 'Units': 'N/A', 'Description': '-', 'Swat_codetype': '-'}"
res_rel.dtl,5,1,name,"{'Line in File': '5', 'Position in File': '1', 'Condition': '-', 'Local (Y/N)': 'N', 'TYPE': 'dtbl_res', 'Component': 'name', 'Type': 'character(len=25)', 'Dimensions': '-', 'Default': '-', 'Units': 'N/A', 'Description': '-', 'Swat_codetype': 'in_cond'}","{'Line in File': '5', 'Position in File': '1', 'Condition': '-', 'Local (Y/N)': 'N', 'TYPE': 'dtbl_res', 'Component': 'name', 'Type': 'character(len=40)', 'Dimensions': '-', 'Default': '""""', 'Units': 'N/A', 'Description': '-', 'Swat_codetype': 'in_cond'}"
res_rel.dtl,5,2,conds,"{'Line in File': '5', 'Position in File': '2', 'Condition': '-', 'Local (Y/N)': 'N', 'TYPE': 'dtbl_res', 'Component': 'conds', 'Type': 'integer', 'Dimensions': '-', 'Default': '-', 'Units': 'N/A', 'Description': '-', 'Swat_codetype': 'in_cond'}","{'Line in File': '5', 'Position in File': '2', 'Condition': '-', 'Local (Y/N)': 'N', 'TYPE': 'dtbl_res', 'Component': 'conds', 'Type': 'integer', 'Dimensions': '-', 'Default': '0', 'Units': 'N/A', 'Description': '-', 'Swat_codetype': 'in_cond'}"
res_rel.dtl,5,3,alts,"{'Line in File': '5', 'Position in File': '3', 'Condition': '-', 'Local (Y/N)': 'N', 'TYPE': 'dtbl_res', 'Component': 'alts', 'Type': 'integer', 'Dimensions': '-', 'Default': '-', 'Units': 'N/A', 'Description': '-', 'Swat_codetype': 'in_cond'}","{'Line in File': '5', 'Position in File': '3', 'Condition': '-', 'Local (Y/N)': 'N', 'TYPE': 'dtbl_res', 'Component': 'alts', 'Type': 'integer', 'Dimensions': '-', 'Default': '0', 'Units': 'N/A', 'Description': '-', 'Swat_codetype': 'in_cond'}"
res_rel.dtl,5,4,acts,"{'Line in File': '5', 'Position in File': '4', 'Condition': '-', 'Local (Y/N)': 'N', 'TYPE': 'dtbl_res', 'Component': 'acts', 'Type': 'integer', 'Dimensions': '-', 'Default': '-', 'Units': 'N/A', 'Description': '-', 'Swat_codetype': 'in_cond'}","{'Line in File': '5', 'Position in File': '4', 'Condition': '-', 'Local (Y/N)': 'N', 'TYPE': 'dtbl_res', 'Component': 'acts', 'Type': 'integer', 'Dimensions': '-', 'Default': '0', 'Units': 'N/A', 'Description': '-', 'Swat_codetype': 'in_cond'}"
res_rel.dtl,6,1,header,"{'Line in File': '6', 'Position in File': '1', 'Condition': '-', 'Local (Y/N)': 'Y', 'TYPE': '-', 'Component': 'header', 'Type': 'character(len=80)', 'Dimensions': '-', 'Default': '-', 'Units': 'N/A', 'Description': '-', 'Swat_codetype': '-'}","{'Line in File': '6', 'Position in File': '1', 'Condition': '-', 'Local (Y/N)': 'Y', 'TYPE': '-', 'Component': 'header', 'Type': 'character(len=80)', 'Dimensions': '-', 'Default': '""""', 'Units': 'N/A', 'Description': '-', 'Swat_codetype': '-'}"
res_rel.dtl,8,1,header,"{'Line in File': '8', 'Position in File': '1', 'Condition': '-', 'Local (Y/N)': 'Y', 'TYPE': '-', 'Component': 'header', 'Type': 'character(len=80)', 'Dimensions': '-', 'Default': '-', 'Units': 'N/A', 'Description': '-', 'Swat_codetype': '-'}","{'Line in File': '8', 'Position in File': '1', 'Condition': '-', 'Local (Y/N)': 'Y', 'TYPE': '-', 'Component': 'header', 'Type': 'character(len=80)', 'Dimensions': '-', 'Default': '""""', 'Units': 'N/A', 'Description': '-', 'Swat_codetype': '-'}"
reservoir.con,1,1,titldum,"{'Line in File': '1', 'Position in File': '1', 'Condition': '-', 'Local (Y/N)': 'Y', 'TYPE': '-', 'Component': 'titldum', 'Type': 'character(len=80)', 'Dimensions': '-', 'Default': '-', 'Units': 'N/A', 'Description': '-', 'Swat_codetype': '-'}","{'Line in File': '1', 'Position in File': '1', 'Condition': '-', 'Local (Y/N)': 'Y', 'TYPE': '-', 'Component': 'titldum', 'Type': 'character(len=80)', 'Dimensions': '-', 'Default': '""""', 'Units': 'N/A', 'Description': '-', 'Swat_codetype': '-'}"
reservoir.con,2,1,header,"{'Line in File': '2', 'Position in File': '1', 'Condition': '-', 'Local (Y/N)': 'Y', 'TYPE': '-', 'Component': 'header', 'Type': 'character(len=80)', 'Dimensions': '-', 'Default': '-', 'Units': 'N/A', 'Description': '-', 'Swat_codetype': '-'}","{'Line in File': '2', 'Position in File': '1', 'Condition': '-', 'Local (Y/N)': 'Y', 'TYPE': '-', 'Component': 'header', 'Type': 'character(len=80)', 'Dimensions': '-', 'Default': '""""', 'Units': 'N/A', 'Description': '-', 'Swat_codetype': '-'}"
reservoir.con,3,10,constit,"{'Line in File': '3', 'Position in File': '10', 'Condition': 'if (ncs > 0)', 'Local (Y/N)': 'N', 'TYPE': 'ob', 'Component': 'constit', 'Type': 'integer', 'Dimensions': '-', 'Default': '-', 'Units': 'N/A', 'Description': '-', 'Swat_codetype': 'ob'}","{'Line in File': '3', 'Position in File': '10', 'Condition': 'if (ncs > 0)', 'Local (Y/N)': 'N', 'TYPE': 'ob', 'Component': 'constit', 'Type': 'integer', 'Dimensions': '-', 'Default': '0', 'Units': 'N/A', 'Description': '-', 'Swat_codetype': 'ob'}"
reservoir.con,3,11,props2,"{'Line in File': '3', 'Position in File': '11', 'Condition': 'if (ncs > 0)', 'Local (Y/N)': 'N', 'TYPE': 'ob', 'Component': 'props2', 'Type': 'integer', 'Dimensions': '-', 'Default': '-', 'Units': 'N/A', 'Description': '-', 'Swat_codetype': 'ob'}","{'Line in File': '3', 'Position in File': '11', 'Condition': 'if (ncs > 0)', 'Local (Y/N)': 'N', 'TYPE': 'ob', 'Component': 'props2', 'Type': 'integer', 'Dimensions': '-', 'Default': '0', 'Units': 'N/A', 'Description': '-', 'Swat_codetype': 'ob'}"
reservoir.con,3,12,ruleset,"{'Line in File': '3', 'Position in File': '12', 'Condition': 'if (ncs > 0)', 'Local (Y/N)': 'N', 'TYPE': 'ob', 'Component': 'ruleset', 'Type': 'character(len=16)', 'Dimensions': '-', 'Default': '-', 'Units': 'N/A', 'Description': '-', 'Swat_codetype': 'ob'}","{'Line in File': '3', 'Position in File': '12', 'Condition': 'if (ncs > 0)', 'Local (Y/N)': 'N', 'TYPE': 'ob', 'Component': 'ruleset', 'Type': 'character(len=16)', 'Dimensions': '-', 'Default': '""""', 'Units': 'N/A', 'Description': '-', 'Swat_codetype': 'ob'}"
reservoir.con,3,3,gis_id,"{'Line in File': '3', 'Position in File': '3', 'Condition': 'if (ncs > 0)', 'Local (Y/N)': 'N', 'TYPE': 'ob', 'Component': 'gis_id', 'Type': 'integer(kind=8)', 'Dimensions': '-', 'Default': '-', 'Units': 'N/A', 'Description': '-', 'Swat_codetype': 'ob'}","{'Line in File': '3', 'Position in File': '3', 'Condition': 'if (ncs > 0)', 'Local (Y/N)': 'N', 'TYPE': 'ob', 'Component': 'gis_id', 'Type': 'integer(kind=8)', 'Dimensions': '-', 'Default': '0', 'Units': 'N/A', 'Description': '-', 'Swat_codetype': 'ob'}"
reservoir.con,3,5,lat,"{'Line in File': '3', 'Position in File': '5', 'Condition': 'if (ncs > 0)', 'Local (Y/N)': 'N', 'TYPE': 'ob', 'Component': 'lat', 'Type': 'real', 'Dimensions': '-', 'Default': '-', 'Units': 'N/A', 'Description': '-', 'Swat_codetype': 'ob'}","{'Line in File': '3', 'Position in File': '5', 'Condition': 'if (ncs > 0)', 'Local (Y/N)': 'N', 'TYPE': 'ob', 'Component': 'lat', 'Type': 'real', 'Dimensions': '-', 'Default': '0.', 'Units': 'N/A', 'Description': '-', 'Swat_codetype': 'ob'}"
reservoir.con,3,6,long,"{'Line in File': '3', 'Position in File': '6', 'Condition': 'if (ncs > 0)', 'Local (Y/N)': 'N', 'TYPE': 'ob', 'Component': 'long', 'Type': 'real', 'Dimensions': '-', 'Default': '-', 'Units': 'N/A', 'Description': '-', 'Swat_codetype': 'ob'}","{'Line in File': '3', 'Position in File': '6', 'Condition': 'if (ncs > 0)', 'Local (Y/N)': 'N', 'TYPE': 'ob', 'Component': 'long', 'Type': 'real', 'Dimensions': '-', 'Default': '0.', 'Units': 'N/A', 'Description': '-', 'Swat_codetype': 'ob'}"
reservoir.con,3,9,wst_c,"{'Line in File': '3', 'Position in File': '9', 'Condition': 'if (ncs > 0)', 'Local (Y/N)': 'N', 'TYPE': 'ob', 'Component': 'wst_c', 'Type': 'character(len=50)', 'Dimensions': '-', 'Default': '-', 'Units': 'N/A', 'Description': '-', 'Swat_codetype': 'ob'}","{'Line in File': '3', 'Position in File': '9', 'Condition': 'if (ncs > 0)', 'Local (Y/N)': 'N', 'TYPE': 'ob', 'Component': 'wst_c', 'Type': 'character(len=50)', 'Dimensions': '-', 'Default': '""""', 'Units': 'N/A', 'Description': '-', 'Swat_codetype': 'ob'}"
reservoir.res,1,1,titldum,"{'Line in File': '1', 'Position in File': '1', 'Condition': '-', 'Local (Y/N)': 'Y', 'TYPE': '-', 'Component': 'titldum', 'Type': 'character(len=80)', 'Dimensions': '-', 'Default': '-', 'Units': 'N/A', 'Description': '-', 'Swat_codetype': '-'}","{'Line in File': '1', 'Position in File': '1', 'Condition': '-', 'Local (Y/N)': 'Y', 'TYPE': '-', 'Component': 'titldum', 'Type': 'character(len=80)', 'Dimensions': '-', 'Default': '""""', 'Units': 'N/A', 'Description': '-', 'Swat_codetype': '-'}"
reservoir.res,2,1,header,"{'Line in File': '2', 'Position in File': '1', 'Condition': '-', 'Local (Y/N)': 'Y', 'TYPE': '-', 'Component': 'header', 'Type': 'character(len=80)', 'Dimensions': '-', 'Default': '-', 'Units': 'N/A', 'Description': '-', 'Swat_codetype': '-'}","{'Line in File': '2', 'Position in File': '1', 'Condition': '-', 'Local (Y/N)': 'Y', 'TYPE': '-', 'Component': 'header', 'Type': 'character(len=80)', 'Dimensions': '-', 'Default': '""""', 'Units': 'N/A', 'Description': '-', 'Swat_codetype': '-'}"
reservoir.res,3,1,k,"{'Line in File': '3', 'Position in File': '1', 'Condition': '-', 'Local (Y/N)': 'Y', 'TYPE': '-', 'Component': 'k', 'Type': 'integer', 'Dimensions': '-', 'Default': '-', 'Units': 'N/A', 'Description': '-', 'Swat_codetype': '-'}","{'Line in File': '3', 'Position in File': '1', 'Condition': '-', 'Local (Y/N)': 'Y', 'TYPE': '-', 'Component': 'k', 'Type': 'integer', 'Dimensions': '-', 'Default': '0', 'Units': 'N/A', 'Description': '-', 'Swat_codetype': '-'}"
reservoir.res,3,3,init,"{'Line in File': '3', 'Position in File': '3', 'Condition': '-', 'Local (Y/N)': 'N', 'TYPE': 'reservoir_data_char_input', 'Component': 'init', 'Type': 'character(len=25)', 'Dimensions': '-', 'Default': '-', 'Units': 'N/A', 'Description': '-', 'Swat_codetype': 'in_res'}","{'Line in File': '3', 'Position in File': '3', 'Condition': '-', 'Local (Y/N)': 'N', 'TYPE': 'reservoir_data_char_input', 'Component': 'init', 'Type': 'character(len=25)', 'Dimensions': '-', 'Default': '""""', 'Units': 'N/A', 'Description': '-', 'Swat_codetype': 'in_res'}"
reservoir.res,3,4,hyd,"{'Line in File': '3', 'Position in File': '4', 'Condition': '-', 'Local (Y/N)': 'N', 'TYPE': 'reservoir_data_char_input', 'Component': 'hyd', 'Type': 'character(len=25)', 'Dimensions': '-', 'Default': '-', 'Units': 'N/A', 'Description': '-', 'Swat_codetype': 'in_res'}","{'Line in File': '3', 'Position in File': '4', 'Condition': '-', 'Local (Y/N)': 'N', 'TYPE': 'reservoir_data_char_input', 'Component': 'hyd', 'Type': 'character(len=25)', 'Dimensions': '-', 'Default': '""""', 'Units': 'N/A', 'Description': '-', 'Swat_codetype': 'in_res'}"
reservoir.res,3,5,release,"{'Line in File': '3', 'Position in File': '5', 'Condition': '-', 'Local (Y/N)': 'N', 'TYPE': 'reservoir_data_char_input', 'Component': 'release', 'Type': 'character(len=25)', 'Dimensions': '-', 'Default': '-', 'Units': 'N/A', 'Description': '-', 'Swat_codetype': 'in_res'}","{'Line in File': '3', 'Position in File': '5', 'Condition': '-', 'Local (Y/N)': 'N', 'TYPE': 'reservoir_data_char_input', 'Component': 'release', 'Type': 'character(len=25)', 'Dimensions': '-', 'Default': '""""', 'Units': 'N/A', 'Description': '-', 'Swat_codetype': 'in_res'}"
reservoir.res,3,6,sed,"{'Line in File': '3', 'Position in File': '6', 'Condition': '-', 'Local (Y/N)': 'N', 'TYPE': 'reservoir_data_char_input', 'Component': 'sed', 'Type': 'character(len=25)', 'Dimensions': '-', 'Default': '-', 'Units': 'N/A', 'Description': '-', 'Swat_codetype': 'in_res'}","{'Line in File': '3', 'Position in File': '6', 'Condition': '-', 'Local (Y/N)': 'N', 'TYPE': 'reservoir_data_char_input', 'Component': 'sed', 'Type': 'character(len=25)', 'Dimensions': '-', 'Default': '""""', 'Units': 'N/A', 'Description': '-', 'Swat_codetype': 'in_res'}"
reservoir.res,3,7,nut,"{'Line in File': '3', 'Position in File': '7', 'Condition': '-', 'Local (Y/N)': 'N', 'TYPE': 'reservoir_data_char_input', 'Component': 'nut', 'Type': 'character(len=25)', 'Dimensions': '-', 'Default': '-', 'Units': 'N/A', 'Description': '-', 'Swat_codetype': 'in_res'}","{'Line in File': '3', 'Position in File': '7', 'Condition': '-', 'Local (Y/N)': 'N', 'TYPE': 'reservoir_data_char_input', 'Component': 'nut', 'Type': 'character(len=25)', 'Dimensions': '-', 'Default': '""""', 'Units': 'N/A', 'Description': '-', 'Swat_codetype': 'in_res'}"
reservoir.res_cs,1,1,header,"{'Line in File': '1', 'Position in File': '1', 'Condition': '-', 'Local (Y/N)': 'Y', 'TYPE': '-', 'Component': 'header', 'Type': 'character(len=80)', 'Dimensions': '-', 'Default': '-', 'Units': 'N/A', 'Description': '-', 'Swat_codetype': '-'}","{'Line in File': '1', 'Position in File': '1', 'Condition': '-', 'Local (Y/N)': 'Y', 'TYPE': '-', 'Component': 'header', 'Type': 'character(len=80)', 'Dimensions': '-', 'Default': '""""', 'Units': 'N/A', 'Description': '-', 'Swat_codetype': '-'}"
reservoir.res_cs,2,1,header,"{'Line in File': '2', 'Position in File': '1', 'Condition': '-', 'Local (Y/N)': 'Y', 'TYPE': '-', 'Component': 'header', 'Type': 'character(len=80)', 'Dimensions': '-', 'Default': '-', 'Units': 'N/A', 'Description': '-', 'Swat_codetype': '-'}","{'Line in File': '2', 'Position in File': '1', 'Condition': '-', 'Local (Y/N)': 'Y', 'TYPE': '-', 'Component': 'header', 'Type': 'character(len=80)', 'Dimensions': '-', 'Default': '""""', 'Units': 'N/A', 'Description': '-', 'Swat_codetype': '-'}"
reservoir.res_cs,3,1,k,"{'Line in File': '3', 'Position in File': '1', 'Condition': '-', 'Local (Y/N)': 'Y', 'TYPE': '-', 'Component': 'k', 'Type': 'integer', 'Dimensions': '-', 'Default': '-', 'Units': 'N/A', 'Description': '-', 'Swat_codetype': '-'}","{'Line in File': '3', 'Position in File': '1', 'Condition': '-', 'Local (Y/N)': 'Y', 'TYPE': '-', 'Component': 'k', 'Type': 'integer', 'Dimensions': '-', 'Default': '0', 'Units': 'N/A', 'Description': '-', 'Swat_codetype': '-'}"
reservoir.res_cs,3,2,pst,"{'Line in File': '3', 'Position in File': '2', 'Condition': '-', 'Local (Y/N)': 'N', 'TYPE': 'reservoir_data_char_input_cs', 'Component': 'pst', 'Type': 'character(len=25)', 'Dimensions': '-', 'Default': '-', 'Units': 'N/A', 'Description': '-', 'Swat_codetype': 'res_dat_c_cs'}","{'Line in File': '3', 'Position in File': '2', 'Condition': '-', 'Local (Y/N)': 'N', 'TYPE': 'reservoir_data_char_input_cs', 'Component': 'pst', 'Type': 'character(len=25)', 'Dimensions': '-', 'Default': '""""', 'Units': 'N/A', 'Description': '-', 'Swat_codetype': 'res_dat_c_cs'}"
reservoir.res_cs,3,3,weir,"{'Line in File': '3', 'Position in File': '3', 'Condition': '-', 'Local (Y/N)': 'N', 'TYPE': 'reservoir_data_char_input_cs', 'Component': 'weir', 'Type': 'character(len=25)', 'Dimensions': '-', 'Default': '-', 'Units': 'N/A', 'Description': '-', 'Swat_codetype': 'res_dat_c_cs'}","{'Line in File': '3', 'Position in File': '3', 'Condition': '-', 'Local (Y/N)': 'N', 'TYPE': 'reservoir_data_char_input_cs', 'Component': 'weir', 'Type': 'character(len=25)', 'Dimensions': '-', 'Default': '""""', 'Units': 'N/A', 'Description': '-', 'Swat_codetype': 'res_dat_c_cs'}"
reservoir.res_cs,3,4,salt,"{'Line in File': '3', 'Position in File': '4', 'Condition': '-', 'Local (Y/N)': 'N', 'TYPE': 'reservoir_data_char_input_cs', 'Component': 'salt', 'Type': 'character(len=25)', 'Dimensions': '-', 'Default': '-', 'Units': 'N/A', 'Description': '-', 'Swat_codetype': 'res_dat_c_cs'}","{'Line in File': '3', 'Position in File': '4', 'Condition': '-', 'Local (Y/N)': 'N', 'TYPE': 'reservoir_data_char_input_cs', 'Component': 'salt', 'Type': 'character(len=25)', 'Dimensions': '-', 'Default': '""""', 'Units': 'N/A', 'Description': '-', 'Swat_codetype': 'res_dat_c_cs'}"
reservoir.res_cs,3,5,cs,"{'Line in File': '3', 'Position in File': '5', 'Condition': '-', 'Local (Y/N)': 'N', 'TYPE': 'reservoir_data_char_input_cs', 'Component': 'cs', 'Type': 'character(len=25)', 'Dimensions': '-', 'Default': '-', 'Units': 'N/A', 'Description': '-', 'Swat_codetype': 'res_dat_c_cs'}","{'Line in File': '3', 'Position in File': '5', 'Condition': '-', 'Local (Y/N)': 'N', 'TYPE': 'reservoir_data_char_input_cs', 'Component': 'cs', 'Type': 'character(len=25)', 'Dimensions': '-', 'Default': '""""', 'Units': 'N/A', 'Description': '-', 'Swat_codetype': 'res_dat_c_cs'}"
rout_unit.con,1,1,titldum,"{'Line in File': '1', 'Position in File': '1', 'Condition': '-', 'Local (Y/N)': 'Y', 'TYPE': '-', 'Component': 'titldum', 'Type': 'character(len=80)', 'Dimensions': '-', 'Default': '-', 'Units': 'N/A', 'Description': '-', 'Swat_codetype': '-'}","{'Line in File': '1', 'Position in File': '1', 'Condition': '-', 'Local (Y/N)': 'Y', 'TYPE': '-', 'Component': 'titldum', 'Type': 'character(len=80)', 'Dimensions': '-', 'Default': '""""', 'Units': 'N/A', 'Description': '-', 'Swat_codetype': '-'}"
rout_unit.con,2,1,header,"{'Line in File': '2', 'Position in File': '1', 'Condition': '-', 'Local (Y/N)': 'Y', 'TYPE': '-', 'Component': 'header', 'Type': 'character(len=80)', 'Dimensions': '-', 'Default': '-', 'Units': 'N/A', 'Description': '-', 'Swat_codetype': '-'}","{'Line in File': '2', 'Position in File': '1', 'Condition': '-', 'Local (Y/N)': 'Y', 'TYPE': '-', 'Component': 'header', 'Type': 'character(len=80)', 'Dimensions': '-', 'Default': '""""', 'Units': 'N/A', 'Description': '-', 'Swat_codetype': '-'}"
rout_unit.con,3,10,constit,"{'Line in File': '3', 'Position in File': '10', 'Condition': 'if (ncs > 0)', 'Local (Y/N)': 'N', 'TYPE': 'ob', 'Component': 'constit', 'Type': 'integer', 'Dimensions': '-', 'Default': '-', 'Units': 'N/A', 'Description': '-', 'Swat_codetype': 'ob'}","{'Line in File': '3', 'Position in File': '10', 'Condition': 'if (ncs > 0)', 'Local (Y/N)': 'N', 'TYPE': 'ob', 'Component': 'constit', 'Type': 'integer', 'Dimensions': '-', 'Default': '0', 'Units': 'N/A', 'Description': '-', 'Swat_codetype': 'ob'}"
rout_unit.con,3,11,props2,"{'Line in File': '3', 'Position in File': '11', 'Condition': 'if (ncs > 0)', 'Local (Y/N)': 'N', 'TYPE': 'ob', 'Component': 'props2', 'Type': 'integer', 'Dimensions': '-', 'Default': '-', 'Units': 'N/A', 'Description': '-', 'Swat_codetype': 'ob'}","{'Line in File': '3', 'Position in File': '11', 'Condition': 'if (ncs > 0)', 'Local (Y/N)': 'N', 'TYPE': 'ob', 'Component': 'props2', 'Type': 'integer', 'Dimensions': '-', 'Default': '0', 'Units': 'N/A', 'Description': '-', 'Swat_codetype': 'ob'}"
rout_unit.con,3,12,ruleset,"{'Line in File': '3', 'Position in File': '12', 'Condition': 'if (ncs > 0)', 'Local (Y/N)': 'N', 'TYPE': 'ob', 'Component': 'ruleset', 'Type': 'character(len=16)', 'Dimensions': '-', 'Default': '-', 'Units': 'N/A', 'Description': '-', 'Swat_codetype': 'ob'}","{'Line in File': '3', 'Position in File': '12', 'Condition': 'if (ncs > 0)', 'Local (Y/N)': 'N', 'TYPE': 'ob', 'Component': 'ruleset', 'Type': 'character(len=16)', 'Dimensions': '-', 'Default': '""""', 'Units': 'N/A', 'Description': '-', 'Swat_codetype': 'ob'}"
rout_unit.con,3,3,gis_id,"{'Line in File': '3', 'Position in File': '3', 'Condition': 'if (ncs > 0)', 'Local (Y/N)': 'N', 'TYPE': 'ob', 'Component': 'gis_id', 'Type': 'integer(kind=8)', 'Dimensions': '-', 'Default': '-', 'Units': 'N/A', 'Description': '-', 'Swat_codetype': 'ob'}","{'Line in File': '3', 'Position in File': '3', 'Condition': 'if (ncs > 0)', 'Local (Y/N)': 'N', 'TYPE': 'ob', 'Component': 'gis_id', 'Type': 'integer(kind=8)', 'Dimensions': '-', 'Default': '0', 'Units': 'N/A', 'Description': '-', 'Swat_codetype': 'ob'}"
rout_unit.con,3,5,lat,"{'Line in File': '3', 'Position in File': '5', 'Condition': 'if (ncs > 0)', 'Local (Y/N)': 'N', 'TYPE': 'ob', 'Component': 'lat', 'Type': 'real', 'Dimensions': '-', 'Default': '-', 'Units': 'N/A', 'Description': '-', 'Swat_codetype': 'ob'}","{'Line in File': '3', 'Position in File': '5', 'Condition': 'if (ncs > 0)', 'Local (Y/N)': 'N', 'TYPE': 'ob', 'Component': 'lat', 'Type': 'real', 'Dimensions': '-', 'Default': '0.', 'Units': 'N/A', 'Description': '-', 'Swat_codetype': 'ob'}"
rout_unit.con,3,6,long,"{'Line in File': '3', 'Position in File': '6', 'Condition': 'if (ncs > 0)', 'Local (Y/N)': 'N', 'TYPE': 'ob', 'Component': 'long', 'Type': 'real', 'Dimensions': '-', 'Default': '-', 'Units': 'N/A', 'Description': '-', 'Swat_codetype': 'ob'}","{'Line in File': '3', 'Position in File': '6', 'Condition': 'if (ncs > 0)', 'Local (Y/N)': 'N', 'TYPE': 'ob', 'Component': 'long', 'Type': 'real', 'Dimensions': '-', 'Default': '0.', 'Units': 'N/A', 'Description': '-', 'Swat_codetype': 'ob'}"
rout_unit.con,3,9,wst_c,"{'Line in File': '3', 'Position in File': '9', 'Condition': 'if (ncs > 0)', 'Local (Y/N)': 'N', 'TYPE': 'ob', 'Component': 'wst_c', 'Type': 'character(len=50)', 'Dimensions': '-', 'Default': '-', 'Units': 'N/A', 'Description': '-', 'Swat_codetype': 'ob'}","{'Line in File': '3', 'Position in File': '9', 'Condition': 'if (ncs > 0)', 'Local (Y/N)': 'N', 'TYPE': 'ob', 'Component': 'wst_c', 'Type': 'character(len=50)', 'Dimensions': '-', 'Default': '""""', 'Units': 'N/A', 'Description': '-', 'Swat_codetype': 'ob'}"
rout_unit.def,1,1,titldum,"{'Line in File': '1', 'Position in File': '1', 'Condition': '-', 'Local (Y/N)': 'Y', 'TYPE': '-', 'Component': 'titldum', 'Type': 'character(len=80)', 'Dimensions': '-', 'Default': '-', 'Units': 'N/A', 'Description': '-', 'Swat_codetype': '-'}","{'Line in File': '1', 'Position in File': '1', 'Condition': '-', 'Local (Y/N)': 'Y', 'TYPE': '-', 'Component': 'titldum', 'Type': 'character(len=80)', 'Dimensions': '-', 'Default': '""""', 'Units': 'N/A', 'Description': '-', 'Swat_codetype': '-'}"
rout_unit.def,2,1,header,"{'Line in File': '2', 'Position in File': '1', 'Condition': '-', 'Local (Y/N)': 'Y', 'TYPE': '-', 'Component': 'header', 'Type': 'character(len=80)', 'Dimensions': '-', 'Default': '-', 'Units': 'N/A', 'Description': '-', 'Swat_codetype': '-'}","{'Line in File': '2', 'Position in File': '1', 'Condition': '-', 'Local (Y/N)': 'Y', 'TYPE': '-', 'Component': 'header', 'Type': 'character(len=80)', 'Dimensions': '-', 'Default': '""""', 'Units': 'N/A', 'Description': '-', 'Swat_codetype': '-'}"
rout_unit.def,3,1,numb,"{'Line in File': '3', 'Position in File': '1', 'Condition': 'if (nspu > 0)', 'Local (Y/N)': 'Y', 'TYPE': '-', 'Component': 'numb', 'Type': 'integer', 'Dimensions': '-', 'Default': '-', 'Units': 'N/A', 'Description': '-', 'Swat_codetype': '-'}","{'Line in File': '3', 'Position in File': '1', 'Condition': 'if (nspu > 0)', 'Local (Y/N)': 'Y', 'TYPE': '-', 'Component': 'numb', 'Type': 'integer', 'Dimensions': '-', 'Default': '0', 'Units': 'N/A', 'Description': '-', 'Swat_codetype': '-'}"
rout_unit.def,3,2,name,"{'Line in File': '3', 'Position in File': '2', 'Condition': 'if (nspu > 0)', 'Local (Y/N)': 'N', 'TYPE': 'ru_def', 'Component': 'name', 'Type': 'character(len=16)', 'Dimensions': '-', 'Default': '-', 'Units': 'N/A', 'Description': '-', 'Swat_codetype': 'in_ru'}","{'Line in File': '3', 'Position in File': '2', 'Condition': 'if (nspu > 0)', 'Local (Y/N)': 'N', 'TYPE': 'ru_def', 'Component': 'name', 'Type': 'character(len=16)', 'Dimensions': '-', 'Default': '""""', 'Units': 'N/A', 'Description': '-', 'Swat_codetype': 'in_ru'}"
rout_unit.def,3,3,nspu,"{'Line in File': '3', 'Position in File': '3', 'Condition': 'if (nspu > 0)', 'Local (Y/N)': 'Y', 'TYPE': '-', 'Component': 'nspu', 'Type': 'integer', 'Dimensions': '-', 'Default': '-', 'Units': 'N/A', 'Description': '-', 'Swat_codetype': '-'}","{'Line in File': '3', 'Position in File': '3', 'Condition': 'if (nspu > 0)', 'Local (Y/N)': 'Y', 'TYPE': '-', 'Component': 'nspu', 'Type': 'integer', 'Dimensions': '-', 'Default': '0', 'Units': 'N/A', 'Description': '-', 'Swat_codetype': '-'}"
rout_unit.ele,1,1,titldum,"{'Line in File': '1', 'Position in File': '1', 'Condition': '-', 'Local (Y/N)': 'Y', 'TYPE': '-', 'Component': 'titldum', 'Type': 'character(len=80)', 'Dimensions': '-', 'Default': '-', 'Units': 'N/A', 'Description': '-', 'Swat_codetype': '-'}","{'Line in File': '1', 'Position in File': '1', 'Condition': '-', 'Local (Y/N)': 'Y', 'TYPE': '-', 'Component': 'titldum', 'Type': 'character(len=80)', 'Dimensions': '-', 'Default': '""""', 'Units': 'N/A', 'Description': '-', 'Swat_codetype': '-'}"
rout_unit.ele,2,1,header,"{'Line in File': '2', 'Position in File': '1', 'Condition': '-', 'Local (Y/N)': 'Y', 'TYPE': '-', 'Component': 'header', 'Type': 'character(len=80)', 'Dimensions': '-', 'Default': '-', 'Units': 'N/A', 'Description': '-', 'Swat_codetype': '-'}","{'Line in File': '2', 'Position in File': '1', 'Condition': '-', 'Local (Y/N)': 'Y', 'TYPE': '-', 'Component': 'header', 'Type': 'character(len=80)', 'Dimensions': '-', 'Default': '""""', 'Units': 'N/A', 'Description': '-', 'Swat_codetype': '-'}"
rout_unit.ele,3,1,k,"{'Line in File': '3', 'Position in File': '1', 'Condition': '-', 'Local (Y/N)': 'Y', 'TYPE': '-', 'Component': 'k', 'Type': 'integer', 'Dimensions': '-', 'Default': '-', 'Units': 'N/A', 'Description': '-', 'Swat_codetype': '-'}","{'Line in File': '3', 'Position in File': '1', 'Condition': '-', 'Local (Y/N)': 'Y', 'TYPE': '-', 'Component': 'k', 'Type': 'integer', 'Dimensions': '-', 'Default': '0', 'Units': 'N/A', 'Description': '-', 'Swat_codetype': '-'}"
rout_unit.ele,3,2,name,"{'Line in File': '3', 'Position in File': '2', 'Condition': '-', 'Local (Y/N)': 'N', 'TYPE': 'ru_elem', 'Component': 'name', 'Type': 'character(len=16)', 'Dimensions': '-', 'Default': '-', 'Units': 'N/A', 'Description': '-', 'Swat_codetype': 'in_ru'}","{'Line in File': '3', 'Position in File': '2', 'Condition': '-', 'Local (Y/N)': 'N', 'TYPE': 'ru_elem', 'Component': 'name', 'Type': 'character(len=16)', 'Dimensions': '-', 'Default': '""""', 'Units': 'N/A', 'Description': '-', 'Swat_codetype': 'in_ru'}"
rout_unit.ele,3,3,obtyp,"{'Line in File': '3', 'Position in File': '3', 'Condition': '-', 'Local (Y/N)': 'N', 'TYPE': 'ru_elem', 'Component': 'obtyp', 'Type': 'character(len=3)', 'Dimensions': '-', 'Default': '-', 'Units': 'N/A', 'Description': '-', 'Swat_codetype': 'in_ru'}","{'Line in File': '3', 'Position in File': '3', 'Condition': '-', 'Local (Y/N)': 'N', 'TYPE': 'ru_elem', 'Component': 'obtyp', 'Type': 'character(len=3)', 'Dimensions': '-', 'Default': '""""', 'Units': 'N/A', 'Description': '-', 'Swat_codetype': 'in_ru'}"
rout_unit.ele,3,6,dr_name,"{'Line in File': '3', 'Position in File': '6', 'Condition': '-', 'Local (Y/N)': 'N', 'TYPE': 'ru_elem', 'Component': 'dr_name', 'Type': 'character(len=16)', 'Dimensions': '-', 'Default': '-', 'Units': 'N/A', 'Description': '-', 'Swat_codetype': 'in_ru'}","{'Line in File': '3', 'Position in File': '6', 'Condition': '-', 'Local (Y/N)': 'N', 'TYPE': 'ru_elem', 'Component': 'dr_name', 'Type': 'character(len=16)', 'Dimensions': '-', 'Default': '""""', 'Units': 'N/A', 'Description': '-', 'Swat_codetype': 'in_ru'}"
rout_unit.rtu,1,1,titldum,"{'Line in File': '1', 'Position in File': '1', 'Condition': 'if (cs_db%num_cs > 0)', 'Local (Y/N)': 'Y', 'TYPE': '-', 'Component': 'titldum', 'Type': 'character(len=80)', 'Dimensions': '-', 'Default': '-', 'Units': 'N/A', 'Description': '-', 'Swat_codetype': '-'}","{'Line in File': '1', 'Position in File': '1', 'Condition': 'if (cs_db%num_cs > 0)', 'Local (Y/N)': 'Y', 'TYPE': '-', 'Component': 'titldum', 'Type': 'character(len=80)', 'Dimensions': '-', 'Default': '""""', 'Units': 'N/A', 'Description': '-', 'Swat_codetype': '-'}"
rout_unit.rtu,2,1,header,"{'Line in File': '2', 'Position in File': '1', 'Condition': 'if (cs_db%num_cs > 0)', 'Local (Y/N)': 'Y', 'TYPE': '-', 'Component': 'header', 'Type': 'character(len=80)', 'Dimensions': '-', 'Default': '-', 'Units': 'N/A', 'Description': '-', 'Swat_codetype': '-'}","{'Line in File': '2', 'Position in File': '1', 'Condition': 'if (cs_db%num_cs > 0)', 'Local (Y/N)': 'Y', 'TYPE': '-', 'Component': 'header', 'Type': 'character(len=80)', 'Dimensions': '-', 'Default': '""""', 'Units': 'N/A', 'Description': '-', 'Swat_codetype': '-'}"
rout_unit.rtu,3,1,k,"{'Line in File': '3', 'Position in File': '1', 'Condition': 'if (cs_db%num_cs > 0)', 'Local (Y/N)': 'Y', 'TYPE': '-', 'Component': 'k', 'Type': 'integer', 'Dimensions': '-', 'Default': '-', 'Units': 'N/A', 'Description': '-', 'Swat_codetype': '-'}","{'Line in File': '3', 'Position in File': '1', 'Condition': 'if (cs_db%num_cs > 0)', 'Local (Y/N)': 'Y', 'TYPE': '-', 'Component': 'k', 'Type': 'integer', 'Dimensions': '-', 'Default': '0', 'Units': 'N/A', 'Description': '-', 'Swat_codetype': '-'}"
ru_elem_upd,1,1,titldum,"{'Line in File': '1', 'Position in File': '1', 'Condition': '-', 'Local (Y/N)': 'Y', 'TYPE': '-', 'Component': 'titldum', 'Type': 'character(len=80)', 'Dimensions': '-', 'Default': '-', 'Units': 'N/A', 'Description': '-', 'Swat_codetype': '-'}","{'Line in File': '1', 'Position in File': '1', 'Condition': '-', 'Local (Y/N)': 'Y', 'TYPE': '-', 'Component': 'titldum', 'Type': 'character(len=80)', 'Dimensions': '-', 'Default': '""""', 'Units': 'N/A', 'Description': '-', 'Swat_codetype': '-'}"
ru_elem_upd,2,1,header,"{'Line in File': '2', 'Position in File': '1', 'Condition': '-', 'Local (Y/N)': 'Y', 'TYPE': '-', 'Component': 'header', 'Type': 'character(len=80)', 'Dimensions': '-', 'Default': '-', 'Units': 'N/A', 'Description': '-', 'Swat_codetype': '-'}","{'Line in File': '2', 'Position in File': '1', 'Condition': '-', 'Local (Y/N)': 'Y', 'TYPE': '-', 'Component': 'header', 'Type': 'character(len=80)', 'Dimensions': '-', 'Default': '""""', 'Units': 'N/A', 'Description': '-', 'Swat_codetype': '-'}"
ru_elem_upd,3,1,k,"{'Line in File': '3', 'Position in File': '1', 'Condition': '-', 'Local (Y/N)': 'Y', 'TYPE': '-', 'Component': 'k', 'Type': 'integer', 'Dimensions': '-', 'Default': '-', 'Units': 'N/A', 'Description': '-', 'Swat_codetype': '-'}","{'Line in File': '3', 'Position in File': '1', 'Condition': '-', 'Local (Y/N)': 'Y', 'TYPE': '-', 'Component': 'k', 'Type': 'integer', 'Dimensions': '-', 'Default': '0', 'Units': 'N/A', 'Description': '-', 'Swat_codetype': '-'}"
ru_elem_upd,3,2,name,"{'Line in File': '3', 'Position in File': '2', 'Condition': '-', 'Local (Y/N)': 'N', 'TYPE': 'ru_elem', 'Component': 'name', 'Type': 'character(len=16)', 'Dimensions': '-', 'Default': '-', 'Units': 'N/A', 'Description': '-', 'Swat_codetype': 'ru_elem'}","{'Line in File': '3', 'Position in File': '2', 'Condition': '-', 'Local (Y/N)': 'N', 'TYPE': 'ru_elem', 'Component': 'name', 'Type': 'character(len=16)', 'Dimensions': '-', 'Default': '""""', 'Units': 'N/A', 'Description': '-', 'Swat_codetype': 'ru_elem'}"
ru_elem_upd,3,3,obtyp,"{'Line in File': '3', 'Position in File': '3', 'Condition': '-', 'Local (Y/N)': 'N', 'TYPE': 'ru_elem', 'Component': 'obtyp', 'Type': 'character(len=3)', 'Dimensions': '-', 'Default': '-', 'Units': 'N/A', 'Description': '-', 'Swat_codetype': 'ru_elem'}","{'Line in File': '3', 'Position in File': '3', 'Condition': '-', 'Local (Y/N)': 'N', 'TYPE': 'ru_elem', 'Component': 'obtyp', 'Type': 'character(len=3)', 'Dimensions': '-', 'Default': '""""', 'Units': 'N/A', 'Description': '-', 'Swat_codetype': 'ru_elem'}"
ru_elem_upd,3,6,dr_name,"{'Line in File': '3', 'Position in File': '6', 'Condition': '-', 'Local (Y/N)': 'N', 'TYPE': 'ru_elem', 'Component': 'dr_name', 'Type': 'character(len=16)', 'Dimensions': '-', 'Default': '-', 'Units': 'N/A', 'Description': '-', 'Swat_codetype': 'ru_elem'}","{'Line in File': '3', 'Position in File': '6', 'Condition': '-', 'Local (Y/N)': 'N', 'TYPE': 'ru_elem', 'Component': 'dr_name', 'Type': 'character(len=16)', 'Dimensions': '-', 'Default': '""""', 'Units': 'N/A', 'Description': '-', 'Swat_codetype': 'ru_elem'}"
salt_aqu.ini,1,1,titldum,"{'Line in File': '1', 'Position in File': '1', 'Condition': '-', 'Local (Y/N)': 'Y', 'TYPE': '-', 'Component': 'titldum', 'Type': 'character(len=80)', 'Dimensions': '-', 'Default': '-', 'Units': 'N/A', 'Description': '-', 'Swat_codetype': '-'}","{'Line in File': '1', 'Position in File': '1', 'Condition': '-', 'Local (Y/N)': 'Y', 'TYPE': '-', 'Component': 'titldum', 'Type': 'character(len=80)', 'Dimensions': '-', 'Default': '""""', 'Units': 'N/A', 'Description': '-', 'Swat_codetype': '-'}"
salt_aqu.ini,2,1,header,"{'Line in File': '2', 'Position in File': '1', 'Condition': '-', 'Local (Y/N)': 'Y', 'TYPE': '-', 'Component': 'header', 'Type': 'character(len=80)', 'Dimensions': '-', 'Default': '-', 'Units': 'N/A', 'Description': '-', 'Swat_codetype': '-'}","{'Line in File': '2', 'Position in File': '1', 'Condition': '-', 'Local (Y/N)': 'Y', 'TYPE': '-', 'Component': 'header', 'Type': 'character(len=80)', 'Dimensions': '-', 'Default': '""""', 'Units': 'N/A', 'Description': '-', 'Swat_codetype': '-'}"
salt_aqu.ini,3,1,header,"{'Line in File': '3', 'Position in File': '1', 'Condition': '-', 'Local (Y/N)': 'Y', 'TYPE': '-', 'Component': 'header', 'Type': 'character(len=80)', 'Dimensions': '-', 'Default': '-', 'Units': 'N/A', 'Description': '-', 'Swat_codetype': '-'}","{'Line in File': '3', 'Position in File': '1', 'Condition': '-', 'Local (Y/N)': 'Y', 'TYPE': '-', 'Component': 'header', 'Type': 'character(len=80)', 'Dimensions': '-', 'Default': '""""', 'Units': 'N/A', 'Description': '-', 'Swat_codetype': '-'}"
salt_aqu.ini,4,1,header,"{'Line in File': '4', 'Position in File': '1', 'Condition': '-', 'Local (Y/N)': 'Y', 'TYPE': '-', 'Component': 'header', 'Type': 'character(len=80)', 'Dimensions': '-', 'Default': '-', 'Units': 'N/A', 'Description': '-', 'Swat_codetype': '-'}","{'Line in File': '4', 'Position in File': '1', 'Condition': '-', 'Local (Y/N)': 'Y', 'TYPE': '-', 'Component': 'header', 'Type': 'character(len=80)', 'Dimensions': '-', 'Default': '""""', 'Units': 'N/A', 'Description': '-', 'Swat_codetype': '-'}"
salt_aqu.ini,5,1,name,"{'Line in File': '5', 'Position in File': '1', 'Condition': '-', 'Local (Y/N)': 'N', 'TYPE': 'salt_aqu_ini', 'Component': 'name', 'Type': 'character(len=16)', 'Dimensions': '-', 'Default': '-', 'Units': 'N/A', 'Description': 'name of the constituent - points to constituent database', 'Swat_codetype': 'salt_aqu_ini'}","{'Line in File': '5', 'Position in File': '1', 'Condition': '-', 'Local (Y/N)': 'N', 'TYPE': 'salt_aqu_ini', 'Component': 'name', 'Type': 'character(len=16)', 'Dimensions': '-', 'Default': '""""', 'Units': 'N/A', 'Description': 'name of the constituent - points to constituent database', 'Swat_codetype': 'salt_aqu_ini'}"
salt_atmo.cli,10,1,station_name,"{'Line in File': '10', 'Position in File': '1', 'Condition': 'if (atmodep_cont%timestep == ""mo"")', 'Local (Y/N)': 'Y', 'TYPE': '-', 'Component': 'station_name', 'Type': 'character(len=15)', 'Dimensions': '-', 'Default': '-', 'Units': 'N/A', 'Description': '-', 'Swat_codetype': '-'}","{'Line in File': '10', 'Position in File': '1', 'Condition': 'if (atmodep_cont%timestep == ""mo"")', 'Local (Y/N)': 'Y', 'TYPE': '-', 'Component': 'station_name', 'Type': 'character(len=15)', 'Dimensions': '-', 'Default': '""""', 'Units': 'N/A', 'Description': '-', 'Swat_codetype': '-'}"
salt_atmo.cli,11,1,salt_ion,"{'Line in File': '11', 'Position in File': '1', 'Condition': 'if (atmodep_cont%timestep == ""mo"")', 'Local (Y/N)': 'Y', 'TYPE': '-', 'Component': 'salt_ion', 'Type': 'character(len=4)', 'Dimensions': '-', 'Default': '-', 'Units': 'N/A', 'Description': '-', 'Swat_codetype': '-'}","{'Line in File': '11', 'Position in File': '1', 'Condition': 'if (atmodep_cont%timestep == ""mo"")', 'Local (Y/N)': 'Y', 'TYPE': '-', 'Component': 'salt_ion', 'Type': 'character(len=4)', 'Dimensions': '-', 'Default': '""""', 'Units': 'N/A', 'Description': '-', 'Swat_codetype': '-'}"
salt_atmo.cli,12,1,salt_ion,"{'Line in File': '12', 'Position in File': '1', 'Condition': 'if (atmodep_cont%timestep == ""mo"")', 'Local (Y/N)': 'Y', 'TYPE': '-', 'Component': 'salt_ion', 'Type': 'character(len=4)', 'Dimensions': '-', 'Default': '-', 'Units': 'N/A', 'Description': '-', 'Swat_codetype': '-'}","{'Line in File': '12', 'Position in File': '1', 'Condition': 'if (atmodep_cont%timestep == ""mo"")', 'Local (Y/N)': 'Y', 'TYPE': '-', 'Component': 'salt_ion', 'Type': 'character(len=4)', 'Dimensions': '-', 'Default': '""""', 'Units': 'N/A', 'Description': '-', 'Swat_codetype': '-'}"
salt_atmo.cli,13,1,station_name,"{'Line in File': '13', 'Position in File': '1', 'Condition': 'if (atmodep_cont%timestep == ""yr"")', 'Local (Y/N)': 'Y', 'TYPE': '-', 'Component': 'station_name', 'Type': 'character(len=15)', 'Dimensions': '-', 'Default': '-', 'Units': 'N/A', 'Description': '-', 'Swat_codetype': '-'}","{'Line in File': '13', 'Position in File': '1', 'Condition': 'if (atmodep_cont%timestep == ""yr"")', 'Local (Y/N)': 'Y', 'TYPE': '-', 'Component': 'station_name', 'Type': 'character(len=15)', 'Dimensions': '-', 'Default': '""""', 'Units': 'N/A', 'Description': '-', 'Swat_codetype': '-'}"
salt_atmo.cli,14,1,salt_ion,"{'Line in File': '14', 'Position in File': '1', 'Condition': 'if (atmodep_cont%timestep == ""yr"")', 'Local (Y/N)': 'Y', 'TYPE': '-', 'Component': 'salt_ion', 'Type': 'character(len=4)', 'Dimensions': '-', 'Default': '-', 'Units': 'N/A', 'Description': '-', 'Swat_codetype': '-'}","{'Line in File': '14', 'Position in File': '1', 'Condition': 'if (atmodep_cont%timestep == ""yr"")', 'Local (Y/N)': 'Y', 'TYPE': '-', 'Component': 'salt_ion', 'Type': 'character(len=4)', 'Dimensions': '-', 'Default': '""""', 'Units': 'N/A', 'Description': '-', 'Swat_codetype': '-'}"
salt_atmo.cli,15,1,salt_ion,"{'Line in File': '15', 'Position in File': '1', 'Condition': 'if (atmodep_cont%timestep == ""yr"")', 'Local (Y/N)': 'Y', 'TYPE': '-', 'Component': 'salt_ion', 'Type': 'character(len=4)', 'Dimensions': '-', 'Default': '-', 'Units': 'N/A', 'Description': '-', 'Swat_codetype': '-'}","{'Line in File': '15', 'Position in File': '1', 'Condition': 'if (atmodep_cont%timestep == ""yr"")', 'Local (Y/N)': 'Y', 'TYPE': '-', 'Component': 'salt_ion', 'Type': 'character(len=4)', 'Dimensions': '-', 'Default': '""""', 'Units': 'N/A', 'Description': '-', 'Swat_codetype': '-'}"
salt_atmo.cli,7,1,station_name,"{'Line in File': '7', 'Position in File': '1', 'Condition': 'if (atmodep_cont%timestep == ""aa"")', 'Local (Y/N)': 'Y', 'TYPE': '-', 'Component': 'station_name', 'Type': 'character(len=15)', 'Dimensions': '-', 'Default': '-', 'Units': 'N/A', 'Description': '-', 'Swat_codetype': '-'}","{'Line in File': '7', 'Position in File': '1', 'Condition': 'if (atmodep_cont%timestep == ""aa"")', 'Local (Y/N)': 'Y', 'TYPE': '-', 'Component': 'station_name', 'Type': 'character(len=15)', 'Dimensions': '-', 'Default': '""""', 'Units': 'N/A', 'Description': '-', 'Swat_codetype': '-'}"
salt_atmo.cli,8,1,salt_ion,"{'Line in File': '8', 'Position in File': '1', 'Condition': 'if (atmodep_cont%timestep == ""aa"")', 'Local (Y/N)': 'Y', 'TYPE': '-', 'Component': 'salt_ion', 'Type': 'character(len=4)', 'Dimensions': '-', 'Default': '-', 'Units': 'N/A', 'Description': '-', 'Swat_codetype': '-'}","{'Line in File': '8', 'Position in File': '1', 'Condition': 'if (atmodep_cont%timestep == ""aa"")', 'Local (Y/N)': 'Y', 'TYPE': '-', 'Component': 'salt_ion', 'Type': 'character(len=4)', 'Dimensions': '-', 'Default': '""""', 'Units': 'N/A', 'Description': '-', 'Swat_codetype': '-'}"
salt_atmo.cli,9,1,salt_ion,"{'Line in File': '9', 'Position in File': '1', 'Condition': 'if (atmodep_cont%timestep == ""aa"")', 'Local (Y/N)': 'Y', 'TYPE': '-', 'Component': 'salt_ion', 'Type': 'character(len=4)', 'Dimensions': '-', 'Default': '-', 'Units': 'N/A', 'Description': '-', 'Swat_codetype': '-'}","{'Line in File': '9', 'Position in File': '1', 'Condition': 'if (atmodep_cont%timestep == ""aa"")', 'Local (Y/N)': 'Y', 'TYPE': '-', 'Component': 'salt_ion', 'Type': 'character(len=4)', 'Dimensions': '-', 'Default': '""""', 'Units': 'N/A', 'Description': '-', 'Swat_codetype': '-'}"
salt_channel.ini,1,1,titldum,"{'Line in File': '1', 'Position in File': '1', 'Condition': '-', 'Local (Y/N)': 'Y', 'TYPE': '-', 'Component': 'titldum', 'Type': 'character(len=80)', 'Dimensions': '-', 'Default': '-', 'Units': 'N/A', 'Description': '-', 'Swat_codetype': '-'}","{'Line in File': '1', 'Position in File': '1', 'Condition': '-', 'Local (Y/N)': 'Y', 'TYPE': '-', 'Component': 'titldum', 'Type': 'character(len=80)', 'Dimensions': '-', 'Default': '""""', 'Units': 'N/A', 'Description': '-', 'Swat_codetype': '-'}"
salt_channel.ini,2,1,header,"{'Line in File': '2', 'Position in File': '1', 'Condition': '-', 'Local (Y/N)': 'Y', 'TYPE': '-', 'Component': 'header', 'Type': 'character(len=80)', 'Dimensions': '-', 'Default': '-', 'Units': 'N/A', 'Description': '-', 'Swat_codetype': '-'}","{'Line in File': '2', 'Position in File': '1', 'Condition': '-', 'Local (Y/N)': 'Y', 'TYPE': '-', 'Component': 'header', 'Type': 'character(len=80)', 'Dimensions': '-', 'Default': '""""', 'Units': 'N/A', 'Description': '-', 'Swat_codetype': '-'}"
salt_channel.ini,3,1,name,"{'Line in File': '3', 'Position in File': '1', 'Condition': '-', 'Local (Y/N)': 'N', 'TYPE': 'salt_cha_ini', 'Component': 'name', 'Type': 'character(len=16)', 'Dimensions': '-', 'Default': '-', 'Units': 'N/A', 'Description': 'name of the constituent - points to salt ion database', 'Swat_codetype': 'salt_cha_ini'}","{'Line in File': '3', 'Position in File': '1', 'Condition': '-', 'Local (Y/N)': 'N', 'TYPE': 'salt_cha_ini', 'Component': 'name', 'Type': 'character(len=16)', 'Dimensions': '-', 'Default': '""""', 'Units': 'N/A', 'Description': 'name of the constituent - points to salt ion database', 'Swat_codetype': 'salt_cha_ini'}"
salt_fertilizer.frt,1,1,titldum,"{'Line in File': '1', 'Position in File': '1', 'Condition': '-', 'Local (Y/N)': 'Y', 'TYPE': '-', 'Component': 'titldum', 'Type': 'character(len=80)', 'Dimensions': '-', 'Default': '-', 'Units': 'N/A', 'Description': '-', 'Swat_codetype': '-'}","{'Line in File': '1', 'Position in File': '1', 'Condition': '-', 'Local (Y/N)': 'Y', 'TYPE': '-', 'Component': 'titldum', 'Type': 'character(len=80)', 'Dimensions': '-', 'Default': '""""', 'Units': 'N/A', 'Description': '-', 'Swat_codetype': '-'}"
salt_fertilizer.frt,2,1,header,"{'Line in File': '2', 'Position in File': '1', 'Condition': '-', 'Local (Y/N)': 'Y', 'TYPE': '-', 'Component': 'header', 'Type': 'character(len=80)', 'Dimensions': '-', 'Default': '-', 'Units': 'N/A', 'Description': '-', 'Swat_codetype': '-'}","{'Line in File': '2', 'Position in File': '1', 'Condition': '-', 'Local (Y/N)': 'Y', 'TYPE': '-', 'Component': 'header', 'Type': 'character(len=80)', 'Dimensions': '-', 'Default': '""""', 'Units': 'N/A', 'Description': '-', 'Swat_codetype': '-'}"
salt_hru.ini,1,1,titldum,"{'Line in File': '1', 'Position in File': '1', 'Condition': '-', 'Local (Y/N)': 'Y', 'TYPE': '-', 'Component': 'titldum', 'Type': 'character(len=80)', 'Dimensions': '-', 'Default': '-', 'Units': 'N/A', 'Description': '-', 'Swat_codetype': '-'}","{'Line in File': '1', 'Position in File': '1', 'Condition': '-', 'Local (Y/N)': 'Y', 'TYPE': '-', 'Component': 'titldum', 'Type': 'character(len=80)', 'Dimensions': '-', 'Default': '""""', 'Units': 'N/A', 'Description': '-', 'Swat_codetype': '-'}"
salt_hru.ini,2,1,header,"{'Line in File': '2', 'Position in File': '1', 'Condition': '-', 'Local (Y/N)': 'Y', 'TYPE': '-', 'Component': 'header', 'Type': 'character(len=80)', 'Dimensions': '-', 'Default': '-', 'Units': 'N/A', 'Description': '-', 'Swat_codetype': '-'}","{'Line in File': '2', 'Position in File': '1', 'Condition': '-', 'Local (Y/N)': 'Y', 'TYPE': '-', 'Component': 'header', 'Type': 'character(len=80)', 'Dimensions': '-', 'Default': '""""', 'Units': 'N/A', 'Description': '-', 'Swat_codetype': '-'}"
salt_hru.ini,3,1,header,"{'Line in File': '3', 'Position in File': '1', 'Condition': '-', 'Local (Y/N)': 'Y', 'TYPE': '-', 'Component': 'header', 'Type': 'character(len=80)', 'Dimensions': '-', 'Default': '-', 'Units': 'N/A', 'Description': '-', 'Swat_codetype': '-'}","{'Line in File': '3', 'Position in File': '1', 'Condition': '-', 'Local (Y/N)': 'Y', 'TYPE': '-', 'Component': 'header', 'Type': 'character(len=80)', 'Dimensions': '-', 'Default': '""""', 'Units': 'N/A', 'Description': '-', 'Swat_codetype': '-'}"
salt_hru.ini,4,1,header,"{'Line in File': '4', 'Position in File': '1', 'Condition': '-', 'Local (Y/N)': 'Y', 'TYPE': '-', 'Component': 'header', 'Type': 'character(len=80)', 'Dimensions': '-', 'Default': '-', 'Units': 'N/A', 'Description': '-', 'Swat_codetype': '-'}","{'Line in File': '4', 'Position in File': '1', 'Condition': '-', 'Local (Y/N)': 'Y', 'TYPE': '-', 'Component': 'header', 'Type': 'character(len=80)', 'Dimensions': '-', 'Default': '""""', 'Units': 'N/A', 'Description': '-', 'Swat_codetype': '-'}"
salt_hru.ini,5,1,header,"{'Line in File': '5', 'Position in File': '1', 'Condition': '-', 'Local (Y/N)': 'Y', 'TYPE': '-', 'Component': 'header', 'Type': 'character(len=80)', 'Dimensions': '-', 'Default': '-', 'Units': 'N/A', 'Description': '-', 'Swat_codetype': '-'}","{'Line in File': '5', 'Position in File': '1', 'Condition': '-', 'Local (Y/N)': 'Y', 'TYPE': '-', 'Component': 'header', 'Type': 'character(len=80)', 'Dimensions': '-', 'Default': '""""', 'Units': 'N/A', 'Description': '-', 'Swat_codetype': '-'}"
salt_hru.ini,6,1,name,"{'Line in File': '6', 'Position in File': '1', 'Condition': '-', 'Local (Y/N)': 'N', 'TYPE': 'salt_soil_ini', 'Component': 'name', 'Type': 'character(len=16)', 'Dimensions': '-', 'Default': '-', 'Units': 'N/A', 'Description': 'name of the constituent - points to constituent database', 'Swat_codetype': 'salt_soil_ini'}","{'Line in File': '6', 'Position in File': '1', 'Condition': '-', 'Local (Y/N)': 'N', 'TYPE': 'salt_soil_ini', 'Component': 'name', 'Type': 'character(len=16)', 'Dimensions': '-', 'Default': '""""', 'Units': 'N/A', 'Description': 'name of the constituent - points to constituent database', 'Swat_codetype': 'salt_soil_ini'}"
salt_irrigation,1,1,titldum,"{'Line in File': '1', 'Position in File': '1', 'Condition': '-', 'Local (Y/N)': 'Y', 'TYPE': '-', 'Component': 'titldum', 'Type': 'character(len=80)', 'Dimensions': '-', 'Default': '-', 'Units': 'N/A', 'Description': '-', 'Swat_codetype': '-'}","{'Line in File': '1', 'Position in File': '1', 'Condition': '-', 'Local (Y/N)': 'Y', 'TYPE': '-', 'Component': 'titldum', 'Type': 'character(len=80)', 'Dimensions': '-', 'Default': '""""', 'Units': 'N/A', 'Description': '-', 'Swat_codetype': '-'}"
salt_irrigation,2,1,header,"{'Line in File': '2', 'Position in File': '1', 'Condition': '-', 'Local (Y/N)': 'Y', 'TYPE': '-', 'Component': 'header', 'Type': 'character(len=80)', 'Dimensions': '-', 'Default': '-', 'Units': 'N/A', 'Description': '-', 'Swat_codetype': '-'}","{'Line in File': '2', 'Position in File': '1', 'Condition': '-', 'Local (Y/N)': 'Y', 'TYPE': '-', 'Component': 'header', 'Type': 'character(len=80)', 'Dimensions': '-', 'Default': '""""', 'Units': 'N/A', 'Description': '-', 'Swat_codetype': '-'}"
salt_irrigation,3,1,name,"{'Line in File': '3', 'Position in File': '1', 'Condition': '-', 'Local (Y/N)': 'N', 'TYPE': 'salt_water_irr', 'Component': 'name', 'Type': 'character(len=16)', 'Dimensions': '-', 'Default': '-', 'Units': 'N/A', 'Description': 'name of the constituent - points to constituent database', 'Swat_codetype': 'salt_water_irr'}","{'Line in File': '3', 'Position in File': '1', 'Condition': '-', 'Local (Y/N)': 'N', 'TYPE': 'salt_water_irr', 'Component': 'name', 'Type': 'character(len=16)', 'Dimensions': '-', 'Default': '""""', 'Units': 'N/A', 'Description': 'name of the constituent - points to constituent database', 'Swat_codetype': 'salt_water_irr'}"
salt_plants,1,1,titldum,"{'Line in File': '1', 'Position in File': '1', 'Condition': '-', 'Local (Y/N)': 'Y', 'TYPE': '-', 'Component': 'titldum', 'Type': 'character(len=80)', 'Dimensions': '-', 'Default': '-', 'Units': 'N/A', 'Description': '-', 'Swat_codetype': '-'}","{'Line in File': '1', 'Position in File': '1', 'Condition': '-', 'Local (Y/N)': 'Y', 'TYPE': '-', 'Component': 'titldum', 'Type': 'character(len=80)', 'Dimensions': '-', 'Default': '""""', 'Units': 'N/A', 'Description': '-', 'Swat_codetype': '-'}"
salt_plants,12,1,header,"{'Line in File': '12', 'Position in File': '1', 'Condition': '-', 'Local (Y/N)': 'Y', 'TYPE': '-', 'Component': 'header', 'Type': 'character(len=80)', 'Dimensions': '-', 'Default': '-', 'Units': 'N/A', 'Description': '-', 'Swat_codetype': '-'}","{'Line in File': '12', 'Position in File': '1', 'Condition': '-', 'Local (Y/N)': 'Y', 'TYPE': '-', 'Component': 'header', 'Type': 'character(len=80)', 'Dimensions': '-', 'Default': '""""', 'Units': 'N/A', 'Description': '-', 'Swat_codetype': '-'}"
salt_plants,13,1,plant_name,"{'Line in File': '13', 'Position in File': '1', 'Condition': '-', 'Local (Y/N)': 'Y', 'TYPE': '-', 'Component': 'plant_name', 'Type': 'character(len=12)', 'Dimensions': '-', 'Default': '-', 'Units': 'N/A', 'Description': '-', 'Swat_codetype': '-'}","{'Line in File': '13', 'Position in File': '1', 'Condition': '-', 'Local (Y/N)': 'Y', 'TYPE': '-', 'Component': 'plant_name', 'Type': 'character(len=12)', 'Dimensions': '-', 'Default': '""""', 'Units': 'N/A', 'Description': '-', 'Swat_codetype': '-'}"
salt_plants,2,1,header,"{'Line in File': '2', 'Position in File': '1', 'Condition': '-', 'Local (Y/N)': 'Y', 'TYPE': '-', 'Component': 'header', 'Type': 'character(len=80)', 'Dimensions': '-', 'Default': '-', 'Units': 'N/A', 'Description': '-', 'Swat_codetype': '-'}","{'Line in File': '2', 'Position in File': '1', 'Condition': '-', 'Local (Y/N)': 'Y', 'TYPE': '-', 'Component': 'header', 'Type': 'character(len=80)', 'Dimensions': '-', 'Default': '""""', 'Units': 'N/A', 'Description': '-', 'Swat_codetype': '-'}"
salt_plants,3,1,salt_tds_ec,"{'Line in File': '3', 'Position in File': '1', 'Condition': '-', 'Local (Y/N)': 'N', 'TYPE': '-', 'Component': 'salt_tds_ec', 'Type': 'real', 'Dimensions': '-', 'Default': '-', 'Units': 'N/A', 'Description': '-', 'Swat_codetype': 'salt_tds_ec'}","{'Line in File': '3', 'Position in File': '1', 'Condition': '-', 'Local (Y/N)': 'N', 'TYPE': '-', 'Component': 'salt_tds_ec', 'Type': 'real', 'Dimensions': '-', 'Default': '0.', 'Units': 'N/A', 'Description': '-', 'Swat_codetype': 'salt_tds_ec'}"
salt_plants,5,1,salt_tol_sim,"{'Line in File': '5', 'Position in File': '1', 'Condition': '-', 'Local (Y/N)': 'N', 'TYPE': '-', 'Component': 'salt_tol_sim', 'Type': 'integer', 'Dimensions': '-', 'Default': '-', 'Units': 'N/A', 'Description': '-', 'Swat_codetype': 'salt_tol_sim'}","{'Line in File': '5', 'Position in File': '1', 'Condition': '-', 'Local (Y/N)': 'N', 'TYPE': '-', 'Component': 'salt_tol_sim', 'Type': 'integer', 'Dimensions': '-', 'Default': '0', 'Units': 'N/A', 'Description': '-', 'Swat_codetype': 'salt_tol_sim'}"
salt_plants,6,1,salt_soil_type,"{'Line in File': '6', 'Position in File': '1', 'Condition': '-', 'Local (Y/N)': 'N', 'TYPE': '-', 'Component': 'salt_soil_type', 'Type': 'integer', 'Dimensions': '-', 'Default': '-', 'Units': 'N/A', 'Description': '-', 'Swat_codetype': 'salt_soil_type'}","{'Line in File': '6', 'Position in File': '1', 'Condition': '-', 'Local (Y/N)': 'N', 'TYPE': '-', 'Component': 'salt_soil_type', 'Type': 'integer', 'Dimensions': '-', 'Default': '0', 'Units': 'N/A', 'Description': '-', 'Swat_codetype': 'salt_soil_type'}"
salt_plants,7,1,salt_effect,"{'Line in File': '7', 'Position in File': '1', 'Condition': '-', 'Local (Y/N)': 'N', 'TYPE': '-', 'Component': 'salt_effect', 'Type': 'integer', 'Dimensions': '-', 'Default': '-', 'Units': 'N/A', 'Description': '-', 'Swat_codetype': 'salt_effect'}","{'Line in File': '7', 'Position in File': '1', 'Condition': '-', 'Local (Y/N)': 'N', 'TYPE': '-', 'Component': 'salt_effect', 'Type': 'integer', 'Dimensions': '-', 'Default': '0', 'Units': 'N/A', 'Description': '-', 'Swat_codetype': 'salt_effect'}"
salt_recall.rec,1,1,titldum,"{'Line in File': '1', 'Position in File': '1', 'Condition': '-', 'Local (Y/N)': 'Y', 'TYPE': '-', 'Component': 'titldum', 'Type': 'character(len=80)', 'Dimensions': '-', 'Default': '-', 'Units': 'N/A', 'Description': '-', 'Swat_codetype': '-'}","{'Line in File': '1', 'Position in File': '1', 'Condition': '-', 'Local (Y/N)': 'Y', 'TYPE': '-', 'Component': 'titldum', 'Type': 'character(len=80)', 'Dimensions': '-', 'Default': '""""', 'Units': 'N/A', 'Description': '-', 'Swat_codetype': '-'}"
salt_recall.rec,2,1,header,"{'Line in File': '2', 'Position in File': '1', 'Condition': '-', 'Local (Y/N)': 'Y', 'TYPE': '-', 'Component': 'header', 'Type': 'character(len=80)', 'Dimensions': '-', 'Default': '-', 'Units': 'N/A', 'Description': '-', 'Swat_codetype': '-'}","{'Line in File': '2', 'Position in File': '1', 'Condition': '-', 'Local (Y/N)': 'Y', 'TYPE': '-', 'Component': 'header', 'Type': 'character(len=80)', 'Dimensions': '-', 'Default': '""""', 'Units': 'N/A', 'Description': '-', 'Swat_codetype': '-'}"
salt_recall.rec,3,1,k,"{'Line in File': '3', 'Position in File': '1', 'Condition': '-', 'Local (Y/N)': 'Y', 'TYPE': '-', 'Component': 'k', 'Type': 'integer', 'Dimensions': '-', 'Default': '-', 'Units': 'N/A', 'Description': '-', 'Swat_codetype': '-'}","{'Line in File': '3', 'Position in File': '1', 'Condition': '-', 'Local (Y/N)': 'Y', 'TYPE': '-', 'Component': 'k', 'Type': 'integer', 'Dimensions': '-', 'Default': '0', 'Units': 'N/A', 'Description': '-', 'Swat_codetype': '-'}"
salt_recall.rec,3,2,name,"{'Line in File': '3', 'Position in File': '2', 'Condition': '-', 'Local (Y/N)': 'N', 'TYPE': 'rec_salt', 'Component': 'name', 'Type': 'character(len=16)', 'Dimensions': '-', 'Default': '-', 'Units': 'N/A', 'Description': '-', 'Swat_codetype': 'rec_salt'}","{'Line in File': '3', 'Position in File': '2', 'Condition': '-', 'Local (Y/N)': 'N', 'TYPE': 'rec_salt', 'Component': 'name', 'Type': 'character(len=16)', 'Dimensions': '-', 'Default': '""""', 'Units': 'N/A', 'Description': '-', 'Swat_codetype': 'rec_salt'}"
salt_recall.rec,3,3,typ,"{'Line in File': '3', 'Position in File': '3', 'Condition': '-', 'Local (Y/N)': 'N', 'TYPE': 'rec_salt', 'Component': 'typ', 'Type': 'integer', 'Dimensions': '-', 'Default': '-', 'Units': 'N/A', 'Description': '-', 'Swat_codetype': 'rec_salt'}","{'Line in File': '3', 'Position in File': '3', 'Condition': '-', 'Local (Y/N)': 'N', 'TYPE': 'rec_salt', 'Component': 'typ', 'Type': 'integer', 'Dimensions': '-', 'Default': '0', 'Units': 'N/A', 'Description': '-', 'Swat_codetype': 'rec_salt'}"
salt_recall.rec,3,4,filename,"{'Line in File': '3', 'Position in File': '4', 'Condition': '-', 'Local (Y/N)': 'N', 'TYPE': 'rec_salt', 'Component': 'filename', 'Type': 'character(len=30)', 'Dimensions': '-', 'Default': '-', 'Units': 'N/A', 'Description': '-', 'Swat_codetype': 'rec_salt'}","{'Line in File': '3', 'Position in File': '4', 'Condition': '-', 'Local (Y/N)': 'N', 'TYPE': 'rec_salt', 'Component': 'filename', 'Type': 'character(len=30)', 'Dimensions': '-', 'Default': '""""', 'Units': 'N/A', 'Description': '-', 'Swat_codetype': 'rec_salt'}"
salt_res,1,1,titldum,"{'Line in File': '1', 'Position in File': '1', 'Condition': '-', 'Local (Y/N)': 'Y', 'TYPE': '-', 'Component': 'titldum', 'Type': 'character(len=80)', 'Dimensions': '-', 'Default': '-', 'Units': 'N/A', 'Description': '-', 'Swat_codetype': '-'}","{'Line in File': '1', 'Position in File': '1', 'Condition': '-', 'Local (Y/N)': 'Y', 'TYPE': '-', 'Component': 'titldum', 'Type': 'character(len=80)', 'Dimensions': '-', 'Default': '""""', 'Units': 'N/A', 'Description': '-', 'Swat_codetype': '-'}"
salt_res,2,1,titldum,"{'Line in File': '2', 'Position in File': '1', 'Condition': '-', 'Local (Y/N)': 'Y', 'TYPE': '-', 'Component': 'titldum', 'Type': 'character(len=80)', 'Dimensions': '-', 'Default': '-', 'Units': 'N/A', 'Description': '-', 'Swat_codetype': '-'}","{'Line in File': '2', 'Position in File': '1', 'Condition': '-', 'Local (Y/N)': 'Y', 'TYPE': '-', 'Component': 'titldum', 'Type': 'character(len=80)', 'Dimensions': '-', 'Default': '""""', 'Units': 'N/A', 'Description': '-', 'Swat_codetype': '-'}"
salt_res,4,1,header,"{'Line in File': '4', 'Position in File': '1', 'Condition': '-', 'Local (Y/N)': 'Y', 'TYPE': '-', 'Component': 'header', 'Type': 'character(len=80)', 'Dimensions': '-', 'Default': '-', 'Units': 'N/A', 'Description': '-', 'Swat_codetype': '-'}","{'Line in File': '4', 'Position in File': '1', 'Condition': '-', 'Local (Y/N)': 'Y', 'TYPE': '-', 'Component': 'header', 'Type': 'character(len=80)', 'Dimensions': '-', 'Default': '""""', 'Units': 'N/A', 'Description': '-', 'Swat_codetype': '-'}"
salt_res,5,1,name,"{'Line in File': '5', 'Position in File': '1', 'Condition': '-', 'Local (Y/N)': 'N', 'TYPE': 'res_salt_data', 'Component': 'name', 'Type': 'character(len=25)', 'Dimensions': '-', 'Default': '-', 'Units': 'N/A', 'Description': '-', 'Swat_codetype': 'res_salt_data'}","{'Line in File': '5', 'Position in File': '1', 'Condition': '-', 'Local (Y/N)': 'N', 'TYPE': 'res_salt_data', 'Component': 'name', 'Type': 'character(len=25)', 'Dimensions': '-', 'Default': '""""', 'Units': 'N/A', 'Description': '-', 'Swat_codetype': 'res_salt_data'}"
salt_road,10,1,salt_ion,"{'Line in File': '10', 'Position in File': '1', 'Condition': 'if (atmodep_cont%timestep == ""yr"")', 'Local (Y/N)': 'Y', 'TYPE': '-', 'Component': 'salt_ion', 'Type': 'character(len=4)', 'Dimensions': '-', 'Default': '-', 'Units': 'N/A', 'Description': '-', 'Swat_codetype': '-'}","{'Line in File': '10', 'Position in File': '1', 'Condition': 'if (atmodep_cont%timestep == ""yr"")', 'Local (Y/N)': 'Y', 'TYPE': '-', 'Component': 'salt_ion', 'Type': 'character(len=4)', 'Dimensions': '-', 'Default': '""""', 'Units': 'N/A', 'Description': '-', 'Swat_codetype': '-'}"
salt_road,5,1,station_name,"{'Line in File': '5', 'Position in File': '1', 'Condition': 'if (atmodep_cont%timestep == ""aa"")', 'Local (Y/N)': 'Y', 'TYPE': '-', 'Component': 'station_name', 'Type': 'character(len=15)', 'Dimensions': '-', 'Default': '-', 'Units': 'N/A', 'Description': '-', 'Swat_codetype': '-'}","{'Line in File': '5', 'Position in File': '1', 'Condition': 'if (atmodep_cont%timestep == ""aa"")', 'Local (Y/N)': 'Y', 'TYPE': '-', 'Component': 'station_name', 'Type': 'character(len=15)', 'Dimensions': '-', 'Default': '""""', 'Units': 'N/A', 'Description': '-', 'Swat_codetype': '-'}"
salt_road,6,1,salt_ion,"{'Line in File': '6', 'Position in File': '1', 'Condition': 'if (atmodep_cont%timestep == ""aa"")', 'Local (Y/N)': 'Y', 'TYPE': '-', 'Component': 'salt_ion', 'Type': 'character(len=4)', 'Dimensions': '-', 'Default': '-', 'Units': 'N/A', 'Description': '-', 'Swat_codetype': '-'}","{'Line in File': '6', 'Position in File': '1', 'Condition': 'if (atmodep_cont%timestep == ""aa"")', 'Local (Y/N)': 'Y', 'TYPE': '-', 'Component': 'salt_ion', 'Type': 'character(len=4)', 'Dimensions': '-', 'Default': '""""', 'Units': 'N/A', 'Description': '-', 'Swat_codetype': '-'}"
salt_road,7,1,station_name,"{'Line in File': '7', 'Position in File': '1', 'Condition': 'if (atmodep_cont%timestep == ""mo"")', 'Local (Y/N)': 'Y', 'TYPE': '-', 'Component': 'station_name', 'Type': 'character(len=15)', 'Dimensions': '-', 'Default': '-', 'Units': 'N/A', 'Description': '-', 'Swat_codetype': '-'}","{'Line in File': '7', 'Position in File': '1', 'Condition': 'if (atmodep_cont%timestep == ""mo"")', 'Local (Y/N)': 'Y', 'TYPE': '-', 'Component': 'station_name', 'Type': 'character(len=15)', 'Dimensions': '-', 'Default': '""""', 'Units': 'N/A', 'Description': '-', 'Swat_codetype': '-'}"
salt_road,8,1,salt_ion,"{'Line in File': '8', 'Position in File': '1', 'Condition': 'if (atmodep_cont%timestep == ""mo"")', 'Local (Y/N)': 'Y', 'TYPE': '-', 'Component': 'salt_ion', 'Type': 'character(len=4)', 'Dimensions': '-', 'Default': '-', 'Units': 'N/A', 'Description': '-', 'Swat_codetype': '-'}","{'Line in File': '8', 'Position in File': '1', 'Condition': 'if (atmodep_cont%timestep == ""mo"")', 'Local (Y/N)': 'Y', 'TYPE': '-', 'Component': 'salt_ion', 'Type': 'character(len=4)', 'Dimensions': '-', 'Default': '""""', 'Units': 'N/A', 'Description': '-', 'Swat_codetype': '-'}"
salt_road,9,1,station_name,"{'Line in File': '9', 'Position in File': '1', 'Condition': 'if (atmodep_cont%timestep == ""yr"")', 'Local (Y/N)': 'Y', 'TYPE': '-', 'Component': 'station_name', 'Type': 'character(len=15)', 'Dimensions': '-', 'Default': '-', 'Units': 'N/A', 'Description': '-', 'Swat_codetype': '-'}","{'Line in File': '9', 'Position in File': '1', 'Condition': 'if (atmodep_cont%timestep == ""yr"")', 'Local (Y/N)': 'Y', 'TYPE': '-', 'Component': 'station_name', 'Type': 'character(len=15)', 'Dimensions': '-', 'Default': '""""', 'Units': 'N/A', 'Description': '-', 'Swat_codetype': '-'}"
salt_uptake,1,1,header,"{'Line in File': '1', 'Position in File': '1', 'Condition': '-', 'Local (Y/N)': 'Y', 'TYPE': '-', 'Component': 'header', 'Type': 'character(len=80)', 'Dimensions': '-', 'Default': '-', 'Units': 'N/A', 'Description': '-', 'Swat_codetype': '-'}","{'Line in File': '1', 'Position in File': '1', 'Condition': '-', 'Local (Y/N)': 'Y', 'TYPE': '-', 'Component': 'header', 'Type': 'character(len=80)', 'Dimensions': '-', 'Default': '""""', 'Units': 'N/A', 'Description': '-', 'Swat_codetype': '-'}"
salt_uptake,2,1,header,"{'Line in File': '2', 'Position in File': '1', 'Condition': '-', 'Local (Y/N)': 'Y', 'TYPE': '-', 'Component': 'header', 'Type': 'character(len=80)', 'Dimensions': '-', 'Default': '-', 'Units': 'N/A', 'Description': '-', 'Swat_codetype': '-'}","{'Line in File': '2', 'Position in File': '1', 'Condition': '-', 'Local (Y/N)': 'Y', 'TYPE': '-', 'Component': 'header', 'Type': 'character(len=80)', 'Dimensions': '-', 'Default': '""""', 'Units': 'N/A', 'Description': '-', 'Swat_codetype': '-'}"
salt_uptake,3,1,header,"{'Line in File': '3', 'Position in File': '1', 'Condition': '-', 'Local (Y/N)': 'Y', 'TYPE': '-', 'Component': 'header', 'Type': 'character(len=80)', 'Dimensions': '-', 'Default': '-', 'Units': 'N/A', 'Description': '-', 'Swat_codetype': '-'}","{'Line in File': '3', 'Position in File': '1', 'Condition': '-', 'Local (Y/N)': 'Y', 'TYPE': '-', 'Component': 'header', 'Type': 'character(len=80)', 'Dimensions': '-', 'Default': '""""', 'Units': 'N/A', 'Description': '-', 'Swat_codetype': '-'}"
salt_uptake,4,1,name,"{'Line in File': '4', 'Position in File': '1', 'Condition': '-', 'Local (Y/N)': 'Y', 'TYPE': '-', 'Component': 'name', 'Type': 'character(len=30)', 'Dimensions': '-', 'Default': '-', 'Units': 'N/A', 'Description': '-', 'Swat_codetype': '-'}","{'Line in File': '4', 'Position in File': '1', 'Condition': '-', 'Local (Y/N)': 'Y', 'TYPE': '-', 'Component': 'name', 'Type': 'character(len=30)', 'Dimensions': '-', 'Default': '""""', 'Units': 'N/A', 'Description': '-', 'Swat_codetype': '-'}"
salt_urban,1,1,header,"{'Line in File': '1', 'Position in File': '1', 'Condition': '-', 'Local (Y/N)': 'Y', 'TYPE': '-', 'Component': 'header', 'Type': 'character(len=80)', 'Dimensions': '-', 'Default': '-', 'Units': 'N/A', 'Description': '-', 'Swat_codetype': '-'}","{'Line in File': '1', 'Position in File': '1', 'Condition': '-', 'Local (Y/N)': 'Y', 'TYPE': '-', 'Component': 'header', 'Type': 'character(len=80)', 'Dimensions': '-', 'Default': '""""', 'Units': 'N/A', 'Description': '-', 'Swat_codetype': '-'}"
salt_urban,2,1,header,"{'Line in File': '2', 'Position in File': '1', 'Condition': '-', 'Local (Y/N)': 'Y', 'TYPE': '-', 'Component': 'header', 'Type': 'character(len=80)', 'Dimensions': '-', 'Default': '-', 'Units': 'N/A', 'Description': '-', 'Swat_codetype': '-'}","{'Line in File': '2', 'Position in File': '1', 'Condition': '-', 'Local (Y/N)': 'Y', 'TYPE': '-', 'Component': 'header', 'Type': 'character(len=80)', 'Dimensions': '-', 'Default': '""""', 'Units': 'N/A', 'Description': '-', 'Swat_codetype': '-'}"
salt_urban,3,1,urb_type,"{'Line in File': '3', 'Position in File': '1', 'Condition': 'if (urb_type == urbdb(iu)%urbnm)', 'Local (Y/N)': 'Y', 'TYPE': '-', 'Component': 'urb_type', 'Type': 'character(len=16)', 'Dimensions': '-', 'Default': '-', 'Units': 'N/A', 'Description': '-', 'Swat_codetype': '-'}","{'Line in File': '3', 'Position in File': '1', 'Condition': 'if (urb_type == urbdb(iu)%urbnm)', 'Local (Y/N)': 'Y', 'TYPE': '-', 'Component': 'urb_type', 'Type': 'character(len=16)', 'Dimensions': '-', 'Default': '""""', 'Units': 'N/A', 'Description': '-', 'Swat_codetype': '-'}"
scen_dtl.upd,1,1,titldum,"{'Line in File': '1', 'Position in File': '1', 'Condition': '-', 'Local (Y/N)': 'Y', 'TYPE': '-', 'Component': 'titldum', 'Type': 'character(len=80)', 'Dimensions': '-', 'Default': '-', 'Units': 'N/A', 'Description': '-', 'Swat_codetype': '-'}","{'Line in File': '1', 'Position in File': '1', 'Condition': '-', 'Local (Y/N)': 'Y', 'TYPE': '-', 'Component': 'titldum', 'Type': 'character(len=80)', 'Dimensions': '-', 'Default': '""""', 'Units': 'N/A', 'Description': '-', 'Swat_codetype': '-'}"
scen_dtl.upd,2,1,num_dtls,"{'Line in File': '2', 'Position in File': '1', 'Condition': '-', 'Local (Y/N)': 'Y', 'TYPE': '-', 'Component': 'num_dtls', 'Type': 'integer', 'Dimensions': '-', 'Default': '-', 'Units': 'N/A', 'Description': '-', 'Swat_codetype': '-'}","{'Line in File': '2', 'Position in File': '1', 'Condition': '-', 'Local (Y/N)': 'Y', 'TYPE': '-', 'Component': 'num_dtls', 'Type': 'integer', 'Dimensions': '-', 'Default': '0', 'Units': 'N/A', 'Description': '-', 'Swat_codetype': '-'}"
scen_dtl.upd,3,1,header,"{'Line in File': '3', 'Position in File': '1', 'Condition': '-', 'Local (Y/N)': 'Y', 'TYPE': '-', 'Component': 'header', 'Type': 'character(len=80)', 'Dimensions': '-', 'Default': '-', 'Units': 'N/A', 'Description': '-', 'Swat_codetype': '-'}","{'Line in File': '3', 'Position in File': '1', 'Condition': '-', 'Local (Y/N)': 'Y', 'TYPE': '-', 'Component': 'header', 'Type': 'character(len=80)', 'Dimensions': '-', 'Default': '""""', 'Units': 'N/A', 'Description': '-', 'Swat_codetype': '-'}"
scen_dtl.upd,4,2,typ,"{'Line in File': '4', 'Position in File': '2', 'Condition': '-', 'Local (Y/N)': 'N', 'TYPE': 'upd_cond', 'Component': 'typ', 'Type': 'character(len=25)', 'Dimensions': '-', 'Default': '-', 'Units': 'N/A', 'Description': 'type of table- ""lu_change"" checks all hru; ""hru_fr_change"" sets all hru fractions', 'Swat_codetype': 'upd_cond'}","{'Line in File': '4', 'Position in File': '2', 'Condition': '-', 'Local (Y/N)': 'N', 'TYPE': 'upd_cond', 'Component': 'typ', 'Type': 'character(len=25)', 'Dimensions': '-', 'Default': '""""', 'Units': 'N/A', 'Description': 'type of table- ""lu_change"" checks all hru; ""hru_fr_change"" sets all hru fractions', 'Swat_codetype': 'upd_cond'}"
scen_dtl.upd,4,3,dtbl,"{'Line in File': '4', 'Position in File': '3', 'Condition': '-', 'Local (Y/N)': 'N', 'TYPE': 'upd_cond', 'Component': 'dtbl', 'Type': 'character(len=25)', 'Dimensions': '-', 'Default': '-', 'Units': 'N/A', 'Description': 'points to ruleset in conditional.ctl for scheduling the update', 'Swat_codetype': 'upd_cond'}","{'Line in File': '4', 'Position in File': '3', 'Condition': '-', 'Local (Y/N)': 'N', 'TYPE': 'upd_cond', 'Component': 'dtbl', 'Type': 'character(len=25)', 'Dimensions': '-', 'Default': '""""', 'Units': 'N/A', 'Description': 'points to ruleset in conditional.ctl for scheduling the update', 'Swat_codetype': 'upd_cond'}"
scen_lu.dtl,1,1,titldum,"{'Line in File': '1', 'Position in File': '1', 'Condition': '-', 'Local (Y/N)': 'Y', 'TYPE': '-', 'Component': 'titldum', 'Type': 'character(len=80)', 'Dimensions': '-', 'Default': '-', 'Units': 'N/A', 'Description': '-', 'Swat_codetype': '-'}","{'Line in File': '1', 'Position in File': '1', 'Condition': '-', 'Local (Y/N)': 'Y', 'TYPE': '-', 'Component': 'titldum', 'Type': 'character(len=80)', 'Dimensions': '-', 'Default': '""""', 'Units': 'N/A', 'Description': '-', 'Swat_codetype': '-'}"
scen_lu.dtl,2,1,mdtbl,"{'Line in File': '2', 'Position in File': '1', 'Condition': '-', 'Local (Y/N)': 'Y', 'TYPE': '-', 'Component': 'mdtbl', 'Type': 'integer', 'Dimensions': '-', 'Default': '-', 'Units': 'N/A', 'Description': '-', 'Swat_codetype': '-'}","{'Line in File': '2', 'Position in File': '1', 'Condition': '-', 'Local (Y/N)': 'Y', 'TYPE': '-', 'Component': 'mdtbl', 'Type': 'integer', 'Dimensions': '-', 'Default': '0', 'Units': 'N/A', 'Description': '-', 'Swat_codetype': '-'}"
scen_lu.dtl,4,1,header,"{'Line in File': '4', 'Position in File': '1', 'Condition': '-', 'Local (Y/N)': 'Y', 'TYPE': '-', 'Component': 'header', 'Type': 'character(len=80)', 'Dimensions': '-', 'Default': '-', 'Units': 'N/A', 'Description': '-', 'Swat_codetype': '-'}","{'Line in File': '4', 'Position in File': '1', 'Condition': '-', 'Local (Y/N)': 'Y', 'TYPE': '-', 'Component': 'header', 'Type': 'character(len=80)', 'Dimensions': '-', 'Default': '""""', 'Units': 'N/A', 'Description': '-', 'Swat_codetype': '-'}"
scen_lu.dtl,5,1,name,"{'Line in File': '5', 'Position in File': '1', 'Condition': '-', 'Local (Y/N)': 'N', 'TYPE': 'dtbl_scen', 'Component': 'name', 'Type': 'character(len=25)', 'Dimensions': '-', 'Default': '-', 'Units': 'N/A', 'Description': '-', 'Swat_codetype': 'in_cond'}","{'Line in File': '5', 'Position in File': '1', 'Condition': '-', 'Local (Y/N)': 'N', 'TYPE': 'dtbl_scen', 'Component': 'name', 'Type': 'character(len=40)', 'Dimensions': '-', 'Default': '""""', 'Units': 'N/A', 'Description': '-', 'Swat_codetype': 'in_cond'}"
scen_lu.dtl,5,2,conds,"{'Line in File': '5', 'Position in File': '2', 'Condition': '-', 'Local (Y/N)': 'N', 'TYPE': 'dtbl_scen', 'Component': 'conds', 'Type': 'integer', 'Dimensions': '-', 'Default': '-', 'Units': 'N/A', 'Description': '-', 'Swat_codetype': 'in_cond'}","{'Line in File': '5', 'Position in File': '2', 'Condition': '-', 'Local (Y/N)': 'N', 'TYPE': 'dtbl_scen', 'Component': 'conds', 'Type': 'integer', 'Dimensions': '-', 'Default': '0', 'Units': 'N/A', 'Description': '-', 'Swat_codetype': 'in_cond'}"
scen_lu.dtl,5,3,alts,"{'Line in File': '5', 'Position in File': '3', 'Condition': '-', 'Local (Y/N)': 'N', 'TYPE': 'dtbl_scen', 'Component': 'alts', 'Type': 'integer', 'Dimensions': '-', 'Default': '-', 'Units': 'N/A', 'Description': '-', 'Swat_codetype': 'in_cond'}","{'Line in File': '5', 'Position in File': '3', 'Condition': '-', 'Local (Y/N)': 'N', 'TYPE': 'dtbl_scen', 'Component': 'alts', 'Type': 'integer', 'Dimensions': '-', 'Default': '0', 'Units': 'N/A', 'Description': '-', 'Swat_codetype': 'in_cond'}"
scen_lu.dtl,5,4,acts,"{'Line in File': '5', 'Position in File': '4', 'Condition': '-', 'Local (Y/N)': 'N', 'TYPE': 'dtbl_scen', 'Component': 'acts', 'Type': 'integer', 'Dimensions': '-', 'Default': '-', 'Units': 'N/A', 'Description': '-', 'Swat_codetype': 'in_cond'}","{'Line in File': '5', 'Position in File': '4', 'Condition': '-', 'Local (Y/N)': 'N', 'TYPE': 'dtbl_scen', 'Component': 'acts', 'Type': 'integer', 'Dimensions': '-', 'Default': '0', 'Units': 'N/A', 'Description': '-', 'Swat_codetype': 'in_cond'}"
scen_lu.dtl,6,1,header,"{'Line in File': '6', 'Position in File': '1', 'Condition': '-', 'Local (Y/N)': 'Y', 'TYPE': '-', 'Component': 'header', 'Type': 'character(len=80)', 'Dimensions': '-', 'Default': '-', 'Units': 'N/A', 'Description': '-', 'Swat_codetype': '-'}","{'Line in File': '6', 'Position in File': '1', 'Condition': '-', 'Local (Y/N)': 'Y', 'TYPE': '-', 'Component': 'header', 'Type': 'character(len=80)', 'Dimensions': '-', 'Default': '""""', 'Units': 'N/A', 'Description': '-', 'Swat_codetype': '-'}"
scen_lu.dtl,8,1,header,"{'Line in File': '8', 'Position in File': '1', 'Condition': '-', 'Local (Y/N)': 'Y', 'TYPE': '-', 'Component': 'header', 'Type': 'character(len=80)', 'Dimensions': '-', 'Default': '-', 'Units': 'N/A', 'Description': '-', 'Swat_codetype': '-'}","{'Line in File': '8', 'Position in File': '1', 'Condition': '-', 'Local (Y/N)': 'Y', 'TYPE': '-', 'Component': 'header', 'Type': 'character(len=80)', 'Dimensions': '-', 'Default': '""""', 'Units': 'N/A', 'Description': '-', 'Swat_codetype': '-'}"
sediment.cha,1,1,titldum,"{'Line in File': '1', 'Position in File': '1', 'Condition': '-', 'Local (Y/N)': 'Y', 'TYPE': '-', 'Component': 'titldum', 'Type': 'character(len=80)', 'Dimensions': '-', 'Default': '-', 'Units': 'N/A', 'Description': '-', 'Swat_codetype': '-'}","{'Line in File': '1', 'Position in File': '1', 'Condition': '-', 'Local (Y/N)': 'Y', 'TYPE': '-', 'Component': 'titldum', 'Type': 'character(len=80)', 'Dimensions': '-', 'Default': '""""', 'Units': 'N/A', 'Description': '-', 'Swat_codetype': '-'}"
sediment.cha,2,1,header,"{'Line in File': '2', 'Position in File': '1', 'Condition': '-', 'Local (Y/N)': 'Y', 'TYPE': '-', 'Component': 'header', 'Type': 'character(len=80)', 'Dimensions': '-', 'Default': '-', 'Units': 'N/A', 'Description': '-', 'Swat_codetype': '-'}","{'Line in File': '2', 'Position in File': '1', 'Condition': '-', 'Local (Y/N)': 'Y', 'TYPE': '-', 'Component': 'header', 'Type': 'character(len=80)', 'Dimensions': '-', 'Default': '""""', 'Units': 'N/A', 'Description': '-', 'Swat_codetype': '-'}"
sediment.cha,3,1,name,"{'Line in File': '3', 'Position in File': '1', 'Condition': '-', 'Local (Y/N)': 'N', 'TYPE': 'channel_sed_data', 'Component': 'name', 'Type': 'character(len=16)', 'Dimensions': '-', 'Default': '-', 'Units': 'N/A', 'Description': '-', 'Swat_codetype': 'in_cha'}","{'Line in File': '3', 'Position in File': '1', 'Condition': '-', 'Local (Y/N)': 'N', 'TYPE': 'channel_sed_data', 'Component': 'name', 'Type': 'character(len=16)', 'Dimensions': '-', 'Default': '""""', 'Units': 'N/A', 'Description': '-', 'Swat_codetype': 'in_cha'}"
sediment.res,1,1,titldum,"{'Line in File': '1', 'Position in File': '1', 'Condition': '-', 'Local (Y/N)': 'Y', 'TYPE': '-', 'Component': 'titldum', 'Type': 'character(len=80)', 'Dimensions': '-', 'Default': '-', 'Units': 'N/A', 'Description': '-', 'Swat_codetype': '-'}","{'Line in File': '1', 'Position in File': '1', 'Condition': '-', 'Local (Y/N)': 'Y', 'TYPE': '-', 'Component': 'titldum', 'Type': 'character(len=80)', 'Dimensions': '-', 'Default': '""""', 'Units': 'N/A', 'Description': '-', 'Swat_codetype': '-'}"
sediment.res,2,1,header,"{'Line in File': '2', 'Position in File': '1', 'Condition': '-', 'Local (Y/N)': 'Y', 'TYPE': '-', 'Component': 'header', 'Type': 'character(len=80)', 'Dimensions': '-', 'Default': '-', 'Units': 'N/A', 'Description': '-', 'Swat_codetype': '-'}","{'Line in File': '2', 'Position in File': '1', 'Condition': '-', 'Local (Y/N)': 'Y', 'TYPE': '-', 'Component': 'header', 'Type': 'character(len=80)', 'Dimensions': '-', 'Default': '""""', 'Units': 'N/A', 'Description': '-', 'Swat_codetype': '-'}"
sediment.res,3,1,name,"{'Line in File': '3', 'Position in File': '1', 'Condition': '-', 'Local (Y/N)': 'N', 'TYPE': 'reservoir_sed_data', 'Component': 'name', 'Type': 'character(len=25)', 'Dimensions': '-', 'Default': '-', 'Units': 'N/A', 'Description': '-', 'Swat_codetype': 'in_res'}","{'Line in File': '3', 'Position in File': '1', 'Condition': '-', 'Local (Y/N)': 'N', 'TYPE': 'reservoir_sed_data', 'Component': 'name', 'Type': 'character(len=25)', 'Dimensions': '-', 'Default': '""""', 'Units': 'N/A', 'Description': '-', 'Swat_codetype': 'in_res'}"
sediment.res,3,2,nsed,"{'Line in File': '3', 'Position in File': '2', 'Condition': '-', 'Local (Y/N)': 'N', 'TYPE': 'reservoir_sed_data', 'Component': 'nsed', 'Type': 'real', 'Dimensions': '-', 'Default': '-', 'Units': 'N/A', 'Description': '-', 'Swat_codetype': 'in_res'}","{'Line in File': '3', 'Position in File': '2', 'Condition': '-', 'Local (Y/N)': 'N', 'TYPE': 'reservoir_sed_data', 'Component': 'nsed', 'Type': 'real', 'Dimensions': '-', 'Default': '0.', 'Units': 'N/A', 'Description': '-', 'Swat_codetype': 'in_res'}"
sediment.res,3,3,d50,"{'Line in File': '3', 'Position in File': '3', 'Condition': '-', 'Local (Y/N)': 'N', 'TYPE': 'reservoir_sed_data', 'Component': 'd50', 'Type': 'real', 'Dimensions': '-', 'Default': '-', 'Units': 'N/A', 'Description': '-', 'Swat_codetype': 'in_res'}","{'Line in File': '3', 'Position in File': '3', 'Condition': '-', 'Local (Y/N)': 'N', 'TYPE': 'reservoir_sed_data', 'Component': 'd50', 'Type': 'real', 'Dimensions': '-', 'Default': '0.', 'Units': 'N/A', 'Description': '-', 'Swat_codetype': 'in_res'}"
sediment.res,3,4,carbon,"{'Line in File': '3', 'Position in File': '4', 'Condition': '-', 'Local (Y/N)': 'N', 'TYPE': 'reservoir_sed_data', 'Component': 'carbon', 'Type': 'real', 'Dimensions': '-', 'Default': '-', 'Units': 'N/A', 'Description': '-', 'Swat_codetype': 'in_res'}","{'Line in File': '3', 'Position in File': '4', 'Condition': '-', 'Local (Y/N)': 'N', 'TYPE': 'reservoir_sed_data', 'Component': 'carbon', 'Type': 'real', 'Dimensions': '-', 'Default': '0.', 'Units': 'N/A', 'Description': '-', 'Swat_codetype': 'in_res'}"
sediment.res,3,5,bd,"{'Line in File': '3', 'Position in File': '5', 'Condition': '-', 'Local (Y/N)': 'N', 'TYPE': 'reservoir_sed_data', 'Component': 'bd', 'Type': 'real', 'Dimensions': '-', 'Default': '-', 'Units': 'N/A', 'Description': '-', 'Swat_codetype': 'in_res'}","{'Line in File': '3', 'Position in File': '5', 'Condition': '-', 'Local (Y/N)': 'N', 'TYPE': 'reservoir_sed_data', 'Component': 'bd', 'Type': 'real', 'Dimensions': '-', 'Default': '0.', 'Units': 'N/A', 'Description': '-', 'Swat_codetype': 'in_res'}"
sediment.res,3,6,sed_stlr,"{'Line in File': '3', 'Position in File': '6', 'Condition': '-', 'Local (Y/N)': 'N', 'TYPE': 'reservoir_sed_data', 'Component': 'sed_stlr', 'Type': 'real', 'Dimensions': '-', 'Default': '-', 'Units': 'N/A', 'Description': '-', 'Swat_codetype': 'in_res'}","{'Line in File': '3', 'Position in File': '6', 'Condition': '-', 'Local (Y/N)': 'N', 'TYPE': 'reservoir_sed_data', 'Component': 'sed_stlr', 'Type': 'real', 'Dimensions': '-', 'Default': '0.', 'Units': 'N/A', 'Description': '-', 'Swat_codetype': 'in_res'}"
sediment.res,3,7,velsetlr,"{'Line in File': '3', 'Position in File': '7', 'Condition': '-', 'Local (Y/N)': 'N', 'TYPE': 'reservoir_sed_data', 'Component': 'velsetlr', 'Type': 'real', 'Dimensions': '-', 'Default': '-', 'Units': 'N/A', 'Description': '-', 'Swat_codetype': 'in_res'}","{'Line in File': '3', 'Position in File': '7', 'Condition': '-', 'Local (Y/N)': 'N', 'TYPE': 'reservoir_sed_data', 'Component': 'velsetlr', 'Type': 'real', 'Dimensions': '-', 'Default': '0.', 'Units': 'N/A', 'Description': '-', 'Swat_codetype': 'in_res'}"
septic.sep,1,1,titldum,"{'Line in File': '1', 'Position in File': '1', 'Condition': '-', 'Local (Y/N)': 'Y', 'TYPE': '-', 'Component': 'titldum', 'Type': 'character(len=80)', 'Dimensions': '-', 'Default': '-', 'Units': 'N/A', 'Description': '-', 'Swat_codetype': '-'}","{'Line in File': '1', 'Position in File': '1', 'Condition': '-', 'Local (Y/N)': 'Y', 'TYPE': '-', 'Component': 'titldum', 'Type': 'character(len=80)', 'Dimensions': '-', 'Default': '""""', 'Units': 'N/A', 'Description': '-', 'Swat_codetype': '-'}"
septic.sep,2,1,header,"{'Line in File': '2', 'Position in File': '1', 'Condition': '-', 'Local (Y/N)': 'Y', 'TYPE': '-', 'Component': 'header', 'Type': 'character(len=80)', 'Dimensions': '-', 'Default': '-', 'Units': 'N/A', 'Description': '-', 'Swat_codetype': '-'}","{'Line in File': '2', 'Position in File': '1', 'Condition': '-', 'Local (Y/N)': 'Y', 'TYPE': '-', 'Component': 'header', 'Type': 'character(len=80)', 'Dimensions': '-', 'Default': '""""', 'Units': 'N/A', 'Description': '-', 'Swat_codetype': '-'}"
septic.sep,3,1,sepnm,"{'Line in File': '3', 'Position in File': '1', 'Condition': '-', 'Local (Y/N)': 'N', 'TYPE': 'septic_db', 'Component': 'sepnm', 'Type': 'character(len=20)', 'Dimensions': '-', 'Default': '-', 'Units': 'N/A', 'Description': '-', 'Swat_codetype': 'in_parmdb'}","{'Line in File': '3', 'Position in File': '1', 'Condition': '-', 'Local (Y/N)': 'N', 'TYPE': 'septic_db', 'Component': 'sepnm', 'Type': 'character(len=20)', 'Dimensions': '-', 'Default': '""""', 'Units': 'N/A', 'Description': '-', 'Swat_codetype': 'in_parmdb'}"
septic.str,1,1,titldum,"{'Line in File': '1', 'Position in File': '1', 'Condition': '-', 'Local (Y/N)': 'Y', 'TYPE': '-', 'Component': 'titldum', 'Type': 'character(len=80)', 'Dimensions': '-', 'Default': '-', 'Units': 'N/A', 'Description': '-', 'Swat_codetype': '-'}","{'Line in File': '1', 'Position in File': '1', 'Condition': '-', 'Local (Y/N)': 'Y', 'TYPE': '-', 'Component': 'titldum', 'Type': 'character(len=80)', 'Dimensions': '-', 'Default': '""""', 'Units': 'N/A', 'Description': '-', 'Swat_codetype': '-'}"
septic.str,2,1,header,"{'Line in File': '2', 'Position in File': '1', 'Condition': '-', 'Local (Y/N)': 'Y', 'TYPE': '-', 'Component': 'header', 'Type': 'character(len=80)', 'Dimensions': '-', 'Default': '-', 'Units': 'N/A', 'Description': '-', 'Swat_codetype': '-'}","{'Line in File': '2', 'Position in File': '1', 'Condition': '-', 'Local (Y/N)': 'Y', 'TYPE': '-', 'Component': 'header', 'Type': 'character(len=80)', 'Dimensions': '-', 'Default': '""""', 'Units': 'N/A', 'Description': '-', 'Swat_codetype': '-'}"
septic.str,3,14,bod_conv,"{'Line in File': '3', 'Position in File': '14', 'Condition': '-', 'Local (Y/N)': 'N', 'TYPE': 'septic_system', 'Component': 'bod_conv', 'Type': 'real', 'Dimensions': '-', 'Default': '-', 'Units': 'N/A', 'Description': '|a conversion factor representing the proportion of mass bacterial growth and mass BOD degraded...', 'Swat_codetype': 'in_str'}","{'Line in File': '3', 'Position in File': '14', 'Condition': '-', 'Local (Y/N)': 'N', 'TYPE': 'septic_system', 'Component': 'bod_conv', 'Type': 'real', 'Dimensions': '-', 'Default': '0.', 'Units': 'N/A', 'Description': '|a conversion factor representing the proportion of mass bacterial growth and mass BOD degraded...', 'Swat_codetype': 'in_str'}"
slr(i)%filename,1,1,titldum,"{'Line in File': '1', 'Position in File': '1', 'Condition': '-', 'Local (Y/N)': 'Y', 'TYPE': '-', 'Component': 'titldum', 'Type': 'character(len=80)', 'Dimensions': '-', 'Default': '-', 'Units': 'N/A', 'Description': '-', 'Swat_codetype': '-'}","{'Line in File': '1', 'Position in File': '1', 'Condition': '-', 'Local (Y/N)': 'Y', 'TYPE': '-', 'Component': 'titldum', 'Type': 'character(len=80)', 'Dimensions': '-', 'Default': '""""', 'Units': 'N/A', 'Description': '-', 'Swat_codetype': '-'}"
slr(i)%filename,2,1,header,"{'Line in File': '2', 'Position in File': '1', 'Condition': '-', 'Local (Y/N)': 'Y', 'TYPE': '-', 'Component': 'header', 'Type': 'character(len=80)', 'Dimensions': '-', 'Default': '-', 'Units': 'N/A', 'Description': '-', 'Swat_codetype': '-'}","{'Line in File': '2', 'Position in File': '1', 'Condition': '-', 'Local (Y/N)': 'Y', 'TYPE': '-', 'Component': 'header', 'Type': 'character(len=80)', 'Dimensions': '-', 'Default': '""""', 'Units': 'N/A', 'Description': '-', 'Swat_codetype': '-'}"
slr(i)%filename,3,1,nbyr,"{'Line in File': '3', 'Position in File': '1', 'Condition': '-', 'Local (Y/N)': 'N', 'TYPE': 'slr', 'Component': 'nbyr', 'Type': 'integer', 'Dimensions': '-', 'Default': '-', 'Units': 'N/A', 'Description': 'number of years of daily rainfall', 'Swat_codetype': 'slr'}","{'Line in File': '3', 'Position in File': '1', 'Condition': '-', 'Local (Y/N)': 'N', 'TYPE': 'slr', 'Component': 'nbyr', 'Type': 'integer', 'Dimensions': '-', 'Default': '0', 'Units': 'N/A', 'Description': 'number of years of daily rainfall', 'Swat_codetype': 'slr'}"
slr(i)%filename,3,2,tstep,"{'Line in File': '3', 'Position in File': '2', 'Condition': '-', 'Local (Y/N)': 'N', 'TYPE': 'slr', 'Component': 'tstep', 'Type': 'integer', 'Dimensions': '-', 'Default': '-', 'Units': 'N/A', 'Description': 'timestep of precipitation', 'Swat_codetype': 'slr'}","{'Line in File': '3', 'Position in File': '2', 'Condition': '-', 'Local (Y/N)': 'N', 'TYPE': 'slr', 'Component': 'tstep', 'Type': 'integer', 'Dimensions': '-', 'Default': '0', 'Units': 'N/A', 'Description': 'timestep of precipitation', 'Swat_codetype': 'slr'}"
slr(i)%filename,3,3,lat,"{'Line in File': '3', 'Position in File': '3', 'Condition': '-', 'Local (Y/N)': 'N', 'TYPE': 'slr', 'Component': 'lat', 'Type': 'real', 'Dimensions': '-', 'Default': '-', 'Units': 'N/A', 'Description': 'latitude of raingage', 'Swat_codetype': 'slr'}","{'Line in File': '3', 'Position in File': '3', 'Condition': '-', 'Local (Y/N)': 'N', 'TYPE': 'slr', 'Component': 'lat', 'Type': 'real', 'Dimensions': '-', 'Default': '0.', 'Units': 'N/A', 'Description': 'latitude of raingage', 'Swat_codetype': 'slr'}"
slr(i)%filename,3,4,long,"{'Line in File': '3', 'Position in File': '4', 'Condition': '-', 'Local (Y/N)': 'N', 'TYPE': 'slr', 'Component': 'long', 'Type': 'real', 'Dimensions': '-', 'Default': '-', 'Units': 'N/A', 'Description': 'longitude of raingage', 'Swat_codetype': 'slr'}","{'Line in File': '3', 'Position in File': '4', 'Condition': '-', 'Local (Y/N)': 'N', 'TYPE': 'slr', 'Component': 'long', 'Type': 'real', 'Dimensions': '-', 'Default': '0.', 'Units': 'N/A', 'Description': 'longitude of raingage', 'Swat_codetype': 'slr'}"
slr(i)%filename,3,5,elev,"{'Line in File': '3', 'Position in File': '5', 'Condition': '-', 'Local (Y/N)': 'N', 'TYPE': 'slr', 'Component': 'elev', 'Type': 'real', 'Dimensions': '-', 'Default': '-', 'Units': 'N/A', 'Description': 'elevation of raingage', 'Swat_codetype': 'slr'}","{'Line in File': '3', 'Position in File': '5', 'Condition': '-', 'Local (Y/N)': 'N', 'TYPE': 'slr', 'Component': 'elev', 'Type': 'real', 'Dimensions': '-', 'Default': '0.', 'Units': 'N/A', 'Description': 'elevation of raingage', 'Swat_codetype': 'slr'}"
slr(i)%filename,4,1,iyr,"{'Line in File': '4', 'Position in File': '1', 'Condition': 'if (iyr > time%yrc)', 'Local (Y/N)': 'Y', 'TYPE': '-', 'Component': 'iyr', 'Type': 'integer', 'Dimensions': '-', 'Default': '-', 'Units': 'N/A', 'Description': '-', 'Swat_codetype': '-'}","{'Line in File': '4', 'Position in File': '1', 'Condition': 'if (iyr > time%yrc)', 'Local (Y/N)': 'Y', 'TYPE': '-', 'Component': 'iyr', 'Type': 'integer', 'Dimensions': '-', 'Default': '0', 'Units': 'N/A', 'Description': '-', 'Swat_codetype': '-'}"
slr(i)%filename,4,2,istep,"{'Line in File': '4', 'Position in File': '2', 'Condition': 'if (iyr > time%yrc)', 'Local (Y/N)': 'Y', 'TYPE': '-', 'Component': 'istep', 'Type': 'integer', 'Dimensions': '-', 'Default': '-', 'Units': 'N/A', 'Description': '-', 'Swat_codetype': '-'}","{'Line in File': '4', 'Position in File': '2', 'Condition': 'if (iyr > time%yrc)', 'Local (Y/N)': 'Y', 'TYPE': '-', 'Component': 'istep', 'Type': 'integer', 'Dimensions': '-', 'Default': '0', 'Units': 'N/A', 'Description': '-', 'Swat_codetype': '-'}"
slr(i)%filename,5,1,iyr,"{'Line in File': '5', 'Position in File': '1', 'Condition': 'if (istep == 365 .or. istep == 366)', 'Local (Y/N)': 'Y', 'TYPE': '-', 'Component': 'iyr', 'Type': 'integer', 'Dimensions': '-', 'Default': '-', 'Units': 'N/A', 'Description': '-', 'Swat_codetype': '-'}","{'Line in File': '5', 'Position in File': '1', 'Condition': 'if (istep == 365 .or. istep == 366)', 'Local (Y/N)': 'Y', 'TYPE': '-', 'Component': 'iyr', 'Type': 'integer', 'Dimensions': '-', 'Default': '0', 'Units': 'N/A', 'Description': '-', 'Swat_codetype': '-'}"
slr(i)%filename,5,2,istep,"{'Line in File': '5', 'Position in File': '2', 'Condition': 'if (istep == 365 .or. istep == 366)', 'Local (Y/N)': 'Y', 'TYPE': '-', 'Component': 'istep', 'Type': 'integer', 'Dimensions': '-', 'Default': '-', 'Units': 'N/A', 'Description': '-', 'Swat_codetype': '-'}","{'Line in File': '5', 'Position in File': '2', 'Condition': 'if (istep == 365 .or. istep == 366)', 'Local (Y/N)': 'Y', 'TYPE': '-', 'Component': 'istep', 'Type': 'integer', 'Dimensions': '-', 'Default': '0', 'Units': 'N/A', 'Description': '-', 'Swat_codetype': '-'}"
slr.cli,1,1,titldum,"{'Line in File': '1', 'Position in File': '1', 'Condition': '-', 'Local (Y/N)': 'Y', 'TYPE': '-', 'Component': 'titldum', 'Type': 'character(len=80)', 'Dimensions': '-', 'Default': '-', 'Units': 'N/A', 'Description': '-', 'Swat_codetype': '-'}","{'Line in File': '1', 'Position in File': '1', 'Condition': '-', 'Local (Y/N)': 'Y', 'TYPE': '-', 'Component': 'titldum', 'Type': 'character(len=80)', 'Dimensions': '-', 'Default': '""""', 'Units': 'N/A', 'Description': '-', 'Swat_codetype': '-'}"
slr.cli,2,1,header,"{'Line in File': '2', 'Position in File': '1', 'Condition': '-', 'Local (Y/N)': 'Y', 'TYPE': '-', 'Component': 'header', 'Type': 'character(len=80)', 'Dimensions': '-', 'Default': '-', 'Units': 'N/A', 'Description': '-', 'Swat_codetype': '-'}","{'Line in File': '2', 'Position in File': '1', 'Condition': '-', 'Local (Y/N)': 'Y', 'TYPE': '-', 'Component': 'header', 'Type': 'character(len=80)', 'Dimensions': '-', 'Default': '""""', 'Units': 'N/A', 'Description': '-', 'Swat_codetype': '-'}"
slr.cli,3,1,filename,"{'Line in File': '3', 'Position in File': '1', 'Condition': '-', 'Local (Y/N)': 'N', 'TYPE': 'slr', 'Component': 'filename', 'Type': 'character(len=50)', 'Dimensions': '-', 'Default': '-', 'Units': 'N/A', 'Description': '-', 'Swat_codetype': 'in_cli'}","{'Line in File': '3', 'Position in File': '1', 'Condition': '-', 'Local (Y/N)': 'N', 'TYPE': 'slr', 'Component': 'filename', 'Type': 'character(len=50)', 'Dimensions': '-', 'Default': '""""', 'Units': 'N/A', 'Description': '-', 'Swat_codetype': 'in_cli'}"
snow.sno,1,1,titldum,"{'Line in File': '1', 'Position in File': '1', 'Condition': '-', 'Local (Y/N)': 'Y', 'TYPE': '-', 'Component': 'titldum', 'Type': 'character(len=80)', 'Dimensions': '-', 'Default': '-', 'Units': 'N/A', 'Description': '-', 'Swat_codetype': '-'}","{'Line in File': '1', 'Position in File': '1', 'Condition': '-', 'Local (Y/N)': 'Y', 'TYPE': '-', 'Component': 'titldum', 'Type': 'character(len=80)', 'Dimensions': '-', 'Default': '""""', 'Units': 'N/A', 'Description': '-', 'Swat_codetype': '-'}"
snow.sno,2,1,header,"{'Line in File': '2', 'Position in File': '1', 'Condition': '-', 'Local (Y/N)': 'Y', 'TYPE': '-', 'Component': 'header', 'Type': 'character(len=80)', 'Dimensions': '-', 'Default': '-', 'Units': 'N/A', 'Description': '-', 'Swat_codetype': '-'}","{'Line in File': '2', 'Position in File': '1', 'Condition': '-', 'Local (Y/N)': 'Y', 'TYPE': '-', 'Component': 'header', 'Type': 'character(len=80)', 'Dimensions': '-', 'Default': '""""', 'Units': 'N/A', 'Description': '-', 'Swat_codetype': '-'}"
snow.sno,3,1,name,"{'Line in File': '3', 'Position in File': '1', 'Condition': '-', 'Local (Y/N)': 'N', 'TYPE': 'snow_parameters', 'Component': 'name', 'Type': 'character(len=40)', 'Dimensions': '-', 'Default': '-', 'Units': 'N/A', 'Description': '-', 'Swat_codetype': 'in_parmdb'}","{'Line in File': '3', 'Position in File': '1', 'Condition': '-', 'Local (Y/N)': 'N', 'TYPE': 'snow_parameters', 'Component': 'name', 'Type': 'character(len=40)', 'Dimensions': '-', 'Default': '""""', 'Units': 'N/A', 'Description': '-', 'Swat_codetype': 'in_parmdb'}"
soil_plant.ini,1,1,titldum,"{'Line in File': '1', 'Position in File': '1', 'Condition': '-', 'Local (Y/N)': 'Y', 'TYPE': '-', 'Component': 'titldum', 'Type': 'character(len=80)', 'Dimensions': '-', 'Default': '-', 'Units': 'N/A', 'Description': '-', 'Swat_codetype': '-'}","{'Line in File': '1', 'Position in File': '1', 'Condition': '-', 'Local (Y/N)': 'Y', 'TYPE': '-', 'Component': 'titldum', 'Type': 'character(len=80)', 'Dimensions': '-', 'Default': '""""', 'Units': 'N/A', 'Description': '-', 'Swat_codetype': '-'}"
soil_plant.ini,2,1,header,"{'Line in File': '2', 'Position in File': '1', 'Condition': '-', 'Local (Y/N)': 'Y', 'TYPE': '-', 'Component': 'header', 'Type': 'character(len=80)', 'Dimensions': '-', 'Default': '-', 'Units': 'N/A', 'Description': '-', 'Swat_codetype': '-'}","{'Line in File': '2', 'Position in File': '1', 'Condition': '-', 'Local (Y/N)': 'Y', 'TYPE': '-', 'Component': 'header', 'Type': 'character(len=80)', 'Dimensions': '-', 'Default': '""""', 'Units': 'N/A', 'Description': '-', 'Swat_codetype': '-'}"
soil_plant.ini,3,1,name,"{'Line in File': '3', 'Position in File': '1', 'Condition': '-', 'Local (Y/N)': 'N', 'TYPE': 'sol_plt_ini', 'Component': 'name', 'Type': 'character(len=40)', 'Dimensions': '-', 'Default': '""""', 'Units': 'N/A', 'Description': '-', 'Swat_codetype': 'in_init'}","{'Line in File': '3', 'Position in File': '1', 'Condition': 'if (bsn_cc%nam1 == 0)', 'Local (Y/N)': 'N', 'TYPE': 'sol_plt_ini', 'Component': 'name', 'Type': 'character(len=40)', 'Dimensions': '-', 'Default': '""""', 'Units': 'N/A', 'Description': '-', 'Swat_codetype': 'in_init'}"
soil_plant.ini,3,2,sw_frac,"{'Line in File': '3', 'Position in File': '2', 'Condition': '-', 'Local (Y/N)': 'N', 'TYPE': 'sol_plt_ini', 'Component': 'sw_frac', 'Type': 'real', 'Dimensions': '-', 'Default': '-', 'Units': 'N/A', 'Description': '-', 'Swat_codetype': 'in_init'}","{'Line in File': '3', 'Position in File': '2', 'Condition': 'if (bsn_cc%nam1 == 0)', 'Local (Y/N)': 'N', 'TYPE': 'sol_plt_ini', 'Component': 'sw_frac', 'Type': 'real', 'Dimensions': '-', 'Default': '0.', 'Units': 'N/A', 'Description': '-', 'Swat_codetype': 'in_init'}"
soil_plant.ini,3,3,nutc,"{'Line in File': '3', 'Position in File': '3', 'Condition': '-', 'Local (Y/N)': 'N', 'TYPE': 'sol_plt_ini', 'Component': 'nutc', 'Type': 'character(len=40)', 'Dimensions': '-', 'Default': '""""', 'Units': 'N/A', 'Description': '-', 'Swat_codetype': 'in_init'}","{'Line in File': '3', 'Position in File': '3', 'Condition': 'if (bsn_cc%nam1 == 0)', 'Local (Y/N)': 'N', 'TYPE': 'sol_plt_ini', 'Component': 'nutc', 'Type': 'character(len=40)', 'Dimensions': '-', 'Default': '""""', 'Units': 'N/A', 'Description': '-', 'Swat_codetype': 'in_init'}"
soil_plant.ini,3,4,pestc,"{'Line in File': '3', 'Position in File': '4', 'Condition': '-', 'Local (Y/N)': 'N', 'TYPE': 'sol_plt_ini', 'Component': 'pestc', 'Type': 'character(len=40)', 'Dimensions': '-', 'Default': '""""', 'Units': 'N/A', 'Description': '-', 'Swat_codetype': 'in_init'}","{'Line in File': '3', 'Position in File': '4', 'Condition': 'if (bsn_cc%nam1 == 0)', 'Local (Y/N)': 'N', 'TYPE': 'sol_plt_ini', 'Component': 'pestc', 'Type': 'character(len=40)', 'Dimensions': '-', 'Default': '""""', 'Units': 'N/A', 'Description': '-', 'Swat_codetype': 'in_init'}"
soil_plant.ini,3,5,pathc,"{'Line in File': '3', 'Position in File': '5', 'Condition': '-', 'Local (Y/N)': 'N', 'TYPE': 'sol_plt_ini', 'Component': 'pathc', 'Type': 'character(len=40)', 'Dimensions': '-', 'Default': '""""', 'Units': 'N/A', 'Description': '-', 'Swat_codetype': 'in_init'}","{'Line in File': '3', 'Position in File': '5', 'Condition': 'if (bsn_cc%nam1 == 0)', 'Local (Y/N)': 'N', 'TYPE': 'sol_plt_ini', 'Component': 'pathc', 'Type': 'character(len=40)', 'Dimensions': '-', 'Default': '""""', 'Units': 'N/A', 'Description': '-', 'Swat_codetype': 'in_init'}"
soil_plant.ini,3,6,saltc,"{'Line in File': '3', 'Position in File': '6', 'Condition': '-', 'Local (Y/N)': 'N', 'TYPE': 'sol_plt_ini', 'Component': 'saltc', 'Type': 'character(len=40)', 'Dimensions': '-', 'Default': '""""', 'Units': 'N/A', 'Description': '-', 'Swat_codetype': 'in_init'}","{'Line in File': '3', 'Position in File': '6', 'Condition': 'if (bsn_cc%nam1 == 0)', 'Local (Y/N)': 'N', 'TYPE': 'sol_plt_ini', 'Component': 'saltc', 'Type': 'character(len=40)', 'Dimensions': '-', 'Default': '""""', 'Units': 'N/A', 'Description': '-', 'Swat_codetype': 'in_init'}"
soil_plant.ini,3,7,hmetc,"{'Line in File': '3', 'Position in File': '7', 'Condition': '-', 'Local (Y/N)': 'N', 'TYPE': 'sol_plt_ini', 'Component': 'hmetc', 'Type': 'character(len=40)', 'Dimensions': '-', 'Default': '""""', 'Units': 'N/A', 'Description': '-', 'Swat_codetype': 'in_init'}","{'Line in File': '3', 'Position in File': '7', 'Condition': 'if (bsn_cc%nam1 == 0)', 'Local (Y/N)': 'N', 'TYPE': 'sol_plt_ini', 'Component': 'hmetc', 'Type': 'character(len=40)', 'Dimensions': '-', 'Default': '""""', 'Units': 'N/A', 'Description': '-', 'Swat_codetype': 'in_init'}"
soil_plant.ini,4,1,name,,"{'Line in File': '4', 'Position in File': '1', 'Condition': 'if (bsn_cc%nam1 == 0)', 'Local (Y/N)': 'N', 'TYPE': 'sol_plt_ini', 'Component': 'name', 'Type': 'character(len=40)', 'Dimensions': '-', 'Default': '""""', 'Units': 'N/A', 'Description': '-', 'Swat_codetype': 'in_init'}"
soil_plant.ini,4,2,sw_frac,,"{'Line in File': '4', 'Position in File': '2', 'Condition': 'if (bsn_cc%nam1 == 0)', 'Local (Y/N)': 'N', 'TYPE': 'sol_plt_ini', 'Component': 'sw_frac', 'Type': 'real', 'Dimensions': '-', 'Default': '0.', 'Units': 'N/A', 'Description': '-', 'Swat_codetype': 'in_init'}"
soil_plant.ini,4,3,nutc,,"{'Line in File': '4', 'Position in File': '3', 'Condition': 'if (bsn_cc%nam1 == 0)', 'Local (Y/N)': 'N', 'TYPE': 'sol_plt_ini', 'Component': 'nutc', 'Type': 'character(len=40)', 'Dimensions': '-', 'Default': '""""', 'Units': 'N/A', 'Description': '-', 'Swat_codetype': 'in_init'}"
soil_plant.ini,4,4,pestc,,"{'Line in File': '4', 'Position in File': '4', 'Condition': 'if (bsn_cc%nam1 == 0)', 'Local (Y/N)': 'N', 'TYPE': 'sol_plt_ini', 'Component': 'pestc', 'Type': 'character(len=40)', 'Dimensions': '-', 'Default': '""""', 'Units': 'N/A', 'Description': '-', 'Swat_codetype': 'in_init'}"
soil_plant.ini,4,5,pathc,,"{'Line in File': '4', 'Position in File': '5', 'Condition': 'if (bsn_cc%nam1 == 0)', 'Local (Y/N)': 'N', 'TYPE': 'sol_plt_ini', 'Component': 'pathc', 'Type': 'character(len=40)', 'Dimensions': '-', 'Default': '""""', 'Units': 'N/A', 'Description': '-', 'Swat_codetype': 'in_init'}"
soil_plant.ini,4,6,saltc,,"{'Line in File': '4', 'Position in File': '6', 'Condition': 'if (bsn_cc%nam1 == 0)', 'Local (Y/N)': 'N', 'TYPE': 'sol_plt_ini', 'Component': 'saltc', 'Type': 'character(len=40)', 'Dimensions': '-', 'Default': '""""', 'Units': 'N/A', 'Description': '-', 'Swat_codetype': 'in_init'}"
soil_plant.ini,4,7,hmetc,,"{'Line in File': '4', 'Position in File': '7', 'Condition': 'if (bsn_cc%nam1 == 0)', 'Local (Y/N)': 'N', 'TYPE': 'sol_plt_ini', 'Component': 'hmetc', 'Type': 'character(len=40)', 'Dimensions': '-', 'Default': '""""', 'Units': 'N/A', 'Description': '-', 'Swat_codetype': 'in_init'}"
soil_plant.ini,4,8,csc,,"{'Line in File': '4', 'Position in File': '8', 'Condition': 'if (bsn_cc%nam1 == 0)', 'Local (Y/N)': 'N', 'TYPE': 'sol_plt_ini', 'Component': 'csc', 'Type': 'character(len=40)', 'Dimensions': '-', 'Default': '""""', 'Units': 'N/A', 'Description': '-', 'Swat_codetype': 'in_init'}"
soils_lte.sol,1,1,titldum,"{'Line in File': '1', 'Position in File': '1', 'Condition': '-', 'Local (Y/N)': 'Y', 'TYPE': '-', 'Component': 'titldum', 'Type': 'character(len=80)', 'Dimensions': '-', 'Default': '-', 'Units': 'N/A', 'Description': '-', 'Swat_codetype': '-'}","{'Line in File': '1', 'Position in File': '1', 'Condition': '-', 'Local (Y/N)': 'Y', 'TYPE': '-', 'Component': 'titldum', 'Type': 'character(len=80)', 'Dimensions': '-', 'Default': '""""', 'Units': 'N/A', 'Description': '-', 'Swat_codetype': '-'}"
soils_lte.sol,2,1,header,"{'Line in File': '2', 'Position in File': '1', 'Condition': '-', 'Local (Y/N)': 'Y', 'TYPE': '-', 'Component': 'header', 'Type': 'character(len=80)', 'Dimensions': '-', 'Default': '-', 'Units': 'N/A', 'Description': '-', 'Swat_codetype': '-'}","{'Line in File': '2', 'Position in File': '1', 'Condition': '-', 'Local (Y/N)': 'Y', 'TYPE': '-', 'Component': 'header', 'Type': 'character(len=80)', 'Dimensions': '-', 'Default': '""""', 'Units': 'N/A', 'Description': '-', 'Swat_codetype': '-'}"
soils_lte.sol,3,1,texture,"{'Line in File': '3', 'Position in File': '1', 'Condition': '-', 'Local (Y/N)': 'N', 'TYPE': 'soil_lte_database', 'Component': 'texture', 'Type': 'character(len=16)', 'Dimensions': '-', 'Default': '-', 'Units': 'N/A', 'Description': '-', 'Swat_codetype': 'in_sol'}","{'Line in File': '3', 'Position in File': '1', 'Condition': '-', 'Local (Y/N)': 'N', 'TYPE': 'soil_lte_database', 'Component': 'texture', 'Type': 'character(len=16)', 'Dimensions': '-', 'Default': '""""', 'Units': 'N/A', 'Description': '-', 'Swat_codetype': 'in_sol'}"
soils_lte.sol,3,2,awc,"{'Line in File': '3', 'Position in File': '2', 'Condition': '-', 'Local (Y/N)': 'N', 'TYPE': 'soil_lte_database', 'Component': 'awc', 'Type': 'real', 'Dimensions': '-', 'Default': '-', 'Units': 'N/A', 'Description': '-', 'Swat_codetype': 'in_sol'}","{'Line in File': '3', 'Position in File': '2', 'Condition': '-', 'Local (Y/N)': 'N', 'TYPE': 'soil_lte_database', 'Component': 'awc', 'Type': 'real', 'Dimensions': '-', 'Default': '0.', 'Units': 'N/A', 'Description': '-', 'Swat_codetype': 'in_sol'}"
soils_lte.sol,3,3,por,"{'Line in File': '3', 'Position in File': '3', 'Condition': '-', 'Local (Y/N)': 'N', 'TYPE': 'soil_lte_database', 'Component': 'por', 'Type': 'real', 'Dimensions': '-', 'Default': '-', 'Units': 'N/A', 'Description': '-', 'Swat_codetype': 'in_sol'}","{'Line in File': '3', 'Position in File': '3', 'Condition': '-', 'Local (Y/N)': 'N', 'TYPE': 'soil_lte_database', 'Component': 'por', 'Type': 'real', 'Dimensions': '-', 'Default': '0.', 'Units': 'N/A', 'Description': '-', 'Swat_codetype': 'in_sol'}"
soils_lte.sol,3,4,scon,"{'Line in File': '3', 'Position in File': '4', 'Condition': '-', 'Local (Y/N)': 'N', 'TYPE': 'soil_lte_database', 'Component': 'scon', 'Type': 'real', 'Dimensions': '-', 'Default': '-', 'Units': 'N/A', 'Description': '-', 'Swat_codetype': 'in_sol'}","{'Line in File': '3', 'Position in File': '4', 'Condition': '-', 'Local (Y/N)': 'N', 'TYPE': 'soil_lte_database', 'Component': 'scon', 'Type': 'real', 'Dimensions': '-', 'Default': '0.', 'Units': 'N/A', 'Description': '-', 'Swat_codetype': 'in_sol'}"
sweep.ops,1,1,titldum,"{'Line in File': '1', 'Position in File': '1', 'Condition': '-', 'Local (Y/N)': 'Y', 'TYPE': '-', 'Component': 'titldum', 'Type': 'character(len=80)', 'Dimensions': '-', 'Default': '-', 'Units': 'N/A', 'Description': '-', 'Swat_codetype': '-'}","{'Line in File': '1', 'Position in File': '1', 'Condition': '-', 'Local (Y/N)': 'Y', 'TYPE': '-', 'Component': 'titldum', 'Type': 'character(len=80)', 'Dimensions': '-', 'Default': '""""', 'Units': 'N/A', 'Description': '-', 'Swat_codetype': '-'}"
sweep.ops,2,1,header,"{'Line in File': '2', 'Position in File': '1', 'Condition': '-', 'Local (Y/N)': 'Y', 'TYPE': '-', 'Component': 'header', 'Type': 'character(len=80)', 'Dimensions': '-', 'Default': '-', 'Units': 'N/A', 'Description': '-', 'Swat_codetype': '-'}","{'Line in File': '2', 'Position in File': '1', 'Condition': '-', 'Local (Y/N)': 'Y', 'TYPE': '-', 'Component': 'header', 'Type': 'character(len=80)', 'Dimensions': '-', 'Default': '""""', 'Units': 'N/A', 'Description': '-', 'Swat_codetype': '-'}"
sweep.ops,3,1,name,"{'Line in File': '3', 'Position in File': '1', 'Condition': '-', 'Local (Y/N)': 'N', 'TYPE': 'streetsweep_operation', 'Component': 'name', 'Type': 'character(len=40)', 'Dimensions': '-', 'Default': '-', 'Units': 'N/A', 'Description': '-', 'Swat_codetype': 'in_ops'}","{'Line in File': '3', 'Position in File': '1', 'Condition': '-', 'Local (Y/N)': 'N', 'TYPE': 'streetsweep_operation', 'Component': 'name', 'Type': 'character(len=40)', 'Dimensions': '-', 'Default': '""""', 'Units': 'N/A', 'Description': '-', 'Swat_codetype': 'in_ops'}"
temperature.cha,1,1,titldum,"{'Line in File': '1', 'Position in File': '1', 'Condition': '-', 'Local (Y/N)': 'Y', 'TYPE': '-', 'Component': 'titldum', 'Type': 'character(len=80)', 'Dimensions': '-', 'Default': '-', 'Units': 'N/A', 'Description': '-', 'Swat_codetype': '-'}","{'Line in File': '1', 'Position in File': '1', 'Condition': '-', 'Local (Y/N)': 'Y', 'TYPE': '-', 'Component': 'titldum', 'Type': 'character(len=80)', 'Dimensions': '-', 'Default': '""""', 'Units': 'N/A', 'Description': '-', 'Swat_codetype': '-'}"
temperature.cha,2,1,header,"{'Line in File': '2', 'Position in File': '1', 'Condition': '-', 'Local (Y/N)': 'Y', 'TYPE': '-', 'Component': 'header', 'Type': 'character(len=80)', 'Dimensions': '-', 'Default': '-', 'Units': 'N/A', 'Description': '-', 'Swat_codetype': '-'}","{'Line in File': '2', 'Position in File': '1', 'Condition': '-', 'Local (Y/N)': 'Y', 'TYPE': '-', 'Component': 'header', 'Type': 'character(len=80)', 'Dimensions': '-', 'Default': '""""', 'Units': 'N/A', 'Description': '-', 'Swat_codetype': '-'}"
temperature.cha,3,1,name,"{'Line in File': '3', 'Position in File': '1', 'Condition': '-', 'Local (Y/N)': 'N', 'TYPE': 'water_temperature_data', 'Component': 'name', 'Type': 'character(len=16)', 'Dimensions': '-', 'Default': '-', 'Units': 'N/A', 'Description': '-', 'Swat_codetype': 'in_cha'}","{'Line in File': '3', 'Position in File': '1', 'Condition': '-', 'Local (Y/N)': 'N', 'TYPE': 'water_temperature_data', 'Component': 'name', 'Type': 'character(len=16)', 'Dimensions': '-', 'Default': '""""', 'Units': 'N/A', 'Description': '-', 'Swat_codetype': 'in_cha'}"
tiledrain.str,1,1,titldum,"{'Line in File': '1', 'Position in File': '1', 'Condition': '-', 'Local (Y/N)': 'Y', 'TYPE': '-', 'Component': 'titldum', 'Type': 'character(len=80)', 'Dimensions': '-', 'Default': '-', 'Units': 'N/A', 'Description': '-', 'Swat_codetype': '-'}","{'Line in File': '1', 'Position in File': '1', 'Condition': '-', 'Local (Y/N)': 'Y', 'TYPE': '-', 'Component': 'titldum', 'Type': 'character(len=80)', 'Dimensions': '-', 'Default': '""""', 'Units': 'N/A', 'Description': '-', 'Swat_codetype': '-'}"
tiledrain.str,2,1,header,"{'Line in File': '2', 'Position in File': '1', 'Condition': '-', 'Local (Y/N)': 'Y', 'TYPE': '-', 'Component': 'header', 'Type': 'character(len=80)', 'Dimensions': '-', 'Default': '-', 'Units': 'N/A', 'Description': '-', 'Swat_codetype': '-'}","{'Line in File': '2', 'Position in File': '1', 'Condition': '-', 'Local (Y/N)': 'Y', 'TYPE': '-', 'Component': 'header', 'Type': 'character(len=80)', 'Dimensions': '-', 'Default': '""""', 'Units': 'N/A', 'Description': '-', 'Swat_codetype': '-'}"
tillage.til,1,1,titldum,"{'Line in File': '1', 'Position in File': '1', 'Condition': '-', 'Local (Y/N)': 'Y', 'TYPE': '-', 'Component': 'titldum', 'Type': 'character(len=80)', 'Dimensions': '-', 'Default': '-', 'Units': 'N/A', 'Description': '-', 'Swat_codetype': '-'}","{'Line in File': '1', 'Position in File': '1', 'Condition': '-', 'Local (Y/N)': 'Y', 'TYPE': '-', 'Component': 'titldum', 'Type': 'character(len=80)', 'Dimensions': '-', 'Default': '""""', 'Units': 'N/A', 'Description': '-', 'Swat_codetype': '-'}"
tillage.til,2,1,header,"{'Line in File': '2', 'Position in File': '1', 'Condition': '-', 'Local (Y/N)': 'Y', 'TYPE': '-', 'Component': 'header', 'Type': 'character(len=80)', 'Dimensions': '-', 'Default': '-', 'Units': 'N/A', 'Description': '-', 'Swat_codetype': '-'}","{'Line in File': '2', 'Position in File': '1', 'Condition': '-', 'Local (Y/N)': 'Y', 'TYPE': '-', 'Component': 'header', 'Type': 'character(len=80)', 'Dimensions': '-', 'Default': '""""', 'Units': 'N/A', 'Description': '-', 'Swat_codetype': '-'}"
tillage.til,3,6,ridge_sp,"{'Line in File': '3', 'Position in File': '6', 'Condition': '-', 'Local (Y/N)': 'N', 'TYPE': 'tillage_db', 'Component': 'ridge_sp', 'Type': 'real', 'Dimensions': '-', 'Default': '0.', 'Units': 'N/A', 'Description': 'mm |ridge inteval (or row spacing)', 'Swat_codetype': 'in_parmdb'}","{'Line in File': '3', 'Position in File': '6', 'Condition': '-', 'Local (Y/N)': 'N', 'TYPE': 'tillage_db', 'Component': 'ridge_sp', 'Type': 'real', 'Dimensions': '-', 'Default': '0.', 'Units': 'N/A', 'Description': 'mm |ridge interval (or row spacing)', 'Swat_codetype': 'in_parmdb'}"
time.sim,1,1,titldum,"{'Line in File': '1', 'Position in File': '1', 'Condition': '-', 'Local (Y/N)': 'Y', 'TYPE': '-', 'Component': 'titldum', 'Type': 'character(len=80)', 'Dimensions': '-', 'Default': '-', 'Units': 'N/A', 'Description': '-', 'Swat_codetype': '-'}","{'Line in File': '1', 'Position in File': '1', 'Condition': '-', 'Local (Y/N)': 'Y', 'TYPE': '-', 'Component': 'titldum', 'Type': 'character(len=80)', 'Dimensions': '-', 'Default': '""""', 'Units': 'N/A', 'Description': '-', 'Swat_codetype': '-'}"
time.sim,2,1,header,"{'Line in File': '2', 'Position in File': '1', 'Condition': '-', 'Local (Y/N)': 'Y', 'TYPE': '-', 'Component': 'header', 'Type': 'character(len=500)', 'Dimensions': '-', 'Default': '-', 'Units': 'N/A', 'Description': '-', 'Swat_codetype': '-'}","{'Line in File': '2', 'Position in File': '1', 'Condition': '-', 'Local (Y/N)': 'Y', 'TYPE': '-', 'Component': 'header', 'Type': 'character(len=500)', 'Dimensions': '-', 'Default': '""""', 'Units': 'N/A', 'Description': '-', 'Swat_codetype': '-'}"
tmp(i)%filename,1,1,titldum,"{'Line in File': '1', 'Position in File': '1', 'Condition': '-', 'Local (Y/N)': 'Y', 'TYPE': '-', 'Component': 'titldum', 'Type': 'character(len=80)', 'Dimensions': '-', 'Default': '-', 'Units': 'N/A', 'Description': '-', 'Swat_codetype': '-'}","{'Line in File': '1', 'Position in File': '1', 'Condition': '-', 'Local (Y/N)': 'Y', 'TYPE': '-', 'Component': 'titldum', 'Type': 'character(len=80)', 'Dimensions': '-', 'Default': '""""', 'Units': 'N/A', 'Description': '-', 'Swat_codetype': '-'}"
tmp(i)%filename,2,1,header,"{'Line in File': '2', 'Position in File': '1', 'Condition': '-', 'Local (Y/N)': 'Y', 'TYPE': '-', 'Component': 'header', 'Type': 'character(len=80)', 'Dimensions': '-', 'Default': '-', 'Units': 'N/A', 'Description': '-', 'Swat_codetype': '-'}","{'Line in File': '2', 'Position in File': '1', 'Condition': '-', 'Local (Y/N)': 'Y', 'TYPE': '-', 'Component': 'header', 'Type': 'character(len=80)', 'Dimensions': '-', 'Default': '""""', 'Units': 'N/A', 'Description': '-', 'Swat_codetype': '-'}"
tmp(i)%filename,3,1,nbyr,"{'Line in File': '3', 'Position in File': '1', 'Condition': '-', 'Local (Y/N)': 'N', 'TYPE': 'tmp', 'Component': 'nbyr', 'Type': 'integer', 'Dimensions': '-', 'Default': '-', 'Units': 'N/A', 'Description': 'number of years of daily rainfall', 'Swat_codetype': 'tmp'}","{'Line in File': '3', 'Position in File': '1', 'Condition': '-', 'Local (Y/N)': 'N', 'TYPE': 'tmp', 'Component': 'nbyr', 'Type': 'integer', 'Dimensions': '-', 'Default': '0', 'Units': 'N/A', 'Description': 'number of years of daily rainfall', 'Swat_codetype': 'tmp'}"
tmp(i)%filename,3,2,tstep,"{'Line in File': '3', 'Position in File': '2', 'Condition': '-', 'Local (Y/N)': 'N', 'TYPE': 'tmp', 'Component': 'tstep', 'Type': 'integer', 'Dimensions': '-', 'Default': '-', 'Units': 'N/A', 'Description': 'timestep of precipitation', 'Swat_codetype': 'tmp'}","{'Line in File': '3', 'Position in File': '2', 'Condition': '-', 'Local (Y/N)': 'N', 'TYPE': 'tmp', 'Component': 'tstep', 'Type': 'integer', 'Dimensions': '-', 'Default': '0', 'Units': 'N/A', 'Description': 'timestep of precipitation', 'Swat_codetype': 'tmp'}"
tmp(i)%filename,3,3,lat,"{'Line in File': '3', 'Position in File': '3', 'Condition': '-', 'Local (Y/N)': 'N', 'TYPE': 'tmp', 'Component': 'lat', 'Type': 'real', 'Dimensions': '-', 'Default': '-', 'Units': 'N/A', 'Description': 'latitude of raingage', 'Swat_codetype': 'tmp'}","{'Line in File': '3', 'Position in File': '3', 'Condition': '-', 'Local (Y/N)': 'N', 'TYPE': 'tmp', 'Component': 'lat', 'Type': 'real', 'Dimensions': '-', 'Default': '0.', 'Units': 'N/A', 'Description': 'latitude of raingage', 'Swat_codetype': 'tmp'}"
tmp(i)%filename,3,4,long,"{'Line in File': '3', 'Position in File': '4', 'Condition': '-', 'Local (Y/N)': 'N', 'TYPE': 'tmp', 'Component': 'long', 'Type': 'real', 'Dimensions': '-', 'Default': '-', 'Units': 'N/A', 'Description': 'longitude of raingage', 'Swat_codetype': 'tmp'}","{'Line in File': '3', 'Position in File': '4', 'Condition': '-', 'Local (Y/N)': 'N', 'TYPE': 'tmp', 'Component': 'long', 'Type': 'real', 'Dimensions': '-', 'Default': '0.', 'Units': 'N/A', 'Description': 'longitude of raingage', 'Swat_codetype': 'tmp'}"
tmp(i)%filename,3,5,elev,"{'Line in File': '3', 'Position in File': '5', 'Condition': '-', 'Local (Y/N)': 'N', 'TYPE': 'tmp', 'Component': 'elev', 'Type': 'real', 'Dimensions': '-', 'Default': '-', 'Units': 'N/A', 'Description': 'elevation of raingage', 'Swat_codetype': 'tmp'}","{'Line in File': '3', 'Position in File': '5', 'Condition': '-', 'Local (Y/N)': 'N', 'TYPE': 'tmp', 'Component': 'elev', 'Type': 'real', 'Dimensions': '-', 'Default': '0.', 'Units': 'N/A', 'Description': 'elevation of raingage', 'Swat_codetype': 'tmp'}"
tmp(i)%filename,4,1,iyr,"{'Line in File': '4', 'Position in File': '1', 'Condition': 'if (mod(iyr,4) == 0)', 'Local (Y/N)': 'Y', 'TYPE': '-', 'Component': 'iyr', 'Type': 'integer', 'Dimensions': '-', 'Default': '-', 'Units': 'N/A', 'Description': '-', 'Swat_codetype': '-'}","{'Line in File': '4', 'Position in File': '1', 'Condition': 'if (mod(iyr,4) == 0)', 'Local (Y/N)': 'Y', 'TYPE': '-', 'Component': 'iyr', 'Type': 'integer', 'Dimensions': '-', 'Default': '0', 'Units': 'N/A', 'Description': '-', 'Swat_codetype': '-'}"
tmp(i)%filename,4,2,istep,"{'Line in File': '4', 'Position in File': '2', 'Condition': 'if (mod(iyr,4) == 0)', 'Local (Y/N)': 'Y', 'TYPE': '-', 'Component': 'istep', 'Type': 'integer', 'Dimensions': '-', 'Default': '-', 'Units': 'N/A', 'Description': '-', 'Swat_codetype': '-'}","{'Line in File': '4', 'Position in File': '2', 'Condition': 'if (mod(iyr,4) == 0)', 'Local (Y/N)': 'Y', 'TYPE': '-', 'Component': 'istep', 'Type': 'integer', 'Dimensions': '-', 'Default': '0', 'Units': 'N/A', 'Description': '-', 'Swat_codetype': '-'}"
tmp(i)%filename,5,1,iyr,"{'Line in File': '5', 'Position in File': '1', 'Condition': 'if (istep == 365 .or. istep == 366)', 'Local (Y/N)': 'Y', 'TYPE': '-', 'Component': 'iyr', 'Type': 'integer', 'Dimensions': '-', 'Default': '-', 'Units': 'N/A', 'Description': '-', 'Swat_codetype': '-'}","{'Line in File': '5', 'Position in File': '1', 'Condition': 'if (istep == 365 .or. istep == 366)', 'Local (Y/N)': 'Y', 'TYPE': '-', 'Component': 'iyr', 'Type': 'integer', 'Dimensions': '-', 'Default': '0', 'Units': 'N/A', 'Description': '-', 'Swat_codetype': '-'}"
tmp(i)%filename,5,2,istep,"{'Line in File': '5', 'Position in File': '2', 'Condition': 'if (istep == 365 .or. istep == 366)', 'Local (Y/N)': 'Y', 'TYPE': '-', 'Component': 'istep', 'Type': 'integer', 'Dimensions': '-', 'Default': '-', 'Units': 'N/A', 'Description': '-', 'Swat_codetype': '-'}","{'Line in File': '5', 'Position in File': '2', 'Condition': 'if (istep == 365 .or. istep == 366)', 'Local (Y/N)': 'Y', 'TYPE': '-', 'Component': 'istep', 'Type': 'integer', 'Dimensions': '-', 'Default': '0', 'Units': 'N/A', 'Description': '-', 'Swat_codetype': '-'}"
tmp.cli,1,1,titldum,"{'Line in File': '1', 'Position in File': '1', 'Condition': '-', 'Local (Y/N)': 'Y', 'TYPE': '-', 'Component': 'titldum', 'Type': 'character(len=80)', 'Dimensions': '-', 'Default': '-', 'Units': 'N/A', 'Description': '-', 'Swat_codetype': '-'}","{'Line in File': '1', 'Position in File': '1', 'Condition': '-', 'Local (Y/N)': 'Y', 'TYPE': '-', 'Component': 'titldum', 'Type': 'character(len=80)', 'Dimensions': '-', 'Default': '""""', 'Units': 'N/A', 'Description': '-', 'Swat_codetype': '-'}"
tmp.cli,2,1,header,"{'Line in File': '2', 'Position in File': '1', 'Condition': '-', 'Local (Y/N)': 'Y', 'TYPE': '-', 'Component': 'header', 'Type': 'character(len=80)', 'Dimensions': '-', 'Default': '-', 'Units': 'N/A', 'Description': '-', 'Swat_codetype': '-'}","{'Line in File': '2', 'Position in File': '1', 'Condition': '-', 'Local (Y/N)': 'Y', 'TYPE': '-', 'Component': 'header', 'Type': 'character(len=80)', 'Dimensions': '-', 'Default': '""""', 'Units': 'N/A', 'Description': '-', 'Swat_codetype': '-'}"
tmp.cli,3,1,filename,"{'Line in File': '3', 'Position in File': '1', 'Condition': '-', 'Local (Y/N)': 'N', 'TYPE': 'tmp', 'Component': 'filename', 'Type': 'character(len=50)', 'Dimensions': '-', 'Default': '-', 'Units': 'N/A', 'Description': '-', 'Swat_codetype': 'in_cli'}","{'Line in File': '3', 'Position in File': '1', 'Condition': '-', 'Local (Y/N)': 'N', 'TYPE': 'tmp', 'Component': 'filename', 'Type': 'character(len=50)', 'Dimensions': '-', 'Default': '""""', 'Units': 'N/A', 'Description': '-', 'Swat_codetype': 'in_cli'}"
topography.hyd,1,1,titldum,"{'Line in File': '1', 'Position in File': '1', 'Condition': '-', 'Local (Y/N)': 'Y', 'TYPE': '-', 'Component': 'titldum', 'Type': 'character(len=80)', 'Dimensions': '-', 'Default': '-', 'Units': 'N/A', 'Description': '-', 'Swat_codetype': '-'}","{'Line in File': '1', 'Position in File': '1', 'Condition': '-', 'Local (Y/N)': 'Y', 'TYPE': '-', 'Component': 'titldum', 'Type': 'character(len=80)', 'Dimensions': '-', 'Default': '""""', 'Units': 'N/A', 'Description': '-', 'Swat_codetype': '-'}"
topography.hyd,2,1,header,"{'Line in File': '2', 'Position in File': '1', 'Condition': '-', 'Local (Y/N)': 'Y', 'TYPE': '-', 'Component': 'header', 'Type': 'character(len=80)', 'Dimensions': '-', 'Default': '-', 'Units': 'N/A', 'Description': '-', 'Swat_codetype': '-'}","{'Line in File': '2', 'Position in File': '1', 'Condition': '-', 'Local (Y/N)': 'Y', 'TYPE': '-', 'Component': 'header', 'Type': 'character(len=80)', 'Dimensions': '-', 'Default': '""""', 'Units': 'N/A', 'Description': '-', 'Swat_codetype': '-'}"
transplant.plt,1,1,titldum,"{'Line in File': '1', 'Position in File': '1', 'Condition': '-', 'Local (Y/N)': 'Y', 'TYPE': '-', 'Component': 'titldum', 'Type': 'character(len=80)', 'Dimensions': '-', 'Default': '-', 'Units': 'N/A', 'Description': '-', 'Swat_codetype': '-'}","{'Line in File': '1', 'Position in File': '1', 'Condition': '-', 'Local (Y/N)': 'Y', 'TYPE': '-', 'Component': 'titldum', 'Type': 'character(len=80)', 'Dimensions': '-', 'Default': '""""', 'Units': 'N/A', 'Description': '-', 'Swat_codetype': '-'}"
transplant.plt,2,1,header,"{'Line in File': '2', 'Position in File': '1', 'Condition': '-', 'Local (Y/N)': 'Y', 'TYPE': '-', 'Component': 'header', 'Type': 'character(len=80)', 'Dimensions': '-', 'Default': '-', 'Units': 'N/A', 'Description': '-', 'Swat_codetype': '-'}","{'Line in File': '2', 'Position in File': '1', 'Condition': '-', 'Local (Y/N)': 'Y', 'TYPE': '-', 'Component': 'header', 'Type': 'character(len=80)', 'Dimensions': '-', 'Default': '""""', 'Units': 'N/A', 'Description': '-', 'Swat_codetype': '-'}"
transplant.plt,3,6,pop,"{'Line in File': '3', 'Position in File': '6', 'Condition': '-', 'Local (Y/N)': 'N', 'TYPE': 'plant_transplant_db', 'Component': 'pop', 'Type': 'real', 'Dimensions': '-', 'Default': '-', 'Units': 'N/A', 'Description': '-', 'Swat_codetype': 'transpl'}","{'Line in File': '3', 'Position in File': '6', 'Condition': '-', 'Local (Y/N)': 'N', 'TYPE': 'plant_transplant_db', 'Component': 'pop', 'Type': 'real', 'Dimensions': '-', 'Default': '0.', 'Units': 'N/A', 'Description': '-', 'Swat_codetype': 'transpl'}"
urban.urb,1,1,titldum,"{'Line in File': '1', 'Position in File': '1', 'Condition': '-', 'Local (Y/N)': 'Y', 'TYPE': '-', 'Component': 'titldum', 'Type': 'character(len=80)', 'Dimensions': '-', 'Default': '-', 'Units': 'N/A', 'Description': '-', 'Swat_codetype': '-'}","{'Line in File': '1', 'Position in File': '1', 'Condition': '-', 'Local (Y/N)': 'Y', 'TYPE': '-', 'Component': 'titldum', 'Type': 'character(len=80)', 'Dimensions': '-', 'Default': '""""', 'Units': 'N/A', 'Description': '-', 'Swat_codetype': '-'}"
urban.urb,2,1,header,"{'Line in File': '2', 'Position in File': '1', 'Condition': '-', 'Local (Y/N)': 'Y', 'TYPE': '-', 'Component': 'header', 'Type': 'character(len=80)', 'Dimensions': '-', 'Default': '-', 'Units': 'N/A', 'Description': '-', 'Swat_codetype': '-'}","{'Line in File': '2', 'Position in File': '1', 'Condition': '-', 'Local (Y/N)': 'Y', 'TYPE': '-', 'Component': 'header', 'Type': 'character(len=80)', 'Dimensions': '-', 'Default': '""""', 'Units': 'N/A', 'Description': '-', 'Swat_codetype': '-'}"
urban.urb,3,1,urbnm,"{'Line in File': '3', 'Position in File': '1', 'Condition': '-', 'Local (Y/N)': 'N', 'TYPE': 'urban_db', 'Component': 'urbnm', 'Type': 'character(len=16)', 'Dimensions': '-', 'Default': '-', 'Units': 'N/A', 'Description': '-', 'Swat_codetype': 'in_parmdb'}","{'Line in File': '3', 'Position in File': '1', 'Condition': '-', 'Local (Y/N)': 'N', 'TYPE': 'urban_db', 'Component': 'urbnm', 'Type': 'character(len=16)', 'Dimensions': '-', 'Default': '""""', 'Units': 'N/A', 'Description': '-', 'Swat_codetype': 'in_parmdb'}"
usgs_annual_head,2,1,usgs_site_id,"{'Line in File': '2', 'Position in File': '1', 'Condition': 'if (usgs_obs == 1)', 'Local (Y/N)': 'Y', 'TYPE': '-', 'Component': 'usgs_site_id', 'Type': 'real(kind=8)', 'Dimensions': '-', 'Default': '-', 'Units': 'N/A', 'Description': '-', 'Swat_codetype': '-'}","{'Line in File': '2', 'Position in File': '1', 'Condition': 'if (usgs_obs == 1)', 'Local (Y/N)': 'Y', 'TYPE': '-', 'Component': 'usgs_site_id', 'Type': 'real(kind=8)', 'Dimensions': '-', 'Default': '0.d0', 'Units': 'N/A', 'Description': '-', 'Swat_codetype': '-'}"
usgs_annual_head,2,2,usgs_lat,"{'Line in File': '2', 'Position in File': '2', 'Condition': 'if (usgs_obs == 1)', 'Local (Y/N)': 'Y', 'TYPE': '-', 'Component': 'usgs_lat', 'Type': 'real', 'Dimensions': '-', 'Default': '-', 'Units': 'N/A', 'Description': '-', 'Swat_codetype': '-'}","{'Line in File': '2', 'Position in File': '2', 'Condition': 'if (usgs_obs == 1)', 'Local (Y/N)': 'Y', 'TYPE': '-', 'Component': 'usgs_lat', 'Type': 'real', 'Dimensions': '-', 'Default': '0.', 'Units': 'N/A', 'Description': '-', 'Swat_codetype': '-'}"
usgs_annual_head,2,3,usgs_long,"{'Line in File': '2', 'Position in File': '3', 'Condition': 'if (usgs_obs == 1)', 'Local (Y/N)': 'Y', 'TYPE': '-', 'Component': 'usgs_long', 'Type': 'real', 'Dimensions': '-', 'Default': '-', 'Units': 'N/A', 'Description': '-', 'Swat_codetype': '-'}","{'Line in File': '2', 'Position in File': '3', 'Condition': 'if (usgs_obs == 1)', 'Local (Y/N)': 'Y', 'TYPE': '-', 'Component': 'usgs_long', 'Type': 'real', 'Dimensions': '-', 'Default': '0.', 'Units': 'N/A', 'Description': '-', 'Swat_codetype': '-'}"
usgs_annual_head,2,4,head_vals(j),"{'Line in File': '2', 'Position in File': '4', 'Condition': 'if (usgs_obs == 1)', 'Local (Y/N)': 'Y', 'TYPE': '-', 'Component': 'head_vals(j)', 'Type': 'real', 'Dimensions': 'dimension (101)', 'Default': '-', 'Units': 'N/A', 'Description': '-', 'Swat_codetype': '-'}","{'Line in File': '2', 'Position in File': '4', 'Condition': 'if (usgs_obs == 1)', 'Local (Y/N)': 'Y', 'TYPE': '-', 'Component': 'head_vals(j)', 'Type': 'real', 'Dimensions': 'dimension (101)', 'Default': '0.', 'Units': 'N/A', 'Description': '-', 'Swat_codetype': '-'}"
water_allocation.wro,1,1,titldum,"{'Line in File': '1', 'Position in File': '1', 'Condition': '-', 'Local (Y/N)': 'Y', 'TYPE': '-', 'Component': 'titldum', 'Type': 'character(len=80)', 'Dimensions': '-', 'Default': '-', 'Units': 'N/A', 'Description': '-', 'Swat_codetype': '-'}","{'Line in File': '1', 'Position in File': '1', 'Condition': '-', 'Local (Y/N)': 'Y', 'TYPE': '-', 'Component': 'titldum', 'Type': 'character(len=80)', 'Dimensions': '-', 'Default': '""""', 'Units': 'N/A', 'Description': '-', 'Swat_codetype': '-'}"
water_allocation.wro,10,1,div_delay,"{'Line in File': '10', 'Position in File': '1', 'Condition': 'if (div_found == 1)', 'Local (Y/N)': 'N', 'TYPE': '-', 'Component': 'div_delay', 'Type': 'real', 'Dimensions': '-', 'Default': '-', 'Units': 'N/A', 'Description': '-', 'Swat_codetype': 'in_watrts'}",
water_allocation.wro,2,1,imax,"{'Line in File': '2', 'Position in File': '1', 'Condition': '-', 'Local (Y/N)': 'Y', 'TYPE': '-', 'Component': 'imax', 'Type': 'integer', 'Dimensions': '-', 'Default': '-', 'Units': 'N/A', 'Description': '-', 'Swat_codetype': '-'}","{'Line in File': '2', 'Position in File': '1', 'Condition': '-', 'Local (Y/N)': 'Y', 'TYPE': '-', 'Component': 'imax', 'Type': 'integer', 'Dimensions': '-', 'Default': '0', 'Units': 'N/A', 'Description': '-', 'Swat_codetype': '-'}"
water_allocation.wro,3,1,header,"{'Line in File': '3', 'Position in File': '1', 'Condition': '-', 'Local (Y/N)': 'Y', 'TYPE': '-', 'Component': 'header', 'Type': 'character(len=80)', 'Dimensions': '-', 'Default': '-', 'Units': 'N/A', 'Description': '-', 'Swat_codetype': '-'}","{'Line in File': '3', 'Position in File': '1', 'Condition': '-', 'Local (Y/N)': 'Y', 'TYPE': '-', 'Component': 'header', 'Type': 'character(len=80)', 'Dimensions': '-', 'Default': '""""', 'Units': 'N/A', 'Description': '-', 'Swat_codetype': '-'}"
water_allocation.wro,4,1,name,"{'Line in File': '4', 'Position in File': '1', 'Condition': '-', 'Local (Y/N)': 'N', 'TYPE': 'wallo', 'Component': 'name', 'Type': 'character(len=25)', 'Dimensions': '-', 'Default': '-', 'Units': 'N/A', 'Description': '-', 'Swat_codetype': 'in_watrts'}","{'Line in File': '4', 'Position in File': '1', 'Condition': '-', 'Local (Y/N)': 'N', 'TYPE': 'wallo', 'Component': 'name', 'Type': 'character(len=25)', 'Dimensions': '-', 'Default': '""""', 'Units': 'N/A', 'Description': '-', 'Swat_codetype': 'in_watrts'}"
water_allocation.wro,4,10,pipe,,"{'Line in File': '4', 'Position in File': '10', 'Condition': '-', 'Local (Y/N)': 'N', 'TYPE': 'wallo', 'Component': 'pipe', 'Type': 'integer', 'Dimensions': '-', 'Default': '0', 'Units': 'N/A', 'Description': '-', 'Swat_codetype': 'in_watrts'}"
water_allocation.wro,4,11,canal,,"{'Line in File': '4', 'Position in File': '11', 'Condition': '-', 'Local (Y/N)': 'N', 'TYPE': 'wallo', 'Component': 'canal', 'Type': 'integer', 'Dimensions': '-', 'Default': '0', 'Units': 'N/A', 'Description': '-', 'Swat_codetype': 'in_watrts'}"
water_allocation.wro,4,12,pump,,"{'Line in File': '4', 'Position in File': '12', 'Condition': '-', 'Local (Y/N)': 'N', 'TYPE': 'wallo', 'Component': 'pump', 'Type': 'integer', 'Dimensions': '-', 'Default': '0', 'Units': 'N/A', 'Description': '-', 'Swat_codetype': 'in_watrts'}"
water_allocation.wro,4,13,cha_ob,,"{'Line in File': '4', 'Position in File': '13', 'Condition': '-', 'Local (Y/N)': 'N', 'TYPE': 'wallo', 'Component': 'cha_ob', 'Type': 'character(len=1)', 'Dimensions': '-', 'Default': '""""', 'Units': 'N/A', 'Description': '-', 'Swat_codetype': 'in_watrts'}"
water_allocation.wro,4,2,rule_typ,"{'Line in File': '4', 'Position in File': '2', 'Condition': '-', 'Local (Y/N)': 'N', 'TYPE': 'wallo', 'Component': 'rule_typ', 'Type': 'character(len=25)', 'Dimensions': '-', 'Default': '-', 'Units': 'N/A', 'Description': '-', 'Swat_codetype': 'in_watrts'}","{'Line in File': '4', 'Position in File': '2', 'Condition': '-', 'Local (Y/N)': 'N', 'TYPE': 'wallo', 'Component': 'rule_typ', 'Type': 'character(len=25)', 'Dimensions': '-', 'Default': '""""', 'Units': 'N/A', 'Description': '-', 'Swat_codetype': 'in_watrts'}"
water_allocation.wro,4,3,src_obs,"{'Line in File': '4', 'Position in File': '3', 'Condition': '-', 'Local (Y/N)': 'N', 'TYPE': 'wallo', 'Component': 'src_obs', 'Type': 'integer', 'Dimensions': '-', 'Default': '-', 'Units': 'N/A', 'Description': '-', 'Swat_codetype': 'in_watrts'}","{'Line in File': '4', 'Position in File': '3', 'Condition': '-', 'Local (Y/N)': 'N', 'TYPE': 'wallo', 'Component': 'src_obs', 'Type': 'integer', 'Dimensions': '-', 'Default': '0', 'Units': 'N/A', 'Description': '-', 'Swat_codetype': 'in_watrts'}"
water_allocation.wro,4,4,dmd_obs,"{'Line in File': '4', 'Position in File': '4', 'Condition': '-', 'Local (Y/N)': 'N', 'TYPE': 'wallo', 'Component': 'dmd_obs', 'Type': 'integer', 'Dimensions': '-', 'Default': '-', 'Units': 'N/A', 'Description': '-', 'Swat_codetype': 'in_watrts'}",
water_allocation.wro,4,4,trn_obs,,"{'Line in File': '4', 'Position in File': '4', 'Condition': '-', 'Local (Y/N)': 'N', 'TYPE': 'wallo', 'Component': 'trn_obs', 'Type': 'integer', 'Dimensions': '-', 'Default': '0', 'Units': 'N/A', 'Description': '-', 'Swat_codetype': 'in_watrts'}"
water_allocation.wro,4,5,cha_ob,"{'Line in File': '4', 'Position in File': '5', 'Condition': '-', 'Local (Y/N)': 'N', 'TYPE': 'wallo', 'Component': 'cha_ob', 'Type': 'character(len=1)', 'Dimensions': '-', 'Default': '-', 'Units': 'N/A', 'Description': '-', 'Swat_codetype': 'in_watrts'}",
water_allocation.wro,4,5,out_src,,"{'Line in File': '4', 'Position in File': '5', 'Condition': '-', 'Local (Y/N)': 'N', 'TYPE': 'wallo', 'Component': 'out_src', 'Type': 'integer', 'Dimensions': '-', 'Default': '0', 'Units': 'N/A', 'Description': '-', 'Swat_codetype': 'in_watrts'}"
water_allocation.wro,4,6,out_rcv,,"{'Line in File': '4', 'Position in File': '6', 'Condition': '-', 'Local (Y/N)': 'N', 'TYPE': 'wallo', 'Component': 'out_rcv', 'Type': 'integer', 'Dimensions': '-', 'Default': '0', 'Units': 'N/A', 'Description': '-', 'Swat_codetype': 'in_watrts'}"
water_allocation.wro,4,7,wtp,,"{'Line in File': '4', 'Position in File': '7', 'Condition': '-', 'Local (Y/N)': 'N', 'TYPE': 'wallo', 'Component': 'wtp', 'Type': 'integer', 'Dimensions': '-', 'Default': '0', 'Units': 'N/A', 'Description': '-', 'Swat_codetype': 'in_watrts'}"
water_allocation.wro,4,8,uses,,"{'Line in File': '4', 'Position in File': '8', 'Condition': '-', 'Local (Y/N)': 'N', 'TYPE': 'wallo', 'Component': 'uses', 'Type': 'integer', 'Dimensions': '-', 'Default': '0', 'Units': 'N/A', 'Description': '-', 'Swat_codetype': 'in_watrts'}"
water_allocation.wro,4,9,stor,,"{'Line in File': '4', 'Position in File': '9', 'Condition': '-', 'Local (Y/N)': 'N', 'TYPE': 'wallo', 'Component': 'stor', 'Type': 'integer', 'Dimensions': '-', 'Default': '0', 'Units': 'N/A', 'Description': '-', 'Swat_codetype': 'in_watrts'}"
water_allocation.wro,5,1,header,"{'Line in File': '5', 'Position in File': '1', 'Condition': '-', 'Local (Y/N)': 'Y', 'TYPE': '-', 'Component': 'header', 'Type': 'character(len=80)', 'Dimensions': '-', 'Default': '-', 'Units': 'N/A', 'Description': '-', 'Swat_codetype': '-'}","{'Line in File': '5', 'Position in File': '1', 'Condition': '-', 'Local (Y/N)': 'Y', 'TYPE': '-', 'Component': 'header', 'Type': 'character(len=80)', 'Dimensions': '-', 'Default': '""""', 'Units': 'N/A', 'Description': '-', 'Swat_codetype': '-'}"
water_allocation.wro,6,1,k,"{'Line in File': '6', 'Position in File': '1', 'Condition': '-', 'Local (Y/N)': 'Y', 'TYPE': '-', 'Component': 'k', 'Type': 'integer', 'Dimensions': '-', 'Default': '-', 'Units': 'N/A', 'Description': '-', 'Swat_codetype': '-'}","{'Line in File': '6', 'Position in File': '1', 'Condition': '-', 'Local (Y/N)': 'Y', 'TYPE': '-', 'Component': 'k', 'Type': 'integer', 'Dimensions': '-', 'Default': '0', 'Units': 'N/A', 'Description': '-', 'Swat_codetype': '-'}"
water_allocation.wro,6,4,lim_typ,,"{'Line in File': '6', 'Position in File': '4', 'Condition': '-', 'Local (Y/N)': 'N', 'TYPE': 'wallo', 'Component': 'lim_typ', 'Type': 'unknown', 'Dimensions': '-', 'Default': '-', 'Units': 'N/A', 'Description': '-', 'Swat_codetype': 'in_watrts'}"
water_allocation.wro,6,4,limit_mon,"{'Line in File': '6', 'Position in File': '4', 'Condition': '-', 'Local (Y/N)': 'N', 'TYPE': 'wallo', 'Component': 'limit_mon', 'Type': 'unknown', 'Dimensions': '-', 'Default': '-', 'Units': 'N/A', 'Description': '-', 'Swat_codetype': 'in_watrts'}",
water_allocation.wro,6,5,lim_name,,"{'Line in File': '6', 'Position in File': '5', 'Condition': '-', 'Local (Y/N)': 'N', 'TYPE': 'wallo', 'Component': 'lim_name', 'Type': 'unknown', 'Dimensions': '-', 'Default': '-', 'Units': 'N/A', 'Description': '-', 'Swat_codetype': 'in_watrts'}"
water_allocation.wro,6,6,limit_mon,,"{'Line in File': '6', 'Position in File': '6', 'Condition': '-', 'Local (Y/N)': 'N', 'TYPE': 'wallo', 'Component': 'limit_mon', 'Type': 'unknown', 'Dimensions': '-', 'Default': '-', 'Units': 'N/A', 'Description': '-', 'Swat_codetype': 'in_watrts'}"
water_allocation.wro,7,1,header,"{'Line in File': '7', 'Position in File': '1', 'Condition': 'if (wallo(iwro)%src(i)%ob_typ == ""cha"")', 'Local (Y/N)': 'Y', 'TYPE': '-', 'Component': 'header', 'Type': 'character(len=80)', 'Dimensions': '-', 'Default': '-', 'Units': 'N/A', 'Description': '-', 'Swat_codetype': '-'}","{'Line in File': '7', 'Position in File': '1', 'Condition': 'if (wallo(iwro)%trn(i)%trn_typ_name == recall(idb)%name)', 'Local (Y/N)': 'Y', 'TYPE': '-', 'Component': 'header', 'Type': 'character(len=80)', 'Dimensions': '-', 'Default': '""""', 'Units': 'N/A', 'Description': '-', 'Swat_codetype': '-'}"
water_allocation.wro,8,1,k,"{'Line in File': '8', 'Position in File': '1', 'Condition': 'if (wallo(iwro)%dmd(idmd)%treatment == trt_om_name(idb))', 'Local (Y/N)': 'Y', 'TYPE': '-', 'Component': 'k', 'Type': 'integer', 'Dimensions': '-', 'Default': '-', 'Units': 'N/A', 'Description': '-', 'Swat_codetype': '-'}","{'Line in File': '8', 'Position in File': '1', 'Condition': 'if (recall_db(idb)%org_min%name == recall(iom)%filename)', 'Local (Y/N)': 'Y', 'TYPE': '-', 'Component': 'k', 'Type': 'integer', 'Dimensions': '-', 'Default': '0', 'Units': 'N/A', 'Description': '-', 'Swat_codetype': '-'}"
water_allocation.wro,8,10,rcv_num,"{'Line in File': '8', 'Position in File': '10', 'Condition': 'if (wallo(iwro)%dmd(idmd)%treatment == trt_om_name(idb))', 'Local (Y/N)': 'N', 'TYPE': 'wallo', 'Component': 'rcv_num', 'Type': 'unknown', 'Dimensions': '-', 'Default': '-', 'Units': 'N/A', 'Description': '-', 'Swat_codetype': 'in_watrts'}",
water_allocation.wro,8,11,rcv_dtl,"{'Line in File': '8', 'Position in File': '11', 'Condition': 'if (wallo(iwro)%dmd(idmd)%treatment == trt_om_name(idb))', 'Local (Y/N)': 'N', 'TYPE': 'wallo', 'Component': 'rcv_dtl', 'Type': 'unknown', 'Dimensions': '-', 'Default': '-', 'Units': 'N/A', 'Description': '-', 'Swat_codetype': 'in_watrts'}",
water_allocation.wro,8,12,dmd_src_obs,"{'Line in File': '8', 'Position in File': '12', 'Condition': 'if (wallo(iwro)%dmd(idmd)%treatment == trt_om_name(idb))', 'Local (Y/N)': 'N', 'TYPE': 'wallo', 'Component': 'dmd_src_obs', 'Type': 'unknown', 'Dimensions': '-', 'Default': '-', 'Units': 'N/A', 'Description': '-', 'Swat_codetype': 'in_watrts'}",
water_allocation.wro,8,13,src,"{'Line in File': '8', 'Position in File': '13', 'Condition': 'if (wallo(iwro)%dmd(idmd)%treatment == trt_om_name(idb))', 'Local (Y/N)': 'N', 'TYPE': 'wallo', 'Component': 'src', 'Type': 'type(water_source_objects)', 'Dimensions': 'allocatable', 'Default': '-', 'Units': 'N/A', 'Description': '-', 'Swat_codetype': 'in_watrts'}",
water_allocation.wro,8,2,ob_typ,"{'Line in File': '8', 'Position in File': '2', 'Condition': 'if (wallo(iwro)%dmd(idmd)%treatment == trt_om_name(idb))', 'Local (Y/N)': 'N', 'TYPE': 'wallo', 'Component': 'ob_typ', 'Type': 'unknown', 'Dimensions': '-', 'Default': '-', 'Units': 'N/A', 'Description': '-', 'Swat_codetype': 'in_watrts'}",
water_allocation.wro,8,2,trn_typ,,"{'Line in File': '8', 'Position in File': '2', 'Condition': 'if (recall_db(idb)%org_min%name == recall(iom)%filename)', 'Local (Y/N)': 'N', 'TYPE': 'wallo', 'Component': 'trn_typ', 'Type': 'unknown', 'Dimensions': '-', 'Default': '-', 'Units': 'N/A', 'Description': '-', 'Swat_codetype': 'in_watrts'}"
water_allocation.wro,8,3,ob_num,"{'Line in File': '8', 'Position in File': '3', 'Condition': 'if (wallo(iwro)%dmd(idmd)%treatment == trt_om_name(idb))', 'Local (Y/N)': 'N', 'TYPE': 'wallo', 'Component': 'ob_num', 'Type': 'unknown', 'Dimensions': '-', 'Default': '-', 'Units': 'N/A', 'Description': '-', 'Swat_codetype': 'in_watrts'}",
water_allocation.wro,8,3,trn_typ_name,,"{'Line in File': '8', 'Position in File': '3', 'Condition': 'if (recall_db(idb)%org_min%name == recall(iom)%filename)', 'Local (Y/N)': 'N', 'TYPE': 'wallo', 'Component': 'trn_typ_name', 'Type': 'unknown', 'Dimensions': '-', 'Default': '-', 'Units': 'N/A', 'Description': '-', 'Swat_codetype': 'in_watrts'}"
water_allocation.wro,8,4,amount,,"{'Line in File': '8', 'Position in File': '4', 'Condition': 'if (recall_db(idb)%org_min%name == recall(iom)%filename)', 'Local (Y/N)': 'N', 'TYPE': 'wallo', 'Component': 'amount', 'Type': 'unknown', 'Dimensions': '-', 'Default': '-', 'Units': 'N/A', 'Description': '-', 'Swat_codetype': 'in_watrts'}"
water_allocation.wro,8,4,withdr,"{'Line in File': '8', 'Position in File': '4', 'Condition': 'if (wallo(iwro)%dmd(idmd)%treatment == trt_om_name(idb))', 'Local (Y/N)': 'N', 'TYPE': 'wallo', 'Component': 'withdr', 'Type': 'unknown', 'Dimensions': '-', 'Default': '-', 'Units': 'N/A', 'Description': '-', 'Swat_codetype': 'in_watrts'}",
water_allocation.wro,8,5,amount,"{'Line in File': '8', 'Position in File': '5', 'Condition': 'if (wallo(iwro)%dmd(idmd)%treatment == trt_om_name(idb))', 'Local (Y/N)': 'N', 'TYPE': 'wallo', 'Component': 'amount', 'Type': 'unknown', 'Dimensions': '-', 'Default': '-', 'Units': 'N/A', 'Description': '-', 'Swat_codetype': 'in_watrts'}",
water_allocation.wro,8,5,right,,"{'Line in File': '8', 'Position in File': '5', 'Condition': 'if (recall_db(idb)%org_min%name == recall(iom)%filename)', 'Local (Y/N)': 'N', 'TYPE': 'wallo', 'Component': 'right', 'Type': 'unknown', 'Dimensions': '-', 'Default': '-', 'Units': 'N/A', 'Description': '-', 'Swat_codetype': 'in_watrts'}"
water_allocation.wro,8,6,right,"{'Line in File': '8', 'Position in File': '6', 'Condition': 'if (wallo(iwro)%dmd(idmd)%treatment == trt_om_name(idb))', 'Local (Y/N)': 'N', 'TYPE': 'wallo', 'Component': 'right', 'Type': 'unknown', 'Dimensions': '-', 'Default': '-', 'Units': 'N/A', 'Description': '-', 'Swat_codetype': 'in_watrts'}",
water_allocation.wro,8,6,src_num,,"{'Line in File': '8', 'Position in File': '6', 'Condition': 'if (recall_db(idb)%org_min%name == recall(iom)%filename)', 'Local (Y/N)': 'N', 'TYPE': 'wallo', 'Component': 'src_num', 'Type': 'unknown', 'Dimensions': '-', 'Default': '-', 'Units': 'N/A', 'Description': '-', 'Swat_codetype': 'in_watrts'}"
water_allocation.wro,8,7,dtbl_src,,"{'Line in File': '8', 'Position in File': '7', 'Condition': 'if (recall_db(idb)%org_min%name == recall(iom)%filename)', 'Local (Y/N)': 'N', 'TYPE': 'wallo', 'Component': 'dtbl_src', 'Type': 'unknown', 'Dimensions': '-', 'Default': '-', 'Units': 'N/A', 'Description': '-', 'Swat_codetype': 'in_watrts'}"
water_allocation.wro,8,7,treat_typ,"{'Line in File': '8', 'Position in File': '7', 'Condition': 'if (wallo(iwro)%dmd(idmd)%treatment == trt_om_name(idb))', 'Local (Y/N)': 'N', 'TYPE': 'wallo', 'Component': 'treat_typ', 'Type': 'unknown', 'Dimensions': '-', 'Default': '-', 'Units': 'N/A', 'Description': '-', 'Swat_codetype': 'in_watrts'}",
water_allocation.wro,8,8,src,,"{'Line in File': '8', 'Position in File': '8', 'Condition': 'if (recall_db(idb)%org_min%name == recall(iom)%filename)', 'Local (Y/N)': 'N', 'TYPE': 'wallo', 'Component': 'src', 'Type': 'type(water_source_objects)', 'Dimensions': 'allocatable', 'Default': '-', 'Units': 'N/A', 'Description': '-', 'Swat_codetype': 'in_watrts'}"
water_allocation.wro,8,8,treatment,"{'Line in File': '8', 'Position in File': '8', 'Condition': 'if (wallo(iwro)%dmd(idmd)%treatment == trt_om_name(idb))', 'Local (Y/N)': 'N', 'TYPE': 'wallo', 'Component': 'treatment', 'Type': 'unknown', 'Dimensions': '-', 'Default': '-', 'Units': 'N/A', 'Description': '-', 'Swat_codetype': 'in_watrts'}",
water_allocation.wro,8,9,rcv,,"{'Line in File': '8', 'Position in File': '9', 'Condition': 'if (recall_db(idb)%org_min%name == recall(iom)%filename)', 'Local (Y/N)': 'N', 'TYPE': 'wallo', 'Component': 'rcv', 'Type': 'unknown', 'Dimensions': '-', 'Default': '-', 'Units': 'N/A', 'Description': '-', 'Swat_codetype': 'in_watrts'}"
water_allocation.wro,8,9,rcv_ob,"{'Line in File': '8', 'Position in File': '9', 'Condition': 'if (wallo(iwro)%dmd(idmd)%treatment == trt_om_name(idb))', 'Local (Y/N)': 'N', 'TYPE': 'wallo', 'Component': 'rcv_ob', 'Type': 'unknown', 'Dimensions': '-', 'Default': '-', 'Units': 'N/A', 'Description': '-', 'Swat_codetype': 'in_watrts'}",
water_balance.sft,1,1,titldum,"{'Line in File': '1', 'Position in File': '1', 'Condition': '-', 'Local (Y/N)': 'Y', 'TYPE': '-', 'Component': 'titldum', 'Type': 'character(len=80)', 'Dimensions': '-', 'Default': '-', 'Units': 'N/A', 'Description': '-', 'Swat_codetype': '-'}","{'Line in File': '1', 'Position in File': '1', 'Condition': '-', 'Local (Y/N)': 'Y', 'TYPE': '-', 'Component': 'titldum', 'Type': 'character(len=80)', 'Dimensions': '-', 'Default': '""""', 'Units': 'N/A', 'Description': '-', 'Swat_codetype': '-'}"
water_balance.sft,2,1,mreg,"{'Line in File': '2', 'Position in File': '1', 'Condition': '-', 'Local (Y/N)': 'Y', 'TYPE': '-', 'Component': 'mreg', 'Type': 'integer', 'Dimensions': '-', 'Default': '-', 'Units': 'N/A', 'Description': '-', 'Swat_codetype': '-'}","{'Line in File': '2', 'Position in File': '1', 'Condition': '-', 'Local (Y/N)': 'Y', 'TYPE': '-', 'Component': 'mreg', 'Type': 'integer', 'Dimensions': '-', 'Default': '0', 'Units': 'N/A', 'Description': '-', 'Swat_codetype': '-'}"
water_balance.sft,3,1,header,"{'Line in File': '3', 'Position in File': '1', 'Condition': '-', 'Local (Y/N)': 'Y', 'TYPE': '-', 'Component': 'header', 'Type': 'character(len=80)', 'Dimensions': '-', 'Default': '-', 'Units': 'N/A', 'Description': '-', 'Swat_codetype': '-'}","{'Line in File': '3', 'Position in File': '1', 'Condition': '-', 'Local (Y/N)': 'Y', 'TYPE': '-', 'Component': 'header', 'Type': 'character(len=80)', 'Dimensions': '-', 'Default': '""""', 'Units': 'N/A', 'Description': '-', 'Swat_codetype': '-'}"
water_balance.sft,4,2,nlum,"{'Line in File': '4', 'Position in File': '2', 'Condition': '-', 'Local (Y/N)': 'N', 'TYPE': 'region', 'Component': 'nlum', 'Type': 'integer', 'Dimensions': '-', 'Default': '-', 'Units': 'N/A', 'Description': '-', 'Swat_codetype': 'in_chg'}","{'Line in File': '4', 'Position in File': '2', 'Condition': '-', 'Local (Y/N)': 'N', 'TYPE': 'region', 'Component': 'nlum', 'Type': 'integer', 'Dimensions': '-', 'Default': '0', 'Units': 'N/A', 'Description': '-', 'Swat_codetype': 'in_chg'}"
water_balance.sft,5,1,header,"{'Line in File': '5', 'Position in File': '1', 'Condition': 'if (mlug > 0)', 'Local (Y/N)': 'Y', 'TYPE': '-', 'Component': 'header', 'Type': 'character(len=80)', 'Dimensions': '-', 'Default': '-', 'Units': 'N/A', 'Description': '-', 'Swat_codetype': '-'}","{'Line in File': '5', 'Position in File': '1', 'Condition': 'if (mlug > 0)', 'Local (Y/N)': 'Y', 'TYPE': '-', 'Component': 'header', 'Type': 'character(len=80)', 'Dimensions': '-', 'Default': '""""', 'Units': 'N/A', 'Description': '-', 'Swat_codetype': '-'}"
wb_parms.sft,1,1,titldum,"{'Line in File': '1', 'Position in File': '1', 'Condition': '-', 'Local (Y/N)': 'Y', 'TYPE': '-', 'Component': 'titldum', 'Type': 'character(len=80)', 'Dimensions': '-', 'Default': '-', 'Units': 'N/A', 'Description': '-', 'Swat_codetype': '-'}","{'Line in File': '1', 'Position in File': '1', 'Condition': '-', 'Local (Y/N)': 'Y', 'TYPE': '-', 'Component': 'titldum', 'Type': 'character(len=80)', 'Dimensions': '-', 'Default': '""""', 'Units': 'N/A', 'Description': '-', 'Swat_codetype': '-'}"
wb_parms.sft,2,1,mlsp,"{'Line in File': '2', 'Position in File': '1', 'Condition': '-', 'Local (Y/N)': 'Y', 'TYPE': '-', 'Component': 'mlsp', 'Type': 'integer', 'Dimensions': '-', 'Default': '-', 'Units': 'N/A', 'Description': '-', 'Swat_codetype': '-'}","{'Line in File': '2', 'Position in File': '1', 'Condition': '-', 'Local (Y/N)': 'Y', 'TYPE': '-', 'Component': 'mlsp', 'Type': 'integer', 'Dimensions': '-', 'Default': '0', 'Units': 'N/A', 'Description': '-', 'Swat_codetype': '-'}"
wb_parms.sft,3,1,header,"{'Line in File': '3', 'Position in File': '1', 'Condition': '-', 'Local (Y/N)': 'Y', 'TYPE': '-', 'Component': 'header', 'Type': 'character(len=80)', 'Dimensions': '-', 'Default': '-', 'Units': 'N/A', 'Description': '-', 'Swat_codetype': '-'}","{'Line in File': '3', 'Position in File': '1', 'Condition': '-', 'Local (Y/N)': 'Y', 'TYPE': '-', 'Component': 'header', 'Type': 'character(len=80)', 'Dimensions': '-', 'Default': '""""', 'Units': 'N/A', 'Description': '-', 'Swat_codetype': '-'}"
wb_parms.sft,4,1,name,"{'Line in File': '4', 'Position in File': '1', 'Condition': '-', 'Local (Y/N)': 'N', 'TYPE': 'ls_prms', 'Component': 'name', 'Type': 'character(len=16)', 'Dimensions': '-', 'Default': '-', 'Units': 'N/A', 'Description': 'cn2, terrace, land use, mgt, etc.', 'Swat_codetype': 'in_chg'}","{'Line in File': '4', 'Position in File': '1', 'Condition': '-', 'Local (Y/N)': 'N', 'TYPE': 'ls_prms', 'Component': 'name', 'Type': 'character(len=16)', 'Dimensions': '-', 'Default': '""""', 'Units': 'N/A', 'Description': 'cn2, terrace, land use, mgt, etc.', 'Swat_codetype': 'in_chg'}"
wb_parms.sft,4,2,chg_typ,"{'Line in File': '4', 'Position in File': '2', 'Condition': '-', 'Local (Y/N)': 'N', 'TYPE': 'ls_prms', 'Component': 'chg_typ', 'Type': 'character(len=16)', 'Dimensions': '-', 'Default': '-', 'Units': 'N/A', 'Description': 'type of change (absval,abschg,pctchg)', 'Swat_codetype': 'in_chg'}","{'Line in File': '4', 'Position in File': '2', 'Condition': '-', 'Local (Y/N)': 'N', 'TYPE': 'ls_prms', 'Component': 'chg_typ', 'Type': 'character(len=16)', 'Dimensions': '-', 'Default': '""""', 'Units': 'N/A', 'Description': 'type of change (absval,abschg,pctchg)', 'Swat_codetype': 'in_chg'}"
wb_parms.sft,4,3,neg,"{'Line in File': '4', 'Position in File': '3', 'Condition': '-', 'Local (Y/N)': 'N', 'TYPE': 'ls_prms', 'Component': 'neg', 'Type': 'real', 'Dimensions': '-', 'Default': '-', 'Units': 'N/A', 'Description': 'negative limit of change', 'Swat_codetype': 'in_chg'}","{'Line in File': '4', 'Position in File': '3', 'Condition': '-', 'Local (Y/N)': 'N', 'TYPE': 'ls_prms', 'Component': 'neg', 'Type': 'real', 'Dimensions': '-', 'Default': '0.', 'Units': 'N/A', 'Description': 'negative limit of change', 'Swat_codetype': 'in_chg'}"
wb_parms.sft,4,4,pos,"{'Line in File': '4', 'Position in File': '4', 'Condition': '-', 'Local (Y/N)': 'N', 'TYPE': 'ls_prms', 'Component': 'pos', 'Type': 'real', 'Dimensions': '-', 'Default': '-', 'Units': 'N/A', 'Description': 'positive limit of change', 'Swat_codetype': 'in_chg'}","{'Line in File': '4', 'Position in File': '4', 'Condition': '-', 'Local (Y/N)': 'N', 'TYPE': 'ls_prms', 'Component': 'pos', 'Type': 'real', 'Dimensions': '-', 'Default': '0.', 'Units': 'N/A', 'Description': 'positive limit of change', 'Swat_codetype': 'in_chg'}"
wb_parms.sft,4,5,lo,"{'Line in File': '4', 'Position in File': '5', 'Condition': '-', 'Local (Y/N)': 'N', 'TYPE': 'ls_prms', 'Component': 'lo', 'Type': 'real', 'Dimensions': '-', 'Default': '-', 'Units': 'N/A', 'Description': 'lower limit of parameter', 'Swat_codetype': 'in_chg'}","{'Line in File': '4', 'Position in File': '5', 'Condition': '-', 'Local (Y/N)': 'N', 'TYPE': 'ls_prms', 'Component': 'lo', 'Type': 'real', 'Dimensions': '-', 'Default': '0.', 'Units': 'N/A', 'Description': 'lower limit of parameter', 'Swat_codetype': 'in_chg'}"
wb_parms.sft,4,6,up,"{'Line in File': '4', 'Position in File': '6', 'Condition': '-', 'Local (Y/N)': 'N', 'TYPE': 'ls_prms', 'Component': 'up', 'Type': 'real', 'Dimensions': '-', 'Default': '-', 'Units': 'N/A', 'Description': 'upper limit of parameter', 'Swat_codetype': 'in_chg'}","{'Line in File': '4', 'Position in File': '6', 'Condition': '-', 'Local (Y/N)': 'N', 'TYPE': 'ls_prms', 'Component': 'up', 'Type': 'real', 'Dimensions': '-', 'Default': '0.', 'Units': 'N/A', 'Description': 'upper limit of parameter', 'Swat_codetype': 'in_chg'}"
weather-sta.cli,1,1,titldum,"{'Line in File': '1', 'Position in File': '1', 'Condition': '-', 'Local (Y/N)': 'Y', 'TYPE': '-', 'Component': 'titldum', 'Type': 'character(len=80)', 'Dimensions': '-', 'Default': '-', 'Units': 'N/A', 'Description': '-', 'Swat_codetype': '-'}","{'Line in File': '1', 'Position in File': '1', 'Condition': '-', 'Local (Y/N)': 'Y', 'TYPE': '-', 'Component': 'titldum', 'Type': 'character(len=80)', 'Dimensions': '-', 'Default': '""""', 'Units': 'N/A', 'Description': '-', 'Swat_codetype': '-'}"
weather-sta.cli,2,1,header,"{'Line in File': '2', 'Position in File': '1', 'Condition': '-', 'Local (Y/N)': 'Y', 'TYPE': '-', 'Component': 'header', 'Type': 'character(len=80)', 'Dimensions': '-', 'Default': '-', 'Units': 'N/A', 'Description': '-', 'Swat_codetype': '-'}","{'Line in File': '2', 'Position in File': '1', 'Condition': '-', 'Local (Y/N)': 'Y', 'TYPE': '-', 'Component': 'header', 'Type': 'character(len=80)', 'Dimensions': '-', 'Default': '""""', 'Units': 'N/A', 'Description': '-', 'Swat_codetype': '-'}"
weather-wgn.cli,1,1,titldum,"{'Line in File': '1', 'Position in File': '1', 'Condition': '-', 'Local (Y/N)': 'Y', 'TYPE': '-', 'Component': 'titldum', 'Type': 'character(len=80)', 'Dimensions': '-', 'Default': '-', 'Units': 'N/A', 'Description': '-', 'Swat_codetype': '-'}","{'Line in File': '1', 'Position in File': '1', 'Condition': '-', 'Local (Y/N)': 'Y', 'TYPE': '-', 'Component': 'titldum', 'Type': 'character(len=80)', 'Dimensions': '-', 'Default': '""""', 'Units': 'N/A', 'Description': '-', 'Swat_codetype': '-'}"
weather-wgn.cli,3,1,header,"{'Line in File': '3', 'Position in File': '1', 'Condition': '-', 'Local (Y/N)': 'Y', 'TYPE': '-', 'Component': 'header', 'Type': 'character(len=80)', 'Dimensions': '-', 'Default': '-', 'Units': 'N/A', 'Description': '-', 'Swat_codetype': '-'}","{'Line in File': '3', 'Position in File': '1', 'Condition': '-', 'Local (Y/N)': 'Y', 'TYPE': '-', 'Component': 'header', 'Type': 'character(len=80)', 'Dimensions': '-', 'Default': '""""', 'Units': 'N/A', 'Description': '-', 'Swat_codetype': '-'}"
weather-wgn.cli,4,1,tmpmx,"{'Line in File': '4', 'Position in File': '1', 'Condition': '-', 'Local (Y/N)': 'N', 'TYPE': 'wgn', 'Component': 'tmpmx', 'Type': 'real', 'Dimensions': '-', 'Default': '-', 'Units': 'N/A', 'Description': 'deg C |avg monthly maximum air temperature', 'Swat_codetype': 'in_cli'}","{'Line in File': '4', 'Position in File': '1', 'Condition': '-', 'Local (Y/N)': 'N', 'TYPE': 'wgn', 'Component': 'tmpmx', 'Type': 'real', 'Dimensions': '-', 'Default': '0.', 'Units': 'N/A', 'Description': 'deg C |avg monthly maximum air temperature', 'Swat_codetype': 'in_cli'}"
weather-wgn.cli,4,10,pcpd,"{'Line in File': '4', 'Position in File': '10', 'Condition': '-', 'Local (Y/N)': 'N', 'TYPE': 'wgn', 'Component': 'pcpd', 'Type': 'real', 'Dimensions': '-', 'Default': '-', 'Units': 'N/A', 'Description': 'days |average number of days of precipitation in the month', 'Swat_codetype': 'in_cli'}","{'Line in File': '4', 'Position in File': '10', 'Condition': '-', 'Local (Y/N)': 'N', 'TYPE': 'wgn', 'Component': 'pcpd', 'Type': 'real', 'Dimensions': '-', 'Default': '0.', 'Units': 'N/A', 'Description': 'days |average number of days of precipitation in the month', 'Swat_codetype': 'in_cli'}"
weather-wgn.cli,4,11,rainhmx,"{'Line in File': '4', 'Position in File': '11', 'Condition': '-', 'Local (Y/N)': 'N', 'TYPE': 'wgn', 'Component': 'rainhmx', 'Type': 'real', 'Dimensions': '-', 'Default': '-', 'Units': 'N/A', 'Description': 'mm |maximum 0.5 hour rainfall in month', 'Swat_codetype': 'in_cli'}","{'Line in File': '4', 'Position in File': '11', 'Condition': '-', 'Local (Y/N)': 'N', 'TYPE': 'wgn', 'Component': 'rainhmx', 'Type': 'real', 'Dimensions': '-', 'Default': '0.', 'Units': 'N/A', 'Description': 'mm |maximum 0.5 hour rainfall in month', 'Swat_codetype': 'in_cli'}"
weather-wgn.cli,4,12,solarav,"{'Line in File': '4', 'Position in File': '12', 'Condition': '-', 'Local (Y/N)': 'N', 'TYPE': 'wgn', 'Component': 'solarav', 'Type': 'real', 'Dimensions': '-', 'Default': '-', 'Units': 'N/A', 'Description': 'MJ/m^2/day |average daily solar radiation for the month', 'Swat_codetype': 'in_cli'}","{'Line in File': '4', 'Position in File': '12', 'Condition': '-', 'Local (Y/N)': 'N', 'TYPE': 'wgn', 'Component': 'solarav', 'Type': 'real', 'Dimensions': '-', 'Default': '0.', 'Units': 'N/A', 'Description': 'MJ/m^2/day |average daily solar radiation for the month', 'Swat_codetype': 'in_cli'}"
weather-wgn.cli,4,13,dewpt,"{'Line in File': '4', 'Position in File': '13', 'Condition': '-', 'Local (Y/N)': 'N', 'TYPE': 'wgn', 'Component': 'dewpt', 'Type': 'real', 'Dimensions': '-', 'Default': '-', 'Units': 'N/A', 'Description': 'deg C |average dew point temperature for the month', 'Swat_codetype': 'in_cli'}","{'Line in File': '4', 'Position in File': '13', 'Condition': '-', 'Local (Y/N)': 'N', 'TYPE': 'wgn', 'Component': 'dewpt', 'Type': 'real', 'Dimensions': '-', 'Default': '0.', 'Units': 'N/A', 'Description': 'deg C |average dew point temperature for the month', 'Swat_codetype': 'in_cli'}"
weather-wgn.cli,4,14,windav,"{'Line in File': '4', 'Position in File': '14', 'Condition': '-', 'Local (Y/N)': 'N', 'TYPE': 'wgn', 'Component': 'windav', 'Type': 'real', 'Dimensions': '-', 'Default': '-', 'Units': 'N/A', 'Description': 'm/s |average wind speed for the month', 'Swat_codetype': 'in_cli'}","{'Line in File': '4', 'Position in File': '14', 'Condition': '-', 'Local (Y/N)': 'N', 'TYPE': 'wgn', 'Component': 'windav', 'Type': 'real', 'Dimensions': '-', 'Default': '0.', 'Units': 'N/A', 'Description': 'm/s |average wind speed for the month', 'Swat_codetype': 'in_cli'}"
weather-wgn.cli,4,2,tmpmn,"{'Line in File': '4', 'Position in File': '2', 'Condition': '-', 'Local (Y/N)': 'N', 'TYPE': 'wgn', 'Component': 'tmpmn', 'Type': 'real', 'Dimensions': '-', 'Default': '-', 'Units': 'N/A', 'Description': 'deg C |avg monthly minimum air temperature', 'Swat_codetype': 'in_cli'}","{'Line in File': '4', 'Position in File': '2', 'Condition': '-', 'Local (Y/N)': 'N', 'TYPE': 'wgn', 'Component': 'tmpmn', 'Type': 'real', 'Dimensions': '-', 'Default': '0.', 'Units': 'N/A', 'Description': 'deg C |avg monthly minimum air temperature', 'Swat_codetype': 'in_cli'}"
weather-wgn.cli,4,3,tmpstdmx,"{'Line in File': '4', 'Position in File': '3', 'Condition': '-', 'Local (Y/N)': 'N', 'TYPE': 'wgn', 'Component': 'tmpstdmx', 'Type': 'real', 'Dimensions': '-', 'Default': '-', 'Units': 'N/A', 'Description': 'deg C |standard deviation for avg monthly maximum air temperature', 'Swat_codetype': 'in_cli'}","{'Line in File': '4', 'Position in File': '3', 'Condition': '-', 'Local (Y/N)': 'N', 'TYPE': 'wgn', 'Component': 'tmpstdmx', 'Type': 'real', 'Dimensions': '-', 'Default': '0.', 'Units': 'N/A', 'Description': 'deg C |standard deviation for avg monthly maximum air temperature', 'Swat_codetype': 'in_cli'}"
weather-wgn.cli,4,4,tmpstdmn,"{'Line in File': '4', 'Position in File': '4', 'Condition': '-', 'Local (Y/N)': 'N', 'TYPE': 'wgn', 'Component': 'tmpstdmn', 'Type': 'real', 'Dimensions': '-', 'Default': '-', 'Units': 'N/A', 'Description': 'deg C |standard deviation for avg monthly minimum air temperature', 'Swat_codetype': 'in_cli'}","{'Line in File': '4', 'Position in File': '4', 'Condition': '-', 'Local (Y/N)': 'N', 'TYPE': 'wgn', 'Component': 'tmpstdmn', 'Type': 'real', 'Dimensions': '-', 'Default': '0.', 'Units': 'N/A', 'Description': 'deg C |standard deviation for avg monthly minimum air temperature', 'Swat_codetype': 'in_cli'}"
weather-wgn.cli,4,5,pcpmm,"{'Line in File': '4', 'Position in File': '5', 'Condition': '-', 'Local (Y/N)': 'N', 'TYPE': 'wgn', 'Component': 'pcpmm', 'Type': 'real', 'Dimensions': '-', 'Default': '-', 'Units': 'N/A', 'Description': 'mm |amount of precipitation in month', 'Swat_codetype': 'in_cli'}","{'Line in File': '4', 'Position in File': '5', 'Condition': '-', 'Local (Y/N)': 'N', 'TYPE': 'wgn', 'Component': 'pcpmm', 'Type': 'real', 'Dimensions': '-', 'Default': '0.', 'Units': 'N/A', 'Description': 'mm |amount of precipitation in month', 'Swat_codetype': 'in_cli'}"
weather-wgn.cli,4,6,pcpstd,"{'Line in File': '4', 'Position in File': '6', 'Condition': '-', 'Local (Y/N)': 'N', 'TYPE': 'wgn', 'Component': 'pcpstd', 'Type': 'real', 'Dimensions': '-', 'Default': '-', 'Units': 'N/A', 'Description': 'mm/day |standard deviation for the average daily', 'Swat_codetype': 'in_cli'}","{'Line in File': '4', 'Position in File': '6', 'Condition': '-', 'Local (Y/N)': 'N', 'TYPE': 'wgn', 'Component': 'pcpstd', 'Type': 'real', 'Dimensions': '-', 'Default': '0.', 'Units': 'N/A', 'Description': 'mm/day |standard deviation for the average daily', 'Swat_codetype': 'in_cli'}"
weather-wgn.cli,4,7,pcpskw,"{'Line in File': '4', 'Position in File': '7', 'Condition': '-', 'Local (Y/N)': 'N', 'TYPE': 'wgn', 'Component': 'pcpskw', 'Type': 'real', 'Dimensions': '-', 'Default': '-', 'Units': 'N/A', 'Description': 'none |skew coefficient for the average daily precipitation', 'Swat_codetype': 'in_cli'}","{'Line in File': '4', 'Position in File': '7', 'Condition': '-', 'Local (Y/N)': 'N', 'TYPE': 'wgn', 'Component': 'pcpskw', 'Type': 'real', 'Dimensions': '-', 'Default': '0.', 'Units': 'N/A', 'Description': 'none |skew coefficient for the average daily precipitation', 'Swat_codetype': 'in_cli'}"
weather-wgn.cli,4,8,pr_wd,"{'Line in File': '4', 'Position in File': '8', 'Condition': '-', 'Local (Y/N)': 'N', 'TYPE': 'wgn', 'Component': 'pr_wd', 'Type': 'real', 'Dimensions': '-', 'Default': '-', 'Units': 'N/A', 'Description': 'none |probability of wet day after dry day in month', 'Swat_codetype': 'in_cli'}","{'Line in File': '4', 'Position in File': '8', 'Condition': '-', 'Local (Y/N)': 'N', 'TYPE': 'wgn', 'Component': 'pr_wd', 'Type': 'real', 'Dimensions': '-', 'Default': '0.', 'Units': 'N/A', 'Description': 'none |probability of wet day after dry day in month', 'Swat_codetype': 'in_cli'}"
weather-wgn.cli,4,9,pr_ww,"{'Line in File': '4', 'Position in File': '9', 'Condition': '-', 'Local (Y/N)': 'N', 'TYPE': 'wgn', 'Component': 'pr_ww', 'Type': 'real', 'Dimensions': '-', 'Default': '-', 'Units': 'N/A', 'Description': 'none |probability of wet day after wet day in month', 'Swat_codetype': 'in_cli'}","{'Line in File': '4', 'Position in File': '9', 'Condition': '-', 'Local (Y/N)': 'N', 'TYPE': 'wgn', 'Component': 'pr_ww', 'Type': 'real', 'Dimensions': '-', 'Default': '0.', 'Units': 'N/A', 'Description': 'none |probability of wet day after wet day in month', 'Swat_codetype': 'in_cli'}"
weir.res,1,1,titldum,"{'Line in File': '1', 'Position in File': '1', 'Condition': '-', 'Local (Y/N)': 'Y', 'TYPE': '-', 'Component': 'titldum', 'Type': 'character(len=80)', 'Dimensions': '-', 'Default': '-', 'Units': 'N/A', 'Description': '-', 'Swat_codetype': '-'}","{'Line in File': '1', 'Position in File': '1', 'Condition': '-', 'Local (Y/N)': 'Y', 'TYPE': '-', 'Component': 'titldum', 'Type': 'character(len=80)', 'Dimensions': '-', 'Default': '""""', 'Units': 'N/A', 'Description': '-', 'Swat_codetype': '-'}"
weir.res,2,1,header,"{'Line in File': '2', 'Position in File': '1', 'Condition': '-', 'Local (Y/N)': 'Y', 'TYPE': '-', 'Component': 'header', 'Type': 'character(len=80)', 'Dimensions': '-', 'Default': '-', 'Units': 'N/A', 'Description': '-', 'Swat_codetype': '-'}","{'Line in File': '2', 'Position in File': '1', 'Condition': '-', 'Local (Y/N)': 'Y', 'TYPE': '-', 'Component': 'header', 'Type': 'character(len=80)', 'Dimensions': '-', 'Default': '""""', 'Units': 'N/A', 'Description': '-', 'Swat_codetype': '-'}"
weir.res,3,1,name,"{'Line in File': '3', 'Position in File': '1', 'Condition': '-', 'Local (Y/N)': 'N', 'TYPE': 'reservoir_weir_outflow', 'Component': 'name', 'Type': 'character(len=25)', 'Dimensions': '-', 'Default': '-', 'Units': 'N/A', 'Description': '-', 'Swat_codetype': 'in_res'}","{'Line in File': '3', 'Position in File': '1', 'Condition': '-', 'Local (Y/N)': 'N', 'TYPE': 'reservoir_weir_outflow', 'Component': 'name', 'Type': 'character(len=25)', 'Dimensions': '-', 'Default': '""""', 'Units': 'N/A', 'Description': '-', 'Swat_codetype': 'in_res'}"
wetland.wet,1,1,titldum,"{'Line in File': '1', 'Position in File': '1', 'Condition': '-', 'Local (Y/N)': 'Y', 'TYPE': '-', 'Component': 'titldum', 'Type': 'character(len=80)', 'Dimensions': '-', 'Default': '-', 'Units': 'N/A', 'Description': '-', 'Swat_codetype': '-'}","{'Line in File': '1', 'Position in File': '1', 'Condition': '-', 'Local (Y/N)': 'Y', 'TYPE': '-', 'Component': 'titldum', 'Type': 'character(len=80)', 'Dimensions': '-', 'Default': '""""', 'Units': 'N/A', 'Description': '-', 'Swat_codetype': '-'}"
wetland.wet,2,1,header,"{'Line in File': '2', 'Position in File': '1', 'Condition': '-', 'Local (Y/N)': 'Y', 'TYPE': '-', 'Component': 'header', 'Type': 'character(len=80)', 'Dimensions': '-', 'Default': '-', 'Units': 'N/A', 'Description': '-', 'Swat_codetype': '-'}","{'Line in File': '2', 'Position in File': '1', 'Condition': '-', 'Local (Y/N)': 'Y', 'TYPE': '-', 'Component': 'header', 'Type': 'character(len=80)', 'Dimensions': '-', 'Default': '""""', 'Units': 'N/A', 'Description': '-', 'Swat_codetype': '-'}"
wetland.wet,3,1,k,"{'Line in File': '3', 'Position in File': '1', 'Condition': '-', 'Local (Y/N)': 'Y', 'TYPE': '-', 'Component': 'k', 'Type': 'integer', 'Dimensions': '-', 'Default': '-', 'Units': 'N/A', 'Description': '-', 'Swat_codetype': '-'}","{'Line in File': '3', 'Position in File': '1', 'Condition': '-', 'Local (Y/N)': 'Y', 'TYPE': '-', 'Component': 'k', 'Type': 'integer', 'Dimensions': '-', 'Default': '0', 'Units': 'N/A', 'Description': '-', 'Swat_codetype': '-'}"
wetland.wet,3,3,init,"{'Line in File': '3', 'Position in File': '3', 'Condition': '-', 'Local (Y/N)': 'N', 'TYPE': 'reservoir_data_char_input', 'Component': 'init', 'Type': 'character(len=25)', 'Dimensions': '-', 'Default': '-', 'Units': 'N/A', 'Description': '-', 'Swat_codetype': 'in_res'}","{'Line in File': '3', 'Position in File': '3', 'Condition': '-', 'Local (Y/N)': 'N', 'TYPE': 'reservoir_data_char_input', 'Component': 'init', 'Type': 'character(len=25)', 'Dimensions': '-', 'Default': '""""', 'Units': 'N/A', 'Description': '-', 'Swat_codetype': 'in_res'}"
wetland.wet,3,4,hyd,"{'Line in File': '3', 'Position in File': '4', 'Condition': '-', 'Local (Y/N)': 'N', 'TYPE': 'reservoir_data_char_input', 'Component': 'hyd', 'Type': 'character(len=25)', 'Dimensions': '-', 'Default': '-', 'Units': 'N/A', 'Description': '-', 'Swat_codetype': 'in_res'}","{'Line in File': '3', 'Position in File': '4', 'Condition': '-', 'Local (Y/N)': 'N', 'TYPE': 'reservoir_data_char_input', 'Component': 'hyd', 'Type': 'character(len=25)', 'Dimensions': '-', 'Default': '""""', 'Units': 'N/A', 'Description': '-', 'Swat_codetype': 'in_res'}"
wetland.wet,3,5,release,"{'Line in File': '3', 'Position in File': '5', 'Condition': '-', 'Local (Y/N)': 'N', 'TYPE': 'reservoir_data_char_input', 'Component': 'release', 'Type': 'character(len=25)', 'Dimensions': '-', 'Default': '-', 'Units': 'N/A', 'Description': '-', 'Swat_codetype': 'in_res'}","{'Line in File': '3', 'Position in File': '5', 'Condition': '-', 'Local (Y/N)': 'N', 'TYPE': 'reservoir_data_char_input', 'Component': 'release', 'Type': 'character(len=25)', 'Dimensions': '-', 'Default': '""""', 'Units': 'N/A', 'Description': '-', 'Swat_codetype': 'in_res'}"
wetland.wet,3,6,sed,"{'Line in File': '3', 'Position in File': '6', 'Condition': '-', 'Local (Y/N)': 'N', 'TYPE': 'reservoir_data_char_input', 'Component': 'sed', 'Type': 'character(len=25)', 'Dimensions': '-', 'Default': '-', 'Units': 'N/A', 'Description': '-', 'Swat_codetype': 'in_res'}","{'Line in File': '3', 'Position in File': '6', 'Condition': '-', 'Local (Y/N)': 'N', 'TYPE': 'reservoir_data_char_input', 'Component': 'sed', 'Type': 'character(len=25)', 'Dimensions': '-', 'Default': '""""', 'Units': 'N/A', 'Description': '-', 'Swat_codetype': 'in_res'}"
wetland.wet,3,7,nut,"{'Line in File': '3', 'Position in File': '7', 'Condition': '-', 'Local (Y/N)': 'N', 'TYPE': 'reservoir_data_char_input', 'Component': 'nut', 'Type': 'character(len=25)', 'Dimensions': '-', 'Default': '-', 'Units': 'N/A', 'Description': '-', 'Swat_codetype': 'in_res'}","{'Line in File': '3', 'Position in File': '7', 'Condition': '-', 'Local (Y/N)': 'N', 'TYPE': 'reservoir_data_char_input', 'Component': 'nut', 'Type': 'character(len=25)', 'Dimensions': '-', 'Default': '""""', 'Units': 'N/A', 'Description': '-', 'Swat_codetype': 'in_res'}"
wetland.wet_cs,1,1,header,"{'Line in File': '1', 'Position in File': '1', 'Condition': '-', 'Local (Y/N)': 'Y', 'TYPE': '-', 'Component': 'header', 'Type': 'character(len=80)', 'Dimensions': '-', 'Default': '-', 'Units': 'N/A', 'Description': '-', 'Swat_codetype': '-'}","{'Line in File': '1', 'Position in File': '1', 'Condition': '-', 'Local (Y/N)': 'Y', 'TYPE': '-', 'Component': 'header', 'Type': 'character(len=80)', 'Dimensions': '-', 'Default': '""""', 'Units': 'N/A', 'Description': '-', 'Swat_codetype': '-'}"
wetland.wet_cs,2,1,header,"{'Line in File': '2', 'Position in File': '1', 'Condition': '-', 'Local (Y/N)': 'Y', 'TYPE': '-', 'Component': 'header', 'Type': 'character(len=80)', 'Dimensions': '-', 'Default': '-', 'Units': 'N/A', 'Description': '-', 'Swat_codetype': '-'}","{'Line in File': '2', 'Position in File': '1', 'Condition': '-', 'Local (Y/N)': 'Y', 'TYPE': '-', 'Component': 'header', 'Type': 'character(len=80)', 'Dimensions': '-', 'Default': '""""', 'Units': 'N/A', 'Description': '-', 'Swat_codetype': '-'}"
wetland.wet_cs,3,1,k,"{'Line in File': '3', 'Position in File': '1', 'Condition': '-', 'Local (Y/N)': 'Y', 'TYPE': '-', 'Component': 'k', 'Type': 'integer', 'Dimensions': '-', 'Default': '-', 'Units': 'N/A', 'Description': '-', 'Swat_codetype': '-'}","{'Line in File': '3', 'Position in File': '1', 'Condition': '-', 'Local (Y/N)': 'Y', 'TYPE': '-', 'Component': 'k', 'Type': 'integer', 'Dimensions': '-', 'Default': '0', 'Units': 'N/A', 'Description': '-', 'Swat_codetype': '-'}"
wetland.wet_cs,3,2,pst,"{'Line in File': '3', 'Position in File': '2', 'Condition': '-', 'Local (Y/N)': 'N', 'TYPE': 'reservoir_data_char_input_cs', 'Component': 'pst', 'Type': 'character(len=25)', 'Dimensions': '-', 'Default': '-', 'Units': 'N/A', 'Description': '-', 'Swat_codetype': 'wet_dat_c_cs'}","{'Line in File': '3', 'Position in File': '2', 'Condition': '-', 'Local (Y/N)': 'N', 'TYPE': 'reservoir_data_char_input_cs', 'Component': 'pst', 'Type': 'character(len=25)', 'Dimensions': '-', 'Default': '""""', 'Units': 'N/A', 'Description': '-', 'Swat_codetype': 'wet_dat_c_cs'}"
wetland.wet_cs,3,3,weir,"{'Line in File': '3', 'Position in File': '3', 'Condition': '-', 'Local (Y/N)': 'N', 'TYPE': 'reservoir_data_char_input_cs', 'Component': 'weir', 'Type': 'character(len=25)', 'Dimensions': '-', 'Default': '-', 'Units': 'N/A', 'Description': '-', 'Swat_codetype': 'wet_dat_c_cs'}","{'Line in File': '3', 'Position in File': '3', 'Condition': '-', 'Local (Y/N)': 'N', 'TYPE': 'reservoir_data_char_input_cs', 'Component': 'weir', 'Type': 'character(len=25)', 'Dimensions': '-', 'Default': '""""', 'Units': 'N/A', 'Description': '-', 'Swat_codetype': 'wet_dat_c_cs'}"
wetland.wet_cs,3,4,salt,"{'Line in File': '3', 'Position in File': '4', 'Condition': '-', 'Local (Y/N)': 'N', 'TYPE': 'reservoir_data_char_input_cs', 'Component': 'salt', 'Type': 'character(len=25)', 'Dimensions': '-', 'Default': '-', 'Units': 'N/A', 'Description': '-', 'Swat_codetype': 'wet_dat_c_cs'}","{'Line in File': '3', 'Position in File': '4', 'Condition': '-', 'Local (Y/N)': 'N', 'TYPE': 'reservoir_data_char_input_cs', 'Component': 'salt', 'Type': 'character(len=25)', 'Dimensions': '-', 'Default': '""""', 'Units': 'N/A', 'Description': '-', 'Swat_codetype': 'wet_dat_c_cs'}"
wetland.wet_cs,3,5,cs,"{'Line in File': '3', 'Position in File': '5', 'Condition': '-', 'Local (Y/N)': 'N', 'TYPE': 'reservoir_data_char_input_cs', 'Component': 'cs', 'Type': 'character(len=25)', 'Dimensions': '-', 'Default': '-', 'Units': 'N/A', 'Description': '-', 'Swat_codetype': 'wet_dat_c_cs'}","{'Line in File': '3', 'Position in File': '5', 'Condition': '-', 'Local (Y/N)': 'N', 'TYPE': 'reservoir_data_char_input_cs', 'Component': 'cs', 'Type': 'character(len=25)', 'Dimensions': '-', 'Default': '""""', 'Units': 'N/A', 'Description': '-', 'Swat_codetype': 'wet_dat_c_cs'}"
wnd(i)%filename,1,1,titldum,"{'Line in File': '1', 'Position in File': '1', 'Condition': '-', 'Local (Y/N)': 'Y', 'TYPE': '-', 'Component': 'titldum', 'Type': 'character(len=80)', 'Dimensions': '-', 'Default': '-', 'Units': 'N/A', 'Description': '-', 'Swat_codetype': '-'}","{'Line in File': '1', 'Position in File': '1', 'Condition': '-', 'Local (Y/N)': 'Y', 'TYPE': '-', 'Component': 'titldum', 'Type': 'character(len=80)', 'Dimensions': '-', 'Default': '""""', 'Units': 'N/A', 'Description': '-', 'Swat_codetype': '-'}"
wnd(i)%filename,2,1,header,"{'Line in File': '2', 'Position in File': '1', 'Condition': '-', 'Local (Y/N)': 'Y', 'TYPE': '-', 'Component': 'header', 'Type': 'character(len=80)', 'Dimensions': '-', 'Default': '-', 'Units': 'N/A', 'Description': '-', 'Swat_codetype': '-'}","{'Line in File': '2', 'Position in File': '1', 'Condition': '-', 'Local (Y/N)': 'Y', 'TYPE': '-', 'Component': 'header', 'Type': 'character(len=80)', 'Dimensions': '-', 'Default': '""""', 'Units': 'N/A', 'Description': '-', 'Swat_codetype': '-'}"
wnd(i)%filename,3,1,nbyr,"{'Line in File': '3', 'Position in File': '1', 'Condition': '-', 'Local (Y/N)': 'N', 'TYPE': 'wnd', 'Component': 'nbyr', 'Type': 'integer', 'Dimensions': '-', 'Default': '-', 'Units': 'N/A', 'Description': 'number of years of daily rainfall', 'Swat_codetype': 'wnd'}","{'Line in File': '3', 'Position in File': '1', 'Condition': '-', 'Local (Y/N)': 'N', 'TYPE': 'wnd', 'Component': 'nbyr', 'Type': 'integer', 'Dimensions': '-', 'Default': '0', 'Units': 'N/A', 'Description': 'number of years of daily rainfall', 'Swat_codetype': 'wnd'}"
wnd(i)%filename,3,2,tstep,"{'Line in File': '3', 'Position in File': '2', 'Condition': '-', 'Local (Y/N)': 'N', 'TYPE': 'wnd', 'Component': 'tstep', 'Type': 'integer', 'Dimensions': '-', 'Default': '-', 'Units': 'N/A', 'Description': 'timestep of precipitation', 'Swat_codetype': 'wnd'}","{'Line in File': '3', 'Position in File': '2', 'Condition': '-', 'Local (Y/N)': 'N', 'TYPE': 'wnd', 'Component': 'tstep', 'Type': 'integer', 'Dimensions': '-', 'Default': '0', 'Units': 'N/A', 'Description': 'timestep of precipitation', 'Swat_codetype': 'wnd'}"
wnd(i)%filename,3,3,lat,"{'Line in File': '3', 'Position in File': '3', 'Condition': '-', 'Local (Y/N)': 'N', 'TYPE': 'wnd', 'Component': 'lat', 'Type': 'real', 'Dimensions': '-', 'Default': '-', 'Units': 'N/A', 'Description': 'latitude of raingage', 'Swat_codetype': 'wnd'}","{'Line in File': '3', 'Position in File': '3', 'Condition': '-', 'Local (Y/N)': 'N', 'TYPE': 'wnd', 'Component': 'lat', 'Type': 'real', 'Dimensions': '-', 'Default': '0.', 'Units': 'N/A', 'Description': 'latitude of raingage', 'Swat_codetype': 'wnd'}"
wnd(i)%filename,3,4,long,"{'Line in File': '3', 'Position in File': '4', 'Condition': '-', 'Local (Y/N)': 'N', 'TYPE': 'wnd', 'Component': 'long', 'Type': 'real', 'Dimensions': '-', 'Default': '-', 'Units': 'N/A', 'Description': 'longitude of raingage', 'Swat_codetype': 'wnd'}","{'Line in File': '3', 'Position in File': '4', 'Condition': '-', 'Local (Y/N)': 'N', 'TYPE': 'wnd', 'Component': 'long', 'Type': 'real', 'Dimensions': '-', 'Default': '0.', 'Units': 'N/A', 'Description': 'longitude of raingage', 'Swat_codetype': 'wnd'}"
wnd(i)%filename,3,5,elev,"{'Line in File': '3', 'Position in File': '5', 'Condition': '-', 'Local (Y/N)': 'N', 'TYPE': 'wnd', 'Component': 'elev', 'Type': 'real', 'Dimensions': '-', 'Default': '-', 'Units': 'N/A', 'Description': 'elevation of raingage', 'Swat_codetype': 'wnd'}","{'Line in File': '3', 'Position in File': '5', 'Condition': '-', 'Local (Y/N)': 'N', 'TYPE': 'wnd', 'Component': 'elev', 'Type': 'real', 'Dimensions': '-', 'Default': '0.', 'Units': 'N/A', 'Description': 'elevation of raingage', 'Swat_codetype': 'wnd'}"
wnd(i)%filename,4,1,iyr,"{'Line in File': '4', 'Position in File': '1', 'Condition': 'if (iyr > time%yrc)', 'Local (Y/N)': 'Y', 'TYPE': '-', 'Component': 'iyr', 'Type': 'integer', 'Dimensions': '-', 'Default': '-', 'Units': 'N/A', 'Description': '-', 'Swat_codetype': '-'}","{'Line in File': '4', 'Position in File': '1', 'Condition': 'if (iyr > time%yrc)', 'Local (Y/N)': 'Y', 'TYPE': '-', 'Component': 'iyr', 'Type': 'integer', 'Dimensions': '-', 'Default': '0', 'Units': 'N/A', 'Description': '-', 'Swat_codetype': '-'}"
wnd(i)%filename,4,2,istep,"{'Line in File': '4', 'Position in File': '2', 'Condition': 'if (iyr > time%yrc)', 'Local (Y/N)': 'Y', 'TYPE': '-', 'Component': 'istep', 'Type': 'integer', 'Dimensions': '-', 'Default': '-', 'Units': 'N/A', 'Description': '-', 'Swat_codetype': '-'}","{'Line in File': '4', 'Position in File': '2', 'Condition': 'if (iyr > time%yrc)', 'Local (Y/N)': 'Y', 'TYPE': '-', 'Component': 'istep', 'Type': 'integer', 'Dimensions': '-', 'Default': '0', 'Units': 'N/A', 'Description': '-', 'Swat_codetype': '-'}"
wnd(i)%filename,5,1,iyr,"{'Line in File': '5', 'Position in File': '1', 'Condition': 'if (istep == 365 .or. istep == 366)', 'Local (Y/N)': 'Y', 'TYPE': '-', 'Component': 'iyr', 'Type': 'integer', 'Dimensions': '-', 'Default': '-', 'Units': 'N/A', 'Description': '-', 'Swat_codetype': '-'}","{'Line in File': '5', 'Position in File': '1', 'Condition': 'if (istep == 365 .or. istep == 366)', 'Local (Y/N)': 'Y', 'TYPE': '-', 'Component': 'iyr', 'Type': 'integer', 'Dimensions': '-', 'Default': '0', 'Units': 'N/A', 'Description': '-', 'Swat_codetype': '-'}"
wnd(i)%filename,5,2,istep,"{'Line in File': '5', 'Position in File': '2', 'Condition': 'if (istep == 365 .or. istep == 366)', 'Local (Y/N)': 'Y', 'TYPE': '-', 'Component': 'istep', 'Type': 'integer', 'Dimensions': '-', 'Default': '-', 'Units': 'N/A', 'Description': '-', 'Swat_codetype': '-'}","{'Line in File': '5', 'Position in File': '2', 'Condition': 'if (istep == 365 .or. istep == 366)', 'Local (Y/N)': 'Y', 'TYPE': '-', 'Component': 'istep', 'Type': 'integer', 'Dimensions': '-', 'Default': '0', 'Units': 'N/A', 'Description': '-', 'Swat_codetype': '-'}"
wnd.cli,1,1,titldum,"{'Line in File': '1', 'Position in File': '1', 'Condition': '-', 'Local (Y/N)': 'Y', 'TYPE': '-', 'Component': 'titldum', 'Type': 'character(len=80)', 'Dimensions': '-', 'Default': '-', 'Units': 'N/A', 'Description': '-', 'Swat_codetype': '-'}","{'Line in File': '1', 'Position in File': '1', 'Condition': '-', 'Local (Y/N)': 'Y', 'TYPE': '-', 'Component': 'titldum', 'Type': 'character(len=80)', 'Dimensions': '-', 'Default': '""""', 'Units': 'N/A', 'Description': '-', 'Swat_codetype': '-'}"
wnd.cli,2,1,header,"{'Line in File': '2', 'Position in File': '1', 'Condition': '-', 'Local (Y/N)': 'Y', 'TYPE': '-', 'Component': 'header', 'Type': 'character(len=80)', 'Dimensions': '-', 'Default': '-', 'Units': 'N/A', 'Description': '-', 'Swat_codetype': '-'}","{'Line in File': '2', 'Position in File': '1', 'Condition': '-', 'Local (Y/N)': 'Y', 'TYPE': '-', 'Component': 'header', 'Type': 'character(len=80)', 'Dimensions': '-', 'Default': '""""', 'Units': 'N/A', 'Description': '-', 'Swat_codetype': '-'}"
wnd.cli,3,1,filename,"{'Line in File': '3', 'Position in File': '1', 'Condition': '-', 'Local (Y/N)': 'N', 'TYPE': 'wnd', 'Component': 'filename', 'Type': 'character(len=50)', 'Dimensions': '-', 'Default': '-', 'Units': 'N/A', 'Description': '-', 'Swat_codetype': 'in_cli'}","{'Line in File': '3', 'Position in File': '1', 'Condition': '-', 'Local (Y/N)': 'N', 'TYPE': 'wnd', 'Component': 'filename', 'Type': 'character(len=50)', 'Dimensions': '-', 'Default': '""""', 'Units': 'N/A', 'Description': '-', 'Swat_codetype': 'in_cli'}"
