category,io_file,line_in_file,position_in_file,component,old_row,new_row
input,aqu_catunit.def,4,5,elem_cnt(isp),"{'Line in File': '4', 'Position in File': '5', 'Condition': 'if (nspu > 0)', 'Local (Y/N)': 'N', 'TYPE': '-', 'Component': 'elem_cnt(isp)', 'Type': 'integer', 'Dimensions': 'allocatable', 'Swat_codetype': 'in_regs'}","{'Line in File': '4', 'Position in File': '5', 'Condition': 'if (nspu > 0)', 'Local (Y/N)': 'N', 'TYPE': '-', 'Component': 'elem_cnt(isp)', 'Type': 'integer', 'Dimensions': 'dimension (:), allocatable', 'Swat_codetype': 'in_regs'}"
input,aqu_cha.lin,3,4,elem_cnt(isp),"{'Line in File': '3', 'Position in File': '4', 'Condition': 'if (nspu > 0)', 'Local (Y/N)': 'N', 'TYPE': '-', 'Component': 'elem_cnt(isp)', 'Type': 'integer', 'Dimensions': 'allocatable', 'Swat_codetype': 'in_link'}","{'Line in File': '3', 'Position in File': '4', 'Condition': 'if (nspu > 0)', 'Local (Y/N)': 'N', 'TYPE': '-', 'Component': 'elem_cnt(isp)', 'Type': 'integer', 'Dimensions': 'dimension (:), allocatable', 'Swat_codetype': 'in_link'}"
input,aquifer.con,3,14,obtyp_out,"{'Line in File': '3', 'Position in File': '14', 'Condition': 'if (ncs > 0)', 'Local (Y/N)': 'N', 'TYPE': 'ob', 'Component': 'obtyp_out', 'Type': 'character(len=3)', 'Dimensions': 'allocatable', 'Swat_codetype': 'ob'}","{'Line in File': '3', 'Position in File': '14', 'Condition': 'if (ncs > 0)', 'Local (Y/N)': 'N', 'TYPE': 'ob', 'Component': 'obtyp_out', 'Type': 'character(len=3)', 'Dimensions': 'dimension (:), allocatable', 'Swat_codetype': 'ob'}"
input,aquifer.con,3,15,obtypno_out,"{'Line in File': '3', 'Position in File': '15', 'Condition': 'if (ncs > 0)', 'Local (Y/N)': 'N', 'TYPE': 'ob', 'Component': 'obtypno_out', 'Type': 'integer', 'Dimensions': 'allocatable', 'Swat_codetype': 'ob'}","{'Line in File': '3', 'Position in File': '15', 'Condition': 'if (ncs > 0)', 'Local (Y/N)': 'N', 'TYPE': 'ob', 'Component': 'obtypno_out', 'Type': 'integer', 'Dimensions': 'dimension (:), allocatable', 'Swat_codetype': 'ob'}"
input,aquifer.con,3,16,htyp_out,"{'Line in File': '3', 'Position in File': '16', 'Condition': 'if (ncs > 0)', 'Local (Y/N)': 'N', 'TYPE': 'ob', 'Component': 'htyp_out', 'Type': 'character(len=3)', 'Dimensions': 'allocatable', 'Swat_codetype': 'ob'}","{'Line in File': '3', 'Position in File': '16', 'Condition': 'if (ncs > 0)', 'Local (Y/N)': 'N', 'TYPE': 'ob', 'Component': 'htyp_out', 'Type': 'character(len=3)', 'Dimensions': 'dimension (:), allocatable', 'Swat_codetype': 'ob'}"
input,aquifer.con,3,17,frac_out,"{'Line in File': '3', 'Position in File': '17', 'Condition': 'if (ncs > 0)', 'Local (Y/N)': 'N', 'TYPE': 'ob', 'Component': 'frac_out', 'Type': 'real', 'Dimensions': 'allocatable', 'Swat_codetype': 'ob'}","{'Line in File': '3', 'Position in File': '17', 'Condition': 'if (ncs > 0)', 'Local (Y/N)': 'N', 'TYPE': 'ob', 'Component': 'frac_out', 'Type': 'real', 'Dimensions': 'dimension (:), allocatable', 'Swat_codetype': 'ob'}"
input,atmodep.cli,10,1,nh4_rf,"{'Line in File': '10', 'Position in File': '1', 'Condition': 'if (atmodep_cont%timestep == ""mo"")', 'Local (Y/N)': 'N', 'TYPE': 'atmodep', 'Component': 'nh4_rf', 'Type': 'real', 'Dimensions': 'allocatable', 'Swat_codetype': 'in_cli'}","{'Line in File': '10', 'Position in File': '1', 'Condition': 'if (atmodep_cont%timestep == ""mo"")', 'Local (Y/N)': 'N', 'TYPE': 'atmodep', 'Component': 'nh4_rf', 'Type': 'real', 'Dimensions': 'dimension (:), allocatable', 'Swat_codetype': 'in_cli'}"
input,atmodep.cli,11,1,no3_rf,"{'Line in File': '11', 'Position in File': '1', 'Condition': 'if (atmodep_cont%timestep == ""mo"")', 'Local (Y/N)': 'N', 'TYPE': 'atmodep', 'Component': 'no3_rf', 'Type': 'real', 'Dimensions': 'allocatable', 'Swat_codetype': 'in_cli'}","{'Line in File': '11', 'Position in File': '1', 'Condition': 'if (atmodep_cont%timestep == ""mo"")', 'Local (Y/N)': 'N', 'TYPE': 'atmodep', 'Component': 'no3_rf', 'Type': 'real', 'Dimensions': 'dimension (:), allocatable', 'Swat_codetype': 'in_cli'}"
input,atmodep.cli,12,1,nh4_dry,"{'Line in File': '12', 'Position in File': '1', 'Condition': 'if (atmodep_cont%timestep == ""mo"")', 'Local (Y/N)': 'N', 'TYPE': 'atmodep', 'Component': 'nh4_dry', 'Type': 'real', 'Dimensions': 'allocatable', 'Swat_codetype': 'in_cli'}","{'Line in File': '12', 'Position in File': '1', 'Condition': 'if (atmodep_cont%timestep == ""mo"")', 'Local (Y/N)': 'N', 'TYPE': 'atmodep', 'Component': 'nh4_dry', 'Type': 'real', 'Dimensions': 'dimension (:), allocatable', 'Swat_codetype': 'in_cli'}"
input,atmodep.cli,13,1,no3_dry,"{'Line in File': '13', 'Position in File': '1', 'Condition': 'if (atmodep_cont%timestep == ""mo"")', 'Local (Y/N)': 'N', 'TYPE': 'atmodep', 'Component': 'no3_dry', 'Type': 'real', 'Dimensions': 'allocatable', 'Swat_codetype': 'in_cli'}","{'Line in File': '13', 'Position in File': '1', 'Condition': 'if (atmodep_cont%timestep == ""mo"")', 'Local (Y/N)': 'N', 'TYPE': 'atmodep', 'Component': 'no3_dry', 'Type': 'real', 'Dimensions': 'dimension (:), allocatable', 'Swat_codetype': 'in_cli'}"
input,atmodep.cli,15,1,nh4_rf,"{'Line in File': '15', 'Position in File': '1', 'Condition': 'if (atmodep_cont%timestep == ""yr"")', 'Local (Y/N)': 'N', 'TYPE': 'atmodep', 'Component': 'nh4_rf', 'Type': 'real', 'Dimensions': 'allocatable', 'Swat_codetype': 'in_cli'}","{'Line in File': '15', 'Position in File': '1', 'Condition': 'if (atmodep_cont%timestep == ""yr"")', 'Local (Y/N)': 'N', 'TYPE': 'atmodep', 'Component': 'nh4_rf', 'Type': 'real', 'Dimensions': 'dimension (:), allocatable', 'Swat_codetype': 'in_cli'}"
input,atmodep.cli,16,1,no3_rf,"{'Line in File': '16', 'Position in File': '1', 'Condition': 'if (atmodep_cont%timestep == ""yr"")', 'Local (Y/N)': 'N', 'TYPE': 'atmodep', 'Component': 'no3_rf', 'Type': 'real', 'Dimensions': 'allocatable', 'Swat_codetype': 'in_cli'}","{'Line in File': '16', 'Position in File': '1', 'Condition': 'if (atmodep_cont%timestep == ""yr"")', 'Local (Y/N)': 'N', 'TYPE': 'atmodep', 'Component': 'no3_rf', 'Type': 'real', 'Dimensions': 'dimension (:), allocatable', 'Swat_codetype': 'in_cli'}"
input,atmodep.cli,17,1,nh4_dry,"{'Line in File': '17', 'Position in File': '1', 'Condition': 'if (atmodep_cont%timestep == ""yr"")', 'Local (Y/N)': 'N', 'TYPE': 'atmodep', 'Component': 'nh4_dry', 'Type': 'real', 'Dimensions': 'allocatable', 'Swat_codetype': 'in_cli'}","{'Line in File': '17', 'Position in File': '1', 'Condition': 'if (atmodep_cont%timestep == ""yr"")', 'Local (Y/N)': 'N', 'TYPE': 'atmodep', 'Component': 'nh4_dry', 'Type': 'real', 'Dimensions': 'dimension (:), allocatable', 'Swat_codetype': 'in_cli'}"
input,atmodep.cli,18,1,no3_dry,"{'Line in File': '18', 'Position in File': '1', 'Condition': 'if (atmodep_cont%timestep == ""yr"")', 'Local (Y/N)': 'N', 'TYPE': 'atmodep', 'Component': 'no3_dry', 'Type': 'real', 'Dimensions': 'allocatable', 'Swat_codetype': 'in_cli'}","{'Line in File': '18', 'Position in File': '1', 'Condition': 'if (atmodep_cont%timestep == ""yr"")', 'Local (Y/N)': 'N', 'TYPE': 'atmodep', 'Component': 'no3_dry', 'Type': 'real', 'Dimensions': 'dimension (:), allocatable', 'Swat_codetype': 'in_cli'}"
input,basins_carbon.tes,3,1,cbn_tes,"{'Line in File': '3', 'Position in File': '1', 'Condition': '-', 'Local (Y/N)': 'N', 'TYPE': '-', 'Component': 'cbn_tes', 'Type': 'unknown', 'Dimensions': '-', 'Swat_codetype': 'cbn_tes'}",
input,basins_carbon.tes,3,1,er_POC_para,,"{'Line in File': '3', 'Position in File': '1', 'Condition': '-', 'Local (Y/N)': 'N', 'TYPE': 'cbn_tes', 'Component': 'er_POC_para', 'Type': 'real', 'Dimensions': '-', 'Swat_codetype': 'cbn_tes'}"
input,basins_carbon.tes,3,10,ABCO2_para_sur,,"{'Line in File': '3', 'Position in File': '10', 'Condition': '-', 'Local (Y/N)': 'N', 'TYPE': 'cbn_tes', 'Component': 'ABCO2_para_sur', 'Type': 'real', 'Dimensions': '-', 'Swat_codetype': 'cbn_tes'}"
input,basins_carbon.tes,3,11,ABCO2_para_sub,,"{'Line in File': '3', 'Position in File': '11', 'Condition': '-', 'Local (Y/N)': 'N', 'TYPE': 'cbn_tes', 'Component': 'ABCO2_para_sub', 'Type': 'real', 'Dimensions': '-', 'Swat_codetype': 'cbn_tes'}"
input,basins_carbon.tes,3,12,ABP_para_sur,,"{'Line in File': '3', 'Position in File': '12', 'Condition': '-', 'Local (Y/N)': 'N', 'TYPE': 'cbn_tes', 'Component': 'ABP_para_sur', 'Type': 'real', 'Dimensions': '-', 'Swat_codetype': 'cbn_tes'}"
input,basins_carbon.tes,3,13,ABP_para_sub,,"{'Line in File': '3', 'Position in File': '13', 'Condition': '-', 'Local (Y/N)': 'N', 'TYPE': 'cbn_tes', 'Component': 'ABP_para_sub', 'Type': 'real', 'Dimensions': '-', 'Swat_codetype': 'cbn_tes'}"
input,basins_carbon.tes,3,14,ALMCO2_para_sur,,"{'Line in File': '3', 'Position in File': '14', 'Condition': '-', 'Local (Y/N)': 'N', 'TYPE': 'cbn_tes', 'Component': 'ALMCO2_para_sur', 'Type': 'real', 'Dimensions': '-', 'Swat_codetype': 'cbn_tes'}"
input,basins_carbon.tes,3,15,ALMCO2_para_sub,,"{'Line in File': '3', 'Position in File': '15', 'Condition': '-', 'Local (Y/N)': 'N', 'TYPE': 'cbn_tes', 'Component': 'ALMCO2_para_sub', 'Type': 'real', 'Dimensions': '-', 'Swat_codetype': 'cbn_tes'}"
input,basins_carbon.tes,3,16,ALSLNCO2_para_sur,,"{'Line in File': '3', 'Position in File': '16', 'Condition': '-', 'Local (Y/N)': 'N', 'TYPE': 'cbn_tes', 'Component': 'ALSLNCO2_para_sur', 'Type': 'real', 'Dimensions': '-', 'Swat_codetype': 'cbn_tes'}"
input,basins_carbon.tes,3,17,ALSLNCO2_para_sub,,"{'Line in File': '3', 'Position in File': '17', 'Condition': '-', 'Local (Y/N)': 'N', 'TYPE': 'cbn_tes', 'Component': 'ALSLNCO2_para_sub', 'Type': 'real', 'Dimensions': '-', 'Swat_codetype': 'cbn_tes'}"
input,basins_carbon.tes,3,18,ASP_para_sur,,"{'Line in File': '3', 'Position in File': '18', 'Condition': '-', 'Local (Y/N)': 'N', 'TYPE': 'cbn_tes', 'Component': 'ASP_para_sur', 'Type': 'real', 'Dimensions': '-', 'Swat_codetype': 'cbn_tes'}"
input,basins_carbon.tes,3,19,ASP_para_sub,,"{'Line in File': '3', 'Position in File': '19', 'Condition': '-', 'Local (Y/N)': 'N', 'TYPE': 'cbn_tes', 'Component': 'ASP_para_sub', 'Type': 'real', 'Dimensions': '-', 'Swat_codetype': 'cbn_tes'}"
input,basins_carbon.tes,3,2,CFB_para,,"{'Line in File': '3', 'Position in File': '2', 'Condition': '-', 'Local (Y/N)': 'N', 'TYPE': 'cbn_tes', 'Component': 'CFB_para', 'Type': 'real', 'Dimensions': '-', 'Swat_codetype': 'cbn_tes'}"
input,basins_carbon.tes,3,20,ALSLCO2_para,,"{'Line in File': '3', 'Position in File': '20', 'Condition': '-', 'Local (Y/N)': 'N', 'TYPE': 'cbn_tes', 'Component': 'ALSLCO2_para', 'Type': 'real', 'Dimensions': '-', 'Swat_codetype': 'cbn_tes'}"
input,basins_carbon.tes,3,21,APCO2_para,,"{'Line in File': '3', 'Position in File': '21', 'Condition': '-', 'Local (Y/N)': 'N', 'TYPE': 'cbn_tes', 'Component': 'APCO2_para', 'Type': 'real', 'Dimensions': '-', 'Swat_codetype': 'cbn_tes'}"
input,basins_carbon.tes,3,22,ASCO2_para,,"{'Line in File': '3', 'Position in File': '22', 'Condition': '-', 'Local (Y/N)': 'N', 'TYPE': 'cbn_tes', 'Component': 'ASCO2_para', 'Type': 'real', 'Dimensions': '-', 'Swat_codetype': 'cbn_tes'}"
input,basins_carbon.tes,3,23,PRMT_51_para,,"{'Line in File': '3', 'Position in File': '23', 'Condition': '-', 'Local (Y/N)': 'N', 'TYPE': 'cbn_tes', 'Component': 'PRMT_51_para', 'Type': 'real', 'Dimensions': '-', 'Swat_codetype': 'cbn_tes'}"
input,basins_carbon.tes,3,24,PRMT_45_para,,"{'Line in File': '3', 'Position in File': '24', 'Condition': '-', 'Local (Y/N)': 'N', 'TYPE': 'cbn_tes', 'Component': 'PRMT_45_para', 'Type': 'real', 'Dimensions': '-', 'Swat_codetype': 'cbn_tes'}"
input,basins_carbon.tes,3,25,BMR_para_sur,,"{'Line in File': '3', 'Position in File': '25', 'Condition': '-', 'Local (Y/N)': 'N', 'TYPE': 'cbn_tes', 'Component': 'BMR_para_sur', 'Type': 'real', 'Dimensions': '-', 'Swat_codetype': 'cbn_tes'}"
input,basins_carbon.tes,3,26,BMR_para_sub,,"{'Line in File': '3', 'Position in File': '26', 'Condition': '-', 'Local (Y/N)': 'N', 'TYPE': 'cbn_tes', 'Component': 'BMR_para_sub', 'Type': 'real', 'Dimensions': '-', 'Swat_codetype': 'cbn_tes'}"
input,basins_carbon.tes,3,27,HPR_para,,"{'Line in File': '3', 'Position in File': '27', 'Condition': '-', 'Local (Y/N)': 'N', 'TYPE': 'cbn_tes', 'Component': 'HPR_para', 'Type': 'real', 'Dimensions': '-', 'Swat_codetype': 'cbn_tes'}"
input,basins_carbon.tes,3,28,HSR_para,,"{'Line in File': '3', 'Position in File': '28', 'Condition': '-', 'Local (Y/N)': 'N', 'TYPE': 'cbn_tes', 'Component': 'HSR_para', 'Type': 'real', 'Dimensions': '-', 'Swat_codetype': 'cbn_tes'}"
input,basins_carbon.tes,3,29,LMR_para_sur,,"{'Line in File': '3', 'Position in File': '29', 'Condition': '-', 'Local (Y/N)': 'N', 'TYPE': 'cbn_tes', 'Component': 'LMR_para_sur', 'Type': 'real', 'Dimensions': '-', 'Swat_codetype': 'cbn_tes'}"
input,basins_carbon.tes,3,3,Sf_para_sur,,"{'Line in File': '3', 'Position in File': '3', 'Condition': '-', 'Local (Y/N)': 'N', 'TYPE': 'cbn_tes', 'Component': 'Sf_para_sur', 'Type': 'real', 'Dimensions': '-', 'Swat_codetype': 'cbn_tes'}"
input,basins_carbon.tes,3,30,LMR_para_sub,,"{'Line in File': '3', 'Position in File': '30', 'Condition': '-', 'Local (Y/N)': 'N', 'TYPE': 'cbn_tes', 'Component': 'LMR_para_sub', 'Type': 'real', 'Dimensions': '-', 'Swat_codetype': 'cbn_tes'}"
input,basins_carbon.tes,3,31,LSR_para_sur,,"{'Line in File': '3', 'Position in File': '31', 'Condition': '-', 'Local (Y/N)': 'N', 'TYPE': 'cbn_tes', 'Component': 'LSR_para_sur', 'Type': 'real', 'Dimensions': '-', 'Swat_codetype': 'cbn_tes'}"
input,basins_carbon.tes,3,32,LSR_para_sub,,"{'Line in File': '3', 'Position in File': '32', 'Condition': '-', 'Local (Y/N)': 'N', 'TYPE': 'cbn_tes', 'Component': 'LSR_para_sub', 'Type': 'real', 'Dimensions': '-', 'Swat_codetype': 'cbn_tes'}"
input,basins_carbon.tes,3,33,XBM_para_sur,,"{'Line in File': '3', 'Position in File': '33', 'Condition': '-', 'Local (Y/N)': 'N', 'TYPE': 'cbn_tes', 'Component': 'XBM_para_sur', 'Type': 'real', 'Dimensions': '-', 'Swat_codetype': 'cbn_tes'}"
input,basins_carbon.tes,3,34,XBM_para_sub,,"{'Line in File': '3', 'Position in File': '34', 'Condition': '-', 'Local (Y/N)': 'N', 'TYPE': 'cbn_tes', 'Component': 'XBM_para_sub', 'Type': 'real', 'Dimensions': '-', 'Swat_codetype': 'cbn_tes'}"
input,basins_carbon.tes,3,35,XLSLF_para,,"{'Line in File': '3', 'Position in File': '35', 'Condition': '-', 'Local (Y/N)': 'N', 'TYPE': 'cbn_tes', 'Component': 'XLSLF_para', 'Type': 'real', 'Dimensions': '-', 'Swat_codetype': 'cbn_tes'}"
input,basins_carbon.tes,3,36,OX_aa_para,,"{'Line in File': '3', 'Position in File': '36', 'Condition': '-', 'Local (Y/N)': 'N', 'TYPE': 'cbn_tes', 'Component': 'OX_aa_para', 'Type': 'real', 'Dimensions': '-', 'Swat_codetype': 'cbn_tes'}"
input,basins_carbon.tes,3,37,OX_bb_para,,"{'Line in File': '3', 'Position in File': '37', 'Condition': '-', 'Local (Y/N)': 'N', 'TYPE': 'cbn_tes', 'Component': 'OX_bb_para', 'Type': 'real', 'Dimensions': '-', 'Swat_codetype': 'cbn_tes'}"
input,basins_carbon.tes,3,4,Sf_para_sub,,"{'Line in File': '3', 'Position in File': '4', 'Condition': '-', 'Local (Y/N)': 'N', 'TYPE': 'cbn_tes', 'Component': 'Sf_para_sub', 'Type': 'real', 'Dimensions': '-', 'Swat_codetype': 'cbn_tes'}"
input,basins_carbon.tes,3,5,ABL_para,,"{'Line in File': '3', 'Position in File': '5', 'Condition': '-', 'Local (Y/N)': 'N', 'TYPE': 'cbn_tes', 'Component': 'ABL_para', 'Type': 'real', 'Dimensions': '-', 'Swat_codetype': 'cbn_tes'}"
input,basins_carbon.tes,3,6,peroc_DIC_para,,"{'Line in File': '3', 'Position in File': '6', 'Condition': '-', 'Local (Y/N)': 'N', 'TYPE': 'cbn_tes', 'Component': 'peroc_DIC_para', 'Type': 'real', 'Dimensions': '-', 'Swat_codetype': 'cbn_tes'}"
input,basins_carbon.tes,3,7,peroc_DOC_para,,"{'Line in File': '3', 'Position in File': '7', 'Condition': '-', 'Local (Y/N)': 'N', 'TYPE': 'cbn_tes', 'Component': 'peroc_DOC_para', 'Type': 'real', 'Dimensions': '-', 'Swat_codetype': 'cbn_tes'}"
input,basins_carbon.tes,3,8,part_DOC_para,,"{'Line in File': '3', 'Position in File': '8', 'Condition': '-', 'Local (Y/N)': 'N', 'TYPE': 'cbn_tes', 'Component': 'part_DOC_para', 'Type': 'real', 'Dimensions': '-', 'Swat_codetype': 'cbn_tes'}"
input,basins_carbon.tes,3,9,hlife_doc_para,,"{'Line in File': '3', 'Position in File': '9', 'Condition': '-', 'Local (Y/N)': 'N', 'TYPE': 'cbn_tes', 'Component': 'hlife_doc_para', 'Type': 'real', 'Dimensions': '-', 'Swat_codetype': 'cbn_tes'}"
input,calibration.cal,4,12,elem_cnt(isp),"{'Line in File': '4', 'Position in File': '12', 'Condition': 'if (nspu > 0)', 'Local (Y/N)': 'N', 'TYPE': '-', 'Component': 'elem_cnt(isp)', 'Type': 'integer', 'Dimensions': 'allocatable', 'Swat_codetype': 'in_chg'}","{'Line in File': '4', 'Position in File': '12', 'Condition': 'if (nspu > 0)', 'Local (Y/N)': 'N', 'TYPE': '-', 'Component': 'elem_cnt(isp)', 'Type': 'integer', 'Dimensions': 'dimension (:), allocatable', 'Swat_codetype': 'in_chg'}"
input,calibration.cal,5,1,cond,"{'Line in File': '5', 'Position in File': '1', 'Condition': 'if (nconds > 0)', 'Local (Y/N)': 'N', 'TYPE': 'cal_upd', 'Component': 'cond', 'Type': 'type(calibration_conditions)', 'Dimensions': 'allocatable', 'Swat_codetype': 'in_chg'}",
input,calibration.cal,5,1,range,,"{'Line in File': '5', 'Position in File': '1', 'Condition': 'if (range == ""range"")', 'Local (Y/N)': 'Y', 'TYPE': '-', 'Component': 'range', 'Type': 'character(len=10)', 'Dimensions': '-', 'Swat_codetype': '-'}"
input,calibration.cal,5,2,var,,"{'Line in File': '5', 'Position in File': '2', 'Condition': 'if (range == ""range"")', 'Local (Y/N)': 'N', 'TYPE': 'cal_upd', 'Component': 'var', 'Type': 'unknown', 'Dimensions': '-', 'Swat_codetype': 'in_chg'}"
input,calibration.cal,5,3,val1,,"{'Line in File': '5', 'Position in File': '3', 'Condition': 'if (range == ""range"")', 'Local (Y/N)': 'N', 'TYPE': 'cal_upd', 'Component': 'val1', 'Type': 'real', 'Dimensions': '-', 'Swat_codetype': 'in_chg'}"
input,calibration.cal,5,4,val2,,"{'Line in File': '5', 'Position in File': '4', 'Condition': 'if (range == ""range"")', 'Local (Y/N)': 'N', 'TYPE': 'cal_upd', 'Component': 'val2', 'Type': 'real', 'Dimensions': '-', 'Swat_codetype': 'in_chg'}"
input,calibration.cal,6,1,var,,"{'Line in File': '6', 'Position in File': '1', 'Condition': 'if (range == ""range"")', 'Local (Y/N)': 'N', 'TYPE': 'cond', 'Component': 'var', 'Type': 'unknown', 'Dimensions': '-', 'Swat_codetype': 'in_chg'}"
input,calibration.cal,6,2,alt,,"{'Line in File': '6', 'Position in File': '2', 'Condition': 'if (range == ""range"")', 'Local (Y/N)': 'N', 'TYPE': 'cond', 'Component': 'alt', 'Type': 'unknown', 'Dimensions': '-', 'Swat_codetype': 'in_chg'}"
input,calibration.cal,6,3,targ,,"{'Line in File': '6', 'Position in File': '3', 'Condition': 'if (range == ""range"")', 'Local (Y/N)': 'N', 'TYPE': 'cond', 'Component': 'targ', 'Type': 'unknown', 'Dimensions': '-', 'Swat_codetype': 'in_chg'}"
input,calibration.cal,6,4,targc,,"{'Line in File': '6', 'Position in File': '4', 'Condition': 'if (range == ""range"")', 'Local (Y/N)': 'N', 'TYPE': 'cond', 'Component': 'targc', 'Type': 'unknown', 'Dimensions': '-', 'Swat_codetype': 'in_chg'}"
input,ch_catunit.def,4,5,elem_cnt(isp),"{'Line in File': '4', 'Position in File': '5', 'Condition': 'if (nspu > 0)', 'Local (Y/N)': 'N', 'TYPE': '-', 'Component': 'elem_cnt(isp)', 'Type': 'integer', 'Dimensions': 'allocatable', 'Swat_codetype': 'in_regs'}","{'Line in File': '4', 'Position in File': '5', 'Condition': 'if (nspu > 0)', 'Local (Y/N)': 'N', 'TYPE': '-', 'Component': 'elem_cnt(isp)', 'Type': 'integer', 'Dimensions': 'dimension (:), allocatable', 'Swat_codetype': 'in_regs'}"
input,ch_reg.def,4,5,elem_cnt(isp),"{'Line in File': '4', 'Position in File': '5', 'Condition': 'if (nspu > 0)', 'Local (Y/N)': 'N', 'TYPE': '-', 'Component': 'elem_cnt(isp)', 'Type': 'integer', 'Dimensions': 'allocatable', 'Swat_codetype': 'in_regs'}","{'Line in File': '4', 'Position in File': '5', 'Condition': 'if (nspu > 0)', 'Local (Y/N)': 'N', 'TYPE': '-', 'Component': 'elem_cnt(isp)', 'Type': 'integer', 'Dimensions': 'dimension (:), allocatable', 'Swat_codetype': 'in_regs'}"
input,ch_sed_budget.sft,4,4,elem_cnt(isp),"{'Line in File': '4', 'Position in File': '4', 'Condition': 'if (nspu > 0)', 'Local (Y/N)': 'N', 'TYPE': '-', 'Component': 'elem_cnt(isp)', 'Type': 'integer', 'Dimensions': 'allocatable', 'Swat_codetype': 'in_chg'}","{'Line in File': '4', 'Position in File': '4', 'Condition': 'if (nspu > 0)', 'Local (Y/N)': 'N', 'TYPE': '-', 'Component': 'elem_cnt(isp)', 'Type': 'integer', 'Dimensions': 'dimension (:), allocatable', 'Swat_codetype': 'in_chg'}"
input,ch_sed_budget.sft,6,1,meas,"{'Line in File': '6', 'Position in File': '1', 'Condition': 'if (chcal(i)%ord_num > 0)', 'Local (Y/N)': 'N', 'TYPE': 'chcal', 'Component': 'meas', 'Type': 'unknown', 'Dimensions': '-', 'Swat_codetype': 'in_chg'}",
input,ch_sed_budget.sft,6,1,name,,"{'Line in File': '6', 'Position in File': '1', 'Condition': 'if (chcal(i)%ord_num > 0)', 'Local (Y/N)': 'N', 'TYPE': 'meas', 'Component': 'name', 'Type': 'character(len=16)', 'Dimensions': '-', 'Swat_codetype': 'in_chg'}"
input,ch_sed_budget.sft,6,2,chw,,"{'Line in File': '6', 'Position in File': '2', 'Condition': 'if (chcal(i)%ord_num > 0)', 'Local (Y/N)': 'N', 'TYPE': 'meas', 'Component': 'chw', 'Type': 'unknown', 'Dimensions': '-', 'Swat_codetype': 'in_chg'}"
input,ch_sed_budget.sft,6,3,chd,,"{'Line in File': '6', 'Position in File': '3', 'Condition': 'if (chcal(i)%ord_num > 0)', 'Local (Y/N)': 'N', 'TYPE': 'meas', 'Component': 'chd', 'Type': 'unknown', 'Dimensions': '-', 'Swat_codetype': 'in_chg'}"
input,ch_sed_budget.sft,6,4,hc,,"{'Line in File': '6', 'Position in File': '4', 'Condition': 'if (chcal(i)%ord_num > 0)', 'Local (Y/N)': 'N', 'TYPE': 'meas', 'Component': 'hc', 'Type': 'unknown', 'Dimensions': '-', 'Swat_codetype': 'in_chg'}"
input,ch_sed_budget.sft,6,5,fpd,,"{'Line in File': '6', 'Position in File': '5', 'Condition': 'if (chcal(i)%ord_num > 0)', 'Local (Y/N)': 'N', 'TYPE': 'meas', 'Component': 'fpd', 'Type': 'unknown', 'Dimensions': '-', 'Swat_codetype': 'in_chg'}"
input,chandeg.con,3,14,obtyp_out,"{'Line in File': '3', 'Position in File': '14', 'Condition': 'if (ncs > 0)', 'Local (Y/N)': 'N', 'TYPE': 'ob', 'Component': 'obtyp_out', 'Type': 'character(len=3)', 'Dimensions': 'allocatable', 'Swat_codetype': 'ob'}","{'Line in File': '3', 'Position in File': '14', 'Condition': 'if (ncs > 0)', 'Local (Y/N)': 'N', 'TYPE': 'ob', 'Component': 'obtyp_out', 'Type': 'character(len=3)', 'Dimensions': 'dimension (:), allocatable', 'Swat_codetype': 'ob'}"
input,chandeg.con,3,15,obtypno_out,"{'Line in File': '3', 'Position in File': '15', 'Condition': 'if (ncs > 0)', 'Local (Y/N)': 'N', 'TYPE': 'ob', 'Component': 'obtypno_out', 'Type': 'integer', 'Dimensions': 'allocatable', 'Swat_codetype': 'ob'}","{'Line in File': '3', 'Position in File': '15', 'Condition': 'if (ncs > 0)', 'Local (Y/N)': 'N', 'TYPE': 'ob', 'Component': 'obtypno_out', 'Type': 'integer', 'Dimensions': 'dimension (:), allocatable', 'Swat_codetype': 'ob'}"
input,chandeg.con,3,16,htyp_out,"{'Line in File': '3', 'Position in File': '16', 'Condition': 'if (ncs > 0)', 'Local (Y/N)': 'N', 'TYPE': 'ob', 'Component': 'htyp_out', 'Type': 'character(len=3)', 'Dimensions': 'allocatable', 'Swat_codetype': 'ob'}","{'Line in File': '3', 'Position in File': '16', 'Condition': 'if (ncs > 0)', 'Local (Y/N)': 'N', 'TYPE': 'ob', 'Component': 'htyp_out', 'Type': 'character(len=3)', 'Dimensions': 'dimension (:), allocatable', 'Swat_codetype': 'ob'}"
input,chandeg.con,3,17,frac_out,"{'Line in File': '3', 'Position in File': '17', 'Condition': 'if (ncs > 0)', 'Local (Y/N)': 'N', 'TYPE': 'ob', 'Component': 'frac_out', 'Type': 'real', 'Dimensions': 'allocatable', 'Swat_codetype': 'ob'}","{'Line in File': '3', 'Position in File': '17', 'Condition': 'if (ncs > 0)', 'Local (Y/N)': 'N', 'TYPE': 'ob', 'Component': 'frac_out', 'Type': 'real', 'Dimensions': 'dimension (:), allocatable', 'Swat_codetype': 'ob'}"
input,channel.con,3,14,obtyp_out,"{'Line in File': '3', 'Position in File': '14', 'Condition': 'if (ncs > 0)', 'Local (Y/N)': 'N', 'TYPE': 'ob', 'Component': 'obtyp_out', 'Type': 'character(len=3)', 'Dimensions': 'allocatable', 'Swat_codetype': 'ob'}","{'Line in File': '3', 'Position in File': '14', 'Condition': 'if (ncs > 0)', 'Local (Y/N)': 'N', 'TYPE': 'ob', 'Component': 'obtyp_out', 'Type': 'character(len=3)', 'Dimensions': 'dimension (:), allocatable', 'Swat_codetype': 'ob'}"
input,channel.con,3,15,obtypno_out,"{'Line in File': '3', 'Position in File': '15', 'Condition': 'if (ncs > 0)', 'Local (Y/N)': 'N', 'TYPE': 'ob', 'Component': 'obtypno_out', 'Type': 'integer', 'Dimensions': 'allocatable', 'Swat_codetype': 'ob'}","{'Line in File': '3', 'Position in File': '15', 'Condition': 'if (ncs > 0)', 'Local (Y/N)': 'N', 'TYPE': 'ob', 'Component': 'obtypno_out', 'Type': 'integer', 'Dimensions': 'dimension (:), allocatable', 'Swat_codetype': 'ob'}"
input,channel.con,3,16,htyp_out,"{'Line in File': '3', 'Position in File': '16', 'Condition': 'if (ncs > 0)', 'Local (Y/N)': 'N', 'TYPE': 'ob', 'Component': 'htyp_out', 'Type': 'character(len=3)', 'Dimensions': 'allocatable', 'Swat_codetype': 'ob'}","{'Line in File': '3', 'Position in File': '16', 'Condition': 'if (ncs > 0)', 'Local (Y/N)': 'N', 'TYPE': 'ob', 'Component': 'htyp_out', 'Type': 'character(len=3)', 'Dimensions': 'dimension (:), allocatable', 'Swat_codetype': 'ob'}"
input,channel.con,3,17,frac_out,"{'Line in File': '3', 'Position in File': '17', 'Condition': 'if (ncs > 0)', 'Local (Y/N)': 'N', 'TYPE': 'ob', 'Component': 'frac_out', 'Type': 'real', 'Dimensions': 'allocatable', 'Swat_codetype': 'ob'}","{'Line in File': '3', 'Position in File': '17', 'Condition': 'if (ncs > 0)', 'Local (Y/N)': 'N', 'TYPE': 'ob', 'Component': 'frac_out', 'Type': 'real', 'Dimensions': 'dimension (:), allocatable', 'Swat_codetype': 'ob'}"
input,cntable.lum,3,2,cn,"{'Line in File': '3', 'Position in File': '2', 'Condition': '-', 'Local (Y/N)': 'N', 'TYPE': 'cn', 'Component': 'cn', 'Type': 'real', 'Dimensions': '-', 'Swat_codetype': 'in_lum'}","{'Line in File': '3', 'Position in File': '2', 'Condition': '-', 'Local (Y/N)': 'N', 'TYPE': 'cn', 'Component': 'cn', 'Type': 'real', 'Dimensions': 'dimension (4)', 'Swat_codetype': 'in_lum'}"
input,co2_yr.dat,4,1,co2_yr,"{'Line in File': '4', 'Position in File': '1', 'Condition': '-', 'Local (Y/N)': 'N', 'TYPE': 'co2_inc', 'Component': 'co2_yr', 'Type': 'type(co2)', 'Dimensions': 'allocatable', 'Swat_codetype': 'co2_inc'}",
input,co2_yr.dat,4,1,iyr,,"{'Line in File': '4', 'Position in File': '1', 'Condition': '-', 'Local (Y/N)': 'N', 'TYPE': 'co2_yr', 'Component': 'iyr', 'Type': 'unknown', 'Dimensions': '-', 'Swat_codetype': 'co2_inc'}"
input,co2_yr.dat,4,2,co2,,"{'Line in File': '4', 'Position in File': '2', 'Condition': '-', 'Local (Y/N)': 'N', 'TYPE': 'co2_yr', 'Component': 'co2', 'Type': 'unknown', 'Dimensions': '-', 'Swat_codetype': 'co2_inc'}"
input,codes.bsn,3,24,i_fpwet,"{'Line in File': '3', 'Position in File': '24', 'Condition': '-', 'Local (Y/N)': 'N', 'TYPE': 'bsn_cc', 'Component': 'i_fpwet', 'Type': 'integer', 'Dimensions': '-', 'Swat_codetype': 'in_basin'}",
input,codes.bsn,3,24,qual2e,,"{'Line in File': '3', 'Position in File': '24', 'Condition': '-', 'Local (Y/N)': 'N', 'TYPE': 'bsn_cc', 'Component': 'qual2e', 'Type': 'integer', 'Dimensions': '-', 'Swat_codetype': 'in_basin'}"
input,codes.bsn,3,26,idc_till,,"{'Line in File': '3', 'Position in File': '26', 'Condition': '-', 'Local (Y/N)': 'N', 'TYPE': 'bsn_cc', 'Component': 'idc_till', 'Type': 'integer', 'Dimensions': '-', 'Swat_codetype': 'in_basin'}"
input,codes.bsn,3,4,event,"{'Line in File': '3', 'Position in File': '4', 'Condition': '-', 'Local (Y/N)': 'N', 'TYPE': 'bsn_cc', 'Component': 'event', 'Type': 'integer', 'Dimensions': '-', 'Swat_codetype': 'in_basin'}",
input,codes.bsn,3,4,nam1,,"{'Line in File': '3', 'Position in File': '4', 'Condition': '-', 'Local (Y/N)': 'N', 'TYPE': 'bsn_cc', 'Component': 'nam1', 'Type': 'integer', 'Dimensions': '-', 'Swat_codetype': 'in_basin'}"
input,constituents.cs,11,1,cs,"{'Line in File': '11', 'Position in File': '1', 'Condition': '-', 'Local (Y/N)': 'N', 'TYPE': 'cs_db', 'Component': 'cs', 'Type': 'character(len=16)', 'Dimensions': 'allocatable', 'Swat_codetype': 'in_sim'}","{'Line in File': '11', 'Position in File': '1', 'Condition': '-', 'Local (Y/N)': 'N', 'TYPE': 'cs_db', 'Component': 'cs', 'Type': 'character(len=16)', 'Dimensions': 'dimension (:), allocatable', 'Swat_codetype': 'in_sim'}"
input,constituents.cs,3,1,pests,"{'Line in File': '3', 'Position in File': '1', 'Condition': '-', 'Local (Y/N)': 'N', 'TYPE': 'cs_db', 'Component': 'pests', 'Type': 'character(len=16)', 'Dimensions': 'allocatable', 'Swat_codetype': 'in_sim'}","{'Line in File': '3', 'Position in File': '1', 'Condition': '-', 'Local (Y/N)': 'N', 'TYPE': 'cs_db', 'Component': 'pests', 'Type': 'character(len=16)', 'Dimensions': 'dimension (:), allocatable', 'Swat_codetype': 'in_sim'}"
input,constituents.cs,5,1,paths,"{'Line in File': '5', 'Position in File': '1', 'Condition': '-', 'Local (Y/N)': 'N', 'TYPE': 'cs_db', 'Component': 'paths', 'Type': 'character(len=16)', 'Dimensions': 'allocatable', 'Swat_codetype': 'in_sim'}","{'Line in File': '5', 'Position in File': '1', 'Condition': '-', 'Local (Y/N)': 'N', 'TYPE': 'cs_db', 'Component': 'paths', 'Type': 'character(len=16)', 'Dimensions': 'dimension (:), allocatable', 'Swat_codetype': 'in_sim'}"
input,constituents.cs,7,1,metals,"{'Line in File': '7', 'Position in File': '1', 'Condition': '-', 'Local (Y/N)': 'N', 'TYPE': 'cs_db', 'Component': 'metals', 'Type': 'character(len=16)', 'Dimensions': 'allocatable', 'Swat_codetype': 'in_sim'}","{'Line in File': '7', 'Position in File': '1', 'Condition': '-', 'Local (Y/N)': 'N', 'TYPE': 'cs_db', 'Component': 'metals', 'Type': 'character(len=16)', 'Dimensions': 'dimension (:), allocatable', 'Swat_codetype': 'in_sim'}"
input,constituents.cs,9,1,salts,"{'Line in File': '9', 'Position in File': '1', 'Condition': '-', 'Local (Y/N)': 'N', 'TYPE': 'cs_db', 'Component': 'salts', 'Type': 'character(len=16)', 'Dimensions': 'allocatable', 'Swat_codetype': 'in_sim'}","{'Line in File': '9', 'Position in File': '1', 'Condition': '-', 'Local (Y/N)': 'N', 'TYPE': 'cs_db', 'Component': 'salts', 'Type': 'character(len=16)', 'Dimensions': 'dimension (:), allocatable', 'Swat_codetype': 'in_sim'}"
input,cs_aqu.ini,4,2,aqu,"{'Line in File': '4', 'Position in File': '2', 'Condition': '-', 'Local (Y/N)': 'N', 'TYPE': 'cs_aqu_ini', 'Component': 'aqu', 'Type': 'real', 'Dimensions': 'allocatable', 'Swat_codetype': 'cs_aqu_ini'}","{'Line in File': '4', 'Position in File': '2', 'Condition': '-', 'Local (Y/N)': 'N', 'TYPE': 'cs_aqu_ini', 'Component': 'aqu', 'Type': 'real', 'Dimensions': 'dimension (:), allocatable', 'Swat_codetype': 'cs_aqu_ini'}"
input,cs_channel.ini,3,2,conc,"{'Line in File': '3', 'Position in File': '2', 'Condition': '-', 'Local (Y/N)': 'N', 'TYPE': 'cs_cha_ini', 'Component': 'conc', 'Type': 'real', 'Dimensions': 'allocatable', 'Swat_codetype': 'cs_cha_ini'}","{'Line in File': '3', 'Position in File': '2', 'Condition': '-', 'Local (Y/N)': 'N', 'TYPE': 'cs_cha_ini', 'Component': 'conc', 'Type': 'real', 'Dimensions': 'dimension (:), allocatable', 'Swat_codetype': 'cs_cha_ini'}"
input,cs_hru.ini,7,1,soil,"{'Line in File': '7', 'Position in File': '1', 'Condition': '-', 'Local (Y/N)': 'N', 'TYPE': 'cs_soil_ini', 'Component': 'soil', 'Type': 'real', 'Dimensions': 'allocatable', 'Swat_codetype': 'cs_soil_ini'}","{'Line in File': '7', 'Position in File': '1', 'Condition': '-', 'Local (Y/N)': 'N', 'TYPE': 'cs_soil_ini', 'Component': 'soil', 'Type': 'real', 'Dimensions': 'dimension (:), allocatable', 'Swat_codetype': 'cs_soil_ini'}"
input,cs_hru.ini,8,1,plt,"{'Line in File': '8', 'Position in File': '1', 'Condition': '-', 'Local (Y/N)': 'N', 'TYPE': 'cs_soil_ini', 'Component': 'plt', 'Type': 'real', 'Dimensions': 'allocatable', 'Swat_codetype': 'cs_soil_ini'}","{'Line in File': '8', 'Position in File': '1', 'Condition': '-', 'Local (Y/N)': 'N', 'TYPE': 'cs_soil_ini', 'Component': 'plt', 'Type': 'real', 'Dimensions': 'dimension (:), allocatable', 'Swat_codetype': 'cs_soil_ini'}"
input,cs_irrigation,3,2,water,"{'Line in File': '3', 'Position in File': '2', 'Condition': '-', 'Local (Y/N)': 'N', 'TYPE': 'cs_water_irr', 'Component': 'water', 'Type': 'real', 'Dimensions': 'allocatable', 'Swat_codetype': 'cs_water_irr'}","{'Line in File': '3', 'Position in File': '2', 'Condition': '-', 'Local (Y/N)': 'N', 'TYPE': 'cs_water_irr', 'Component': 'water', 'Type': 'real', 'Dimensions': 'dimension (:), allocatable', 'Swat_codetype': 'cs_water_irr'}"
input,cs_plants_boron,8,2,bor_stress_a(iplant),"{'Line in File': '8', 'Position in File': '2', 'Condition': '-', 'Local (Y/N)': 'N', 'TYPE': '-', 'Component': 'bor_stress_a(iplant)', 'Type': 'real', 'Dimensions': 'allocatable', 'Swat_codetype': 'bor_stress_a'}","{'Line in File': '8', 'Position in File': '2', 'Condition': '-', 'Local (Y/N)': 'N', 'TYPE': '-', 'Component': 'bor_stress_a(iplant)', 'Type': 'real', 'Dimensions': 'dimension (:), allocatable', 'Swat_codetype': 'bor_stress_a'}"
input,cs_plants_boron,8,3,bor_stress_b(iplant),"{'Line in File': '8', 'Position in File': '3', 'Condition': '-', 'Local (Y/N)': 'N', 'TYPE': '-', 'Component': 'bor_stress_b(iplant)', 'Type': 'real', 'Dimensions': 'allocatable', 'Swat_codetype': 'bor_stress_b'}","{'Line in File': '8', 'Position in File': '3', 'Condition': '-', 'Local (Y/N)': 'N', 'TYPE': '-', 'Component': 'bor_stress_b(iplant)', 'Type': 'real', 'Dimensions': 'dimension (:), allocatable', 'Swat_codetype': 'bor_stress_b'}"
input,cs_reactions,4,1,"rct(icount,igroup)","{'Line in File': '4', 'Position in File': '1', 'Condition': '-', 'Local (Y/N)': 'N', 'TYPE': '-', 'Component': 'rct(icount,igroup)', 'Type': 'real', 'Dimensions': 'allocatable', 'Swat_codetype': 'rct'}","{'Line in File': '4', 'Position in File': '1', 'Condition': '-', 'Local (Y/N)': 'N', 'TYPE': '-', 'Component': 'rct(icount,igroup)', 'Type': 'real', 'Dimensions': 'dimension (:,:), allocatable', 'Swat_codetype': 'rct'}"
input,cs_reactions,7,1,"rct_shale(icount,irct)","{'Line in File': '7', 'Position in File': '1', 'Condition': '-', 'Local (Y/N)': 'N', 'TYPE': '-', 'Component': 'rct_shale(icount,irct)', 'Type': 'real', 'Dimensions': 'allocatable', 'Swat_codetype': 'rct_shale'}","{'Line in File': '7', 'Position in File': '1', 'Condition': '-', 'Local (Y/N)': 'N', 'TYPE': '-', 'Component': 'rct_shale(icount,irct)', 'Type': 'real', 'Dimensions': 'dimension (:,:), allocatable', 'Swat_codetype': 'rct_shale'}"
input,cs_streamobs,3,1,cs_str_obs(i),"{'Line in File': '3', 'Position in File': '1', 'Condition': 'if (cs_obs_file == 1)', 'Local (Y/N)': 'N', 'TYPE': '-', 'Component': 'cs_str_obs(i)', 'Type': 'integer', 'Dimensions': 'allocatable', 'Swat_codetype': 'cs_str_obs'}","{'Line in File': '3', 'Position in File': '1', 'Condition': 'if (cs_obs_file == 1)', 'Local (Y/N)': 'N', 'TYPE': '-', 'Component': 'cs_str_obs(i)', 'Type': 'integer', 'Dimensions': 'dimension (:), allocatable', 'Swat_codetype': 'cs_str_obs'}"
input,cs_uptake,4,2,"cs_uptake_kg(i,j)","{'Line in File': '4', 'Position in File': '2', 'Condition': '-', 'Local (Y/N)': 'N', 'TYPE': '-', 'Component': 'cs_uptake_kg(i,j)', 'Type': 'real', 'Dimensions': 'allocatable', 'Swat_codetype': 'cs_uptake_kg'}","{'Line in File': '4', 'Position in File': '2', 'Condition': '-', 'Local (Y/N)': 'N', 'TYPE': '-', 'Component': 'cs_uptake_kg(i,j)', 'Type': 'real', 'Dimensions': 'dimension (:,:), allocatable', 'Swat_codetype': 'cs_uptake_kg'}"
input,cs_urban,3,2,"cs_urban_conc(iu,ics)","{'Line in File': '3', 'Position in File': '2', 'Condition': 'if (urb_type == urbdb(iu)%urbnm)', 'Local (Y/N)': 'N', 'TYPE': '-', 'Component': 'cs_urban_conc(iu,ics)', 'Type': 'real', 'Dimensions': 'allocatable', 'Swat_codetype': 'cs_urban_conc'}","{'Line in File': '3', 'Position in File': '2', 'Condition': 'if (urb_type == urbdb(iu)%urbnm)', 'Local (Y/N)': 'N', 'TYPE': '-', 'Component': 'cs_urban_conc(iu,ics)', 'Type': 'real', 'Dimensions': 'dimension (:,:), allocatable', 'Swat_codetype': 'cs_urban_conc'}"
input,delratio.con,3,14,obtyp_out,"{'Line in File': '3', 'Position in File': '14', 'Condition': 'if (ncs > 0)', 'Local (Y/N)': 'N', 'TYPE': 'ob', 'Component': 'obtyp_out', 'Type': 'character(len=3)', 'Dimensions': 'allocatable', 'Swat_codetype': 'ob'}","{'Line in File': '3', 'Position in File': '14', 'Condition': 'if (ncs > 0)', 'Local (Y/N)': 'N', 'TYPE': 'ob', 'Component': 'obtyp_out', 'Type': 'character(len=3)', 'Dimensions': 'dimension (:), allocatable', 'Swat_codetype': 'ob'}"
input,delratio.con,3,15,obtypno_out,"{'Line in File': '3', 'Position in File': '15', 'Condition': 'if (ncs > 0)', 'Local (Y/N)': 'N', 'TYPE': 'ob', 'Component': 'obtypno_out', 'Type': 'integer', 'Dimensions': 'allocatable', 'Swat_codetype': 'ob'}","{'Line in File': '3', 'Position in File': '15', 'Condition': 'if (ncs > 0)', 'Local (Y/N)': 'N', 'TYPE': 'ob', 'Component': 'obtypno_out', 'Type': 'integer', 'Dimensions': 'dimension (:), allocatable', 'Swat_codetype': 'ob'}"
input,delratio.con,3,16,htyp_out,"{'Line in File': '3', 'Position in File': '16', 'Condition': 'if (ncs > 0)', 'Local (Y/N)': 'N', 'TYPE': 'ob', 'Component': 'htyp_out', 'Type': 'character(len=3)', 'Dimensions': 'allocatable', 'Swat_codetype': 'ob'}","{'Line in File': '3', 'Position in File': '16', 'Condition': 'if (ncs > 0)', 'Local (Y/N)': 'N', 'TYPE': 'ob', 'Component': 'htyp_out', 'Type': 'character(len=3)', 'Dimensions': 'dimension (:), allocatable', 'Swat_codetype': 'ob'}"
input,delratio.con,3,17,frac_out,"{'Line in File': '3', 'Position in File': '17', 'Condition': 'if (ncs > 0)', 'Local (Y/N)': 'N', 'TYPE': 'ob', 'Component': 'frac_out', 'Type': 'real', 'Dimensions': 'allocatable', 'Swat_codetype': 'ob'}","{'Line in File': '3', 'Position in File': '17', 'Condition': 'if (ncs > 0)', 'Local (Y/N)': 'N', 'TYPE': 'ob', 'Component': 'frac_out', 'Type': 'real', 'Dimensions': 'dimension (:), allocatable', 'Swat_codetype': 'ob'}"
input,delratio.del,2,1,header,,"{'Line in File': '2', 'Position in File': '1', 'Condition': '-', 'Local (Y/N)': 'Y', 'TYPE': '-', 'Component': 'header', 'Type': 'character(len=80)', 'Dimensions': '-', 'Swat_codetype': '-'}"
input,delratio.del,2,1,mdr_sp,"{'Line in File': '2', 'Position in File': '1', 'Condition': '-', 'Local (Y/N)': 'Y', 'TYPE': '-', 'Component': 'mdr_sp', 'Type': 'integer', 'Dimensions': '-', 'Swat_codetype': '-'}",
input,delratio.del,3,1,header,"{'Line in File': '3', 'Position in File': '1', 'Condition': '-', 'Local (Y/N)': 'Y', 'TYPE': '-', 'Component': 'header', 'Type': 'character(len=80)', 'Dimensions': '-', 'Swat_codetype': '-'}",
input,delratio.del,3,1,name,,"{'Line in File': '3', 'Position in File': '1', 'Condition': '-', 'Local (Y/N)': 'N', 'TYPE': 'dr_db', 'Component': 'name', 'Type': 'character(len=16)', 'Dimensions': '-', 'Swat_codetype': 'in_delr'}"
input,delratio.del,3,2,om_file,,"{'Line in File': '3', 'Position in File': '2', 'Condition': '-', 'Local (Y/N)': 'N', 'TYPE': 'dr_db', 'Component': 'om_file', 'Type': 'character(len=16)', 'Dimensions': '-', 'Swat_codetype': 'in_delr'}"
input,delratio.del,3,3,pest_file,,"{'Line in File': '3', 'Position in File': '3', 'Condition': '-', 'Local (Y/N)': 'N', 'TYPE': 'dr_db', 'Component': 'pest_file', 'Type': 'character(len=16)', 'Dimensions': '-', 'Swat_codetype': 'in_delr'}"
input,delratio.del,3,4,path_file,,"{'Line in File': '3', 'Position in File': '4', 'Condition': '-', 'Local (Y/N)': 'N', 'TYPE': 'dr_db', 'Component': 'path_file', 'Type': 'character(len=16)', 'Dimensions': '-', 'Swat_codetype': 'in_delr'}"
input,delratio.del,3,5,hmet_file,,"{'Line in File': '3', 'Position in File': '5', 'Condition': '-', 'Local (Y/N)': 'N', 'TYPE': 'dr_db', 'Component': 'hmet_file', 'Type': 'character(len=16)', 'Dimensions': '-', 'Swat_codetype': 'in_delr'}"
input,delratio.del,3,6,salts_file,,"{'Line in File': '3', 'Position in File': '6', 'Condition': '-', 'Local (Y/N)': 'N', 'TYPE': 'dr_db', 'Component': 'salts_file', 'Type': 'character(len=16)', 'Dimensions': '-', 'Swat_codetype': 'in_delr'}"
input,delratio.del,4,1,flo,"{'Line in File': '4', 'Position in File': '1', 'Condition': '-', 'Local (Y/N)': 'N', 'TYPE': 'dr_om', 'Component': 'flo', 'Type': 'real', 'Dimensions': '-', 'Swat_codetype': 'in_delr'}",
input,delratio.del,4,10,nh4,"{'Line in File': '4', 'Position in File': '10', 'Condition': '-', 'Local (Y/N)': 'N', 'TYPE': 'min', 'Component': 'nh4', 'Type': 'unknown', 'Dimensions': '-', 'Swat_codetype': 'in_delr'}",
input,delratio.del,4,11,po4,"{'Line in File': '4', 'Position in File': '11', 'Condition': '-', 'Local (Y/N)': 'N', 'TYPE': 'min', 'Component': 'po4', 'Type': 'unknown', 'Dimensions': '-', 'Swat_codetype': 'in_delr'}",
input,delratio.del,4,12,chla,"{'Line in File': '4', 'Position in File': '12', 'Condition': '-', 'Local (Y/N)': 'N', 'TYPE': 'dr_om', 'Component': 'chla', 'Type': 'real', 'Dimensions': '-', 'Swat_codetype': 'in_delr'}",
input,delratio.del,4,13,cbod,"{'Line in File': '4', 'Position in File': '13', 'Condition': '-', 'Local (Y/N)': 'N', 'TYPE': 'dr_om', 'Component': 'cbod', 'Type': 'real', 'Dimensions': '-', 'Swat_codetype': 'in_delr'}",
input,delratio.del,4,14,dox,"{'Line in File': '4', 'Position in File': '14', 'Condition': '-', 'Local (Y/N)': 'N', 'TYPE': 'dr_om', 'Component': 'dox', 'Type': 'real', 'Dimensions': '-', 'Swat_codetype': 'in_delr'}",
input,delratio.del,4,15,temp,"{'Line in File': '4', 'Position in File': '15', 'Condition': '-', 'Local (Y/N)': 'N', 'TYPE': 'dr_om', 'Component': 'temp', 'Type': 'real', 'Dimensions': '-', 'Swat_codetype': 'in_delr'}",
input,delratio.del,4,16,san,"{'Line in File': '4', 'Position in File': '16', 'Condition': '-', 'Local (Y/N)': 'N', 'TYPE': 'dr_om', 'Component': 'san', 'Type': 'real', 'Dimensions': '-', 'Swat_codetype': 'in_delr'}",
input,delratio.del,4,17,sil,"{'Line in File': '4', 'Position in File': '17', 'Condition': '-', 'Local (Y/N)': 'N', 'TYPE': 'dr_om', 'Component': 'sil', 'Type': 'real', 'Dimensions': '-', 'Swat_codetype': 'in_delr'}",
input,delratio.del,4,18,cla,"{'Line in File': '4', 'Position in File': '18', 'Condition': '-', 'Local (Y/N)': 'N', 'TYPE': 'dr_om', 'Component': 'cla', 'Type': 'real', 'Dimensions': '-', 'Swat_codetype': 'in_delr'}",
input,delratio.del,4,19,sag,"{'Line in File': '4', 'Position in File': '19', 'Condition': '-', 'Local (Y/N)': 'N', 'TYPE': 'dr_om', 'Component': 'sag', 'Type': 'real', 'Dimensions': '-', 'Swat_codetype': 'in_delr'}",
input,delratio.del,4,2,sed,"{'Line in File': '4', 'Position in File': '2', 'Condition': '-', 'Local (Y/N)': 'N', 'TYPE': 'dr_om', 'Component': 'sed', 'Type': 'real', 'Dimensions': '-', 'Swat_codetype': 'in_delr'}",
input,delratio.del,4,20,lag,"{'Line in File': '4', 'Position in File': '20', 'Condition': '-', 'Local (Y/N)': 'N', 'TYPE': 'dr_om', 'Component': 'lag', 'Type': 'real', 'Dimensions': '-', 'Swat_codetype': 'in_delr'}",
input,delratio.del,4,21,grv,"{'Line in File': '4', 'Position in File': '21', 'Condition': '-', 'Local (Y/N)': 'N', 'TYPE': 'dr_om', 'Component': 'grv', 'Type': 'real', 'Dimensions': '-', 'Swat_codetype': 'in_delr'}",
input,delratio.del,4,3,m,"{'Line in File': '4', 'Position in File': '3', 'Condition': '-', 'Local (Y/N)': 'N', 'TYPE': 'org', 'Component': 'm', 'Type': 'unknown', 'Dimensions': '-', 'Swat_codetype': 'in_delr'}",
input,delratio.del,4,4,c,"{'Line in File': '4', 'Position in File': '4', 'Condition': '-', 'Local (Y/N)': 'N', 'TYPE': 'org', 'Component': 'c', 'Type': 'unknown', 'Dimensions': '-', 'Swat_codetype': 'in_delr'}",
input,delratio.del,4,5,n,"{'Line in File': '4', 'Position in File': '5', 'Condition': '-', 'Local (Y/N)': 'N', 'TYPE': 'org', 'Component': 'n', 'Type': 'unknown', 'Dimensions': '-', 'Swat_codetype': 'in_delr'}",
input,delratio.del,4,6,p,"{'Line in File': '4', 'Position in File': '6', 'Condition': '-', 'Local (Y/N)': 'N', 'TYPE': 'org', 'Component': 'p', 'Type': 'unknown', 'Dimensions': '-', 'Swat_codetype': 'in_delr'}",
input,delratio.del,4,7,m,"{'Line in File': '4', 'Position in File': '7', 'Condition': '-', 'Local (Y/N)': 'N', 'TYPE': 'min', 'Component': 'm', 'Type': 'unknown', 'Dimensions': '-', 'Swat_codetype': 'in_delr'}",
input,delratio.del,4,8,no3,"{'Line in File': '4', 'Position in File': '8', 'Condition': '-', 'Local (Y/N)': 'N', 'TYPE': 'min', 'Component': 'no3', 'Type': 'unknown', 'Dimensions': '-', 'Swat_codetype': 'in_delr'}",
input,delratio.del,4,9,no2,"{'Line in File': '4', 'Position in File': '9', 'Condition': '-', 'Local (Y/N)': 'N', 'TYPE': 'min', 'Component': 'no2', 'Type': 'unknown', 'Dimensions': '-', 'Swat_codetype': 'in_delr'}",
input,dr_hmet.del,3,1,dr_hmet_name(ii),"{'Line in File': '3', 'Position in File': '1', 'Condition': '-', 'Local (Y/N)': 'N', 'TYPE': '-', 'Component': 'dr_hmet_name(ii)', 'Type': 'character(len=16)', 'Dimensions': 'allocatable', 'Swat_codetype': 'in_delr'}","{'Line in File': '3', 'Position in File': '1', 'Condition': '-', 'Local (Y/N)': 'N', 'TYPE': '-', 'Component': 'dr_hmet_name(ii)', 'Type': 'character(len=16)', 'Dimensions': 'dimension (:), allocatable', 'Swat_codetype': 'in_delr'}"
input,dr_hmet.del,3,2,hmet,"{'Line in File': '3', 'Position in File': '2', 'Condition': '-', 'Local (Y/N)': 'N', 'TYPE': 'dr_hmet', 'Component': 'hmet', 'Type': 'real', 'Dimensions': 'allocatable', 'Swat_codetype': 'in_delr'}","{'Line in File': '3', 'Position in File': '2', 'Condition': '-', 'Local (Y/N)': 'N', 'TYPE': 'dr_hmet', 'Component': 'hmet', 'Type': 'real', 'Dimensions': 'dimension (:), allocatable', 'Swat_codetype': 'in_delr'}"
input,dr_om.del,3,1,dr_om_name(ii),"{'Line in File': '3', 'Position in File': '1', 'Condition': '-', 'Local (Y/N)': 'N', 'TYPE': '-', 'Component': 'dr_om_name(ii)', 'Type': 'character(len=16)', 'Dimensions': 'allocatable', 'Swat_codetype': 'in_delr'}","{'Line in File': '3', 'Position in File': '1', 'Condition': '-', 'Local (Y/N)': 'N', 'TYPE': '-', 'Component': 'dr_om_name(ii)', 'Type': 'character(len=16)', 'Dimensions': 'dimension (:), allocatable', 'Swat_codetype': 'in_delr'}"
input,dr_path.del,3,1,dr_path_name(ii),"{'Line in File': '3', 'Position in File': '1', 'Condition': '-', 'Local (Y/N)': 'N', 'TYPE': '-', 'Component': 'dr_path_name(ii)', 'Type': 'character(len=16)', 'Dimensions': 'allocatable', 'Swat_codetype': 'in_delr'}","{'Line in File': '3', 'Position in File': '1', 'Condition': '-', 'Local (Y/N)': 'N', 'TYPE': '-', 'Component': 'dr_path_name(ii)', 'Type': 'character(len=16)', 'Dimensions': 'dimension (:), allocatable', 'Swat_codetype': 'in_delr'}"
input,dr_path.del,3,2,path,"{'Line in File': '3', 'Position in File': '2', 'Condition': '-', 'Local (Y/N)': 'N', 'TYPE': 'dr_path', 'Component': 'path', 'Type': 'real', 'Dimensions': 'allocatable', 'Swat_codetype': 'in_delr'}","{'Line in File': '3', 'Position in File': '2', 'Condition': '-', 'Local (Y/N)': 'N', 'TYPE': 'dr_path', 'Component': 'path', 'Type': 'real', 'Dimensions': 'dimension (:), allocatable', 'Swat_codetype': 'in_delr'}"
input,dr_pest.del,3,1,dr_pest_name(ii),"{'Line in File': '3', 'Position in File': '1', 'Condition': '-', 'Local (Y/N)': 'N', 'TYPE': '-', 'Component': 'dr_pest_name(ii)', 'Type': 'character(len=16)', 'Dimensions': 'allocatable', 'Swat_codetype': 'in_delr'}","{'Line in File': '3', 'Position in File': '1', 'Condition': '-', 'Local (Y/N)': 'N', 'TYPE': '-', 'Component': 'dr_pest_name(ii)', 'Type': 'character(len=16)', 'Dimensions': 'dimension (:), allocatable', 'Swat_codetype': 'in_delr'}"
input,dr_pest.del,3,2,pest,"{'Line in File': '3', 'Position in File': '2', 'Condition': '-', 'Local (Y/N)': 'N', 'TYPE': 'dr_pest', 'Component': 'pest', 'Type': 'real', 'Dimensions': 'allocatable', 'Swat_codetype': 'in_delr'}","{'Line in File': '3', 'Position in File': '2', 'Condition': '-', 'Local (Y/N)': 'N', 'TYPE': 'dr_pest', 'Component': 'pest', 'Type': 'real', 'Dimensions': 'dimension (:), allocatable', 'Swat_codetype': 'in_delr'}"
input,dr_salt.del,3,1,dr_salt_name(ii),"{'Line in File': '3', 'Position in File': '1', 'Condition': '-', 'Local (Y/N)': 'N', 'TYPE': '-', 'Component': 'dr_salt_name(ii)', 'Type': 'character(len=16)', 'Dimensions': 'allocatable', 'Swat_codetype': 'in_delr'}","{'Line in File': '3', 'Position in File': '1', 'Condition': '-', 'Local (Y/N)': 'N', 'TYPE': '-', 'Component': 'dr_salt_name(ii)', 'Type': 'character(len=16)', 'Dimensions': 'dimension (:), allocatable', 'Swat_codetype': 'in_delr'}"
input,dr_salt.del,3,2,salt,"{'Line in File': '3', 'Position in File': '2', 'Condition': '-', 'Local (Y/N)': 'N', 'TYPE': 'dr_salt', 'Component': 'salt', 'Type': 'real', 'Dimensions': 'allocatable', 'Swat_codetype': 'in_delr'}","{'Line in File': '3', 'Position in File': '2', 'Condition': '-', 'Local (Y/N)': 'N', 'TYPE': 'dr_salt', 'Component': 'salt', 'Type': 'real', 'Dimensions': 'dimension (:), allocatable', 'Swat_codetype': 'in_delr'}"
input,exco.con,3,14,obtyp_out,"{'Line in File': '3', 'Position in File': '14', 'Condition': 'if (ncs > 0)', 'Local (Y/N)': 'N', 'TYPE': 'ob', 'Component': 'obtyp_out', 'Type': 'character(len=3)', 'Dimensions': 'allocatable', 'Swat_codetype': 'ob'}","{'Line in File': '3', 'Position in File': '14', 'Condition': 'if (ncs > 0)', 'Local (Y/N)': 'N', 'TYPE': 'ob', 'Component': 'obtyp_out', 'Type': 'character(len=3)', 'Dimensions': 'dimension (:), allocatable', 'Swat_codetype': 'ob'}"
input,exco.con,3,15,obtypno_out,"{'Line in File': '3', 'Position in File': '15', 'Condition': 'if (ncs > 0)', 'Local (Y/N)': 'N', 'TYPE': 'ob', 'Component': 'obtypno_out', 'Type': 'integer', 'Dimensions': 'allocatable', 'Swat_codetype': 'ob'}","{'Line in File': '3', 'Position in File': '15', 'Condition': 'if (ncs > 0)', 'Local (Y/N)': 'N', 'TYPE': 'ob', 'Component': 'obtypno_out', 'Type': 'integer', 'Dimensions': 'dimension (:), allocatable', 'Swat_codetype': 'ob'}"
input,exco.con,3,16,htyp_out,"{'Line in File': '3', 'Position in File': '16', 'Condition': 'if (ncs > 0)', 'Local (Y/N)': 'N', 'TYPE': 'ob', 'Component': 'htyp_out', 'Type': 'character(len=3)', 'Dimensions': 'allocatable', 'Swat_codetype': 'ob'}","{'Line in File': '3', 'Position in File': '16', 'Condition': 'if (ncs > 0)', 'Local (Y/N)': 'N', 'TYPE': 'ob', 'Component': 'htyp_out', 'Type': 'character(len=3)', 'Dimensions': 'dimension (:), allocatable', 'Swat_codetype': 'ob'}"
input,exco.con,3,17,frac_out,"{'Line in File': '3', 'Position in File': '17', 'Condition': 'if (ncs > 0)', 'Local (Y/N)': 'N', 'TYPE': 'ob', 'Component': 'frac_out', 'Type': 'real', 'Dimensions': 'allocatable', 'Swat_codetype': 'ob'}","{'Line in File': '3', 'Position in File': '17', 'Condition': 'if (ncs > 0)', 'Local (Y/N)': 'N', 'TYPE': 'ob', 'Component': 'frac_out', 'Type': 'real', 'Dimensions': 'dimension (:), allocatable', 'Swat_codetype': 'ob'}"
input,exco.exc,3,1,header,,"{'Line in File': '3', 'Position in File': '1', 'Condition': '-', 'Local (Y/N)': 'Y', 'TYPE': '-', 'Component': 'header', 'Type': 'character(len=80)', 'Dimensions': '-', 'Swat_codetype': '-'}"
input,exco.exc,3,1,name,"{'Line in File': '3', 'Position in File': '1', 'Condition': '-', 'Local (Y/N)': 'N', 'TYPE': 'exco_db', 'Component': 'name', 'Type': 'character(len=16)', 'Dimensions': '-', 'Swat_codetype': 'in_exco'}",
input,exco.exc,3,2,om_file,"{'Line in File': '3', 'Position in File': '2', 'Condition': '-', 'Local (Y/N)': 'N', 'TYPE': 'exco_db', 'Component': 'om_file', 'Type': 'character(len=16)', 'Dimensions': '-', 'Swat_codetype': 'in_exco'}",
input,exco.exc,3,3,pest_file,"{'Line in File': '3', 'Position in File': '3', 'Condition': '-', 'Local (Y/N)': 'N', 'TYPE': 'exco_db', 'Component': 'pest_file', 'Type': 'character(len=16)', 'Dimensions': '-', 'Swat_codetype': 'in_exco'}",
input,exco.exc,3,4,path_file,"{'Line in File': '3', 'Position in File': '4', 'Condition': '-', 'Local (Y/N)': 'N', 'TYPE': 'exco_db', 'Component': 'path_file', 'Type': 'character(len=16)', 'Dimensions': '-', 'Swat_codetype': 'in_exco'}",
input,exco.exc,3,5,hmet_file,"{'Line in File': '3', 'Position in File': '5', 'Condition': '-', 'Local (Y/N)': 'N', 'TYPE': 'exco_db', 'Component': 'hmet_file', 'Type': 'character(len=16)', 'Dimensions': '-', 'Swat_codetype': 'in_exco'}",
input,exco.exc,3,6,salts_file,"{'Line in File': '3', 'Position in File': '6', 'Condition': '-', 'Local (Y/N)': 'N', 'TYPE': 'exco_db', 'Component': 'salts_file', 'Type': 'character(len=16)', 'Dimensions': '-', 'Swat_codetype': 'in_exco'}",
input,exco.exc,4,1,k,,"{'Line in File': '4', 'Position in File': '1', 'Condition': '-', 'Local (Y/N)': 'Y', 'TYPE': '-', 'Component': 'k', 'Type': 'integer', 'Dimensions': '-', 'Swat_codetype': '-'}"
input,exco.exc,4,2,name,,"{'Line in File': '4', 'Position in File': '2', 'Condition': '-', 'Local (Y/N)': 'N', 'TYPE': 'exco_db', 'Component': 'name', 'Type': 'character(len=16)', 'Dimensions': '-', 'Swat_codetype': 'in_exco'}"
input,exco.exc,4,3,om_file,,"{'Line in File': '4', 'Position in File': '3', 'Condition': '-', 'Local (Y/N)': 'N', 'TYPE': 'exco_db', 'Component': 'om_file', 'Type': 'character(len=16)', 'Dimensions': '-', 'Swat_codetype': 'in_exco'}"
input,exco.exc,4,4,pest_file,,"{'Line in File': '4', 'Position in File': '4', 'Condition': '-', 'Local (Y/N)': 'N', 'TYPE': 'exco_db', 'Component': 'pest_file', 'Type': 'character(len=16)', 'Dimensions': '-', 'Swat_codetype': 'in_exco'}"
input,exco.exc,4,5,path_file,,"{'Line in File': '4', 'Position in File': '5', 'Condition': '-', 'Local (Y/N)': 'N', 'TYPE': 'exco_db', 'Component': 'path_file', 'Type': 'character(len=16)', 'Dimensions': '-', 'Swat_codetype': 'in_exco'}"
input,exco.exc,4,6,hmet_file,,"{'Line in File': '4', 'Position in File': '6', 'Condition': '-', 'Local (Y/N)': 'N', 'TYPE': 'exco_db', 'Component': 'hmet_file', 'Type': 'character(len=16)', 'Dimensions': '-', 'Swat_codetype': 'in_exco'}"
input,exco.exc,4,7,salts_file,,"{'Line in File': '4', 'Position in File': '7', 'Condition': '-', 'Local (Y/N)': 'N', 'TYPE': 'exco_db', 'Component': 'salts_file', 'Type': 'character(len=16)', 'Dimensions': '-', 'Swat_codetype': 'in_exco'}"
input,exco.exc,4,8,constit_file,,"{'Line in File': '4', 'Position in File': '8', 'Condition': '-', 'Local (Y/N)': 'N', 'TYPE': 'exco_db', 'Component': 'constit_file', 'Type': 'character(len=16)', 'Dimensions': '-', 'Swat_codetype': 'in_exco'}"
input,exco.exc,4,9,descrip,,"{'Line in File': '4', 'Position in File': '9', 'Condition': '-', 'Local (Y/N)': 'N', 'TYPE': 'exco_db', 'Component': 'descrip', 'Type': 'character(len=40)', 'Dimensions': '-', 'Swat_codetype': 'in_exco'}"
input,exco_hmet.exc,3,1,exco_hmet_name(ii),"{'Line in File': '3', 'Position in File': '1', 'Condition': '-', 'Local (Y/N)': 'N', 'TYPE': '-', 'Component': 'exco_hmet_name(ii)', 'Type': 'character(len=16)', 'Dimensions': 'allocatable', 'Swat_codetype': 'in_exco'}","{'Line in File': '3', 'Position in File': '1', 'Condition': '-', 'Local (Y/N)': 'N', 'TYPE': '-', 'Component': 'exco_hmet_name(ii)', 'Type': 'character(len=16)', 'Dimensions': 'dimension (:), allocatable', 'Swat_codetype': 'in_exco'}"
input,exco_hmet.exc,3,2,hmet,"{'Line in File': '3', 'Position in File': '2', 'Condition': '-', 'Local (Y/N)': 'N', 'TYPE': 'exco_hmet', 'Component': 'hmet', 'Type': 'real', 'Dimensions': 'allocatable', 'Swat_codetype': 'in_exco'}","{'Line in File': '3', 'Position in File': '2', 'Condition': '-', 'Local (Y/N)': 'N', 'TYPE': 'exco_hmet', 'Component': 'hmet', 'Type': 'real', 'Dimensions': 'dimension (:), allocatable', 'Swat_codetype': 'in_exco'}"
input,exco_om.exc,3,1,exco_om_name(ii),"{'Line in File': '3', 'Position in File': '1', 'Condition': '-', 'Local (Y/N)': 'N', 'TYPE': '-', 'Component': 'exco_om_name(ii)', 'Type': 'character(len=16)', 'Dimensions': 'allocatable', 'Swat_codetype': 'in_exco'}",
input,exco_om.exc,3,1,header,,"{'Line in File': '3', 'Position in File': '1', 'Condition': '-', 'Local (Y/N)': 'Y', 'TYPE': '-', 'Component': 'header', 'Type': 'character(len=80)', 'Dimensions': '-', 'Swat_codetype': '-'}"
input,exco_om.exc,3,10,no2,"{'Line in File': '3', 'Position in File': '10', 'Condition': '-', 'Local (Y/N)': 'N', 'TYPE': 'exco', 'Component': 'no2', 'Type': 'real', 'Dimensions': '-', 'Swat_codetype': 'in_exco'}",
input,exco_om.exc,3,11,cbod,"{'Line in File': '3', 'Position in File': '11', 'Condition': '-', 'Local (Y/N)': 'N', 'TYPE': 'exco', 'Component': 'cbod', 'Type': 'real', 'Dimensions': '-', 'Swat_codetype': 'in_exco'}",
input,exco_om.exc,3,12,dox,"{'Line in File': '3', 'Position in File': '12', 'Condition': '-', 'Local (Y/N)': 'N', 'TYPE': 'exco', 'Component': 'dox', 'Type': 'real', 'Dimensions': '-', 'Swat_codetype': 'in_exco'}",
input,exco_om.exc,3,13,san,"{'Line in File': '3', 'Position in File': '13', 'Condition': '-', 'Local (Y/N)': 'N', 'TYPE': 'exco', 'Component': 'san', 'Type': 'real', 'Dimensions': '-', 'Swat_codetype': 'in_exco'}",
input,exco_om.exc,3,14,sil,"{'Line in File': '3', 'Position in File': '14', 'Condition': '-', 'Local (Y/N)': 'N', 'TYPE': 'exco', 'Component': 'sil', 'Type': 'real', 'Dimensions': '-', 'Swat_codetype': 'in_exco'}",
input,exco_om.exc,3,15,cla,"{'Line in File': '3', 'Position in File': '15', 'Condition': '-', 'Local (Y/N)': 'N', 'TYPE': 'exco', 'Component': 'cla', 'Type': 'real', 'Dimensions': '-', 'Swat_codetype': 'in_exco'}",
input,exco_om.exc,3,16,sag,"{'Line in File': '3', 'Position in File': '16', 'Condition': '-', 'Local (Y/N)': 'N', 'TYPE': 'exco', 'Component': 'sag', 'Type': 'real', 'Dimensions': '-', 'Swat_codetype': 'in_exco'}",
input,exco_om.exc,3,17,lag,"{'Line in File': '3', 'Position in File': '17', 'Condition': '-', 'Local (Y/N)': 'N', 'TYPE': 'exco', 'Component': 'lag', 'Type': 'real', 'Dimensions': '-', 'Swat_codetype': 'in_exco'}",
input,exco_om.exc,3,18,grv,"{'Line in File': '3', 'Position in File': '18', 'Condition': '-', 'Local (Y/N)': 'N', 'TYPE': 'exco', 'Component': 'grv', 'Type': 'real', 'Dimensions': '-', 'Swat_codetype': 'in_exco'}",
input,exco_om.exc,3,19,temp,"{'Line in File': '3', 'Position in File': '19', 'Condition': '-', 'Local (Y/N)': 'N', 'TYPE': 'exco', 'Component': 'temp', 'Type': 'real', 'Dimensions': '-', 'Swat_codetype': 'in_exco'}",
input,exco_om.exc,3,2,flo,"{'Line in File': '3', 'Position in File': '2', 'Condition': '-', 'Local (Y/N)': 'N', 'TYPE': 'exco', 'Component': 'flo', 'Type': 'real', 'Dimensions': '-', 'Swat_codetype': 'in_exco'}",
input,exco_om.exc,3,3,sed,"{'Line in File': '3', 'Position in File': '3', 'Condition': '-', 'Local (Y/N)': 'N', 'TYPE': 'exco', 'Component': 'sed', 'Type': 'real', 'Dimensions': '-', 'Swat_codetype': 'in_exco'}",
input,exco_om.exc,3,4,orgn,"{'Line in File': '3', 'Position in File': '4', 'Condition': '-', 'Local (Y/N)': 'N', 'TYPE': 'exco', 'Component': 'orgn', 'Type': 'real', 'Dimensions': '-', 'Swat_codetype': 'in_exco'}",
input,exco_om.exc,3,5,sedp,"{'Line in File': '3', 'Position in File': '5', 'Condition': '-', 'Local (Y/N)': 'N', 'TYPE': 'exco', 'Component': 'sedp', 'Type': 'real', 'Dimensions': '-', 'Swat_codetype': 'in_exco'}",
input,exco_om.exc,3,6,no3,"{'Line in File': '3', 'Position in File': '6', 'Condition': '-', 'Local (Y/N)': 'N', 'TYPE': 'exco', 'Component': 'no3', 'Type': 'real', 'Dimensions': '-', 'Swat_codetype': 'in_exco'}",
input,exco_om.exc,3,7,solp,"{'Line in File': '3', 'Position in File': '7', 'Condition': '-', 'Local (Y/N)': 'N', 'TYPE': 'exco', 'Component': 'solp', 'Type': 'real', 'Dimensions': '-', 'Swat_codetype': 'in_exco'}",
input,exco_om.exc,3,8,chla,"{'Line in File': '3', 'Position in File': '8', 'Condition': '-', 'Local (Y/N)': 'N', 'TYPE': 'exco', 'Component': 'chla', 'Type': 'real', 'Dimensions': '-', 'Swat_codetype': 'in_exco'}",
input,exco_om.exc,3,9,nh3,"{'Line in File': '3', 'Position in File': '9', 'Condition': '-', 'Local (Y/N)': 'N', 'TYPE': 'exco', 'Component': 'nh3', 'Type': 'real', 'Dimensions': '-', 'Swat_codetype': 'in_exco'}",
input,exco_om.exc,4,1,exco_om_name(ii),,"{'Line in File': '4', 'Position in File': '1', 'Condition': '-', 'Local (Y/N)': 'N', 'TYPE': '-', 'Component': 'exco_om_name(ii)', 'Type': 'character(len=16)', 'Dimensions': 'dimension (:), allocatable', 'Swat_codetype': 'in_exco'}"
input,exco_om.exc,4,10,no2,,"{'Line in File': '4', 'Position in File': '10', 'Condition': '-', 'Local (Y/N)': 'N', 'TYPE': 'exco', 'Component': 'no2', 'Type': 'real', 'Dimensions': '-', 'Swat_codetype': 'in_exco'}"
input,exco_om.exc,4,11,cbod,,"{'Line in File': '4', 'Position in File': '11', 'Condition': '-', 'Local (Y/N)': 'N', 'TYPE': 'exco', 'Component': 'cbod', 'Type': 'real', 'Dimensions': '-', 'Swat_codetype': 'in_exco'}"
input,exco_om.exc,4,12,dox,,"{'Line in File': '4', 'Position in File': '12', 'Condition': '-', 'Local (Y/N)': 'N', 'TYPE': 'exco', 'Component': 'dox', 'Type': 'real', 'Dimensions': '-', 'Swat_codetype': 'in_exco'}"
input,exco_om.exc,4,13,san,,"{'Line in File': '4', 'Position in File': '13', 'Condition': '-', 'Local (Y/N)': 'N', 'TYPE': 'exco', 'Component': 'san', 'Type': 'real', 'Dimensions': '-', 'Swat_codetype': 'in_exco'}"
input,exco_om.exc,4,14,sil,,"{'Line in File': '4', 'Position in File': '14', 'Condition': '-', 'Local (Y/N)': 'N', 'TYPE': 'exco', 'Component': 'sil', 'Type': 'real', 'Dimensions': '-', 'Swat_codetype': 'in_exco'}"
input,exco_om.exc,4,15,cla,,"{'Line in File': '4', 'Position in File': '15', 'Condition': '-', 'Local (Y/N)': 'N', 'TYPE': 'exco', 'Component': 'cla', 'Type': 'real', 'Dimensions': '-', 'Swat_codetype': 'in_exco'}"
input,exco_om.exc,4,16,sag,,"{'Line in File': '4', 'Position in File': '16', 'Condition': '-', 'Local (Y/N)': 'N', 'TYPE': 'exco', 'Component': 'sag', 'Type': 'real', 'Dimensions': '-', 'Swat_codetype': 'in_exco'}"
input,exco_om.exc,4,17,lag,,"{'Line in File': '4', 'Position in File': '17', 'Condition': '-', 'Local (Y/N)': 'N', 'TYPE': 'exco', 'Component': 'lag', 'Type': 'real', 'Dimensions': '-', 'Swat_codetype': 'in_exco'}"
input,exco_om.exc,4,18,grv,,"{'Line in File': '4', 'Position in File': '18', 'Condition': '-', 'Local (Y/N)': 'N', 'TYPE': 'exco', 'Component': 'grv', 'Type': 'real', 'Dimensions': '-', 'Swat_codetype': 'in_exco'}"
input,exco_om.exc,4,19,temp,,"{'Line in File': '4', 'Position in File': '19', 'Condition': '-', 'Local (Y/N)': 'N', 'TYPE': 'exco', 'Component': 'temp', 'Type': 'real', 'Dimensions': '-', 'Swat_codetype': 'in_exco'}"
input,exco_om.exc,4,2,flo,,"{'Line in File': '4', 'Position in File': '2', 'Condition': '-', 'Local (Y/N)': 'N', 'TYPE': 'exco', 'Component': 'flo', 'Type': 'real', 'Dimensions': '-', 'Swat_codetype': 'in_exco'}"
input,exco_om.exc,4,3,sed,,"{'Line in File': '4', 'Position in File': '3', 'Condition': '-', 'Local (Y/N)': 'N', 'TYPE': 'exco', 'Component': 'sed', 'Type': 'real', 'Dimensions': '-', 'Swat_codetype': 'in_exco'}"
input,exco_om.exc,4,4,orgn,,"{'Line in File': '4', 'Position in File': '4', 'Condition': '-', 'Local (Y/N)': 'N', 'TYPE': 'exco', 'Component': 'orgn', 'Type': 'real', 'Dimensions': '-', 'Swat_codetype': 'in_exco'}"
input,exco_om.exc,4,5,sedp,,"{'Line in File': '4', 'Position in File': '5', 'Condition': '-', 'Local (Y/N)': 'N', 'TYPE': 'exco', 'Component': 'sedp', 'Type': 'real', 'Dimensions': '-', 'Swat_codetype': 'in_exco'}"
input,exco_om.exc,4,6,no3,,"{'Line in File': '4', 'Position in File': '6', 'Condition': '-', 'Local (Y/N)': 'N', 'TYPE': 'exco', 'Component': 'no3', 'Type': 'real', 'Dimensions': '-', 'Swat_codetype': 'in_exco'}"
input,exco_om.exc,4,7,solp,,"{'Line in File': '4', 'Position in File': '7', 'Condition': '-', 'Local (Y/N)': 'N', 'TYPE': 'exco', 'Component': 'solp', 'Type': 'real', 'Dimensions': '-', 'Swat_codetype': 'in_exco'}"
input,exco_om.exc,4,8,chla,,"{'Line in File': '4', 'Position in File': '8', 'Condition': '-', 'Local (Y/N)': 'N', 'TYPE': 'exco', 'Component': 'chla', 'Type': 'real', 'Dimensions': '-', 'Swat_codetype': 'in_exco'}"
input,exco_om.exc,4,9,nh3,,"{'Line in File': '4', 'Position in File': '9', 'Condition': '-', 'Local (Y/N)': 'N', 'TYPE': 'exco', 'Component': 'nh3', 'Type': 'real', 'Dimensions': '-', 'Swat_codetype': 'in_exco'}"
input,exco_path.exc,3,1,exco_path_name(ii),"{'Line in File': '3', 'Position in File': '1', 'Condition': '-', 'Local (Y/N)': 'N', 'TYPE': '-', 'Component': 'exco_path_name(ii)', 'Type': 'character(len=16)', 'Dimensions': 'allocatable', 'Swat_codetype': 'in_exco'}","{'Line in File': '3', 'Position in File': '1', 'Condition': '-', 'Local (Y/N)': 'N', 'TYPE': '-', 'Component': 'exco_path_name(ii)', 'Type': 'character(len=16)', 'Dimensions': 'dimension (:), allocatable', 'Swat_codetype': 'in_exco'}"
input,exco_path.exc,3,2,path,"{'Line in File': '3', 'Position in File': '2', 'Condition': '-', 'Local (Y/N)': 'N', 'TYPE': 'exco_path', 'Component': 'path', 'Type': 'real', 'Dimensions': 'allocatable', 'Swat_codetype': 'in_exco'}","{'Line in File': '3', 'Position in File': '2', 'Condition': '-', 'Local (Y/N)': 'N', 'TYPE': 'exco_path', 'Component': 'path', 'Type': 'real', 'Dimensions': 'dimension (:), allocatable', 'Swat_codetype': 'in_exco'}"
input,exco_pest.exc,3,1,exco_pest_name(ii),"{'Line in File': '3', 'Position in File': '1', 'Condition': '-', 'Local (Y/N)': 'N', 'TYPE': '-', 'Component': 'exco_pest_name(ii)', 'Type': 'character(len=16)', 'Dimensions': 'allocatable', 'Swat_codetype': 'in_exco'}","{'Line in File': '3', 'Position in File': '1', 'Condition': '-', 'Local (Y/N)': 'N', 'TYPE': '-', 'Component': 'exco_pest_name(ii)', 'Type': 'character(len=16)', 'Dimensions': 'dimension (:), allocatable', 'Swat_codetype': 'in_exco'}"
input,exco_pest.exc,3,2,pest,"{'Line in File': '3', 'Position in File': '2', 'Condition': '-', 'Local (Y/N)': 'N', 'TYPE': 'exco_pest', 'Component': 'pest', 'Type': 'real', 'Dimensions': 'allocatable', 'Swat_codetype': 'in_exco'}","{'Line in File': '3', 'Position in File': '2', 'Condition': '-', 'Local (Y/N)': 'N', 'TYPE': 'exco_pest', 'Component': 'pest', 'Type': 'real', 'Dimensions': 'dimension (:), allocatable', 'Swat_codetype': 'in_exco'}"
input,exco_salt.exc,3,1,exco_salt_name(ii),"{'Line in File': '3', 'Position in File': '1', 'Condition': '-', 'Local (Y/N)': 'N', 'TYPE': '-', 'Component': 'exco_salt_name(ii)', 'Type': 'character(len=16)', 'Dimensions': 'allocatable', 'Swat_codetype': 'in_exco'}","{'Line in File': '3', 'Position in File': '1', 'Condition': '-', 'Local (Y/N)': 'N', 'TYPE': '-', 'Component': 'exco_salt_name(ii)', 'Type': 'character(len=16)', 'Dimensions': 'dimension (:), allocatable', 'Swat_codetype': 'in_exco'}"
input,exco_salt.exc,3,2,salt,"{'Line in File': '3', 'Position in File': '2', 'Condition': '-', 'Local (Y/N)': 'N', 'TYPE': 'exco_salt', 'Component': 'salt', 'Type': 'real', 'Dimensions': 'allocatable', 'Swat_codetype': 'in_exco'}","{'Line in File': '3', 'Position in File': '2', 'Condition': '-', 'Local (Y/N)': 'N', 'TYPE': 'exco_salt', 'Component': 'salt', 'Type': 'real', 'Dimensions': 'dimension (:), allocatable', 'Swat_codetype': 'in_exco'}"
input,file.cio,32,1,line_buffer,,"{'Line in File': '32', 'Position in File': '1', 'Condition': '-', 'Local (Y/N)': 'Y', 'TYPE': '-', 'Component': 'line_buffer', 'Type': 'character(len=512)', 'Dimensions': '-', 'Swat_codetype': '-'}"
input,flo_con.dtl,5,1,name,"{'Line in File': '5', 'Position in File': '1', 'Condition': '-', 'Local (Y/N)': 'N', 'TYPE': 'dtbl_flo', 'Component': 'name', 'Type': 'character(len=25)', 'Dimensions': '-', 'Swat_codetype': 'in_cond'}","{'Line in File': '5', 'Position in File': '1', 'Condition': '-', 'Local (Y/N)': 'N', 'TYPE': 'dtbl_flo', 'Component': 'name', 'Type': 'character(len=40)', 'Dimensions': '-', 'Swat_codetype': 'in_cond'}"
input,flo_con.dtl,7,1,cond,"{'Line in File': '7', 'Position in File': '1', 'Condition': '-', 'Local (Y/N)': 'N', 'TYPE': 'dtbl_flo', 'Component': 'cond', 'Type': 'type(conditions_var)', 'Dimensions': 'allocatable', 'Swat_codetype': 'in_cond'}",
input,flo_con.dtl,7,1,var,,"{'Line in File': '7', 'Position in File': '1', 'Condition': '-', 'Local (Y/N)': 'N', 'TYPE': 'cond', 'Component': 'var', 'Type': 'unknown', 'Dimensions': '-', 'Swat_codetype': 'in_cond'}"
input,flo_con.dtl,7,2,alt,"{'Line in File': '7', 'Position in File': '2', 'Condition': '-', 'Local (Y/N)': 'N', 'TYPE': 'dtbl_flo', 'Component': 'alt', 'Type': 'character(len=25)', 'Dimensions': 'allocatable', 'Swat_codetype': 'in_cond'}",
input,flo_con.dtl,7,2,ob,,"{'Line in File': '7', 'Position in File': '2', 'Condition': '-', 'Local (Y/N)': 'N', 'TYPE': 'cond', 'Component': 'ob', 'Type': 'unknown', 'Dimensions': '-', 'Swat_codetype': 'in_cond'}"
input,flo_con.dtl,7,3,ob_num,,"{'Line in File': '7', 'Position in File': '3', 'Condition': '-', 'Local (Y/N)': 'N', 'TYPE': 'cond', 'Component': 'ob_num', 'Type': 'unknown', 'Dimensions': '-', 'Swat_codetype': 'in_cond'}"
input,flo_con.dtl,7,4,lim_var,,"{'Line in File': '7', 'Position in File': '4', 'Condition': '-', 'Local (Y/N)': 'N', 'TYPE': 'cond', 'Component': 'lim_var', 'Type': 'unknown', 'Dimensions': '-', 'Swat_codetype': 'in_cond'}"
input,flo_con.dtl,7,5,lim_op,,"{'Line in File': '7', 'Position in File': '5', 'Condition': '-', 'Local (Y/N)': 'N', 'TYPE': 'cond', 'Component': 'lim_op', 'Type': 'unknown', 'Dimensions': '-', 'Swat_codetype': 'in_cond'}"
input,flo_con.dtl,7,6,lim_const,,"{'Line in File': '7', 'Position in File': '6', 'Condition': '-', 'Local (Y/N)': 'N', 'TYPE': 'cond', 'Component': 'lim_const', 'Type': 'unknown', 'Dimensions': '-', 'Swat_codetype': 'in_cond'}"
input,flo_con.dtl,7,7,alt,,"{'Line in File': '7', 'Position in File': '7', 'Condition': '-', 'Local (Y/N)': 'N', 'TYPE': 'dtbl_flo', 'Component': 'alt', 'Type': 'character(len=25)', 'Dimensions': 'dimension (:,:), allocatable', 'Swat_codetype': 'in_cond'}"
input,flo_con.dtl,9,1,act,"{'Line in File': '9', 'Position in File': '1', 'Condition': '-', 'Local (Y/N)': 'N', 'TYPE': 'dtbl_flo', 'Component': 'act', 'Type': 'type(actions_var)', 'Dimensions': 'allocatable', 'Swat_codetype': 'in_cond'}",
input,flo_con.dtl,9,1,typ,,"{'Line in File': '9', 'Position in File': '1', 'Condition': '-', 'Local (Y/N)': 'N', 'TYPE': 'act', 'Component': 'typ', 'Type': 'unknown', 'Dimensions': '-', 'Swat_codetype': 'in_cond'}"
input,flo_con.dtl,9,2,act_outcomes,"{'Line in File': '9', 'Position in File': '2', 'Condition': '-', 'Local (Y/N)': 'N', 'TYPE': 'dtbl_flo', 'Component': 'act_outcomes', 'Type': 'character(len=1)', 'Dimensions': 'allocatable', 'Swat_codetype': 'in_cond'}",
input,flo_con.dtl,9,2,ob,,"{'Line in File': '9', 'Position in File': '2', 'Condition': '-', 'Local (Y/N)': 'N', 'TYPE': 'act', 'Component': 'ob', 'Type': 'unknown', 'Dimensions': '-', 'Swat_codetype': 'in_cond'}"
input,flo_con.dtl,9,3,ob_num,,"{'Line in File': '9', 'Position in File': '3', 'Condition': '-', 'Local (Y/N)': 'N', 'TYPE': 'act', 'Component': 'ob_num', 'Type': 'unknown', 'Dimensions': '-', 'Swat_codetype': 'in_cond'}"
input,flo_con.dtl,9,4,name,,"{'Line in File': '9', 'Position in File': '4', 'Condition': '-', 'Local (Y/N)': 'N', 'TYPE': 'act', 'Component': 'name', 'Type': 'character(len=40)', 'Dimensions': '-', 'Swat_codetype': 'in_cond'}"
input,flo_con.dtl,9,5,option,,"{'Line in File': '9', 'Position in File': '5', 'Condition': '-', 'Local (Y/N)': 'N', 'TYPE': 'act', 'Component': 'option', 'Type': 'unknown', 'Dimensions': '-', 'Swat_codetype': 'in_cond'}"
input,flo_con.dtl,9,6,const,,"{'Line in File': '9', 'Position in File': '6', 'Condition': '-', 'Local (Y/N)': 'N', 'TYPE': 'act', 'Component': 'const', 'Type': 'unknown', 'Dimensions': '-', 'Swat_codetype': 'in_cond'}"
input,flo_con.dtl,9,7,const2,,"{'Line in File': '9', 'Position in File': '7', 'Condition': '-', 'Local (Y/N)': 'N', 'TYPE': 'act', 'Component': 'const2', 'Type': 'unknown', 'Dimensions': '-', 'Swat_codetype': 'in_cond'}"
input,flo_con.dtl,9,8,file_pointer,,"{'Line in File': '9', 'Position in File': '8', 'Condition': '-', 'Local (Y/N)': 'N', 'TYPE': 'act', 'Component': 'file_pointer', 'Type': 'unknown', 'Dimensions': '-', 'Swat_codetype': 'in_cond'}"
input,flo_con.dtl,9,9,act_outcomes,,"{'Line in File': '9', 'Position in File': '9', 'Condition': '-', 'Local (Y/N)': 'N', 'TYPE': 'dtbl_flo', 'Component': 'act_outcomes', 'Type': 'character(len=1)', 'Dimensions': 'dimension (:,:), allocatable', 'Swat_codetype': 'in_cond'}"
input,gwflow.chancells,1,1,header,"{'Line in File': '1', 'Position in File': '1', 'Condition': 'if (sp_ob%gwflow == 0)', 'Local (Y/N)': 'Y', 'TYPE': '-', 'Component': 'header', 'Type': 'character(len=80)', 'Dimensions': '-', 'Swat_codetype': '-'}",
input,gwflow.chancells,3,1,header,"{'Line in File': '3', 'Position in File': '1', 'Condition': 'if (eof == 0)', 'Local (Y/N)': 'Y', 'TYPE': '-', 'Component': 'header', 'Type': 'character(len=80)', 'Dimensions': '-', 'Swat_codetype': '-'}",
input,gwflow.chancells,4,1,cell_ID,,"{'Line in File': '4', 'Position in File': '1', 'Condition': '-', 'Local (Y/N)': 'Y', 'TYPE': '-', 'Component': 'cell_ID', 'Type': 'integer', 'Dimensions': '-', 'Swat_codetype': '-'}"
input,gwflow.chancells,4,1,riv_id,"{'Line in File': '4', 'Position in File': '1', 'Condition': 'if (eof == 0)', 'Local (Y/N)': 'Y', 'TYPE': '-', 'Component': 'riv_id', 'Type': 'integer', 'Dimensions': '-', 'Swat_codetype': '-'}",
input,gwflow.chancells,4,2,bed_elev,,"{'Line in File': '4', 'Position in File': '2', 'Condition': '-', 'Local (Y/N)': 'Y', 'TYPE': '-', 'Component': 'bed_elev', 'Type': 'real', 'Dimensions': '-', 'Swat_codetype': '-'}"
input,gwflow.chancells,4,3,channel,,"{'Line in File': '4', 'Position in File': '3', 'Condition': '-', 'Local (Y/N)': 'Y', 'TYPE': '-', 'Component': 'channel', 'Type': 'integer', 'Dimensions': '-', 'Swat_codetype': '-'}"
input,gwflow.chancells,4,4,chan_length,,"{'Line in File': '4', 'Position in File': '4', 'Condition': '-', 'Local (Y/N)': 'Y', 'TYPE': '-', 'Component': 'chan_length', 'Type': 'real', 'Dimensions': '-', 'Swat_codetype': '-'}"
input,gwflow.chancells,4,5,chan_zone,,"{'Line in File': '4', 'Position in File': '5', 'Condition': '-', 'Local (Y/N)': 'Y', 'TYPE': '-', 'Component': 'chan_zone', 'Type': 'integer', 'Dimensions': '-', 'Swat_codetype': '-'}"
input,gwflow.floodplain,4,1,gw_fp_cellid(i),"{'Line in File': '4', 'Position in File': '1', 'Condition': '-', 'Local (Y/N)': 'N', 'TYPE': '-', 'Component': 'gw_fp_cellid(i)', 'Type': 'integer', 'Dimensions': 'allocatable', 'Swat_codetype': 'gw_fp_cellid'}","{'Line in File': '4', 'Position in File': '1', 'Condition': '-', 'Local (Y/N)': 'N', 'TYPE': '-', 'Component': 'gw_fp_cellid(i)', 'Type': 'integer', 'Dimensions': 'dimension (:), allocatable', 'Swat_codetype': 'gw_fp_cellid'}"
input,gwflow.floodplain,4,2,gw_fp_chanid(i),"{'Line in File': '4', 'Position in File': '2', 'Condition': '-', 'Local (Y/N)': 'N', 'TYPE': '-', 'Component': 'gw_fp_chanid(i)', 'Type': 'integer', 'Dimensions': 'allocatable', 'Swat_codetype': 'gw_fp_chanid'}","{'Line in File': '4', 'Position in File': '2', 'Condition': '-', 'Local (Y/N)': 'N', 'TYPE': '-', 'Component': 'gw_fp_chanid(i)', 'Type': 'integer', 'Dimensions': 'dimension (:), allocatable', 'Swat_codetype': 'gw_fp_chanid'}"
input,gwflow.floodplain,4,3,gw_fp_K(i),"{'Line in File': '4', 'Position in File': '3', 'Condition': '-', 'Local (Y/N)': 'N', 'TYPE': '-', 'Component': 'gw_fp_K(i)', 'Type': 'real', 'Dimensions': 'allocatable', 'Swat_codetype': 'gw_fp_K'}","{'Line in File': '4', 'Position in File': '3', 'Condition': '-', 'Local (Y/N)': 'N', 'TYPE': '-', 'Component': 'gw_fp_K(i)', 'Type': 'real', 'Dimensions': 'dimension (:), allocatable', 'Swat_codetype': 'gw_fp_K'}"
input,gwflow.floodplain,4,4,gw_fp_area(i),"{'Line in File': '4', 'Position in File': '4', 'Condition': '-', 'Local (Y/N)': 'N', 'TYPE': '-', 'Component': 'gw_fp_area(i)', 'Type': 'real', 'Dimensions': 'allocatable', 'Swat_codetype': 'gw_fp_area'}","{'Line in File': '4', 'Position in File': '4', 'Condition': '-', 'Local (Y/N)': 'N', 'TYPE': '-', 'Component': 'gw_fp_area(i)', 'Type': 'real', 'Dimensions': 'dimension (:), allocatable', 'Swat_codetype': 'gw_fp_area'}"
input,gwflow.hru_pump_observe,3,1,hru_pump_ids(i),"{'Line in File': '3', 'Position in File': '1', 'Condition': 'if (hru_pump_flag == 1)', 'Local (Y/N)': 'N', 'TYPE': '-', 'Component': 'hru_pump_ids(i)', 'Type': 'integer', 'Dimensions': 'allocatable', 'Swat_codetype': 'hru_pump_ids'}","{'Line in File': '3', 'Position in File': '1', 'Condition': 'if (hru_pump_flag == 1)', 'Local (Y/N)': 'N', 'TYPE': '-', 'Component': 'hru_pump_ids(i)', 'Type': 'integer', 'Dimensions': 'dimension (:), allocatable', 'Swat_codetype': 'hru_pump_ids'}"
input,gwflow.hrucell,8,3,"hru_cells(k,cell_count)","{'Line in File': '8', 'Position in File': '3', 'Condition': 'if (hrus_connected(k).eq.1)', 'Local (Y/N)': 'N', 'TYPE': '-', 'Component': 'hru_cells(k,cell_count)', 'Type': 'integer', 'Dimensions': 'allocatable', 'Swat_codetype': 'hru_cells'}","{'Line in File': '8', 'Position in File': '3', 'Condition': 'if (hrus_connected(k).eq.1)', 'Local (Y/N)': 'N', 'TYPE': '-', 'Component': 'hru_cells(k,cell_count)', 'Type': 'integer', 'Dimensions': 'dimension (:,:), allocatable', 'Swat_codetype': 'hru_cells'}"
input,gwflow.input,10,1,gw_satx_flag,"{'Line in File': '10', 'Position in File': '1', 'Condition': 'elseif (grid_type == ""unstructured"")', 'Local (Y/N)': 'N', 'TYPE': '-', 'Component': 'gw_satx_flag', 'Type': 'integer', 'Dimensions': '-', 'Swat_codetype': 'gw_satx_flag'}","{'Line in File': '10', 'Position in File': '1', 'Condition': 'else', 'Local (Y/N)': 'N', 'TYPE': '-', 'Component': 'gw_satx_flag', 'Type': 'integer', 'Dimensions': '-', 'Swat_codetype': 'gw_satx_flag'}"
input,gwflow.input,11,1,gw_pumpex_flag,"{'Line in File': '11', 'Position in File': '1', 'Condition': 'elseif (grid_type == ""unstructured"")', 'Local (Y/N)': 'N', 'TYPE': '-', 'Component': 'gw_pumpex_flag', 'Type': 'integer', 'Dimensions': '-', 'Swat_codetype': 'gw_pumpex_flag'}","{'Line in File': '11', 'Position in File': '1', 'Condition': 'else', 'Local (Y/N)': 'N', 'TYPE': '-', 'Component': 'gw_pumpex_flag', 'Type': 'integer', 'Dimensions': '-', 'Swat_codetype': 'gw_pumpex_flag'}"
input,gwflow.input,12,1,gw_tile_flag,"{'Line in File': '12', 'Position in File': '1', 'Condition': 'elseif (grid_type == ""unstructured"")', 'Local (Y/N)': 'N', 'TYPE': '-', 'Component': 'gw_tile_flag', 'Type': 'integer', 'Dimensions': '-', 'Swat_codetype': 'gw_tile_flag'}","{'Line in File': '12', 'Position in File': '1', 'Condition': 'else', 'Local (Y/N)': 'N', 'TYPE': '-', 'Component': 'gw_tile_flag', 'Type': 'integer', 'Dimensions': '-', 'Swat_codetype': 'gw_tile_flag'}"
input,gwflow.input,13,1,gw_res_flag,"{'Line in File': '13', 'Position in File': '1', 'Condition': 'elseif (grid_type == ""unstructured"")', 'Local (Y/N)': 'N', 'TYPE': '-', 'Component': 'gw_res_flag', 'Type': 'integer', 'Dimensions': '-', 'Swat_codetype': 'gw_res_flag'}","{'Line in File': '13', 'Position in File': '1', 'Condition': 'else', 'Local (Y/N)': 'N', 'TYPE': '-', 'Component': 'gw_res_flag', 'Type': 'integer', 'Dimensions': '-', 'Swat_codetype': 'gw_res_flag'}"
input,gwflow.input,14,1,gw_wet_flag,"{'Line in File': '14', 'Position in File': '1', 'Condition': 'elseif (grid_type == ""unstructured"")', 'Local (Y/N)': 'N', 'TYPE': '-', 'Component': 'gw_wet_flag', 'Type': 'integer', 'Dimensions': '-', 'Swat_codetype': 'gw_wet_flag'}","{'Line in File': '14', 'Position in File': '1', 'Condition': 'else', 'Local (Y/N)': 'N', 'TYPE': '-', 'Component': 'gw_wet_flag', 'Type': 'integer', 'Dimensions': '-', 'Swat_codetype': 'gw_wet_flag'}"
input,gwflow.input,15,1,gw_fp_flag,"{'Line in File': '15', 'Position in File': '1', 'Condition': 'elseif (grid_type == ""unstructured"")', 'Local (Y/N)': 'N', 'TYPE': '-', 'Component': 'gw_fp_flag', 'Type': 'integer', 'Dimensions': '-', 'Swat_codetype': 'gw_fp_flag'}","{'Line in File': '15', 'Position in File': '1', 'Condition': 'else', 'Local (Y/N)': 'N', 'TYPE': '-', 'Component': 'gw_fp_flag', 'Type': 'integer', 'Dimensions': '-', 'Swat_codetype': 'gw_fp_flag'}"
input,gwflow.input,16,1,gw_canal_flag,"{'Line in File': '16', 'Position in File': '1', 'Condition': 'elseif (grid_type == ""unstructured"")', 'Local (Y/N)': 'N', 'TYPE': '-', 'Component': 'gw_canal_flag', 'Type': 'integer', 'Dimensions': '-', 'Swat_codetype': 'gw_canal_flag'}","{'Line in File': '16', 'Position in File': '1', 'Condition': 'else', 'Local (Y/N)': 'N', 'TYPE': '-', 'Component': 'gw_canal_flag', 'Type': 'integer', 'Dimensions': '-', 'Swat_codetype': 'gw_canal_flag'}"
input,gwflow.input,17,1,gw_solute_flag,"{'Line in File': '17', 'Position in File': '1', 'Condition': 'elseif (grid_type == ""unstructured"")', 'Local (Y/N)': 'N', 'TYPE': '-', 'Component': 'gw_solute_flag', 'Type': 'integer', 'Dimensions': '-', 'Swat_codetype': 'gw_solute_flag'}","{'Line in File': '17', 'Position in File': '1', 'Condition': 'else', 'Local (Y/N)': 'N', 'TYPE': '-', 'Component': 'gw_solute_flag', 'Type': 'integer', 'Dimensions': '-', 'Swat_codetype': 'gw_solute_flag'}"
input,gwflow.input,18,1,gw_time_step,"{'Line in File': '18', 'Position in File': '1', 'Condition': 'elseif (grid_type == ""unstructured"")', 'Local (Y/N)': 'N', 'TYPE': '-', 'Component': 'gw_time_step', 'Type': 'real', 'Dimensions': '-', 'Swat_codetype': 'gw_time_step'}","{'Line in File': '18', 'Position in File': '1', 'Condition': 'else', 'Local (Y/N)': 'N', 'TYPE': '-', 'Component': 'gw_time_step', 'Type': 'real', 'Dimensions': '-', 'Swat_codetype': 'gw_time_step'}"
input,gwflow.input,19,1,gwflag_day,"{'Line in File': '19', 'Position in File': '1', 'Condition': 'elseif (grid_type == ""unstructured"")', 'Local (Y/N)': 'N', 'TYPE': '-', 'Component': 'gwflag_day', 'Type': 'integer', 'Dimensions': '-', 'Swat_codetype': 'gwflag_day'}","{'Line in File': '19', 'Position in File': '1', 'Condition': 'else', 'Local (Y/N)': 'N', 'TYPE': '-', 'Component': 'gwflag_day', 'Type': 'integer', 'Dimensions': '-', 'Swat_codetype': 'gwflag_day'}"
input,gwflow.input,19,2,gwflag_yr,"{'Line in File': '19', 'Position in File': '2', 'Condition': 'elseif (grid_type == ""unstructured"")', 'Local (Y/N)': 'N', 'TYPE': '-', 'Component': 'gwflag_yr', 'Type': 'integer', 'Dimensions': '-', 'Swat_codetype': 'gwflag_yr'}","{'Line in File': '19', 'Position in File': '2', 'Condition': 'else', 'Local (Y/N)': 'N', 'TYPE': '-', 'Component': 'gwflag_yr', 'Type': 'integer', 'Dimensions': '-', 'Swat_codetype': 'gwflag_yr'}"
input,gwflow.input,19,3,gwflag_aa,"{'Line in File': '19', 'Position in File': '3', 'Condition': 'elseif (grid_type == ""unstructured"")', 'Local (Y/N)': 'N', 'TYPE': '-', 'Component': 'gwflag_aa', 'Type': 'integer', 'Dimensions': '-', 'Swat_codetype': 'gwflag_aa'}","{'Line in File': '19', 'Position in File': '3', 'Condition': 'else', 'Local (Y/N)': 'N', 'TYPE': '-', 'Component': 'gwflag_aa', 'Type': 'integer', 'Dimensions': '-', 'Swat_codetype': 'gwflag_aa'}"
input,gwflow.input,20,1,out_cols,"{'Line in File': '20', 'Position in File': '1', 'Condition': 'elseif (grid_type == ""unstructured"")', 'Local (Y/N)': 'N', 'TYPE': '-', 'Component': 'out_cols', 'Type': 'integer', 'Dimensions': '-', 'Swat_codetype': 'out_cols'}","{'Line in File': '20', 'Position in File': '1', 'Condition': 'else', 'Local (Y/N)': 'N', 'TYPE': '-', 'Component': 'out_cols', 'Type': 'integer', 'Dimensions': '-', 'Swat_codetype': 'out_cols'}"
input,gwflow.input,24,2,zones_aquK(i),"{'Line in File': '24', 'Position in File': '2', 'Condition': '-', 'Local (Y/N)': 'N', 'TYPE': '-', 'Component': 'zones_aquK(i)', 'Type': 'real', 'Dimensions': 'allocatable', 'Swat_codetype': 'zones_aquK'}","{'Line in File': '24', 'Position in File': '2', 'Condition': '-', 'Local (Y/N)': 'N', 'TYPE': '-', 'Component': 'zones_aquK(i)', 'Type': 'real', 'Dimensions': 'dimension (:), allocatable', 'Swat_codetype': 'zones_aquK'}"
input,gwflow.input,27,2,zones_aquSy(i),"{'Line in File': '27', 'Position in File': '2', 'Condition': '-', 'Local (Y/N)': 'N', 'TYPE': '-', 'Component': 'zones_aquSy(i)', 'Type': 'real', 'Dimensions': 'allocatable', 'Swat_codetype': 'zones_aquSy'}","{'Line in File': '27', 'Position in File': '2', 'Condition': '-', 'Local (Y/N)': 'N', 'TYPE': '-', 'Component': 'zones_aquSy(i)', 'Type': 'real', 'Dimensions': 'dimension (:), allocatable', 'Swat_codetype': 'zones_aquSy'}"
input,gwflow.input,30,2,zones_strK(i),"{'Line in File': '30', 'Position in File': '2', 'Condition': '-', 'Local (Y/N)': 'N', 'TYPE': '-', 'Component': 'zones_strK(i)', 'Type': 'real', 'Dimensions': 'allocatable', 'Swat_codetype': 'zones_strK'}","{'Line in File': '30', 'Position in File': '2', 'Condition': '-', 'Local (Y/N)': 'N', 'TYPE': '-', 'Component': 'zones_strK(i)', 'Type': 'real', 'Dimensions': 'dimension (:), allocatable', 'Swat_codetype': 'zones_strK'}"
input,gwflow.input,33,2,zones_strbed(i),"{'Line in File': '33', 'Position in File': '2', 'Condition': '-', 'Local (Y/N)': 'N', 'TYPE': '-', 'Component': 'zones_strbed(i)', 'Type': 'real', 'Dimensions': 'allocatable', 'Swat_codetype': 'zones_strbed'}","{'Line in File': '33', 'Position in File': '2', 'Condition': '-', 'Local (Y/N)': 'N', 'TYPE': '-', 'Component': 'zones_strbed(i)', 'Type': 'real', 'Dimensions': 'dimension (:), allocatable', 'Swat_codetype': 'zones_strbed'}"
input,gwflow.input,36,1,"grid_status(i,j),j=1,grid_ncol","{'Line in File': '36', 'Position in File': '1', 'Condition': 'if (grid_type == ""structured"")', 'Local (Y/N)': 'N', 'TYPE': '-', 'Component': 'grid_status(i,j),j=1,grid_ncol', 'Type': 'integer', 'Dimensions': 'allocatable', 'Swat_codetype': 'grid_status'}","{'Line in File': '36', 'Position in File': '1', 'Condition': 'if (grid_type == ""structured"")', 'Local (Y/N)': 'N', 'TYPE': '-', 'Component': 'grid_status(i,j),j=1,grid_ncol', 'Type': 'integer', 'Dimensions': 'dimension (:,:), allocatable', 'Swat_codetype': 'grid_status'}"
input,gwflow.input,38,1,"grid_val(i,j),j=1,grid_ncol","{'Line in File': '38', 'Position in File': '1', 'Condition': 'if (cell_id_usg(i,j) > 0)', 'Local (Y/N)': 'N', 'TYPE': '-', 'Component': 'grid_val(i,j),j=1,grid_ncol', 'Type': 'real', 'Dimensions': 'allocatable', 'Swat_codetype': 'grid_val'}","{'Line in File': '38', 'Position in File': '1', 'Condition': 'if (cell_id_usg(i,j) > 0)', 'Local (Y/N)': 'N', 'TYPE': '-', 'Component': 'grid_val(i,j),j=1,grid_ncol', 'Type': 'real', 'Dimensions': 'dimension (:,:), allocatable', 'Swat_codetype': 'grid_val'}"
input,gwflow.input,40,1,"grid_val(i,j),j=1,grid_ncol","{'Line in File': '40', 'Position in File': '1', 'Condition': 'if (cell_id_usg(i,j) > 0)', 'Local (Y/N)': 'N', 'TYPE': '-', 'Component': 'grid_val(i,j),j=1,grid_ncol', 'Type': 'real', 'Dimensions': 'allocatable', 'Swat_codetype': 'grid_val'}","{'Line in File': '40', 'Position in File': '1', 'Condition': 'if (cell_id_usg(i,j) > 0)', 'Local (Y/N)': 'N', 'TYPE': '-', 'Component': 'grid_val(i,j),j=1,grid_ncol', 'Type': 'real', 'Dimensions': 'dimension (:,:), allocatable', 'Swat_codetype': 'grid_val'}"
input,gwflow.input,42,1,"grid_int(i,j),j=1,grid_ncol","{'Line in File': '42', 'Position in File': '1', 'Condition': 'if (cell_id_usg(i,j) > 0)', 'Local (Y/N)': 'N', 'TYPE': '-', 'Component': 'grid_int(i,j),j=1,grid_ncol', 'Type': 'integer', 'Dimensions': 'allocatable', 'Swat_codetype': 'grid_int'}","{'Line in File': '42', 'Position in File': '1', 'Condition': 'if (cell_id_usg(i,j) > 0)', 'Local (Y/N)': 'N', 'TYPE': '-', 'Component': 'grid_int(i,j),j=1,grid_ncol', 'Type': 'integer', 'Dimensions': 'dimension (:,:), allocatable', 'Swat_codetype': 'grid_int'}"
input,gwflow.input,44,1,"grid_int(i,j),j=1,grid_ncol","{'Line in File': '44', 'Position in File': '1', 'Condition': 'if (cell_id_usg(i,j) > 0)', 'Local (Y/N)': 'N', 'TYPE': '-', 'Component': 'grid_int(i,j),j=1,grid_ncol', 'Type': 'integer', 'Dimensions': 'allocatable', 'Swat_codetype': 'grid_int'}","{'Line in File': '44', 'Position in File': '1', 'Condition': 'if (cell_id_usg(i,j) > 0)', 'Local (Y/N)': 'N', 'TYPE': '-', 'Component': 'grid_int(i,j),j=1,grid_ncol', 'Type': 'integer', 'Dimensions': 'dimension (:,:), allocatable', 'Swat_codetype': 'grid_int'}"
input,gwflow.input,46,1,"grid_val(i,j),j=1,grid_ncol","{'Line in File': '46', 'Position in File': '1', 'Condition': 'if (cell_id_usg(i,j) > 0)', 'Local (Y/N)': 'N', 'TYPE': '-', 'Component': 'grid_val(i,j),j=1,grid_ncol', 'Type': 'real', 'Dimensions': 'allocatable', 'Swat_codetype': 'grid_val'}","{'Line in File': '46', 'Position in File': '1', 'Condition': 'if (cell_id_usg(i,j) > 0)', 'Local (Y/N)': 'N', 'TYPE': '-', 'Component': 'grid_val(i,j),j=1,grid_ncol', 'Type': 'real', 'Dimensions': 'dimension (:,:), allocatable', 'Swat_codetype': 'grid_val'}"
input,gwflow.input,48,1,"grid_val(i,j),j=1,grid_ncol","{'Line in File': '48', 'Position in File': '1', 'Condition': 'if (cell_id_usg(i,j) > 0)', 'Local (Y/N)': 'N', 'TYPE': '-', 'Component': 'grid_val(i,j),j=1,grid_ncol', 'Type': 'real', 'Dimensions': 'allocatable', 'Swat_codetype': 'grid_val'}","{'Line in File': '48', 'Position in File': '1', 'Condition': 'if (cell_id_usg(i,j) > 0)', 'Local (Y/N)': 'N', 'TYPE': '-', 'Component': 'grid_val(i,j),j=1,grid_ncol', 'Type': 'real', 'Dimensions': 'dimension (:,:), allocatable', 'Swat_codetype': 'grid_val'}"
input,gwflow.input,50,1,"grid_val(i,j),j=1,grid_ncol","{'Line in File': '50', 'Position in File': '1', 'Condition': 'if (cell_id_usg(i,j) > 0)', 'Local (Y/N)': 'N', 'TYPE': '-', 'Component': 'grid_val(i,j),j=1,grid_ncol', 'Type': 'real', 'Dimensions': 'allocatable', 'Swat_codetype': 'grid_val'}","{'Line in File': '50', 'Position in File': '1', 'Condition': 'if (cell_id_usg(i,j) > 0)', 'Local (Y/N)': 'N', 'TYPE': '-', 'Component': 'grid_val(i,j),j=1,grid_ncol', 'Type': 'real', 'Dimensions': 'dimension (:,:), allocatable', 'Swat_codetype': 'grid_val'}"
input,gwflow.input,52,7,delay(i),"{'Line in File': '52', 'Position in File': '7', 'Condition': 'elseif (grid_type == ""unstructured"")', 'Local (Y/N)': 'N', 'TYPE': '-', 'Component': 'delay(i)', 'Type': 'real', 'Dimensions': 'allocatable', 'Swat_codetype': 'delay'}","{'Line in File': '52', 'Position in File': '7', 'Condition': 'elseif (grid_type == ""unstructured"")', 'Local (Y/N)': 'N', 'TYPE': '-', 'Component': 'delay(i)', 'Type': 'real', 'Dimensions': 'dimension (:), allocatable', 'Swat_codetype': 'delay'}"
input,gwflow.input,54,1,gw_num_output,"{'Line in File': '54', 'Position in File': '1', 'Condition': 'if (gw_state(i)%stat > 0)', 'Local (Y/N)': 'N', 'TYPE': '-', 'Component': 'gw_num_output', 'Type': 'integer', 'Dimensions': '-', 'Swat_codetype': 'gw_num_output'}","{'Line in File': '54', 'Position in File': '1', 'Condition': 'if (distance.lt.min_dist)', 'Local (Y/N)': 'N', 'TYPE': '-', 'Component': 'gw_num_output', 'Type': 'integer', 'Dimensions': '-', 'Swat_codetype': 'gw_num_output'}"
input,gwflow.input,55,1,gw_output_yr(i),"{'Line in File': '55', 'Position in File': '1', 'Condition': 'if (gw_state(i)%stat > 0)', 'Local (Y/N)': 'N', 'TYPE': '-', 'Component': 'gw_output_yr(i)', 'Type': 'integer', 'Dimensions': 'allocatable', 'Swat_codetype': 'gw_output_yr'}","{'Line in File': '55', 'Position in File': '1', 'Condition': 'if (distance.lt.min_dist)', 'Local (Y/N)': 'N', 'TYPE': '-', 'Component': 'gw_output_yr(i)', 'Type': 'integer', 'Dimensions': 'dimension (:), allocatable', 'Swat_codetype': 'gw_output_yr'}"
input,gwflow.input,55,2,gw_output_day(i),"{'Line in File': '55', 'Position in File': '2', 'Condition': 'if (gw_state(i)%stat > 0)', 'Local (Y/N)': 'N', 'TYPE': '-', 'Component': 'gw_output_day(i)', 'Type': 'integer', 'Dimensions': 'allocatable', 'Swat_codetype': 'gw_output_day'}","{'Line in File': '55', 'Position in File': '2', 'Condition': 'if (distance.lt.min_dist)', 'Local (Y/N)': 'N', 'TYPE': '-', 'Component': 'gw_output_day(i)', 'Type': 'integer', 'Dimensions': 'dimension (:), allocatable', 'Swat_codetype': 'gw_output_day'}"
input,gwflow.input,57,1,gw_num_obs_wells,"{'Line in File': '57', 'Position in File': '1', 'Condition': 'if (gw_state(i)%stat > 0)', 'Local (Y/N)': 'N', 'TYPE': '-', 'Component': 'gw_num_obs_wells', 'Type': 'integer', 'Dimensions': '-', 'Swat_codetype': 'gw_num_obs_wells'}","{'Line in File': '57', 'Position in File': '1', 'Condition': 'if (distance.lt.min_dist)', 'Local (Y/N)': 'N', 'TYPE': '-', 'Component': 'gw_num_obs_wells', 'Type': 'integer', 'Dimensions': '-', 'Swat_codetype': 'gw_num_obs_wells'}"
input,gwflow.input,58,1,gw_obs_cells(k),"{'Line in File': '58', 'Position in File': '1', 'Condition': 'if (usgs_obs == 1)', 'Local (Y/N)': 'N', 'TYPE': '-', 'Component': 'gw_obs_cells(k)', 'Type': 'integer', 'Dimensions': 'allocatable', 'Swat_codetype': 'gw_obs_cells'}","{'Line in File': '58', 'Position in File': '1', 'Condition': 'if (usgs_obs == 1)', 'Local (Y/N)': 'N', 'TYPE': '-', 'Component': 'gw_obs_cells(k)', 'Type': 'integer', 'Dimensions': 'dimension (:), allocatable', 'Swat_codetype': 'gw_obs_cells'}"
input,gwflow.input,58,2,usgs_id(k),"{'Line in File': '58', 'Position in File': '2', 'Condition': 'if (usgs_obs == 1)', 'Local (Y/N)': 'N', 'TYPE': '-', 'Component': 'usgs_id(k)', 'Type': 'real(kind=8)', 'Dimensions': 'allocatable', 'Swat_codetype': 'usgs_id'}","{'Line in File': '58', 'Position in File': '2', 'Condition': 'if (usgs_obs == 1)', 'Local (Y/N)': 'N', 'TYPE': '-', 'Component': 'usgs_id(k)', 'Type': 'real(kind=8)', 'Dimensions': 'dimension (:), allocatable', 'Swat_codetype': 'usgs_id'}"
input,gwflow.input,59,1,gw_obs_cells(k),"{'Line in File': '59', 'Position in File': '1', 'Condition': 'if (usgs_obs == 1)', 'Local (Y/N)': 'N', 'TYPE': '-', 'Component': 'gw_obs_cells(k)', 'Type': 'integer', 'Dimensions': 'allocatable', 'Swat_codetype': 'gw_obs_cells'}","{'Line in File': '59', 'Position in File': '1', 'Condition': 'if (usgs_obs == 1)', 'Local (Y/N)': 'N', 'TYPE': '-', 'Component': 'gw_obs_cells(k)', 'Type': 'integer', 'Dimensions': 'dimension (:), allocatable', 'Swat_codetype': 'gw_obs_cells'}"
input,gwflow.input,6,1,ncell,"{'Line in File': '6', 'Position in File': '1', 'Condition': 'elseif (grid_type == ""unstructured"")', 'Local (Y/N)': 'N', 'TYPE': '-', 'Component': 'ncell', 'Type': 'integer', 'Dimensions': '-', 'Swat_codetype': 'ncell'}","{'Line in File': '6', 'Position in File': '1', 'Condition': 'else', 'Local (Y/N)': 'N', 'TYPE': '-', 'Component': 'ncell', 'Type': 'integer', 'Dimensions': '-', 'Swat_codetype': 'ncell'}"
input,gwflow.input,63,1,bed_change,"{'Line in File': '63', 'Position in File': '1', 'Condition': 'elseif (grid_type == ""unstructured"")', 'Local (Y/N)': 'N', 'TYPE': '-', 'Component': 'bed_change', 'Type': 'real', 'Dimensions': '-', 'Swat_codetype': 'bed_change'}",
input,gwflow.input,63,1,gw_bed_change,,"{'Line in File': '63', 'Position in File': '1', 'Condition': 'elseif (grid_type == ""unstructured"")', 'Local (Y/N)': 'N', 'TYPE': '-', 'Component': 'gw_bed_change', 'Type': 'real', 'Dimensions': '-', 'Swat_codetype': 'gw_bed_change'}"
input,gwflow.input,7,1,bc_type,"{'Line in File': '7', 'Position in File': '1', 'Condition': 'elseif (grid_type == ""unstructured"")', 'Local (Y/N)': 'N', 'TYPE': '-', 'Component': 'bc_type', 'Type': 'integer', 'Dimensions': '-', 'Swat_codetype': 'bc_type'}","{'Line in File': '7', 'Position in File': '1', 'Condition': 'else', 'Local (Y/N)': 'N', 'TYPE': '-', 'Component': 'bc_type', 'Type': 'integer', 'Dimensions': '-', 'Swat_codetype': 'bc_type'}"
input,gwflow.input,8,1,conn_type,"{'Line in File': '8', 'Position in File': '1', 'Condition': 'elseif (grid_type == ""unstructured"")', 'Local (Y/N)': 'N', 'TYPE': '-', 'Component': 'conn_type', 'Type': 'integer', 'Dimensions': '-', 'Swat_codetype': 'conn_type'}","{'Line in File': '8', 'Position in File': '1', 'Condition': 'else', 'Local (Y/N)': 'N', 'TYPE': '-', 'Component': 'conn_type', 'Type': 'integer', 'Dimensions': '-', 'Swat_codetype': 'conn_type'}"
input,gwflow.input,9,1,gw_soil_flag,"{'Line in File': '9', 'Position in File': '1', 'Condition': 'elseif (grid_type == ""unstructured"")', 'Local (Y/N)': 'N', 'TYPE': '-', 'Component': 'gw_soil_flag', 'Type': 'integer', 'Dimensions': '-', 'Swat_codetype': 'gw_soil_flag'}","{'Line in File': '9', 'Position in File': '1', 'Condition': 'else', 'Local (Y/N)': 'N', 'TYPE': '-', 'Component': 'gw_soil_flag', 'Type': 'integer', 'Dimensions': '-', 'Swat_codetype': 'gw_soil_flag'}"
input,gwflow.lsucell,7,3,"lsu_cells(k,cell_count)","{'Line in File': '7', 'Position in File': '3', 'Condition': 'if (lsus_connected(k).eq.1)', 'Local (Y/N)': 'N', 'TYPE': '-', 'Component': 'lsu_cells(k,cell_count)', 'Type': 'integer', 'Dimensions': 'allocatable', 'Swat_codetype': 'lsu_cells'}","{'Line in File': '7', 'Position in File': '3', 'Condition': 'if (lsus_connected(k).eq.1)', 'Local (Y/N)': 'N', 'TYPE': '-', 'Component': 'lsu_cells(k,cell_count)', 'Type': 'integer', 'Dimensions': 'dimension (:,:), allocatable', 'Swat_codetype': 'lsu_cells'}"
input,gwflow.pumpex,4,1,gw_pumpex_cell(i),"{'Line in File': '4', 'Position in File': '1', 'Condition': '-', 'Local (Y/N)': 'N', 'TYPE': '-', 'Component': 'gw_pumpex_cell(i)', 'Type': 'integer', 'Dimensions': 'allocatable', 'Swat_codetype': 'gw_pumpex_cell'}",
input,gwflow.pumpex,4,1,pumpex_cell,,"{'Line in File': '4', 'Position in File': '1', 'Condition': '-', 'Local (Y/N)': 'Y', 'TYPE': '-', 'Component': 'pumpex_cell', 'Type': 'integer', 'Dimensions': '-', 'Swat_codetype': '-'}"
input,gwflow.pumpex,4,2,gw_pumpex_nperiods(i),"{'Line in File': '4', 'Position in File': '2', 'Condition': '-', 'Local (Y/N)': 'N', 'TYPE': '-', 'Component': 'gw_pumpex_nperiods(i)', 'Type': 'integer', 'Dimensions': 'allocatable', 'Swat_codetype': 'gw_pumpex_nperiods'}","{'Line in File': '4', 'Position in File': '2', 'Condition': '-', 'Local (Y/N)': 'N', 'TYPE': '-', 'Component': 'gw_pumpex_nperiods(i)', 'Type': 'integer', 'Dimensions': 'dimension (:), allocatable', 'Swat_codetype': 'gw_pumpex_nperiods'}"
input,gwflow.pumpex,5,1,"gw_pumpex_dates(i,1,j)","{'Line in File': '5', 'Position in File': '1', 'Condition': '-', 'Local (Y/N)': 'N', 'TYPE': '-', 'Component': 'gw_pumpex_dates(i,1,j)', 'Type': 'integer', 'Dimensions': 'allocatable', 'Swat_codetype': 'gw_pumpex_dates'}","{'Line in File': '5', 'Position in File': '1', 'Condition': 'elseif (grid_type == ""unstructured"")', 'Local (Y/N)': 'N', 'TYPE': '-', 'Component': 'gw_pumpex_dates(i,1,j)', 'Type': 'integer', 'Dimensions': 'dimension (:,:,:), allocatable', 'Swat_codetype': 'gw_pumpex_dates'}"
input,gwflow.pumpex,5,2,"gw_pumpex_dates(i,2,j)","{'Line in File': '5', 'Position in File': '2', 'Condition': '-', 'Local (Y/N)': 'N', 'TYPE': '-', 'Component': 'gw_pumpex_dates(i,2,j)', 'Type': 'integer', 'Dimensions': 'allocatable', 'Swat_codetype': 'gw_pumpex_dates'}","{'Line in File': '5', 'Position in File': '2', 'Condition': 'elseif (grid_type == ""unstructured"")', 'Local (Y/N)': 'N', 'TYPE': '-', 'Component': 'gw_pumpex_dates(i,2,j)', 'Type': 'integer', 'Dimensions': 'dimension (:,:,:), allocatable', 'Swat_codetype': 'gw_pumpex_dates'}"
input,gwflow.pumpex,5,3,"gw_pumpex_rates(i,j)","{'Line in File': '5', 'Position in File': '3', 'Condition': '-', 'Local (Y/N)': 'N', 'TYPE': '-', 'Component': 'gw_pumpex_rates(i,j)', 'Type': 'real', 'Dimensions': 'allocatable', 'Swat_codetype': 'gw_pumpex_rates'}","{'Line in File': '5', 'Position in File': '3', 'Condition': 'elseif (grid_type == ""unstructured"")', 'Local (Y/N)': 'N', 'TYPE': '-', 'Component': 'gw_pumpex_rates(i,j)', 'Type': 'real', 'Dimensions': 'dimension (:,:), allocatable', 'Swat_codetype': 'gw_pumpex_rates'}"
input,gwflow.solutes,11,1,"grid_val(i,j)","{'Line in File': '11', 'Position in File': '1', 'Condition': 'elseif (read_type == ""array"")', 'Local (Y/N)': 'N', 'TYPE': '-', 'Component': 'grid_val(i,j)', 'Type': 'real', 'Dimensions': 'allocatable', 'Swat_codetype': 'grid_val'}","{'Line in File': '11', 'Position in File': '1', 'Condition': 'elseif (read_type == ""array"")', 'Local (Y/N)': 'N', 'TYPE': '-', 'Component': 'grid_val(i,j)', 'Type': 'real', 'Dimensions': 'dimension (:,:), allocatable', 'Swat_codetype': 'grid_val'}"
input,gwflow.solutes,14,1,cell_int(i),"{'Line in File': '14', 'Position in File': '1', 'Condition': 'if (grid_type == ""unstructured"")', 'Local (Y/N)': 'N', 'TYPE': '-', 'Component': 'cell_int(i)', 'Type': 'integer', 'Dimensions': 'allocatable', 'Swat_codetype': 'cell_int'}","{'Line in File': '14', 'Position in File': '1', 'Condition': 'if (grid_type == ""unstructured"")', 'Local (Y/N)': 'N', 'TYPE': '-', 'Component': 'cell_int(i)', 'Type': 'integer', 'Dimensions': 'dimension (:), allocatable', 'Swat_codetype': 'cell_int'}"
input,gwflow.solutes,15,1,"grid_int(i,j)","{'Line in File': '15', 'Position in File': '1', 'Condition': 'elseif (grid_type == ""structured"")', 'Local (Y/N)': 'N', 'TYPE': '-', 'Component': 'grid_int(i,j)', 'Type': 'integer', 'Dimensions': 'allocatable', 'Swat_codetype': 'grid_int'}","{'Line in File': '15', 'Position in File': '1', 'Condition': 'elseif (grid_type == ""structured"")', 'Local (Y/N)': 'N', 'TYPE': '-', 'Component': 'grid_int(i,j)', 'Type': 'integer', 'Dimensions': 'dimension (:,:), allocatable', 'Swat_codetype': 'grid_int'}"
input,gwflow.solutes,17,1,cell_int(i),"{'Line in File': '17', 'Position in File': '1', 'Condition': 'if (grid_type == ""unstructured"")', 'Local (Y/N)': 'N', 'TYPE': '-', 'Component': 'cell_int(i)', 'Type': 'integer', 'Dimensions': 'allocatable', 'Swat_codetype': 'cell_int'}","{'Line in File': '17', 'Position in File': '1', 'Condition': 'if (grid_type == ""unstructured"")', 'Local (Y/N)': 'N', 'TYPE': '-', 'Component': 'cell_int(i)', 'Type': 'integer', 'Dimensions': 'dimension (:), allocatable', 'Swat_codetype': 'cell_int'}"
input,gwflow.solutes,18,1,"grid_int(i,j)","{'Line in File': '18', 'Position in File': '1', 'Condition': 'elseif (grid_type == ""structured"")', 'Local (Y/N)': 'N', 'TYPE': '-', 'Component': 'grid_int(i,j)', 'Type': 'integer', 'Dimensions': 'allocatable', 'Swat_codetype': 'grid_int'}","{'Line in File': '18', 'Position in File': '1', 'Condition': 'elseif (grid_type == ""structured"")', 'Local (Y/N)': 'N', 'TYPE': '-', 'Component': 'grid_int(i,j)', 'Type': 'integer', 'Dimensions': 'dimension (:,:), allocatable', 'Swat_codetype': 'grid_int'}"
input,gwflow.streamobs,3,1,obs_channels(i),"{'Line in File': '3', 'Position in File': '1', 'Condition': 'if (gw_num_obs_chan.gt.0)', 'Local (Y/N)': 'N', 'TYPE': '-', 'Component': 'obs_channels(i)', 'Type': 'integer', 'Dimensions': 'allocatable', 'Swat_codetype': 'obs_channels'}","{'Line in File': '3', 'Position in File': '1', 'Condition': 'if (gw_num_obs_chan.gt.0)', 'Local (Y/N)': 'N', 'TYPE': '-', 'Component': 'obs_channels(i)', 'Type': 'integer', 'Dimensions': 'dimension (:), allocatable', 'Swat_codetype': 'obs_channels'}"
input,gwflow.streamobs,8,1,"obs_flow_vals(j,i)","{'Line in File': '8', 'Position in File': '1', 'Condition': 'if (gw_flow_cal.eq.1)', 'Local (Y/N)': 'N', 'TYPE': '-', 'Component': 'obs_flow_vals(j,i)', 'Type': 'real', 'Dimensions': 'allocatable', 'Swat_codetype': 'obs_flow_vals'}","{'Line in File': '8', 'Position in File': '1', 'Condition': 'if (gw_flow_cal.eq.1)', 'Local (Y/N)': 'N', 'TYPE': '-', 'Component': 'obs_flow_vals(j,i)', 'Type': 'real', 'Dimensions': 'dimension (:,:), allocatable', 'Swat_codetype': 'obs_flow_vals'}"
input,gwflow.tiles,10,1,header,"{'Line in File': '10', 'Position in File': '1', 'Condition': 'if (gw_tile_group_flag.eq.1)', 'Local (Y/N)': 'N', 'TYPE': '-', 'Component': 'header', 'Type': 'character(len=13)', 'Dimensions': '-', 'Swat_codetype': 'header'}","{'Line in File': '10', 'Position in File': '1', 'Condition': 'if (gw_tile_group_flag == 1)', 'Local (Y/N)': 'N', 'TYPE': '-', 'Component': 'header', 'Type': 'character(len=13)', 'Dimensions': '-', 'Swat_codetype': 'header'}"
input,gwflow.tiles,11,1,"grid_int(i,j)","{'Line in File': '11', 'Position in File': '1', 'Condition': 'if (grid_type == ""structured"")', 'Local (Y/N)': 'N', 'TYPE': '-', 'Component': 'grid_int(i,j)', 'Type': 'integer', 'Dimensions': 'allocatable', 'Swat_codetype': 'grid_int'}","{'Line in File': '11', 'Position in File': '1', 'Condition': 'if (grid_type == ""structured"")', 'Local (Y/N)': 'N', 'TYPE': '-', 'Component': 'grid_int(i,j)', 'Type': 'integer', 'Dimensions': 'dimension (:,:), allocatable', 'Swat_codetype': 'grid_int'}"
input,gwflow.tiles,6,1,gw_tile_num_group,"{'Line in File': '6', 'Position in File': '1', 'Condition': 'if (gw_tile_group_flag.eq.1)', 'Local (Y/N)': 'N', 'TYPE': '-', 'Component': 'gw_tile_num_group', 'Type': 'integer', 'Dimensions': '-', 'Swat_codetype': 'gw_tile_num_group'}","{'Line in File': '6', 'Position in File': '1', 'Condition': 'if (gw_tile_group_flag == 1)', 'Local (Y/N)': 'N', 'TYPE': '-', 'Component': 'gw_tile_num_group', 'Type': 'integer', 'Dimensions': '-', 'Swat_codetype': 'gw_tile_num_group'}"
input,gwflow.tiles,8,1,num_tile_cells(i),"{'Line in File': '8', 'Position in File': '1', 'Condition': 'if (gw_tile_group_flag.eq.1)', 'Local (Y/N)': 'N', 'TYPE': '-', 'Component': 'num_tile_cells(i)', 'Type': 'integer', 'Dimensions': 'dimension (50)', 'Swat_codetype': 'num_tile_cells'}","{'Line in File': '8', 'Position in File': '1', 'Condition': 'if (gw_tile_group_flag == 1)', 'Local (Y/N)': 'N', 'TYPE': '-', 'Component': 'num_tile_cells(i)', 'Type': 'integer', 'Dimensions': 'dimension (50)', 'Swat_codetype': 'num_tile_cells'}"
input,gwflow.tiles,9,1,"gw_tile_groups(i,j)","{'Line in File': '9', 'Position in File': '1', 'Condition': 'if (gw_tile_group_flag.eq.1)', 'Local (Y/N)': 'N', 'TYPE': '-', 'Component': 'gw_tile_groups(i,j)', 'Type': 'integer', 'Dimensions': 'allocatable', 'Swat_codetype': 'gw_tile_groups'}","{'Line in File': '9', 'Position in File': '1', 'Condition': 'if (gw_tile_group_flag == 1)', 'Local (Y/N)': 'N', 'TYPE': '-', 'Component': 'gw_tile_groups(i,j)', 'Type': 'integer', 'Dimensions': 'dimension (:,:), allocatable', 'Swat_codetype': 'gw_tile_groups'}"
input,gwflow.wetland,6,2,wet_thick(ires),"{'Line in File': '6', 'Position in File': '2', 'Condition': '-', 'Local (Y/N)': 'N', 'TYPE': '-', 'Component': 'wet_thick(ires)', 'Type': 'real', 'Dimensions': 'allocatable', 'Swat_codetype': 'wet_thick'}","{'Line in File': '6', 'Position in File': '2', 'Condition': '-', 'Local (Y/N)': 'N', 'TYPE': '-', 'Component': 'wet_thick(ires)', 'Type': 'real', 'Dimensions': 'dimension (:), allocatable', 'Swat_codetype': 'wet_thick'}"
input,hmd(i)%filename,4,3,ts,"{'Line in File': '4', 'Position in File': '3', 'Condition': 'if (iyr > time%yrc)', 'Local (Y/N)': 'N', 'TYPE': 'hmd', 'Component': 'ts', 'Type': 'real', 'Dimensions': 'allocatable', 'Swat_codetype': 'hmd'}","{'Line in File': '4', 'Position in File': '3', 'Condition': 'if (iyr > time%yrc)', 'Local (Y/N)': 'N', 'TYPE': 'hmd', 'Component': 'ts', 'Type': 'real', 'Dimensions': 'dimension (:,:), allocatable', 'Swat_codetype': 'hmd'}"
input,hmet_hru.ini,4,2,soil,"{'Line in File': '4', 'Position in File': '2', 'Condition': '-', 'Local (Y/N)': 'N', 'TYPE': 'hmet_soil_ini', 'Component': 'soil', 'Type': 'real', 'Dimensions': 'allocatable', 'Swat_codetype': 'in_init'}","{'Line in File': '4', 'Position in File': '2', 'Condition': '-', 'Local (Y/N)': 'N', 'TYPE': 'hmet_soil_ini', 'Component': 'soil', 'Type': 'real', 'Dimensions': 'dimension (:), allocatable', 'Swat_codetype': 'in_init'}"
input,hmet_hru.ini,5,2,plt,"{'Line in File': '5', 'Position in File': '2', 'Condition': '-', 'Local (Y/N)': 'N', 'TYPE': 'hmet_soil_ini', 'Component': 'plt', 'Type': 'real', 'Dimensions': 'allocatable', 'Swat_codetype': 'in_init'}","{'Line in File': '5', 'Position in File': '2', 'Condition': '-', 'Local (Y/N)': 'N', 'TYPE': 'hmet_soil_ini', 'Component': 'plt', 'Type': 'real', 'Dimensions': 'dimension (:), allocatable', 'Swat_codetype': 'in_init'}"
input,hru-data.hru,3,10,field,,"{'Line in File': '3', 'Position in File': '10', 'Condition': '-', 'Local (Y/N)': 'N', 'TYPE': 'dbsc', 'Component': 'field', 'Type': 'unknown', 'Dimensions': '-', 'Swat_codetype': 'in_hru'}"
input,hru-data.hru,3,2,dbsc,"{'Line in File': '3', 'Position in File': '2', 'Condition': '-', 'Local (Y/N)': 'N', 'TYPE': 'hru_db', 'Component': 'dbsc', 'Type': 'type(hru_databases_char)', 'Dimensions': '-', 'Swat_codetype': 'in_hru'}",
input,hru-data.hru,3,2,name,,"{'Line in File': '3', 'Position in File': '2', 'Condition': '-', 'Local (Y/N)': 'N', 'TYPE': 'dbsc', 'Component': 'name', 'Type': 'character(len=40)', 'Dimensions': '-', 'Swat_codetype': 'in_hru'}"
input,hru-data.hru,3,3,topo,,"{'Line in File': '3', 'Position in File': '3', 'Condition': '-', 'Local (Y/N)': 'N', 'TYPE': 'dbsc', 'Component': 'topo', 'Type': 'unknown', 'Dimensions': '-', 'Swat_codetype': 'in_hru'}"
input,hru-data.hru,3,4,hyd,,"{'Line in File': '3', 'Position in File': '4', 'Condition': '-', 'Local (Y/N)': 'N', 'TYPE': 'dbsc', 'Component': 'hyd', 'Type': 'unknown', 'Dimensions': '-', 'Swat_codetype': 'in_hru'}"
input,hru-data.hru,3,5,soil,,"{'Line in File': '3', 'Position in File': '5', 'Condition': '-', 'Local (Y/N)': 'N', 'TYPE': 'dbsc', 'Component': 'soil', 'Type': 'unknown', 'Dimensions': '-', 'Swat_codetype': 'in_hru'}"
input,hru-data.hru,3,6,land_use_mgt,,"{'Line in File': '3', 'Position in File': '6', 'Condition': '-', 'Local (Y/N)': 'N', 'TYPE': 'dbsc', 'Component': 'land_use_mgt', 'Type': 'unknown', 'Dimensions': '-', 'Swat_codetype': 'in_hru'}"
input,hru-data.hru,3,7,soil_plant_init,,"{'Line in File': '3', 'Position in File': '7', 'Condition': '-', 'Local (Y/N)': 'N', 'TYPE': 'dbsc', 'Component': 'soil_plant_init', 'Type': 'unknown', 'Dimensions': '-', 'Swat_codetype': 'in_hru'}"
input,hru-data.hru,3,8,surf_stor,,"{'Line in File': '3', 'Position in File': '8', 'Condition': '-', 'Local (Y/N)': 'N', 'TYPE': 'dbsc', 'Component': 'surf_stor', 'Type': 'unknown', 'Dimensions': '-', 'Swat_codetype': 'in_hru'}"
input,hru-data.hru,3,9,snow,,"{'Line in File': '3', 'Position in File': '9', 'Condition': '-', 'Local (Y/N)': 'N', 'TYPE': 'dbsc', 'Component': 'snow', 'Type': 'unknown', 'Dimensions': '-', 'Swat_codetype': 'in_hru'}"
input,hru-lte.con,3,14,obtyp_out,"{'Line in File': '3', 'Position in File': '14', 'Condition': 'if (ncs > 0)', 'Local (Y/N)': 'N', 'TYPE': 'ob', 'Component': 'obtyp_out', 'Type': 'character(len=3)', 'Dimensions': 'allocatable', 'Swat_codetype': 'ob'}","{'Line in File': '3', 'Position in File': '14', 'Condition': 'if (ncs > 0)', 'Local (Y/N)': 'N', 'TYPE': 'ob', 'Component': 'obtyp_out', 'Type': 'character(len=3)', 'Dimensions': 'dimension (:), allocatable', 'Swat_codetype': 'ob'}"
input,hru-lte.con,3,15,obtypno_out,"{'Line in File': '3', 'Position in File': '15', 'Condition': 'if (ncs > 0)', 'Local (Y/N)': 'N', 'TYPE': 'ob', 'Component': 'obtypno_out', 'Type': 'integer', 'Dimensions': 'allocatable', 'Swat_codetype': 'ob'}","{'Line in File': '3', 'Position in File': '15', 'Condition': 'if (ncs > 0)', 'Local (Y/N)': 'N', 'TYPE': 'ob', 'Component': 'obtypno_out', 'Type': 'integer', 'Dimensions': 'dimension (:), allocatable', 'Swat_codetype': 'ob'}"
input,hru-lte.con,3,16,htyp_out,"{'Line in File': '3', 'Position in File': '16', 'Condition': 'if (ncs > 0)', 'Local (Y/N)': 'N', 'TYPE': 'ob', 'Component': 'htyp_out', 'Type': 'character(len=3)', 'Dimensions': 'allocatable', 'Swat_codetype': 'ob'}","{'Line in File': '3', 'Position in File': '16', 'Condition': 'if (ncs > 0)', 'Local (Y/N)': 'N', 'TYPE': 'ob', 'Component': 'htyp_out', 'Type': 'character(len=3)', 'Dimensions': 'dimension (:), allocatable', 'Swat_codetype': 'ob'}"
input,hru-lte.con,3,17,frac_out,"{'Line in File': '3', 'Position in File': '17', 'Condition': 'if (ncs > 0)', 'Local (Y/N)': 'N', 'TYPE': 'ob', 'Component': 'frac_out', 'Type': 'real', 'Dimensions': 'allocatable', 'Swat_codetype': 'ob'}","{'Line in File': '3', 'Position in File': '17', 'Condition': 'if (ncs > 0)', 'Local (Y/N)': 'N', 'TYPE': 'ob', 'Component': 'frac_out', 'Type': 'real', 'Dimensions': 'dimension (:), allocatable', 'Swat_codetype': 'ob'}"
input,hru.con,1,1,titldum,,"{'Line in File': '1', 'Position in File': '1', 'Condition': '-', 'Local (Y/N)': 'Y', 'TYPE': '-', 'Component': 'titldum', 'Type': 'character(len=80)', 'Dimensions': '-', 'Swat_codetype': '-'}"
input,hru.con,2,1,header,,"{'Line in File': '2', 'Position in File': '1', 'Condition': '-', 'Local (Y/N)': 'Y', 'TYPE': '-', 'Component': 'header', 'Type': 'character(len=80)', 'Dimensions': '-', 'Swat_codetype': '-'}"
input,hru.con,3,1,hru_id,"{'Line in File': '3', 'Position in File': '1', 'Condition': 'if (nat_model == 1)', 'Local (Y/N)': 'Y', 'TYPE': '-', 'Component': 'hru_id', 'Type': 'integer', 'Dimensions': '-', 'Swat_codetype': '-'}",
input,hru.con,3,1,num,,"{'Line in File': '3', 'Position in File': '1', 'Condition': 'if (ncs > 0)', 'Local (Y/N)': 'N', 'TYPE': 'ob', 'Component': 'num', 'Type': 'integer', 'Dimensions': '-', 'Swat_codetype': 'ob'}"
input,hru.con,3,10,constit,,"{'Line in File': '3', 'Position in File': '10', 'Condition': 'if (ncs > 0)', 'Local (Y/N)': 'N', 'TYPE': 'ob', 'Component': 'constit', 'Type': 'integer', 'Dimensions': '-', 'Swat_codetype': 'ob'}"
input,hru.con,3,11,props2,,"{'Line in File': '3', 'Position in File': '11', 'Condition': 'if (ncs > 0)', 'Local (Y/N)': 'N', 'TYPE': 'ob', 'Component': 'props2', 'Type': 'integer', 'Dimensions': '-', 'Swat_codetype': 'ob'}"
input,hru.con,3,12,ruleset,,"{'Line in File': '3', 'Position in File': '12', 'Condition': 'if (ncs > 0)', 'Local (Y/N)': 'N', 'TYPE': 'ob', 'Component': 'ruleset', 'Type': 'character(len=16)', 'Dimensions': '-', 'Swat_codetype': 'ob'}"
input,hru.con,3,13,src_tot,,"{'Line in File': '3', 'Position in File': '13', 'Condition': 'if (ncs > 0)', 'Local (Y/N)': 'N', 'TYPE': 'ob', 'Component': 'src_tot', 'Type': 'integer', 'Dimensions': '-', 'Swat_codetype': 'ob'}"
input,hru.con,3,14,obtyp_out,,"{'Line in File': '3', 'Position in File': '14', 'Condition': 'if (ncs > 0)', 'Local (Y/N)': 'N', 'TYPE': 'ob', 'Component': 'obtyp_out', 'Type': 'character(len=3)', 'Dimensions': 'dimension (:), allocatable', 'Swat_codetype': 'ob'}"
input,hru.con,3,15,obtypno_out,,"{'Line in File': '3', 'Position in File': '15', 'Condition': 'if (ncs > 0)', 'Local (Y/N)': 'N', 'TYPE': 'ob', 'Component': 'obtypno_out', 'Type': 'integer', 'Dimensions': 'dimension (:), allocatable', 'Swat_codetype': 'ob'}"
input,hru.con,3,16,htyp_out,,"{'Line in File': '3', 'Position in File': '16', 'Condition': 'if (ncs > 0)', 'Local (Y/N)': 'N', 'TYPE': 'ob', 'Component': 'htyp_out', 'Type': 'character(len=3)', 'Dimensions': 'dimension (:), allocatable', 'Swat_codetype': 'ob'}"
input,hru.con,3,17,frac_out,,"{'Line in File': '3', 'Position in File': '17', 'Condition': 'if (ncs > 0)', 'Local (Y/N)': 'N', 'TYPE': 'ob', 'Component': 'frac_out', 'Type': 'real', 'Dimensions': 'dimension (:), allocatable', 'Swat_codetype': 'ob'}"
input,hru.con,3,2,name,,"{'Line in File': '3', 'Position in File': '2', 'Condition': 'if (ncs > 0)', 'Local (Y/N)': 'N', 'TYPE': 'ob', 'Component': 'name', 'Type': 'character(len=16)', 'Dimensions': '-', 'Swat_codetype': 'ob'}"
input,hru.con,3,3,gis_id,,"{'Line in File': '3', 'Position in File': '3', 'Condition': 'if (ncs > 0)', 'Local (Y/N)': 'N', 'TYPE': 'ob', 'Component': 'gis_id', 'Type': 'integer(kind=8)', 'Dimensions': '-', 'Swat_codetype': 'ob'}"
input,hru.con,3,4,area_ha,,"{'Line in File': '3', 'Position in File': '4', 'Condition': 'if (ncs > 0)', 'Local (Y/N)': 'N', 'TYPE': 'ob', 'Component': 'area_ha', 'Type': 'real', 'Dimensions': '-', 'Swat_codetype': 'ob'}"
input,hru.con,3,5,lat,,"{'Line in File': '3', 'Position in File': '5', 'Condition': 'if (ncs > 0)', 'Local (Y/N)': 'N', 'TYPE': 'ob', 'Component': 'lat', 'Type': 'real', 'Dimensions': '-', 'Swat_codetype': 'ob'}"
input,hru.con,3,6,long,,"{'Line in File': '3', 'Position in File': '6', 'Condition': 'if (ncs > 0)', 'Local (Y/N)': 'N', 'TYPE': 'ob', 'Component': 'long', 'Type': 'real', 'Dimensions': '-', 'Swat_codetype': 'ob'}"
input,hru.con,3,7,elev,,"{'Line in File': '3', 'Position in File': '7', 'Condition': 'if (ncs > 0)', 'Local (Y/N)': 'N', 'TYPE': 'ob', 'Component': 'elev', 'Type': 'real', 'Dimensions': '-', 'Swat_codetype': 'ob'}"
input,hru.con,3,8,props,,"{'Line in File': '3', 'Position in File': '8', 'Condition': 'if (ncs > 0)', 'Local (Y/N)': 'N', 'TYPE': 'ob', 'Component': 'props', 'Type': 'integer', 'Dimensions': '-', 'Swat_codetype': 'ob'}"
input,hru.con,3,9,wst_c,,"{'Line in File': '3', 'Position in File': '9', 'Condition': 'if (ncs > 0)', 'Local (Y/N)': 'N', 'TYPE': 'ob', 'Component': 'wst_c', 'Type': 'character(len=50)', 'Dimensions': '-', 'Swat_codetype': 'ob'}"
input,hru.con,4,1,dum1,"{'Line in File': '4', 'Position in File': '1', 'Condition': 'if (nat_model == 1)', 'Local (Y/N)': 'Y', 'TYPE': '-', 'Component': 'dum1', 'Type': 'integer', 'Dimensions': '-', 'Swat_codetype': '-'}",
input,hru.con,4,2,dum2,"{'Line in File': '4', 'Position in File': '2', 'Condition': 'if (nat_model == 1)', 'Local (Y/N)': 'Y', 'TYPE': '-', 'Component': 'dum2', 'Type': 'integer', 'Dimensions': '-', 'Swat_codetype': '-'}",
input,hru.con,4,3,dum3,"{'Line in File': '4', 'Position in File': '3', 'Condition': 'if (nat_model == 1)', 'Local (Y/N)': 'Y', 'TYPE': '-', 'Component': 'dum3', 'Type': 'integer', 'Dimensions': '-', 'Swat_codetype': '-'}",
input,hru.con,4,4,dum4,"{'Line in File': '4', 'Position in File': '4', 'Condition': 'if (nat_model == 1)', 'Local (Y/N)': 'Y', 'TYPE': '-', 'Component': 'dum4', 'Type': 'real', 'Dimensions': '-', 'Swat_codetype': '-'}",
input,hru.con,4,5,dum5,"{'Line in File': '4', 'Position in File': '5', 'Condition': 'if (nat_model == 1)', 'Local (Y/N)': 'Y', 'TYPE': '-', 'Component': 'dum5', 'Type': 'real', 'Dimensions': '-', 'Swat_codetype': '-'}",
input,hru.con,4,6,dum6,"{'Line in File': '4', 'Position in File': '6', 'Condition': 'if (nat_model == 1)', 'Local (Y/N)': 'Y', 'TYPE': '-', 'Component': 'dum6', 'Type': 'real', 'Dimensions': '-', 'Swat_codetype': '-'}",
input,hru.con,4,7,dum7,"{'Line in File': '4', 'Position in File': '7', 'Condition': 'if (nat_model == 1)', 'Local (Y/N)': 'Y', 'TYPE': '-', 'Component': 'dum7', 'Type': 'integer', 'Dimensions': '-', 'Swat_codetype': '-'}",
input,hru.con,4,8,dum8,"{'Line in File': '4', 'Position in File': '8', 'Condition': 'if (nat_model == 1)', 'Local (Y/N)': 'Y', 'TYPE': '-', 'Component': 'dum8', 'Type': 'integer', 'Dimensions': '-', 'Swat_codetype': '-'}",
input,hru.con,4,9,huc12_id,"{'Line in File': '4', 'Position in File': '9', 'Condition': 'if (nat_model == 1)', 'Local (Y/N)': 'Y', 'TYPE': '-', 'Component': 'huc12_id', 'Type': 'real(kind=8)', 'Dimensions': '-', 'Swat_codetype': '-'}",
input,hyd-sed-lte.cha,3,12,chseq,"{'Line in File': '3', 'Position in File': '12', 'Condition': '-', 'Local (Y/N)': 'N', 'TYPE': 'sd_chd', 'Component': 'chseq', 'Type': 'real', 'Dimensions': '-', 'Swat_codetype': 'in_cha'}",
input,hyd-sed-lte.cha,3,12,vcr_coef,,"{'Line in File': '3', 'Position in File': '12', 'Condition': '-', 'Local (Y/N)': 'N', 'TYPE': 'sd_chd', 'Component': 'vcr_coef', 'Type': 'real', 'Dimensions': '-', 'Swat_codetype': 'in_cha'}"
input,hyd-sed-lte.cha,3,2,order,"{'Line in File': '3', 'Position in File': '2', 'Condition': '-', 'Local (Y/N)': 'N', 'TYPE': 'sd_chd', 'Component': 'order', 'Type': 'character(len=16)', 'Dimensions': '-', 'Swat_codetype': 'in_cha'}","{'Line in File': '3', 'Position in File': '2', 'Condition': '-', 'Local (Y/N)': 'N', 'TYPE': 'sd_chd', 'Component': 'order', 'Type': 'integer', 'Dimensions': '-', 'Swat_codetype': 'in_cha'}"
input,hyd-sed-lte.cha,3,9,bank_exp,,"{'Line in File': '3', 'Position in File': '9', 'Condition': '-', 'Local (Y/N)': 'N', 'TYPE': 'sd_chd', 'Component': 'bank_exp', 'Type': 'real', 'Dimensions': '-', 'Swat_codetype': 'in_cha'}"
input,hyd-sed-lte.cha,3,9,cherod,"{'Line in File': '3', 'Position in File': '9', 'Condition': '-', 'Local (Y/N)': 'N', 'TYPE': 'sd_chd', 'Component': 'cherod', 'Type': 'real', 'Dimensions': '-', 'Swat_codetype': 'in_cha'}",
input,hydrology.res,3,1,name,"{'Line in File': '3', 'Position in File': '1', 'Condition': '-', 'Local (Y/N)': 'N', 'TYPE': 'res_hyd', 'Component': 'name', 'Type': 'character(len=25)', 'Dimensions': '-', 'Swat_codetype': 'in_res'}","{'Line in File': '3', 'Position in File': '1', 'Condition': '-', 'Local (Y/N)': 'N', 'TYPE': 'res_hyddb', 'Component': 'name', 'Type': 'character(len=25)', 'Dimensions': '-', 'Swat_codetype': 'in_res'}"
input,hydrology.res,3,10,br1,"{'Line in File': '3', 'Position in File': '10', 'Condition': '-', 'Local (Y/N)': 'N', 'TYPE': 'res_hyd', 'Component': 'br1', 'Type': 'real', 'Dimensions': '-', 'Swat_codetype': 'in_res'}","{'Line in File': '3', 'Position in File': '10', 'Condition': '-', 'Local (Y/N)': 'N', 'TYPE': 'res_hyddb', 'Component': 'br1', 'Type': 'real', 'Dimensions': '-', 'Swat_codetype': 'in_res'}"
input,hydrology.res,3,11,br2,"{'Line in File': '3', 'Position in File': '11', 'Condition': '-', 'Local (Y/N)': 'N', 'TYPE': 'res_hyd', 'Component': 'br2', 'Type': 'real', 'Dimensions': '-', 'Swat_codetype': 'in_res'}","{'Line in File': '3', 'Position in File': '11', 'Condition': '-', 'Local (Y/N)': 'N', 'TYPE': 'res_hyddb', 'Component': 'br2', 'Type': 'real', 'Dimensions': '-', 'Swat_codetype': 'in_res'}"
input,hydrology.res,3,2,iyres,"{'Line in File': '3', 'Position in File': '2', 'Condition': '-', 'Local (Y/N)': 'N', 'TYPE': 'res_hyd', 'Component': 'iyres', 'Type': 'integer', 'Dimensions': '-', 'Swat_codetype': 'in_res'}","{'Line in File': '3', 'Position in File': '2', 'Condition': '-', 'Local (Y/N)': 'N', 'TYPE': 'res_hyddb', 'Component': 'iyres', 'Type': 'integer', 'Dimensions': '-', 'Swat_codetype': 'in_res'}"
input,hydrology.res,3,3,mores,"{'Line in File': '3', 'Position in File': '3', 'Condition': '-', 'Local (Y/N)': 'N', 'TYPE': 'res_hyd', 'Component': 'mores', 'Type': 'integer', 'Dimensions': '-', 'Swat_codetype': 'in_res'}","{'Line in File': '3', 'Position in File': '3', 'Condition': '-', 'Local (Y/N)': 'N', 'TYPE': 'res_hyddb', 'Component': 'mores', 'Type': 'integer', 'Dimensions': '-', 'Swat_codetype': 'in_res'}"
input,hydrology.res,3,4,psa,"{'Line in File': '3', 'Position in File': '4', 'Condition': '-', 'Local (Y/N)': 'N', 'TYPE': 'res_hyd', 'Component': 'psa', 'Type': 'real', 'Dimensions': '-', 'Swat_codetype': 'in_res'}","{'Line in File': '3', 'Position in File': '4', 'Condition': '-', 'Local (Y/N)': 'N', 'TYPE': 'res_hyddb', 'Component': 'psa', 'Type': 'real', 'Dimensions': '-', 'Swat_codetype': 'in_res'}"
input,hydrology.res,3,5,pvol,"{'Line in File': '3', 'Position in File': '5', 'Condition': '-', 'Local (Y/N)': 'N', 'TYPE': 'res_hyd', 'Component': 'pvol', 'Type': 'real', 'Dimensions': '-', 'Swat_codetype': 'in_res'}","{'Line in File': '3', 'Position in File': '5', 'Condition': '-', 'Local (Y/N)': 'N', 'TYPE': 'res_hyddb', 'Component': 'pvol', 'Type': 'real', 'Dimensions': '-', 'Swat_codetype': 'in_res'}"
input,hydrology.res,3,6,esa,"{'Line in File': '3', 'Position in File': '6', 'Condition': '-', 'Local (Y/N)': 'N', 'TYPE': 'res_hyd', 'Component': 'esa', 'Type': 'real', 'Dimensions': '-', 'Swat_codetype': 'in_res'}","{'Line in File': '3', 'Position in File': '6', 'Condition': '-', 'Local (Y/N)': 'N', 'TYPE': 'res_hyddb', 'Component': 'esa', 'Type': 'real', 'Dimensions': '-', 'Swat_codetype': 'in_res'}"
input,hydrology.res,3,7,evol,"{'Line in File': '3', 'Position in File': '7', 'Condition': '-', 'Local (Y/N)': 'N', 'TYPE': 'res_hyd', 'Component': 'evol', 'Type': 'real', 'Dimensions': '-', 'Swat_codetype': 'in_res'}","{'Line in File': '3', 'Position in File': '7', 'Condition': '-', 'Local (Y/N)': 'N', 'TYPE': 'res_hyddb', 'Component': 'evol', 'Type': 'real', 'Dimensions': '-', 'Swat_codetype': 'in_res'}"
input,hydrology.res,3,8,k,"{'Line in File': '3', 'Position in File': '8', 'Condition': '-', 'Local (Y/N)': 'N', 'TYPE': 'res_hyd', 'Component': 'k', 'Type': 'real', 'Dimensions': '-', 'Swat_codetype': 'in_res'}","{'Line in File': '3', 'Position in File': '8', 'Condition': '-', 'Local (Y/N)': 'N', 'TYPE': 'res_hyddb', 'Component': 'k', 'Type': 'real', 'Dimensions': '-', 'Swat_codetype': 'in_res'}"
input,hydrology.res,3,9,evrsv,"{'Line in File': '3', 'Position in File': '9', 'Condition': '-', 'Local (Y/N)': 'N', 'TYPE': 'res_hyd', 'Component': 'evrsv', 'Type': 'real', 'Dimensions': '-', 'Swat_codetype': 'in_res'}","{'Line in File': '3', 'Position in File': '9', 'Condition': '-', 'Local (Y/N)': 'N', 'TYPE': 'res_hyddb', 'Component': 'evrsv', 'Type': 'real', 'Dimensions': '-', 'Swat_codetype': 'in_res'}"
input,hydrology.wet,3,1,name,"{'Line in File': '3', 'Position in File': '1', 'Condition': '-', 'Local (Y/N)': 'N', 'TYPE': 'wet_hyd', 'Component': 'name', 'Type': 'character(len=25)', 'Dimensions': '-', 'Swat_codetype': 'in_res'}","{'Line in File': '3', 'Position in File': '1', 'Condition': '-', 'Local (Y/N)': 'N', 'TYPE': 'wet_hyddb', 'Component': 'name', 'Type': 'character(len=25)', 'Dimensions': '-', 'Swat_codetype': 'in_res'}"
input,hydrology.wet,3,10,ccoef,"{'Line in File': '3', 'Position in File': '10', 'Condition': '-', 'Local (Y/N)': 'N', 'TYPE': 'wet_hyd', 'Component': 'ccoef', 'Type': 'real', 'Dimensions': '-', 'Swat_codetype': 'in_res'}","{'Line in File': '3', 'Position in File': '10', 'Condition': '-', 'Local (Y/N)': 'N', 'TYPE': 'wet_hyddb', 'Component': 'ccoef', 'Type': 'real', 'Dimensions': '-', 'Swat_codetype': 'in_res'}"
input,hydrology.wet,3,11,frac,"{'Line in File': '3', 'Position in File': '11', 'Condition': '-', 'Local (Y/N)': 'N', 'TYPE': 'wet_hyd', 'Component': 'frac', 'Type': 'real', 'Dimensions': '-', 'Swat_codetype': 'in_res'}","{'Line in File': '3', 'Position in File': '11', 'Condition': '-', 'Local (Y/N)': 'N', 'TYPE': 'wet_hyddb', 'Component': 'frac', 'Type': 'real', 'Dimensions': '-', 'Swat_codetype': 'in_res'}"
input,hydrology.wet,3,2,psa,"{'Line in File': '3', 'Position in File': '2', 'Condition': '-', 'Local (Y/N)': 'N', 'TYPE': 'wet_hyd', 'Component': 'psa', 'Type': 'real', 'Dimensions': '-', 'Swat_codetype': 'in_res'}","{'Line in File': '3', 'Position in File': '2', 'Condition': '-', 'Local (Y/N)': 'N', 'TYPE': 'wet_hyddb', 'Component': 'psa', 'Type': 'real', 'Dimensions': '-', 'Swat_codetype': 'in_res'}"
input,hydrology.wet,3,3,pdep,"{'Line in File': '3', 'Position in File': '3', 'Condition': '-', 'Local (Y/N)': 'N', 'TYPE': 'wet_hyd', 'Component': 'pdep', 'Type': 'real', 'Dimensions': '-', 'Swat_codetype': 'in_res'}","{'Line in File': '3', 'Position in File': '3', 'Condition': '-', 'Local (Y/N)': 'N', 'TYPE': 'wet_hyddb', 'Component': 'pdep', 'Type': 'real', 'Dimensions': '-', 'Swat_codetype': 'in_res'}"
input,hydrology.wet,3,4,esa,"{'Line in File': '3', 'Position in File': '4', 'Condition': '-', 'Local (Y/N)': 'N', 'TYPE': 'wet_hyd', 'Component': 'esa', 'Type': 'real', 'Dimensions': '-', 'Swat_codetype': 'in_res'}","{'Line in File': '3', 'Position in File': '4', 'Condition': '-', 'Local (Y/N)': 'N', 'TYPE': 'wet_hyddb', 'Component': 'esa', 'Type': 'real', 'Dimensions': '-', 'Swat_codetype': 'in_res'}"
input,hydrology.wet,3,5,edep,"{'Line in File': '3', 'Position in File': '5', 'Condition': '-', 'Local (Y/N)': 'N', 'TYPE': 'wet_hyd', 'Component': 'edep', 'Type': 'real', 'Dimensions': '-', 'Swat_codetype': 'in_res'}","{'Line in File': '3', 'Position in File': '5', 'Condition': '-', 'Local (Y/N)': 'N', 'TYPE': 'wet_hyddb', 'Component': 'edep', 'Type': 'real', 'Dimensions': '-', 'Swat_codetype': 'in_res'}"
input,hydrology.wet,3,6,k,"{'Line in File': '3', 'Position in File': '6', 'Condition': '-', 'Local (Y/N)': 'N', 'TYPE': 'wet_hyd', 'Component': 'k', 'Type': 'real', 'Dimensions': '-', 'Swat_codetype': 'in_res'}","{'Line in File': '3', 'Position in File': '6', 'Condition': '-', 'Local (Y/N)': 'N', 'TYPE': 'wet_hyddb', 'Component': 'k', 'Type': 'real', 'Dimensions': '-', 'Swat_codetype': 'in_res'}"
input,hydrology.wet,3,7,evrsv,"{'Line in File': '3', 'Position in File': '7', 'Condition': '-', 'Local (Y/N)': 'N', 'TYPE': 'wet_hyd', 'Component': 'evrsv', 'Type': 'real', 'Dimensions': '-', 'Swat_codetype': 'in_res'}","{'Line in File': '3', 'Position in File': '7', 'Condition': '-', 'Local (Y/N)': 'N', 'TYPE': 'wet_hyddb', 'Component': 'evrsv', 'Type': 'real', 'Dimensions': '-', 'Swat_codetype': 'in_res'}"
input,hydrology.wet,3,8,acoef,"{'Line in File': '3', 'Position in File': '8', 'Condition': '-', 'Local (Y/N)': 'N', 'TYPE': 'wet_hyd', 'Component': 'acoef', 'Type': 'real', 'Dimensions': '-', 'Swat_codetype': 'in_res'}","{'Line in File': '3', 'Position in File': '8', 'Condition': '-', 'Local (Y/N)': 'N', 'TYPE': 'wet_hyddb', 'Component': 'acoef', 'Type': 'real', 'Dimensions': '-', 'Swat_codetype': 'in_res'}"
input,hydrology.wet,3,9,bcoef,"{'Line in File': '3', 'Position in File': '9', 'Condition': '-', 'Local (Y/N)': 'N', 'TYPE': 'wet_hyd', 'Component': 'bcoef', 'Type': 'real', 'Dimensions': '-', 'Swat_codetype': 'in_res'}","{'Line in File': '3', 'Position in File': '9', 'Condition': '-', 'Local (Y/N)': 'N', 'TYPE': 'wet_hyddb', 'Component': 'bcoef', 'Type': 'real', 'Dimensions': '-', 'Swat_codetype': 'in_res'}"
input,ls_reg.def,2,3,name,"{'Line in File': '2', 'Position in File': '3', 'Condition': 'if (mlug > 0)', 'Local (Y/N)': 'N', 'TYPE': 'lum_grp', 'Component': 'name', 'Type': 'character(len=40)', 'Dimensions': 'allocatable', 'Swat_codetype': 'in_regs'}","{'Line in File': '2', 'Position in File': '3', 'Condition': 'if (mlug > 0)', 'Local (Y/N)': 'N', 'TYPE': 'lum_grp', 'Component': 'name', 'Type': 'character(len=40)', 'Dimensions': 'dimension (:), allocatable', 'Swat_codetype': 'in_regs'}"
input,ls_reg.def,4,5,elem_cnt(isp),"{'Line in File': '4', 'Position in File': '5', 'Condition': 'if (nspu > 0)', 'Local (Y/N)': 'N', 'TYPE': '-', 'Component': 'elem_cnt(isp)', 'Type': 'integer', 'Dimensions': 'allocatable', 'Swat_codetype': 'in_regs'}","{'Line in File': '4', 'Position in File': '5', 'Condition': 'if (nspu > 0)', 'Local (Y/N)': 'N', 'TYPE': '-', 'Component': 'elem_cnt(isp)', 'Type': 'integer', 'Dimensions': 'dimension (:), allocatable', 'Swat_codetype': 'in_regs'}"
input,ls_unit.def,4,5,elem_cnt(isp),"{'Line in File': '4', 'Position in File': '5', 'Condition': 'if (nspu > 0)', 'Local (Y/N)': 'N', 'TYPE': '-', 'Component': 'elem_cnt(isp)', 'Type': 'integer', 'Dimensions': 'allocatable', 'Swat_codetype': 'in_regs'}","{'Line in File': '4', 'Position in File': '5', 'Condition': 'if (nspu > 0)', 'Local (Y/N)': 'N', 'TYPE': '-', 'Component': 'elem_cnt(isp)', 'Type': 'integer', 'Dimensions': 'dimension (:), allocatable', 'Swat_codetype': 'in_regs'}"
input,lum.dtl,5,1,name,"{'Line in File': '5', 'Position in File': '1', 'Condition': '-', 'Local (Y/N)': 'N', 'TYPE': 'dtbl_lum', 'Component': 'name', 'Type': 'character(len=25)', 'Dimensions': '-', 'Swat_codetype': 'in_cond'}","{'Line in File': '5', 'Position in File': '1', 'Condition': '-', 'Local (Y/N)': 'N', 'TYPE': 'dtbl_lum', 'Component': 'name', 'Type': 'character(len=40)', 'Dimensions': '-', 'Swat_codetype': 'in_cond'}"
input,lum.dtl,9,1,act,"{'Line in File': '9', 'Position in File': '1', 'Condition': 'if (dtbl_lum(i)%cond(ic)%lim_var == hru(ihru)%land_use_mgt_c)', 'Local (Y/N)': 'N', 'TYPE': 'dtbl_lum', 'Component': 'act', 'Type': 'type(actions_var)', 'Dimensions': 'allocatable', 'Swat_codetype': 'in_cond'}",
input,lum.dtl,9,1,typ,,"{'Line in File': '9', 'Position in File': '1', 'Condition': 'if (dtbl_lum(i)%cond(ic)%lim_var == hru(ihru)%land_use_mgt_c)', 'Local (Y/N)': 'N', 'TYPE': 'act', 'Component': 'typ', 'Type': 'unknown', 'Dimensions': '-', 'Swat_codetype': 'in_cond'}"
input,lum.dtl,9,2,act_outcomes,"{'Line in File': '9', 'Position in File': '2', 'Condition': 'if (dtbl_lum(i)%cond(ic)%lim_var == hru(ihru)%land_use_mgt_c)', 'Local (Y/N)': 'N', 'TYPE': 'dtbl_lum', 'Component': 'act_outcomes', 'Type': 'character(len=1)', 'Dimensions': 'allocatable', 'Swat_codetype': 'in_cond'}",
input,lum.dtl,9,2,ob,,"{'Line in File': '9', 'Position in File': '2', 'Condition': 'if (dtbl_lum(i)%cond(ic)%lim_var == hru(ihru)%land_use_mgt_c)', 'Local (Y/N)': 'N', 'TYPE': 'act', 'Component': 'ob', 'Type': 'unknown', 'Dimensions': '-', 'Swat_codetype': 'in_cond'}"
input,lum.dtl,9,3,ob_num,,"{'Line in File': '9', 'Position in File': '3', 'Condition': 'if (dtbl_lum(i)%cond(ic)%lim_var == hru(ihru)%land_use_mgt_c)', 'Local (Y/N)': 'N', 'TYPE': 'act', 'Component': 'ob_num', 'Type': 'unknown', 'Dimensions': '-', 'Swat_codetype': 'in_cond'}"
input,lum.dtl,9,4,name,,"{'Line in File': '9', 'Position in File': '4', 'Condition': 'if (dtbl_lum(i)%cond(ic)%lim_var == hru(ihru)%land_use_mgt_c)', 'Local (Y/N)': 'N', 'TYPE': 'act', 'Component': 'name', 'Type': 'character(len=40)', 'Dimensions': '-', 'Swat_codetype': 'in_cond'}"
input,lum.dtl,9,5,option,,"{'Line in File': '9', 'Position in File': '5', 'Condition': 'if (dtbl_lum(i)%cond(ic)%lim_var == hru(ihru)%land_use_mgt_c)', 'Local (Y/N)': 'N', 'TYPE': 'act', 'Component': 'option', 'Type': 'unknown', 'Dimensions': '-', 'Swat_codetype': 'in_cond'}"
input,lum.dtl,9,6,const,,"{'Line in File': '9', 'Position in File': '6', 'Condition': 'if (dtbl_lum(i)%cond(ic)%lim_var == hru(ihru)%land_use_mgt_c)', 'Local (Y/N)': 'N', 'TYPE': 'act', 'Component': 'const', 'Type': 'unknown', 'Dimensions': '-', 'Swat_codetype': 'in_cond'}"
input,lum.dtl,9,7,const2,,"{'Line in File': '9', 'Position in File': '7', 'Condition': 'if (dtbl_lum(i)%cond(ic)%lim_var == hru(ihru)%land_use_mgt_c)', 'Local (Y/N)': 'N', 'TYPE': 'act', 'Component': 'const2', 'Type': 'unknown', 'Dimensions': '-', 'Swat_codetype': 'in_cond'}"
input,lum.dtl,9,8,file_pointer,,"{'Line in File': '9', 'Position in File': '8', 'Condition': 'if (dtbl_lum(i)%cond(ic)%lim_var == hru(ihru)%land_use_mgt_c)', 'Local (Y/N)': 'N', 'TYPE': 'act', 'Component': 'file_pointer', 'Type': 'unknown', 'Dimensions': '-', 'Swat_codetype': 'in_cond'}"
input,lum.dtl,9,9,act_outcomes,,"{'Line in File': '9', 'Position in File': '9', 'Condition': 'if (dtbl_lum(i)%cond(ic)%lim_var == hru(ihru)%land_use_mgt_c)', 'Local (Y/N)': 'N', 'TYPE': 'dtbl_lum', 'Component': 'act_outcomes', 'Type': 'character(len=1)', 'Dimensions': 'dimension (:,:), allocatable', 'Swat_codetype': 'in_cond'}"
input,manure_allo.mnu,4,4,dmd_obs,"{'Line in File': '4', 'Position in File': '4', 'Condition': '-', 'Local (Y/N)': 'N', 'TYPE': 'mallo', 'Component': 'dmd_obs', 'Type': 'integer', 'Dimensions': '-', 'Swat_codetype': 'mallo'}",
input,manure_allo.mnu,4,4,trn_obs,,"{'Line in File': '4', 'Position in File': '4', 'Condition': '-', 'Local (Y/N)': 'N', 'TYPE': 'mallo', 'Component': 'trn_obs', 'Type': 'integer', 'Dimensions': '-', 'Swat_codetype': 'mallo'}"
input,nutrients.res,3,8,chlar,"{'Line in File': '3', 'Position in File': '8', 'Condition': '-', 'Local (Y/N)': 'N', 'TYPE': 'res_nut', 'Component': 'chlar', 'Type': 'real', 'Dimensions': '-', 'Swat_codetype': 'in_res'}",
input,nutrients.res,3,8,nsolr,,"{'Line in File': '3', 'Position in File': '8', 'Condition': '-', 'Local (Y/N)': 'N', 'TYPE': 'res_nut', 'Component': 'nsolr', 'Type': 'real', 'Dimensions': '-', 'Swat_codetype': 'in_res'}"
input,nutrients.res,3,9,psolr,,"{'Line in File': '3', 'Position in File': '9', 'Condition': '-', 'Local (Y/N)': 'N', 'TYPE': 'res_nut', 'Component': 'psolr', 'Type': 'real', 'Dimensions': '-', 'Swat_codetype': 'in_res'}"
input,nutrients.res,3,9,seccir,"{'Line in File': '3', 'Position in File': '9', 'Condition': '-', 'Local (Y/N)': 'N', 'TYPE': 'res_nut', 'Component': 'seccir', 'Type': 'real', 'Dimensions': '-', 'Swat_codetype': 'in_res'}",
input,object.prt,3,2,obtyp,"{'Line in File': '3', 'Position in File': '2', 'Condition': '-', 'Local (Y/N)': 'N', 'TYPE': 'ob_out', 'Component': 'obtyp', 'Type': 'character(len=3)', 'Dimensions': '-', 'Swat_codetype': 'in_sim'}","{'Line in File': '3', 'Position in File': '2', 'Condition': '-', 'Local (Y/N)': 'N', 'TYPE': 'ob_out', 'Component': 'obtyp', 'Type': 'character(len=10)', 'Dimensions': '-', 'Swat_codetype': 'in_sim'}"
input,object.prt,3,4,hydtyp,"{'Line in File': '3', 'Position in File': '4', 'Condition': '-', 'Local (Y/N)': 'N', 'TYPE': 'ob_out', 'Component': 'hydtyp', 'Type': 'character(len=6)', 'Dimensions': '-', 'Swat_codetype': 'in_sim'}","{'Line in File': '3', 'Position in File': '4', 'Condition': '-', 'Local (Y/N)': 'N', 'TYPE': 'ob_out', 'Component': 'hydtyp', 'Type': 'character(len=20)', 'Dimensions': '-', 'Swat_codetype': 'in_sim'}"
input,om_water.ini,3,1,om_init_name(ichi),"{'Line in File': '3', 'Position in File': '1', 'Condition': '-', 'Local (Y/N)': 'N', 'TYPE': '-', 'Component': 'om_init_name(ichi)', 'Type': 'character(len=16)', 'Dimensions': 'allocatable', 'Swat_codetype': 'in_init'}","{'Line in File': '3', 'Position in File': '1', 'Condition': '-', 'Local (Y/N)': 'N', 'TYPE': '-', 'Component': 'om_init_name(ichi)', 'Type': 'character(len=16)', 'Dimensions': 'dimension (:), allocatable', 'Swat_codetype': 'in_init'}"
input,outlet.con,3,14,obtyp_out,"{'Line in File': '3', 'Position in File': '14', 'Condition': 'if (ncs > 0)', 'Local (Y/N)': 'N', 'TYPE': 'ob', 'Component': 'obtyp_out', 'Type': 'character(len=3)', 'Dimensions': 'allocatable', 'Swat_codetype': 'ob'}","{'Line in File': '3', 'Position in File': '14', 'Condition': 'if (ncs > 0)', 'Local (Y/N)': 'N', 'TYPE': 'ob', 'Component': 'obtyp_out', 'Type': 'character(len=3)', 'Dimensions': 'dimension (:), allocatable', 'Swat_codetype': 'ob'}"
input,outlet.con,3,15,obtypno_out,"{'Line in File': '3', 'Position in File': '15', 'Condition': 'if (ncs > 0)', 'Local (Y/N)': 'N', 'TYPE': 'ob', 'Component': 'obtypno_out', 'Type': 'integer', 'Dimensions': 'allocatable', 'Swat_codetype': 'ob'}","{'Line in File': '3', 'Position in File': '15', 'Condition': 'if (ncs > 0)', 'Local (Y/N)': 'N', 'TYPE': 'ob', 'Component': 'obtypno_out', 'Type': 'integer', 'Dimensions': 'dimension (:), allocatable', 'Swat_codetype': 'ob'}"
input,outlet.con,3,16,htyp_out,"{'Line in File': '3', 'Position in File': '16', 'Condition': 'if (ncs > 0)', 'Local (Y/N)': 'N', 'TYPE': 'ob', 'Component': 'htyp_out', 'Type': 'character(len=3)', 'Dimensions': 'allocatable', 'Swat_codetype': 'ob'}","{'Line in File': '3', 'Position in File': '16', 'Condition': 'if (ncs > 0)', 'Local (Y/N)': 'N', 'TYPE': 'ob', 'Component': 'htyp_out', 'Type': 'character(len=3)', 'Dimensions': 'dimension (:), allocatable', 'Swat_codetype': 'ob'}"
input,outlet.con,3,17,frac_out,"{'Line in File': '3', 'Position in File': '17', 'Condition': 'if (ncs > 0)', 'Local (Y/N)': 'N', 'TYPE': 'ob', 'Component': 'frac_out', 'Type': 'real', 'Dimensions': 'allocatable', 'Swat_codetype': 'ob'}","{'Line in File': '3', 'Position in File': '17', 'Condition': 'if (ncs > 0)', 'Local (Y/N)': 'N', 'TYPE': 'ob', 'Component': 'frac_out', 'Type': 'real', 'Dimensions': 'dimension (:), allocatable', 'Swat_codetype': 'ob'}"
input,path_hru.ini,4,2,soil,"{'Line in File': '4', 'Position in File': '2', 'Condition': '-', 'Local (Y/N)': 'N', 'TYPE': 'path_soil_ini', 'Component': 'soil', 'Type': 'real', 'Dimensions': 'allocatable', 'Swat_codetype': 'in_init'}","{'Line in File': '4', 'Position in File': '2', 'Condition': '-', 'Local (Y/N)': 'N', 'TYPE': 'path_soil_ini', 'Component': 'soil', 'Type': 'real', 'Dimensions': 'dimension (:), allocatable', 'Swat_codetype': 'in_init'}"
input,path_hru.ini,4,3,plt,,"{'Line in File': '4', 'Position in File': '3', 'Condition': '-', 'Local (Y/N)': 'N', 'TYPE': 'path_soil_ini', 'Component': 'plt', 'Type': 'real', 'Dimensions': 'dimension (:), allocatable', 'Swat_codetype': 'in_init'}"
input,path_hru.ini,5,1,titldum,"{'Line in File': '5', 'Position in File': '1', 'Condition': '-', 'Local (Y/N)': 'Y', 'TYPE': '-', 'Component': 'titldum', 'Type': 'character(len=80)', 'Dimensions': '-', 'Swat_codetype': '-'}",
input,path_hru.ini,5,2,plt,"{'Line in File': '5', 'Position in File': '2', 'Condition': '-', 'Local (Y/N)': 'N', 'TYPE': 'path_soil_ini', 'Component': 'plt', 'Type': 'real', 'Dimensions': 'allocatable', 'Swat_codetype': 'in_init'}",
input,path_water.ini,3,1,path_init_name(ipathi),"{'Line in File': '3', 'Position in File': '1', 'Condition': '-', 'Local (Y/N)': 'N', 'TYPE': '-', 'Component': 'path_init_name(ipathi)', 'Type': 'character(len=16)', 'Dimensions': 'allocatable', 'Swat_codetype': 'in_init'}","{'Line in File': '3', 'Position in File': '1', 'Condition': '-', 'Local (Y/N)': 'N', 'TYPE': '-', 'Component': 'path_init_name(ipathi)', 'Type': 'character(len=16)', 'Dimensions': 'dimension (:), allocatable', 'Swat_codetype': 'in_init'}"
input,path_water.ini,4,2,water,"{'Line in File': '4', 'Position in File': '2', 'Condition': '-', 'Local (Y/N)': 'N', 'TYPE': 'path_water_ini', 'Component': 'water', 'Type': 'real', 'Dimensions': 'allocatable', 'Swat_codetype': 'in_init'}","{'Line in File': '4', 'Position in File': '2', 'Condition': '-', 'Local (Y/N)': 'N', 'TYPE': 'path_water_ini', 'Component': 'water', 'Type': 'real', 'Dimensions': 'dimension (:), allocatable', 'Swat_codetype': 'in_init'}"
input,path_water.ini,4,3,benthic,,"{'Line in File': '4', 'Position in File': '3', 'Condition': '-', 'Local (Y/N)': 'N', 'TYPE': 'path_water_ini', 'Component': 'benthic', 'Type': 'real', 'Dimensions': 'dimension (:), allocatable', 'Swat_codetype': 'in_init'}"
input,path_water.ini,5,1,titldum,"{'Line in File': '5', 'Position in File': '1', 'Condition': '-', 'Local (Y/N)': 'Y', 'TYPE': '-', 'Component': 'titldum', 'Type': 'character(len=80)', 'Dimensions': '-', 'Swat_codetype': '-'}",
input,path_water.ini,5,2,benthic,"{'Line in File': '5', 'Position in File': '2', 'Condition': '-', 'Local (Y/N)': 'N', 'TYPE': 'path_water_ini', 'Component': 'benthic', 'Type': 'real', 'Dimensions': 'allocatable', 'Swat_codetype': 'in_init'}",
input,pathogens.pth,3,18,conc_min,,"{'Line in File': '3', 'Position in File': '18', 'Condition': '-', 'Local (Y/N)': 'N', 'TYPE': 'path_db', 'Component': 'conc_min', 'Type': 'real', 'Dimensions': '-', 'Swat_codetype': 'in_parmdb'}"
input,pathogens.pth,3,18,swf,"{'Line in File': '3', 'Position in File': '18', 'Condition': '-', 'Local (Y/N)': 'N', 'TYPE': 'path_db', 'Component': 'swf', 'Type': 'real', 'Dimensions': '-', 'Swat_codetype': 'in_parmdb'}",
input,pathogens.pth,3,19,conc_min,"{'Line in File': '3', 'Position in File': '19', 'Condition': '-', 'Local (Y/N)': 'N', 'TYPE': 'path_db', 'Component': 'conc_min', 'Type': 'real', 'Dimensions': '-', 'Swat_codetype': 'in_parmdb'}",
input,pcp(i)%filename,4,6,tss,"{'Line in File': '4', 'Position in File': '6', 'Condition': 'if (pcp(i)%tstep > 0)', 'Local (Y/N)': 'N', 'TYPE': 'pcp', 'Component': 'tss', 'Type': 'real', 'Dimensions': 'allocatable', 'Swat_codetype': 'pcp'}","{'Line in File': '4', 'Position in File': '6', 'Condition': 'if (pcp(i)%tstep > 0)', 'Local (Y/N)': 'N', 'TYPE': 'pcp', 'Component': 'tss', 'Type': 'real', 'Dimensions': 'dimension (:,:,:), allocatable', 'Swat_codetype': 'pcp'}"
input,pcp(i)%filename,5,3,ts,"{'Line in File': '5', 'Position in File': '3', 'Condition': 'if (pcp(i)%tstep > 0)', 'Local (Y/N)': 'N', 'TYPE': 'pcp', 'Component': 'ts', 'Type': 'real', 'Dimensions': 'allocatable', 'Swat_codetype': 'pcp'}","{'Line in File': '5', 'Position in File': '3', 'Condition': 'if (pcp(i)%tstep > 0)', 'Local (Y/N)': 'N', 'TYPE': 'pcp', 'Component': 'ts', 'Type': 'real', 'Dimensions': 'dimension (:,:), allocatable', 'Swat_codetype': 'pcp'}"
input,pest_hru.ini,4,2,soil,"{'Line in File': '4', 'Position in File': '2', 'Condition': '-', 'Local (Y/N)': 'N', 'TYPE': 'pest_soil_ini', 'Component': 'soil', 'Type': 'real', 'Dimensions': 'allocatable', 'Swat_codetype': 'in_init'}","{'Line in File': '4', 'Position in File': '2', 'Condition': '-', 'Local (Y/N)': 'N', 'TYPE': 'pest_soil_ini', 'Component': 'soil', 'Type': 'real', 'Dimensions': 'dimension (:), allocatable', 'Swat_codetype': 'in_init'}"
input,pest_hru.ini,4,3,plt,"{'Line in File': '4', 'Position in File': '3', 'Condition': '-', 'Local (Y/N)': 'N', 'TYPE': 'pest_soil_ini', 'Component': 'plt', 'Type': 'real', 'Dimensions': 'allocatable', 'Swat_codetype': 'in_init'}","{'Line in File': '4', 'Position in File': '3', 'Condition': '-', 'Local (Y/N)': 'N', 'TYPE': 'pest_soil_ini', 'Component': 'plt', 'Type': 'real', 'Dimensions': 'dimension (:), allocatable', 'Swat_codetype': 'in_init'}"
input,pest_water.ini,3,1,pest_init_name(ipesti),"{'Line in File': '3', 'Position in File': '1', 'Condition': '-', 'Local (Y/N)': 'N', 'TYPE': '-', 'Component': 'pest_init_name(ipesti)', 'Type': 'character(len=16)', 'Dimensions': 'allocatable', 'Swat_codetype': 'in_init'}","{'Line in File': '3', 'Position in File': '1', 'Condition': '-', 'Local (Y/N)': 'N', 'TYPE': '-', 'Component': 'pest_init_name(ipesti)', 'Type': 'character(len=16)', 'Dimensions': 'dimension (:), allocatable', 'Swat_codetype': 'in_init'}"
input,pest_water.ini,4,2,water,"{'Line in File': '4', 'Position in File': '2', 'Condition': '-', 'Local (Y/N)': 'N', 'TYPE': 'pest_water_ini', 'Component': 'water', 'Type': 'real', 'Dimensions': 'allocatable', 'Swat_codetype': 'in_init'}","{'Line in File': '4', 'Position in File': '2', 'Condition': '-', 'Local (Y/N)': 'N', 'TYPE': 'pest_water_ini', 'Component': 'water', 'Type': 'real', 'Dimensions': 'dimension (:), allocatable', 'Swat_codetype': 'in_init'}"
input,pest_water.ini,4,3,benthic,,"{'Line in File': '4', 'Position in File': '3', 'Condition': '-', 'Local (Y/N)': 'N', 'TYPE': 'pest_water_ini', 'Component': 'benthic', 'Type': 'real', 'Dimensions': 'dimension (:), allocatable', 'Swat_codetype': 'in_init'}"
input,pest_water.ini,5,1,titldum,"{'Line in File': '5', 'Position in File': '1', 'Condition': '-', 'Local (Y/N)': 'Y', 'TYPE': '-', 'Component': 'titldum', 'Type': 'character(len=80)', 'Dimensions': '-', 'Swat_codetype': '-'}",
input,pest_water.ini,5,2,benthic,"{'Line in File': '5', 'Position in File': '2', 'Condition': '-', 'Local (Y/N)': 'N', 'TYPE': 'pest_water_ini', 'Component': 'benthic', 'Type': 'real', 'Dimensions': 'allocatable', 'Swat_codetype': 'in_init'}",
input,pet.cli,1,1,titldum,"{'Line in File': '1', 'Position in File': '1', 'Condition': 'if (bsn_cc%pet == 3)', 'Local (Y/N)': 'Y', 'TYPE': '-', 'Component': 'titldum', 'Type': 'character(len=80)', 'Dimensions': '-', 'Swat_codetype': '-'}","{'Line in File': '1', 'Position in File': '1', 'Condition': '-', 'Local (Y/N)': 'Y', 'TYPE': '-', 'Component': 'titldum', 'Type': 'character(len=80)', 'Dimensions': '-', 'Swat_codetype': '-'}"
input,pet.cli,2,1,header,"{'Line in File': '2', 'Position in File': '1', 'Condition': 'if (bsn_cc%pet == 3)', 'Local (Y/N)': 'Y', 'TYPE': '-', 'Component': 'header', 'Type': 'character(len=80)', 'Dimensions': '-', 'Swat_codetype': '-'}","{'Line in File': '2', 'Position in File': '1', 'Condition': '-', 'Local (Y/N)': 'Y', 'TYPE': '-', 'Component': 'header', 'Type': 'character(len=80)', 'Dimensions': '-', 'Swat_codetype': '-'}"
input,pet.cli,3,1,filename,,"{'Line in File': '3', 'Position in File': '1', 'Condition': '-', 'Local (Y/N)': 'N', 'TYPE': 'petm', 'Component': 'filename', 'Type': 'character(len=50)', 'Dimensions': '-', 'Swat_codetype': 'in_cli'}"
input,pet.cli,3,1,titldum,"{'Line in File': '3', 'Position in File': '1', 'Condition': 'if (bsn_cc%pet == 3)', 'Local (Y/N)': 'Y', 'TYPE': '-', 'Component': 'titldum', 'Type': 'character(len=80)', 'Dimensions': '-', 'Swat_codetype': '-'}",
input,petm(i)%filename,4,3,ts,"{'Line in File': '4', 'Position in File': '3', 'Condition': 'if (iyr > time%yrc)', 'Local (Y/N)': 'N', 'TYPE': 'petm', 'Component': 'ts', 'Type': 'real', 'Dimensions': 'allocatable', 'Swat_codetype': 'petm'}","{'Line in File': '4', 'Position in File': '3', 'Condition': 'if (iyr > time%yrc)', 'Local (Y/N)': 'N', 'TYPE': 'petm', 'Component': 'ts', 'Type': 'real', 'Dimensions': 'dimension (:,:), allocatable', 'Swat_codetype': 'petm'}"
input,plant_gro.sft,4,4,elem_cnt(isp),"{'Line in File': '4', 'Position in File': '4', 'Condition': 'if (nspu > 0)', 'Local (Y/N)': 'N', 'TYPE': '-', 'Component': 'elem_cnt(isp)', 'Type': 'integer', 'Dimensions': 'allocatable', 'Swat_codetype': 'in_chg'}","{'Line in File': '4', 'Position in File': '4', 'Condition': 'if (nspu > 0)', 'Local (Y/N)': 'N', 'TYPE': '-', 'Component': 'elem_cnt(isp)', 'Type': 'integer', 'Dimensions': 'dimension (:), allocatable', 'Swat_codetype': 'in_chg'}"
input,plant_gro.sft,6,1,meas,"{'Line in File': '6', 'Position in File': '1', 'Condition': 'if (plcal(i)%lum_num > 0)', 'Local (Y/N)': 'N', 'TYPE': 'plcal', 'Component': 'meas', 'Type': 'unknown', 'Dimensions': '-', 'Swat_codetype': 'in_chg'}",
input,plant_gro.sft,6,1,name,,"{'Line in File': '6', 'Position in File': '1', 'Condition': 'if (plcal(i)%lum_num > 0)', 'Local (Y/N)': 'N', 'TYPE': 'meas', 'Component': 'name', 'Type': 'character(len=16)', 'Dimensions': '-', 'Swat_codetype': 'in_chg'}"
input,plant_gro.sft,6,2,yield,,"{'Line in File': '6', 'Position in File': '2', 'Condition': 'if (plcal(i)%lum_num > 0)', 'Local (Y/N)': 'N', 'TYPE': 'meas', 'Component': 'yield', 'Type': 'unknown', 'Dimensions': '-', 'Swat_codetype': 'in_chg'}"
input,plant_gro.sft,6,3,npp,,"{'Line in File': '6', 'Position in File': '3', 'Condition': 'if (plcal(i)%lum_num > 0)', 'Local (Y/N)': 'N', 'TYPE': 'meas', 'Component': 'npp', 'Type': 'unknown', 'Dimensions': '-', 'Swat_codetype': 'in_chg'}"
input,plant_gro.sft,6,4,lai_mx,,"{'Line in File': '6', 'Position in File': '4', 'Condition': 'if (plcal(i)%lum_num > 0)', 'Local (Y/N)': 'N', 'TYPE': 'meas', 'Component': 'lai_mx', 'Type': 'unknown', 'Dimensions': '-', 'Swat_codetype': 'in_chg'}"
input,plant_gro.sft,6,5,wstress,,"{'Line in File': '6', 'Position in File': '5', 'Condition': 'if (plcal(i)%lum_num > 0)', 'Local (Y/N)': 'N', 'TYPE': 'meas', 'Component': 'wstress', 'Type': 'unknown', 'Dimensions': '-', 'Swat_codetype': 'in_chg'}"
input,plant_gro.sft,6,6,astress,,"{'Line in File': '6', 'Position in File': '6', 'Condition': 'if (plcal(i)%lum_num > 0)', 'Local (Y/N)': 'N', 'TYPE': 'meas', 'Component': 'astress', 'Type': 'unknown', 'Dimensions': '-', 'Swat_codetype': 'in_chg'}"
input,plant_gro.sft,6,7,tstress,,"{'Line in File': '6', 'Position in File': '7', 'Condition': 'if (plcal(i)%lum_num > 0)', 'Local (Y/N)': 'N', 'TYPE': 'meas', 'Component': 'tstress', 'Type': 'unknown', 'Dimensions': '-', 'Swat_codetype': 'in_chg'}"
input,plant_parms.sft,4,4,elem_cnt(isp),"{'Line in File': '4', 'Position in File': '4', 'Condition': 'if (nspu > 0)', 'Local (Y/N)': 'N', 'TYPE': '-', 'Component': 'elem_cnt(isp)', 'Type': 'integer', 'Dimensions': 'allocatable', 'Swat_codetype': 'in_chg'}","{'Line in File': '4', 'Position in File': '4', 'Condition': 'if (nspu > 0)', 'Local (Y/N)': 'N', 'TYPE': '-', 'Component': 'elem_cnt(isp)', 'Type': 'integer', 'Dimensions': 'dimension (:), allocatable', 'Swat_codetype': 'in_chg'}"
input,plant_parms.sft,6,1,prm,"{'Line in File': '6', 'Position in File': '1', 'Condition': 'if (pl_prms(i)%lum_num > 0)', 'Local (Y/N)': 'N', 'TYPE': 'pl_prms', 'Component': 'prm', 'Type': 'type(pl_parms_cal)', 'Dimensions': 'allocatable', 'Swat_codetype': 'in_chg'}",
input,plant_parms.sft,6,1,var,,"{'Line in File': '6', 'Position in File': '1', 'Condition': 'if (pl_prms(i)%lum_num > 0)', 'Local (Y/N)': 'N', 'TYPE': 'prm', 'Component': 'var', 'Type': 'unknown', 'Dimensions': '-', 'Swat_codetype': 'in_chg'}"
input,plant_parms.sft,6,2,name,,"{'Line in File': '6', 'Position in File': '2', 'Condition': 'if (pl_prms(i)%lum_num > 0)', 'Local (Y/N)': 'N', 'TYPE': 'prm', 'Component': 'name', 'Type': 'character(len=16)', 'Dimensions': '-', 'Swat_codetype': 'in_chg'}"
input,plant_parms.sft,6,3,init_val,,"{'Line in File': '6', 'Position in File': '3', 'Condition': 'if (pl_prms(i)%lum_num > 0)', 'Local (Y/N)': 'N', 'TYPE': 'prm', 'Component': 'init_val', 'Type': 'unknown', 'Dimensions': '-', 'Swat_codetype': 'in_chg'}"
input,plant_parms.sft,6,4,chg_typ,,"{'Line in File': '6', 'Position in File': '4', 'Condition': 'if (pl_prms(i)%lum_num > 0)', 'Local (Y/N)': 'N', 'TYPE': 'prm', 'Component': 'chg_typ', 'Type': 'unknown', 'Dimensions': '-', 'Swat_codetype': 'in_chg'}"
input,plant_parms.sft,6,5,neg,,"{'Line in File': '6', 'Position in File': '5', 'Condition': 'if (pl_prms(i)%lum_num > 0)', 'Local (Y/N)': 'N', 'TYPE': 'prm', 'Component': 'neg', 'Type': 'unknown', 'Dimensions': '-', 'Swat_codetype': 'in_chg'}"
input,plant_parms.sft,6,6,pos,,"{'Line in File': '6', 'Position in File': '6', 'Condition': 'if (pl_prms(i)%lum_num > 0)', 'Local (Y/N)': 'N', 'TYPE': 'prm', 'Component': 'pos', 'Type': 'unknown', 'Dimensions': '-', 'Swat_codetype': 'in_chg'}"
input,plant_parms.sft,6,7,lo,,"{'Line in File': '6', 'Position in File': '7', 'Condition': 'if (pl_prms(i)%lum_num > 0)', 'Local (Y/N)': 'N', 'TYPE': 'prm', 'Component': 'lo', 'Type': 'unknown', 'Dimensions': '-', 'Swat_codetype': 'in_chg'}"
input,plant_parms.sft,6,8,up,,"{'Line in File': '6', 'Position in File': '8', 'Condition': 'if (pl_prms(i)%lum_num > 0)', 'Local (Y/N)': 'N', 'TYPE': 'prm', 'Component': 'up', 'Type': 'unknown', 'Dimensions': '-', 'Swat_codetype': 'in_chg'}"
input,plants.plt,3,1,plantnm,"{'Line in File': '3', 'Position in File': '1', 'Condition': '-', 'Local (Y/N)': 'N', 'TYPE': 'pldb', 'Component': 'plantnm', 'Type': 'character(len=40)', 'Dimensions': '-', 'Swat_codetype': 'in_parmdb'}","{'Line in File': '3', 'Position in File': '1', 'Condition': 'if (bsn_cc%nam1 == 0)', 'Local (Y/N)': 'N', 'TYPE': 'pldb', 'Component': 'plantnm', 'Type': 'character(len=40)', 'Dimensions': '-', 'Swat_codetype': 'in_parmdb'}"
input,plants.plt,3,10,laimx1,"{'Line in File': '3', 'Position in File': '10', 'Condition': '-', 'Local (Y/N)': 'N', 'TYPE': 'pldb', 'Component': 'laimx1', 'Type': 'real', 'Dimensions': '-', 'Swat_codetype': 'in_parmdb'}","{'Line in File': '3', 'Position in File': '10', 'Condition': 'if (bsn_cc%nam1 == 0)', 'Local (Y/N)': 'N', 'TYPE': 'pldb', 'Component': 'laimx1', 'Type': 'real', 'Dimensions': '-', 'Swat_codetype': 'in_parmdb'}"
input,plants.plt,3,11,frgrw2,"{'Line in File': '3', 'Position in File': '11', 'Condition': '-', 'Local (Y/N)': 'N', 'TYPE': 'pldb', 'Component': 'frgrw2', 'Type': 'real', 'Dimensions': '-', 'Swat_codetype': 'in_parmdb'}","{'Line in File': '3', 'Position in File': '11', 'Condition': 'if (bsn_cc%nam1 == 0)', 'Local (Y/N)': 'N', 'TYPE': 'pldb', 'Component': 'frgrw2', 'Type': 'real', 'Dimensions': '-', 'Swat_codetype': 'in_parmdb'}"
input,plants.plt,3,12,laimx2,"{'Line in File': '3', 'Position in File': '12', 'Condition': '-', 'Local (Y/N)': 'N', 'TYPE': 'pldb', 'Component': 'laimx2', 'Type': 'real', 'Dimensions': '-', 'Swat_codetype': 'in_parmdb'}","{'Line in File': '3', 'Position in File': '12', 'Condition': 'if (bsn_cc%nam1 == 0)', 'Local (Y/N)': 'N', 'TYPE': 'pldb', 'Component': 'laimx2', 'Type': 'real', 'Dimensions': '-', 'Swat_codetype': 'in_parmdb'}"
input,plants.plt,3,13,dlai,"{'Line in File': '3', 'Position in File': '13', 'Condition': '-', 'Local (Y/N)': 'N', 'TYPE': 'pldb', 'Component': 'dlai', 'Type': 'real', 'Dimensions': '-', 'Swat_codetype': 'in_parmdb'}","{'Line in File': '3', 'Position in File': '13', 'Condition': 'if (bsn_cc%nam1 == 0)', 'Local (Y/N)': 'N', 'TYPE': 'pldb', 'Component': 'dlai', 'Type': 'real', 'Dimensions': '-', 'Swat_codetype': 'in_parmdb'}"
input,plants.plt,3,14,dlai_rate,"{'Line in File': '3', 'Position in File': '14', 'Condition': '-', 'Local (Y/N)': 'N', 'TYPE': 'pldb', 'Component': 'dlai_rate', 'Type': 'real', 'Dimensions': '-', 'Swat_codetype': 'in_parmdb'}","{'Line in File': '3', 'Position in File': '14', 'Condition': 'if (bsn_cc%nam1 == 0)', 'Local (Y/N)': 'N', 'TYPE': 'pldb', 'Component': 'dlai_rate', 'Type': 'real', 'Dimensions': '-', 'Swat_codetype': 'in_parmdb'}"
input,plants.plt,3,15,chtmx,"{'Line in File': '3', 'Position in File': '15', 'Condition': '-', 'Local (Y/N)': 'N', 'TYPE': 'pldb', 'Component': 'chtmx', 'Type': 'real', 'Dimensions': '-', 'Swat_codetype': 'in_parmdb'}","{'Line in File': '3', 'Position in File': '15', 'Condition': 'if (bsn_cc%nam1 == 0)', 'Local (Y/N)': 'N', 'TYPE': 'pldb', 'Component': 'chtmx', 'Type': 'real', 'Dimensions': '-', 'Swat_codetype': 'in_parmdb'}"
input,plants.plt,3,16,rdmx,"{'Line in File': '3', 'Position in File': '16', 'Condition': '-', 'Local (Y/N)': 'N', 'TYPE': 'pldb', 'Component': 'rdmx', 'Type': 'real', 'Dimensions': '-', 'Swat_codetype': 'in_parmdb'}","{'Line in File': '3', 'Position in File': '16', 'Condition': 'if (bsn_cc%nam1 == 0)', 'Local (Y/N)': 'N', 'TYPE': 'pldb', 'Component': 'rdmx', 'Type': 'real', 'Dimensions': '-', 'Swat_codetype': 'in_parmdb'}"
input,plants.plt,3,17,t_opt,"{'Line in File': '3', 'Position in File': '17', 'Condition': '-', 'Local (Y/N)': 'N', 'TYPE': 'pldb', 'Component': 't_opt', 'Type': 'real', 'Dimensions': '-', 'Swat_codetype': 'in_parmdb'}","{'Line in File': '3', 'Position in File': '17', 'Condition': 'if (bsn_cc%nam1 == 0)', 'Local (Y/N)': 'N', 'TYPE': 'pldb', 'Component': 't_opt', 'Type': 'real', 'Dimensions': '-', 'Swat_codetype': 'in_parmdb'}"
input,plants.plt,3,18,t_base,"{'Line in File': '3', 'Position in File': '18', 'Condition': '-', 'Local (Y/N)': 'N', 'TYPE': 'pldb', 'Component': 't_base', 'Type': 'real', 'Dimensions': '-', 'Swat_codetype': 'in_parmdb'}","{'Line in File': '3', 'Position in File': '18', 'Condition': 'if (bsn_cc%nam1 == 0)', 'Local (Y/N)': 'N', 'TYPE': 'pldb', 'Component': 't_base', 'Type': 'real', 'Dimensions': '-', 'Swat_codetype': 'in_parmdb'}"
input,plants.plt,3,19,cnyld,"{'Line in File': '3', 'Position in File': '19', 'Condition': '-', 'Local (Y/N)': 'N', 'TYPE': 'pldb', 'Component': 'cnyld', 'Type': 'real', 'Dimensions': '-', 'Swat_codetype': 'in_parmdb'}","{'Line in File': '3', 'Position in File': '19', 'Condition': 'if (bsn_cc%nam1 == 0)', 'Local (Y/N)': 'N', 'TYPE': 'pldb', 'Component': 'cnyld', 'Type': 'real', 'Dimensions': '-', 'Swat_codetype': 'in_parmdb'}"
input,plants.plt,3,2,typ,"{'Line in File': '3', 'Position in File': '2', 'Condition': '-', 'Local (Y/N)': 'N', 'TYPE': 'pldb', 'Component': 'typ', 'Type': 'character(len=18)', 'Dimensions': '-', 'Swat_codetype': 'in_parmdb'}","{'Line in File': '3', 'Position in File': '2', 'Condition': 'if (bsn_cc%nam1 == 0)', 'Local (Y/N)': 'N', 'TYPE': 'pldb', 'Component': 'typ', 'Type': 'character(len=18)', 'Dimensions': '-', 'Swat_codetype': 'in_parmdb'}"
input,plants.plt,3,20,cpyld,"{'Line in File': '3', 'Position in File': '20', 'Condition': '-', 'Local (Y/N)': 'N', 'TYPE': 'pldb', 'Component': 'cpyld', 'Type': 'real', 'Dimensions': '-', 'Swat_codetype': 'in_parmdb'}","{'Line in File': '3', 'Position in File': '20', 'Condition': 'if (bsn_cc%nam1 == 0)', 'Local (Y/N)': 'N', 'TYPE': 'pldb', 'Component': 'cpyld', 'Type': 'real', 'Dimensions': '-', 'Swat_codetype': 'in_parmdb'}"
input,plants.plt,3,21,pltnfr1,"{'Line in File': '3', 'Position in File': '21', 'Condition': '-', 'Local (Y/N)': 'N', 'TYPE': 'pldb', 'Component': 'pltnfr1', 'Type': 'real', 'Dimensions': '-', 'Swat_codetype': 'in_parmdb'}","{'Line in File': '3', 'Position in File': '21', 'Condition': 'if (bsn_cc%nam1 == 0)', 'Local (Y/N)': 'N', 'TYPE': 'pldb', 'Component': 'pltnfr1', 'Type': 'real', 'Dimensions': '-', 'Swat_codetype': 'in_parmdb'}"
input,plants.plt,3,22,pltnfr2,"{'Line in File': '3', 'Position in File': '22', 'Condition': '-', 'Local (Y/N)': 'N', 'TYPE': 'pldb', 'Component': 'pltnfr2', 'Type': 'real', 'Dimensions': '-', 'Swat_codetype': 'in_parmdb'}","{'Line in File': '3', 'Position in File': '22', 'Condition': 'if (bsn_cc%nam1 == 0)', 'Local (Y/N)': 'N', 'TYPE': 'pldb', 'Component': 'pltnfr2', 'Type': 'real', 'Dimensions': '-', 'Swat_codetype': 'in_parmdb'}"
input,plants.plt,3,23,pltnfr3,"{'Line in File': '3', 'Position in File': '23', 'Condition': '-', 'Local (Y/N)': 'N', 'TYPE': 'pldb', 'Component': 'pltnfr3', 'Type': 'real', 'Dimensions': '-', 'Swat_codetype': 'in_parmdb'}","{'Line in File': '3', 'Position in File': '23', 'Condition': 'if (bsn_cc%nam1 == 0)', 'Local (Y/N)': 'N', 'TYPE': 'pldb', 'Component': 'pltnfr3', 'Type': 'real', 'Dimensions': '-', 'Swat_codetype': 'in_parmdb'}"
input,plants.plt,3,24,pltpfr1,"{'Line in File': '3', 'Position in File': '24', 'Condition': '-', 'Local (Y/N)': 'N', 'TYPE': 'pldb', 'Component': 'pltpfr1', 'Type': 'real', 'Dimensions': '-', 'Swat_codetype': 'in_parmdb'}","{'Line in File': '3', 'Position in File': '24', 'Condition': 'if (bsn_cc%nam1 == 0)', 'Local (Y/N)': 'N', 'TYPE': 'pldb', 'Component': 'pltpfr1', 'Type': 'real', 'Dimensions': '-', 'Swat_codetype': 'in_parmdb'}"
input,plants.plt,3,25,pltpfr2,"{'Line in File': '3', 'Position in File': '25', 'Condition': '-', 'Local (Y/N)': 'N', 'TYPE': 'pldb', 'Component': 'pltpfr2', 'Type': 'real', 'Dimensions': '-', 'Swat_codetype': 'in_parmdb'}","{'Line in File': '3', 'Position in File': '25', 'Condition': 'if (bsn_cc%nam1 == 0)', 'Local (Y/N)': 'N', 'TYPE': 'pldb', 'Component': 'pltpfr2', 'Type': 'real', 'Dimensions': '-', 'Swat_codetype': 'in_parmdb'}"
input,plants.plt,3,26,pltpfr3,"{'Line in File': '3', 'Position in File': '26', 'Condition': '-', 'Local (Y/N)': 'N', 'TYPE': 'pldb', 'Component': 'pltpfr3', 'Type': 'real', 'Dimensions': '-', 'Swat_codetype': 'in_parmdb'}","{'Line in File': '3', 'Position in File': '26', 'Condition': 'if (bsn_cc%nam1 == 0)', 'Local (Y/N)': 'N', 'TYPE': 'pldb', 'Component': 'pltpfr3', 'Type': 'real', 'Dimensions': '-', 'Swat_codetype': 'in_parmdb'}"
input,plants.plt,3,27,wsyf,"{'Line in File': '3', 'Position in File': '27', 'Condition': '-', 'Local (Y/N)': 'N', 'TYPE': 'pldb', 'Component': 'wsyf', 'Type': 'real', 'Dimensions': '-', 'Swat_codetype': 'in_parmdb'}","{'Line in File': '3', 'Position in File': '27', 'Condition': 'if (bsn_cc%nam1 == 0)', 'Local (Y/N)': 'N', 'TYPE': 'pldb', 'Component': 'wsyf', 'Type': 'real', 'Dimensions': '-', 'Swat_codetype': 'in_parmdb'}"
input,plants.plt,3,28,usle_c,"{'Line in File': '3', 'Position in File': '28', 'Condition': '-', 'Local (Y/N)': 'N', 'TYPE': 'pldb', 'Component': 'usle_c', 'Type': 'real', 'Dimensions': '-', 'Swat_codetype': 'in_parmdb'}","{'Line in File': '3', 'Position in File': '28', 'Condition': 'if (bsn_cc%nam1 == 0)', 'Local (Y/N)': 'N', 'TYPE': 'pldb', 'Component': 'usle_c', 'Type': 'real', 'Dimensions': '-', 'Swat_codetype': 'in_parmdb'}"
input,plants.plt,3,29,gsi,"{'Line in File': '3', 'Position in File': '29', 'Condition': '-', 'Local (Y/N)': 'N', 'TYPE': 'pldb', 'Component': 'gsi', 'Type': 'real', 'Dimensions': '-', 'Swat_codetype': 'in_parmdb'}","{'Line in File': '3', 'Position in File': '29', 'Condition': 'if (bsn_cc%nam1 == 0)', 'Local (Y/N)': 'N', 'TYPE': 'pldb', 'Component': 'gsi', 'Type': 'real', 'Dimensions': '-', 'Swat_codetype': 'in_parmdb'}"
input,plants.plt,3,3,trig,"{'Line in File': '3', 'Position in File': '3', 'Condition': '-', 'Local (Y/N)': 'N', 'TYPE': 'pldb', 'Component': 'trig', 'Type': 'character(len=18)', 'Dimensions': '-', 'Swat_codetype': 'in_parmdb'}","{'Line in File': '3', 'Position in File': '3', 'Condition': 'if (bsn_cc%nam1 == 0)', 'Local (Y/N)': 'N', 'TYPE': 'pldb', 'Component': 'trig', 'Type': 'character(len=18)', 'Dimensions': '-', 'Swat_codetype': 'in_parmdb'}"
input,plants.plt,3,30,vpdfr,"{'Line in File': '3', 'Position in File': '30', 'Condition': '-', 'Local (Y/N)': 'N', 'TYPE': 'pldb', 'Component': 'vpdfr', 'Type': 'real', 'Dimensions': '-', 'Swat_codetype': 'in_parmdb'}","{'Line in File': '3', 'Position in File': '30', 'Condition': 'if (bsn_cc%nam1 == 0)', 'Local (Y/N)': 'N', 'TYPE': 'pldb', 'Component': 'vpdfr', 'Type': 'real', 'Dimensions': '-', 'Swat_codetype': 'in_parmdb'}"
input,plants.plt,3,31,gmaxfr,"{'Line in File': '3', 'Position in File': '31', 'Condition': '-', 'Local (Y/N)': 'N', 'TYPE': 'pldb', 'Component': 'gmaxfr', 'Type': 'real', 'Dimensions': '-', 'Swat_codetype': 'in_parmdb'}","{'Line in File': '3', 'Position in File': '31', 'Condition': 'if (bsn_cc%nam1 == 0)', 'Local (Y/N)': 'N', 'TYPE': 'pldb', 'Component': 'gmaxfr', 'Type': 'real', 'Dimensions': '-', 'Swat_codetype': 'in_parmdb'}"
input,plants.plt,3,32,wavp,"{'Line in File': '3', 'Position in File': '32', 'Condition': '-', 'Local (Y/N)': 'N', 'TYPE': 'pldb', 'Component': 'wavp', 'Type': 'real', 'Dimensions': '-', 'Swat_codetype': 'in_parmdb'}","{'Line in File': '3', 'Position in File': '32', 'Condition': 'if (bsn_cc%nam1 == 0)', 'Local (Y/N)': 'N', 'TYPE': 'pldb', 'Component': 'wavp', 'Type': 'real', 'Dimensions': '-', 'Swat_codetype': 'in_parmdb'}"
input,plants.plt,3,33,co2hi,"{'Line in File': '3', 'Position in File': '33', 'Condition': '-', 'Local (Y/N)': 'N', 'TYPE': 'pldb', 'Component': 'co2hi', 'Type': 'real', 'Dimensions': '-', 'Swat_codetype': 'in_parmdb'}","{'Line in File': '3', 'Position in File': '33', 'Condition': 'if (bsn_cc%nam1 == 0)', 'Local (Y/N)': 'N', 'TYPE': 'pldb', 'Component': 'co2hi', 'Type': 'real', 'Dimensions': '-', 'Swat_codetype': 'in_parmdb'}"
input,plants.plt,3,34,bioehi,"{'Line in File': '3', 'Position in File': '34', 'Condition': '-', 'Local (Y/N)': 'N', 'TYPE': 'pldb', 'Component': 'bioehi', 'Type': 'real', 'Dimensions': '-', 'Swat_codetype': 'in_parmdb'}","{'Line in File': '3', 'Position in File': '34', 'Condition': 'if (bsn_cc%nam1 == 0)', 'Local (Y/N)': 'N', 'TYPE': 'pldb', 'Component': 'bioehi', 'Type': 'real', 'Dimensions': '-', 'Swat_codetype': 'in_parmdb'}"
input,plants.plt,3,35,rsdco_pl,"{'Line in File': '3', 'Position in File': '35', 'Condition': '-', 'Local (Y/N)': 'N', 'TYPE': 'pldb', 'Component': 'rsdco_pl', 'Type': 'real', 'Dimensions': '-', 'Swat_codetype': 'in_parmdb'}","{'Line in File': '3', 'Position in File': '35', 'Condition': 'if (bsn_cc%nam1 == 0)', 'Local (Y/N)': 'N', 'TYPE': 'pldb', 'Component': 'rsdco_pl', 'Type': 'real', 'Dimensions': '-', 'Swat_codetype': 'in_parmdb'}"
input,plants.plt,3,36,alai_min,"{'Line in File': '3', 'Position in File': '36', 'Condition': '-', 'Local (Y/N)': 'N', 'TYPE': 'pldb', 'Component': 'alai_min', 'Type': 'real', 'Dimensions': '-', 'Swat_codetype': 'in_parmdb'}","{'Line in File': '3', 'Position in File': '36', 'Condition': 'if (bsn_cc%nam1 == 0)', 'Local (Y/N)': 'N', 'TYPE': 'pldb', 'Component': 'alai_min', 'Type': 'real', 'Dimensions': '-', 'Swat_codetype': 'in_parmdb'}"
input,plants.plt,3,37,laixco_tree,"{'Line in File': '3', 'Position in File': '37', 'Condition': '-', 'Local (Y/N)': 'N', 'TYPE': 'pldb', 'Component': 'laixco_tree', 'Type': 'real', 'Dimensions': '-', 'Swat_codetype': 'in_parmdb'}","{'Line in File': '3', 'Position in File': '37', 'Condition': 'if (bsn_cc%nam1 == 0)', 'Local (Y/N)': 'N', 'TYPE': 'pldb', 'Component': 'laixco_tree', 'Type': 'real', 'Dimensions': '-', 'Swat_codetype': 'in_parmdb'}"
input,plants.plt,3,38,mat_yrs,"{'Line in File': '3', 'Position in File': '38', 'Condition': '-', 'Local (Y/N)': 'N', 'TYPE': 'pldb', 'Component': 'mat_yrs', 'Type': 'integer', 'Dimensions': '-', 'Swat_codetype': 'in_parmdb'}","{'Line in File': '3', 'Position in File': '38', 'Condition': 'if (bsn_cc%nam1 == 0)', 'Local (Y/N)': 'N', 'TYPE': 'pldb', 'Component': 'mat_yrs', 'Type': 'integer', 'Dimensions': '-', 'Swat_codetype': 'in_parmdb'}"
input,plants.plt,3,39,bmx_peren,"{'Line in File': '3', 'Position in File': '39', 'Condition': '-', 'Local (Y/N)': 'N', 'TYPE': 'pldb', 'Component': 'bmx_peren', 'Type': 'real', 'Dimensions': '-', 'Swat_codetype': 'in_parmdb'}","{'Line in File': '3', 'Position in File': '39', 'Condition': 'if (bsn_cc%nam1 == 0)', 'Local (Y/N)': 'N', 'TYPE': 'pldb', 'Component': 'bmx_peren', 'Type': 'real', 'Dimensions': '-', 'Swat_codetype': 'in_parmdb'}"
input,plants.plt,3,4,nfix_co,"{'Line in File': '3', 'Position in File': '4', 'Condition': '-', 'Local (Y/N)': 'N', 'TYPE': 'pldb', 'Component': 'nfix_co', 'Type': 'real', 'Dimensions': '-', 'Swat_codetype': 'in_parmdb'}","{'Line in File': '3', 'Position in File': '4', 'Condition': 'if (bsn_cc%nam1 == 0)', 'Local (Y/N)': 'N', 'TYPE': 'pldb', 'Component': 'nfix_co', 'Type': 'real', 'Dimensions': '-', 'Swat_codetype': 'in_parmdb'}"
input,plants.plt,3,40,ext_coef,"{'Line in File': '3', 'Position in File': '40', 'Condition': '-', 'Local (Y/N)': 'N', 'TYPE': 'pldb', 'Component': 'ext_coef', 'Type': 'real', 'Dimensions': '-', 'Swat_codetype': 'in_parmdb'}","{'Line in File': '3', 'Position in File': '40', 'Condition': 'if (bsn_cc%nam1 == 0)', 'Local (Y/N)': 'N', 'TYPE': 'pldb', 'Component': 'ext_coef', 'Type': 'real', 'Dimensions': '-', 'Swat_codetype': 'in_parmdb'}"
input,plants.plt,3,41,leaf_tov_min,"{'Line in File': '3', 'Position in File': '41', 'Condition': '-', 'Local (Y/N)': 'N', 'TYPE': 'pldb', 'Component': 'leaf_tov_min', 'Type': 'real', 'Dimensions': '-', 'Swat_codetype': 'in_parmdb'}","{'Line in File': '3', 'Position in File': '41', 'Condition': 'if (bsn_cc%nam1 == 0)', 'Local (Y/N)': 'N', 'TYPE': 'pldb', 'Component': 'leaf_tov_min', 'Type': 'real', 'Dimensions': '-', 'Swat_codetype': 'in_parmdb'}"
input,plants.plt,3,42,leaf_tov_max,"{'Line in File': '3', 'Position in File': '42', 'Condition': '-', 'Local (Y/N)': 'N', 'TYPE': 'pldb', 'Component': 'leaf_tov_max', 'Type': 'real', 'Dimensions': '-', 'Swat_codetype': 'in_parmdb'}","{'Line in File': '3', 'Position in File': '42', 'Condition': 'if (bsn_cc%nam1 == 0)', 'Local (Y/N)': 'N', 'TYPE': 'pldb', 'Component': 'leaf_tov_max', 'Type': 'real', 'Dimensions': '-', 'Swat_codetype': 'in_parmdb'}"
input,plants.plt,3,43,bm_dieoff,"{'Line in File': '3', 'Position in File': '43', 'Condition': '-', 'Local (Y/N)': 'N', 'TYPE': 'pldb', 'Component': 'bm_dieoff', 'Type': 'real', 'Dimensions': '-', 'Swat_codetype': 'in_parmdb'}","{'Line in File': '3', 'Position in File': '43', 'Condition': 'if (bsn_cc%nam1 == 0)', 'Local (Y/N)': 'N', 'TYPE': 'pldb', 'Component': 'bm_dieoff', 'Type': 'real', 'Dimensions': '-', 'Swat_codetype': 'in_parmdb'}"
input,plants.plt,3,44,rsr1,"{'Line in File': '3', 'Position in File': '44', 'Condition': '-', 'Local (Y/N)': 'N', 'TYPE': 'pldb', 'Component': 'rsr1', 'Type': 'real', 'Dimensions': '-', 'Swat_codetype': 'in_parmdb'}","{'Line in File': '3', 'Position in File': '44', 'Condition': 'if (bsn_cc%nam1 == 0)', 'Local (Y/N)': 'N', 'TYPE': 'pldb', 'Component': 'rsr1', 'Type': 'real', 'Dimensions': '-', 'Swat_codetype': 'in_parmdb'}"
input,plants.plt,3,45,rsr2,"{'Line in File': '3', 'Position in File': '45', 'Condition': '-', 'Local (Y/N)': 'N', 'TYPE': 'pldb', 'Component': 'rsr2', 'Type': 'real', 'Dimensions': '-', 'Swat_codetype': 'in_parmdb'}","{'Line in File': '3', 'Position in File': '45', 'Condition': 'if (bsn_cc%nam1 == 0)', 'Local (Y/N)': 'N', 'TYPE': 'pldb', 'Component': 'rsr2', 'Type': 'real', 'Dimensions': '-', 'Swat_codetype': 'in_parmdb'}"
input,plants.plt,3,46,pop1,"{'Line in File': '3', 'Position in File': '46', 'Condition': '-', 'Local (Y/N)': 'N', 'TYPE': 'pldb', 'Component': 'pop1', 'Type': 'real', 'Dimensions': '-', 'Swat_codetype': 'in_parmdb'}","{'Line in File': '3', 'Position in File': '46', 'Condition': 'if (bsn_cc%nam1 == 0)', 'Local (Y/N)': 'N', 'TYPE': 'pldb', 'Component': 'pop1', 'Type': 'real', 'Dimensions': '-', 'Swat_codetype': 'in_parmdb'}"
input,plants.plt,3,47,frlai1,"{'Line in File': '3', 'Position in File': '47', 'Condition': '-', 'Local (Y/N)': 'N', 'TYPE': 'pldb', 'Component': 'frlai1', 'Type': 'real', 'Dimensions': '-', 'Swat_codetype': 'in_parmdb'}","{'Line in File': '3', 'Position in File': '47', 'Condition': 'if (bsn_cc%nam1 == 0)', 'Local (Y/N)': 'N', 'TYPE': 'pldb', 'Component': 'frlai1', 'Type': 'real', 'Dimensions': '-', 'Swat_codetype': 'in_parmdb'}"
input,plants.plt,3,48,pop2,"{'Line in File': '3', 'Position in File': '48', 'Condition': '-', 'Local (Y/N)': 'N', 'TYPE': 'pldb', 'Component': 'pop2', 'Type': 'real', 'Dimensions': '-', 'Swat_codetype': 'in_parmdb'}","{'Line in File': '3', 'Position in File': '48', 'Condition': 'if (bsn_cc%nam1 == 0)', 'Local (Y/N)': 'N', 'TYPE': 'pldb', 'Component': 'pop2', 'Type': 'real', 'Dimensions': '-', 'Swat_codetype': 'in_parmdb'}"
input,plants.plt,3,49,frlai2,"{'Line in File': '3', 'Position in File': '49', 'Condition': '-', 'Local (Y/N)': 'N', 'TYPE': 'pldb', 'Component': 'frlai2', 'Type': 'real', 'Dimensions': '-', 'Swat_codetype': 'in_parmdb'}","{'Line in File': '3', 'Position in File': '49', 'Condition': 'if (bsn_cc%nam1 == 0)', 'Local (Y/N)': 'N', 'TYPE': 'pldb', 'Component': 'frlai2', 'Type': 'real', 'Dimensions': '-', 'Swat_codetype': 'in_parmdb'}"
input,plants.plt,3,5,days_mat,"{'Line in File': '3', 'Position in File': '5', 'Condition': '-', 'Local (Y/N)': 'N', 'TYPE': 'pldb', 'Component': 'days_mat', 'Type': 'integer', 'Dimensions': '-', 'Swat_codetype': 'in_parmdb'}","{'Line in File': '3', 'Position in File': '5', 'Condition': 'if (bsn_cc%nam1 == 0)', 'Local (Y/N)': 'N', 'TYPE': 'pldb', 'Component': 'days_mat', 'Type': 'integer', 'Dimensions': '-', 'Swat_codetype': 'in_parmdb'}"
input,plants.plt,3,50,frsw_gro,"{'Line in File': '3', 'Position in File': '50', 'Condition': '-', 'Local (Y/N)': 'N', 'TYPE': 'pldb', 'Component': 'frsw_gro', 'Type': 'real', 'Dimensions': '-', 'Swat_codetype': 'in_parmdb'}","{'Line in File': '3', 'Position in File': '50', 'Condition': 'if (bsn_cc%nam1 == 0)', 'Local (Y/N)': 'N', 'TYPE': 'pldb', 'Component': 'frsw_gro', 'Type': 'real', 'Dimensions': '-', 'Swat_codetype': 'in_parmdb'}"
input,plants.plt,3,51,aeration,"{'Line in File': '3', 'Position in File': '51', 'Condition': '-', 'Local (Y/N)': 'N', 'TYPE': 'pldb', 'Component': 'aeration', 'Type': 'real', 'Dimensions': '-', 'Swat_codetype': 'in_parmdb'}","{'Line in File': '3', 'Position in File': '51', 'Condition': 'if (bsn_cc%nam1 == 0)', 'Local (Y/N)': 'N', 'TYPE': 'pldb', 'Component': 'aeration', 'Type': 'real', 'Dimensions': '-', 'Swat_codetype': 'in_parmdb'}"
input,plants.plt,3,52,rsd_pctcov,"{'Line in File': '3', 'Position in File': '52', 'Condition': '-', 'Local (Y/N)': 'N', 'TYPE': 'pldb', 'Component': 'rsd_pctcov', 'Type': 'real', 'Dimensions': '-', 'Swat_codetype': 'in_parmdb'}","{'Line in File': '3', 'Position in File': '52', 'Condition': 'if (bsn_cc%nam1 == 0)', 'Local (Y/N)': 'N', 'TYPE': 'pldb', 'Component': 'rsd_pctcov', 'Type': 'real', 'Dimensions': '-', 'Swat_codetype': 'in_parmdb'}"
input,plants.plt,3,53,rsd_covfac,"{'Line in File': '3', 'Position in File': '53', 'Condition': '-', 'Local (Y/N)': 'N', 'TYPE': 'pldb', 'Component': 'rsd_covfac', 'Type': 'real', 'Dimensions': '-', 'Swat_codetype': 'in_parmdb'}","{'Line in File': '3', 'Position in File': '53', 'Condition': 'if (bsn_cc%nam1 == 0)', 'Local (Y/N)': 'N', 'TYPE': 'pldb', 'Component': 'rsd_covfac', 'Type': 'real', 'Dimensions': '-', 'Swat_codetype': 'in_parmdb'}"
input,plants.plt,3,54,meta_frac,,"{'Line in File': '3', 'Position in File': '54', 'Condition': 'if (bsn_cc%nam1 == 0)', 'Local (Y/N)': 'N', 'TYPE': 'res_part_fracs', 'Component': 'meta_frac', 'Type': 'unknown', 'Dimensions': '-', 'Swat_codetype': 'in_parmdb'}"
input,plants.plt,3,55,str_frac,,"{'Line in File': '3', 'Position in File': '55', 'Condition': 'if (bsn_cc%nam1 == 0)', 'Local (Y/N)': 'N', 'TYPE': 'res_part_fracs', 'Component': 'str_frac', 'Type': 'unknown', 'Dimensions': '-', 'Swat_codetype': 'in_parmdb'}"
input,plants.plt,3,56,lig_frac,,"{'Line in File': '3', 'Position in File': '56', 'Condition': 'if (bsn_cc%nam1 == 0)', 'Local (Y/N)': 'N', 'TYPE': 'res_part_fracs', 'Component': 'lig_frac', 'Type': 'unknown', 'Dimensions': '-', 'Swat_codetype': 'in_parmdb'}"
input,plants.plt,3,6,bio_e,"{'Line in File': '3', 'Position in File': '6', 'Condition': '-', 'Local (Y/N)': 'N', 'TYPE': 'pldb', 'Component': 'bio_e', 'Type': 'real', 'Dimensions': '-', 'Swat_codetype': 'in_parmdb'}","{'Line in File': '3', 'Position in File': '6', 'Condition': 'if (bsn_cc%nam1 == 0)', 'Local (Y/N)': 'N', 'TYPE': 'pldb', 'Component': 'bio_e', 'Type': 'real', 'Dimensions': '-', 'Swat_codetype': 'in_parmdb'}"
input,plants.plt,3,7,hvsti,"{'Line in File': '3', 'Position in File': '7', 'Condition': '-', 'Local (Y/N)': 'N', 'TYPE': 'pldb', 'Component': 'hvsti', 'Type': 'real', 'Dimensions': '-', 'Swat_codetype': 'in_parmdb'}","{'Line in File': '3', 'Position in File': '7', 'Condition': 'if (bsn_cc%nam1 == 0)', 'Local (Y/N)': 'N', 'TYPE': 'pldb', 'Component': 'hvsti', 'Type': 'real', 'Dimensions': '-', 'Swat_codetype': 'in_parmdb'}"
input,plants.plt,3,8,blai,"{'Line in File': '3', 'Position in File': '8', 'Condition': '-', 'Local (Y/N)': 'N', 'TYPE': 'pldb', 'Component': 'blai', 'Type': 'real', 'Dimensions': '-', 'Swat_codetype': 'in_parmdb'}","{'Line in File': '3', 'Position in File': '8', 'Condition': 'if (bsn_cc%nam1 == 0)', 'Local (Y/N)': 'N', 'TYPE': 'pldb', 'Component': 'blai', 'Type': 'real', 'Dimensions': '-', 'Swat_codetype': 'in_parmdb'}"
input,plants.plt,3,9,frgrw1,"{'Line in File': '3', 'Position in File': '9', 'Condition': '-', 'Local (Y/N)': 'N', 'TYPE': 'pldb', 'Component': 'frgrw1', 'Type': 'real', 'Dimensions': '-', 'Swat_codetype': 'in_parmdb'}","{'Line in File': '3', 'Position in File': '9', 'Condition': 'if (bsn_cc%nam1 == 0)', 'Local (Y/N)': 'N', 'TYPE': 'pldb', 'Component': 'frgrw1', 'Type': 'real', 'Dimensions': '-', 'Swat_codetype': 'in_parmdb'}"
input,plants.plt,4,1,plantnm,,"{'Line in File': '4', 'Position in File': '1', 'Condition': 'if (bsn_cc%nam1 == 0)', 'Local (Y/N)': 'N', 'TYPE': 'pldb', 'Component': 'plantnm', 'Type': 'character(len=40)', 'Dimensions': '-', 'Swat_codetype': 'in_parmdb'}"
input,plants.plt,4,10,laimx1,,"{'Line in File': '4', 'Position in File': '10', 'Condition': 'if (bsn_cc%nam1 == 0)', 'Local (Y/N)': 'N', 'TYPE': 'pldb', 'Component': 'laimx1', 'Type': 'real', 'Dimensions': '-', 'Swat_codetype': 'in_parmdb'}"
input,plants.plt,4,11,frgrw2,,"{'Line in File': '4', 'Position in File': '11', 'Condition': 'if (bsn_cc%nam1 == 0)', 'Local (Y/N)': 'N', 'TYPE': 'pldb', 'Component': 'frgrw2', 'Type': 'real', 'Dimensions': '-', 'Swat_codetype': 'in_parmdb'}"
input,plants.plt,4,12,laimx2,,"{'Line in File': '4', 'Position in File': '12', 'Condition': 'if (bsn_cc%nam1 == 0)', 'Local (Y/N)': 'N', 'TYPE': 'pldb', 'Component': 'laimx2', 'Type': 'real', 'Dimensions': '-', 'Swat_codetype': 'in_parmdb'}"
input,plants.plt,4,13,dlai,,"{'Line in File': '4', 'Position in File': '13', 'Condition': 'if (bsn_cc%nam1 == 0)', 'Local (Y/N)': 'N', 'TYPE': 'pldb', 'Component': 'dlai', 'Type': 'real', 'Dimensions': '-', 'Swat_codetype': 'in_parmdb'}"
input,plants.plt,4,14,dlai_rate,,"{'Line in File': '4', 'Position in File': '14', 'Condition': 'if (bsn_cc%nam1 == 0)', 'Local (Y/N)': 'N', 'TYPE': 'pldb', 'Component': 'dlai_rate', 'Type': 'real', 'Dimensions': '-', 'Swat_codetype': 'in_parmdb'}"
input,plants.plt,4,15,chtmx,,"{'Line in File': '4', 'Position in File': '15', 'Condition': 'if (bsn_cc%nam1 == 0)', 'Local (Y/N)': 'N', 'TYPE': 'pldb', 'Component': 'chtmx', 'Type': 'real', 'Dimensions': '-', 'Swat_codetype': 'in_parmdb'}"
input,plants.plt,4,16,rdmx,,"{'Line in File': '4', 'Position in File': '16', 'Condition': 'if (bsn_cc%nam1 == 0)', 'Local (Y/N)': 'N', 'TYPE': 'pldb', 'Component': 'rdmx', 'Type': 'real', 'Dimensions': '-', 'Swat_codetype': 'in_parmdb'}"
input,plants.plt,4,17,t_opt,,"{'Line in File': '4', 'Position in File': '17', 'Condition': 'if (bsn_cc%nam1 == 0)', 'Local (Y/N)': 'N', 'TYPE': 'pldb', 'Component': 't_opt', 'Type': 'real', 'Dimensions': '-', 'Swat_codetype': 'in_parmdb'}"
input,plants.plt,4,18,t_base,,"{'Line in File': '4', 'Position in File': '18', 'Condition': 'if (bsn_cc%nam1 == 0)', 'Local (Y/N)': 'N', 'TYPE': 'pldb', 'Component': 't_base', 'Type': 'real', 'Dimensions': '-', 'Swat_codetype': 'in_parmdb'}"
input,plants.plt,4,19,cnyld,,"{'Line in File': '4', 'Position in File': '19', 'Condition': 'if (bsn_cc%nam1 == 0)', 'Local (Y/N)': 'N', 'TYPE': 'pldb', 'Component': 'cnyld', 'Type': 'real', 'Dimensions': '-', 'Swat_codetype': 'in_parmdb'}"
input,plants.plt,4,2,typ,,"{'Line in File': '4', 'Position in File': '2', 'Condition': 'if (bsn_cc%nam1 == 0)', 'Local (Y/N)': 'N', 'TYPE': 'pldb', 'Component': 'typ', 'Type': 'character(len=18)', 'Dimensions': '-', 'Swat_codetype': 'in_parmdb'}"
input,plants.plt,4,20,cpyld,,"{'Line in File': '4', 'Position in File': '20', 'Condition': 'if (bsn_cc%nam1 == 0)', 'Local (Y/N)': 'N', 'TYPE': 'pldb', 'Component': 'cpyld', 'Type': 'real', 'Dimensions': '-', 'Swat_codetype': 'in_parmdb'}"
input,plants.plt,4,21,pltnfr1,,"{'Line in File': '4', 'Position in File': '21', 'Condition': 'if (bsn_cc%nam1 == 0)', 'Local (Y/N)': 'N', 'TYPE': 'pldb', 'Component': 'pltnfr1', 'Type': 'real', 'Dimensions': '-', 'Swat_codetype': 'in_parmdb'}"
input,plants.plt,4,22,pltnfr2,,"{'Line in File': '4', 'Position in File': '22', 'Condition': 'if (bsn_cc%nam1 == 0)', 'Local (Y/N)': 'N', 'TYPE': 'pldb', 'Component': 'pltnfr2', 'Type': 'real', 'Dimensions': '-', 'Swat_codetype': 'in_parmdb'}"
input,plants.plt,4,23,pltnfr3,,"{'Line in File': '4', 'Position in File': '23', 'Condition': 'if (bsn_cc%nam1 == 0)', 'Local (Y/N)': 'N', 'TYPE': 'pldb', 'Component': 'pltnfr3', 'Type': 'real', 'Dimensions': '-', 'Swat_codetype': 'in_parmdb'}"
input,plants.plt,4,24,pltpfr1,,"{'Line in File': '4', 'Position in File': '24', 'Condition': 'if (bsn_cc%nam1 == 0)', 'Local (Y/N)': 'N', 'TYPE': 'pldb', 'Component': 'pltpfr1', 'Type': 'real', 'Dimensions': '-', 'Swat_codetype': 'in_parmdb'}"
input,plants.plt,4,25,pltpfr2,,"{'Line in File': '4', 'Position in File': '25', 'Condition': 'if (bsn_cc%nam1 == 0)', 'Local (Y/N)': 'N', 'TYPE': 'pldb', 'Component': 'pltpfr2', 'Type': 'real', 'Dimensions': '-', 'Swat_codetype': 'in_parmdb'}"
input,plants.plt,4,26,pltpfr3,,"{'Line in File': '4', 'Position in File': '26', 'Condition': 'if (bsn_cc%nam1 == 0)', 'Local (Y/N)': 'N', 'TYPE': 'pldb', 'Component': 'pltpfr3', 'Type': 'real', 'Dimensions': '-', 'Swat_codetype': 'in_parmdb'}"
input,plants.plt,4,27,wsyf,,"{'Line in File': '4', 'Position in File': '27', 'Condition': 'if (bsn_cc%nam1 == 0)', 'Local (Y/N)': 'N', 'TYPE': 'pldb', 'Component': 'wsyf', 'Type': 'real', 'Dimensions': '-', 'Swat_codetype': 'in_parmdb'}"
input,plants.plt,4,28,usle_c,,"{'Line in File': '4', 'Position in File': '28', 'Condition': 'if (bsn_cc%nam1 == 0)', 'Local (Y/N)': 'N', 'TYPE': 'pldb', 'Component': 'usle_c', 'Type': 'real', 'Dimensions': '-', 'Swat_codetype': 'in_parmdb'}"
input,plants.plt,4,29,gsi,,"{'Line in File': '4', 'Position in File': '29', 'Condition': 'if (bsn_cc%nam1 == 0)', 'Local (Y/N)': 'N', 'TYPE': 'pldb', 'Component': 'gsi', 'Type': 'real', 'Dimensions': '-', 'Swat_codetype': 'in_parmdb'}"
input,plants.plt,4,3,trig,,"{'Line in File': '4', 'Position in File': '3', 'Condition': 'if (bsn_cc%nam1 == 0)', 'Local (Y/N)': 'N', 'TYPE': 'pldb', 'Component': 'trig', 'Type': 'character(len=18)', 'Dimensions': '-', 'Swat_codetype': 'in_parmdb'}"
input,plants.plt,4,30,vpdfr,,"{'Line in File': '4', 'Position in File': '30', 'Condition': 'if (bsn_cc%nam1 == 0)', 'Local (Y/N)': 'N', 'TYPE': 'pldb', 'Component': 'vpdfr', 'Type': 'real', 'Dimensions': '-', 'Swat_codetype': 'in_parmdb'}"
input,plants.plt,4,31,gmaxfr,,"{'Line in File': '4', 'Position in File': '31', 'Condition': 'if (bsn_cc%nam1 == 0)', 'Local (Y/N)': 'N', 'TYPE': 'pldb', 'Component': 'gmaxfr', 'Type': 'real', 'Dimensions': '-', 'Swat_codetype': 'in_parmdb'}"
input,plants.plt,4,32,wavp,,"{'Line in File': '4', 'Position in File': '32', 'Condition': 'if (bsn_cc%nam1 == 0)', 'Local (Y/N)': 'N', 'TYPE': 'pldb', 'Component': 'wavp', 'Type': 'real', 'Dimensions': '-', 'Swat_codetype': 'in_parmdb'}"
input,plants.plt,4,33,co2hi,,"{'Line in File': '4', 'Position in File': '33', 'Condition': 'if (bsn_cc%nam1 == 0)', 'Local (Y/N)': 'N', 'TYPE': 'pldb', 'Component': 'co2hi', 'Type': 'real', 'Dimensions': '-', 'Swat_codetype': 'in_parmdb'}"
input,plants.plt,4,34,bioehi,,"{'Line in File': '4', 'Position in File': '34', 'Condition': 'if (bsn_cc%nam1 == 0)', 'Local (Y/N)': 'N', 'TYPE': 'pldb', 'Component': 'bioehi', 'Type': 'real', 'Dimensions': '-', 'Swat_codetype': 'in_parmdb'}"
input,plants.plt,4,35,rsdco_pl,,"{'Line in File': '4', 'Position in File': '35', 'Condition': 'if (bsn_cc%nam1 == 0)', 'Local (Y/N)': 'N', 'TYPE': 'pldb', 'Component': 'rsdco_pl', 'Type': 'real', 'Dimensions': '-', 'Swat_codetype': 'in_parmdb'}"
input,plants.plt,4,36,alai_min,,"{'Line in File': '4', 'Position in File': '36', 'Condition': 'if (bsn_cc%nam1 == 0)', 'Local (Y/N)': 'N', 'TYPE': 'pldb', 'Component': 'alai_min', 'Type': 'real', 'Dimensions': '-', 'Swat_codetype': 'in_parmdb'}"
input,plants.plt,4,37,laixco_tree,,"{'Line in File': '4', 'Position in File': '37', 'Condition': 'if (bsn_cc%nam1 == 0)', 'Local (Y/N)': 'N', 'TYPE': 'pldb', 'Component': 'laixco_tree', 'Type': 'real', 'Dimensions': '-', 'Swat_codetype': 'in_parmdb'}"
input,plants.plt,4,38,mat_yrs,,"{'Line in File': '4', 'Position in File': '38', 'Condition': 'if (bsn_cc%nam1 == 0)', 'Local (Y/N)': 'N', 'TYPE': 'pldb', 'Component': 'mat_yrs', 'Type': 'integer', 'Dimensions': '-', 'Swat_codetype': 'in_parmdb'}"
input,plants.plt,4,39,bmx_peren,,"{'Line in File': '4', 'Position in File': '39', 'Condition': 'if (bsn_cc%nam1 == 0)', 'Local (Y/N)': 'N', 'TYPE': 'pldb', 'Component': 'bmx_peren', 'Type': 'real', 'Dimensions': '-', 'Swat_codetype': 'in_parmdb'}"
input,plants.plt,4,4,nfix_co,,"{'Line in File': '4', 'Position in File': '4', 'Condition': 'if (bsn_cc%nam1 == 0)', 'Local (Y/N)': 'N', 'TYPE': 'pldb', 'Component': 'nfix_co', 'Type': 'real', 'Dimensions': '-', 'Swat_codetype': 'in_parmdb'}"
input,plants.plt,4,40,ext_coef,,"{'Line in File': '4', 'Position in File': '40', 'Condition': 'if (bsn_cc%nam1 == 0)', 'Local (Y/N)': 'N', 'TYPE': 'pldb', 'Component': 'ext_coef', 'Type': 'real', 'Dimensions': '-', 'Swat_codetype': 'in_parmdb'}"
input,plants.plt,4,41,leaf_tov_min,,"{'Line in File': '4', 'Position in File': '41', 'Condition': 'if (bsn_cc%nam1 == 0)', 'Local (Y/N)': 'N', 'TYPE': 'pldb', 'Component': 'leaf_tov_min', 'Type': 'real', 'Dimensions': '-', 'Swat_codetype': 'in_parmdb'}"
input,plants.plt,4,42,leaf_tov_max,,"{'Line in File': '4', 'Position in File': '42', 'Condition': 'if (bsn_cc%nam1 == 0)', 'Local (Y/N)': 'N', 'TYPE': 'pldb', 'Component': 'leaf_tov_max', 'Type': 'real', 'Dimensions': '-', 'Swat_codetype': 'in_parmdb'}"
input,plants.plt,4,43,bm_dieoff,,"{'Line in File': '4', 'Position in File': '43', 'Condition': 'if (bsn_cc%nam1 == 0)', 'Local (Y/N)': 'N', 'TYPE': 'pldb', 'Component': 'bm_dieoff', 'Type': 'real', 'Dimensions': '-', 'Swat_codetype': 'in_parmdb'}"
input,plants.plt,4,44,rsr1,,"{'Line in File': '4', 'Position in File': '44', 'Condition': 'if (bsn_cc%nam1 == 0)', 'Local (Y/N)': 'N', 'TYPE': 'pldb', 'Component': 'rsr1', 'Type': 'real', 'Dimensions': '-', 'Swat_codetype': 'in_parmdb'}"
input,plants.plt,4,45,rsr2,,"{'Line in File': '4', 'Position in File': '45', 'Condition': 'if (bsn_cc%nam1 == 0)', 'Local (Y/N)': 'N', 'TYPE': 'pldb', 'Component': 'rsr2', 'Type': 'real', 'Dimensions': '-', 'Swat_codetype': 'in_parmdb'}"
input,plants.plt,4,46,pop1,,"{'Line in File': '4', 'Position in File': '46', 'Condition': 'if (bsn_cc%nam1 == 0)', 'Local (Y/N)': 'N', 'TYPE': 'pldb', 'Component': 'pop1', 'Type': 'real', 'Dimensions': '-', 'Swat_codetype': 'in_parmdb'}"
input,plants.plt,4,47,frlai1,,"{'Line in File': '4', 'Position in File': '47', 'Condition': 'if (bsn_cc%nam1 == 0)', 'Local (Y/N)': 'N', 'TYPE': 'pldb', 'Component': 'frlai1', 'Type': 'real', 'Dimensions': '-', 'Swat_codetype': 'in_parmdb'}"
input,plants.plt,4,48,pop2,,"{'Line in File': '4', 'Position in File': '48', 'Condition': 'if (bsn_cc%nam1 == 0)', 'Local (Y/N)': 'N', 'TYPE': 'pldb', 'Component': 'pop2', 'Type': 'real', 'Dimensions': '-', 'Swat_codetype': 'in_parmdb'}"
input,plants.plt,4,49,frlai2,,"{'Line in File': '4', 'Position in File': '49', 'Condition': 'if (bsn_cc%nam1 == 0)', 'Local (Y/N)': 'N', 'TYPE': 'pldb', 'Component': 'frlai2', 'Type': 'real', 'Dimensions': '-', 'Swat_codetype': 'in_parmdb'}"
input,plants.plt,4,5,days_mat,,"{'Line in File': '4', 'Position in File': '5', 'Condition': 'if (bsn_cc%nam1 == 0)', 'Local (Y/N)': 'N', 'TYPE': 'pldb', 'Component': 'days_mat', 'Type': 'integer', 'Dimensions': '-', 'Swat_codetype': 'in_parmdb'}"
input,plants.plt,4,50,frsw_gro,,"{'Line in File': '4', 'Position in File': '50', 'Condition': 'if (bsn_cc%nam1 == 0)', 'Local (Y/N)': 'N', 'TYPE': 'pldb', 'Component': 'frsw_gro', 'Type': 'real', 'Dimensions': '-', 'Swat_codetype': 'in_parmdb'}"
input,plants.plt,4,51,aeration,,"{'Line in File': '4', 'Position in File': '51', 'Condition': 'if (bsn_cc%nam1 == 0)', 'Local (Y/N)': 'N', 'TYPE': 'pldb', 'Component': 'aeration', 'Type': 'real', 'Dimensions': '-', 'Swat_codetype': 'in_parmdb'}"
input,plants.plt,4,52,rsd_pctcov,,"{'Line in File': '4', 'Position in File': '52', 'Condition': 'if (bsn_cc%nam1 == 0)', 'Local (Y/N)': 'N', 'TYPE': 'pldb', 'Component': 'rsd_pctcov', 'Type': 'real', 'Dimensions': '-', 'Swat_codetype': 'in_parmdb'}"
input,plants.plt,4,53,rsd_covfac,,"{'Line in File': '4', 'Position in File': '53', 'Condition': 'if (bsn_cc%nam1 == 0)', 'Local (Y/N)': 'N', 'TYPE': 'pldb', 'Component': 'rsd_covfac', 'Type': 'real', 'Dimensions': '-', 'Swat_codetype': 'in_parmdb'}"
input,plants.plt,4,54,meta_frac,,"{'Line in File': '4', 'Position in File': '54', 'Condition': 'if (bsn_cc%nam1 == 0)', 'Local (Y/N)': 'N', 'TYPE': 'res_part_fracs', 'Component': 'meta_frac', 'Type': 'unknown', 'Dimensions': '-', 'Swat_codetype': 'in_parmdb'}"
input,plants.plt,4,55,str_frac,,"{'Line in File': '4', 'Position in File': '55', 'Condition': 'if (bsn_cc%nam1 == 0)', 'Local (Y/N)': 'N', 'TYPE': 'res_part_fracs', 'Component': 'str_frac', 'Type': 'unknown', 'Dimensions': '-', 'Swat_codetype': 'in_parmdb'}"
input,plants.plt,4,56,lig_frac,,"{'Line in File': '4', 'Position in File': '56', 'Condition': 'if (bsn_cc%nam1 == 0)', 'Local (Y/N)': 'N', 'TYPE': 'res_part_fracs', 'Component': 'lig_frac', 'Type': 'unknown', 'Dimensions': '-', 'Swat_codetype': 'in_parmdb'}"
input,plants.plt,4,57,pl_class(ic),,"{'Line in File': '4', 'Position in File': '57', 'Condition': 'if (bsn_cc%nam1 == 0)', 'Local (Y/N)': 'N', 'TYPE': '-', 'Component': 'pl_class(ic)', 'Type': 'character(len=25)', 'Dimensions': 'dimension (:), allocatable', 'Swat_codetype': 'in_parmdb'}"
input,plants.plt,4,6,bio_e,,"{'Line in File': '4', 'Position in File': '6', 'Condition': 'if (bsn_cc%nam1 == 0)', 'Local (Y/N)': 'N', 'TYPE': 'pldb', 'Component': 'bio_e', 'Type': 'real', 'Dimensions': '-', 'Swat_codetype': 'in_parmdb'}"
input,plants.plt,4,7,hvsti,,"{'Line in File': '4', 'Position in File': '7', 'Condition': 'if (bsn_cc%nam1 == 0)', 'Local (Y/N)': 'N', 'TYPE': 'pldb', 'Component': 'hvsti', 'Type': 'real', 'Dimensions': '-', 'Swat_codetype': 'in_parmdb'}"
input,plants.plt,4,8,blai,,"{'Line in File': '4', 'Position in File': '8', 'Condition': 'if (bsn_cc%nam1 == 0)', 'Local (Y/N)': 'N', 'TYPE': 'pldb', 'Component': 'blai', 'Type': 'real', 'Dimensions': '-', 'Swat_codetype': 'in_parmdb'}"
input,plants.plt,4,9,frgrw1,,"{'Line in File': '4', 'Position in File': '9', 'Condition': 'if (bsn_cc%nam1 == 0)', 'Local (Y/N)': 'N', 'TYPE': 'pldb', 'Component': 'frgrw1', 'Type': 'real', 'Dimensions': '-', 'Swat_codetype': 'in_parmdb'}"
input,print.prt,11,1,name,"{'Line in File': '11', 'Position in File': '1', 'Condition': 'if (pco%aa_numint > 0)', 'Local (Y/N)': 'Y', 'TYPE': '-', 'Component': 'name', 'Type': 'character(len=16)', 'Dimensions': '-', 'Swat_codetype': '-'}","{'Line in File': '11', 'Position in File': '1', 'Condition': 'if (pco%use_obj_labels == ""n"")', 'Local (Y/N)': 'Y', 'TYPE': '-', 'Component': 'name', 'Type': 'character(len=16)', 'Dimensions': '-', 'Swat_codetype': '-'}"
input,print.prt,11,2,d,,"{'Line in File': '11', 'Position in File': '2', 'Condition': 'if (pco%use_obj_labels == ""n"")', 'Local (Y/N)': 'N', 'TYPE': 'pco', 'Component': 'd', 'Type': 'unknown', 'Dimensions': '-', 'Swat_codetype': 'in_sim'}"
input,print.prt,11,2,wb_bsn,"{'Line in File': '11', 'Position in File': '2', 'Condition': 'if (pco%aa_numint > 0)', 'Local (Y/N)': 'N', 'TYPE': 'pco', 'Component': 'wb_bsn', 'Type': 'type(print_interval)', 'Dimensions': '-', 'Swat_codetype': 'in_sim'}",
input,print.prt,11,3,m,,"{'Line in File': '11', 'Position in File': '3', 'Condition': 'if (pco%use_obj_labels == ""n"")', 'Local (Y/N)': 'N', 'TYPE': 'pco', 'Component': 'm', 'Type': 'unknown', 'Dimensions': '-', 'Swat_codetype': 'in_sim'}"
input,print.prt,11,4,y,,"{'Line in File': '11', 'Position in File': '4', 'Condition': 'if (pco%use_obj_labels == ""n"")', 'Local (Y/N)': 'N', 'TYPE': 'pco', 'Component': 'y', 'Type': 'unknown', 'Dimensions': '-', 'Swat_codetype': 'in_sim'}"
input,print.prt,11,5,a,,"{'Line in File': '11', 'Position in File': '5', 'Condition': 'if (pco%use_obj_labels == ""n"")', 'Local (Y/N)': 'N', 'TYPE': 'pco', 'Component': 'a', 'Type': 'unknown', 'Dimensions': '-', 'Swat_codetype': 'in_sim'}"
input,print.prt,12,1,name,"{'Line in File': '12', 'Position in File': '1', 'Condition': 'if (pco%aa_numint > 0)', 'Local (Y/N)': 'Y', 'TYPE': '-', 'Component': 'name', 'Type': 'character(len=16)', 'Dimensions': '-', 'Swat_codetype': '-'}","{'Line in File': '12', 'Position in File': '1', 'Condition': 'if (pco%use_obj_labels == ""n"")', 'Local (Y/N)': 'Y', 'TYPE': '-', 'Component': 'name', 'Type': 'character(len=16)', 'Dimensions': '-', 'Swat_codetype': '-'}"
input,print.prt,12,2,d,,"{'Line in File': '12', 'Position in File': '2', 'Condition': 'if (pco%use_obj_labels == ""n"")', 'Local (Y/N)': 'N', 'TYPE': 'pco', 'Component': 'd', 'Type': 'unknown', 'Dimensions': '-', 'Swat_codetype': 'in_sim'}"
input,print.prt,12,2,nb_bsn,"{'Line in File': '12', 'Position in File': '2', 'Condition': 'if (pco%aa_numint > 0)', 'Local (Y/N)': 'N', 'TYPE': 'pco', 'Component': 'nb_bsn', 'Type': 'type(print_interval)', 'Dimensions': '-', 'Swat_codetype': 'in_sim'}",
input,print.prt,12,3,m,,"{'Line in File': '12', 'Position in File': '3', 'Condition': 'if (pco%use_obj_labels == ""n"")', 'Local (Y/N)': 'N', 'TYPE': 'pco', 'Component': 'm', 'Type': 'unknown', 'Dimensions': '-', 'Swat_codetype': 'in_sim'}"
input,print.prt,12,4,y,,"{'Line in File': '12', 'Position in File': '4', 'Condition': 'if (pco%use_obj_labels == ""n"")', 'Local (Y/N)': 'N', 'TYPE': 'pco', 'Component': 'y', 'Type': 'unknown', 'Dimensions': '-', 'Swat_codetype': 'in_sim'}"
input,print.prt,12,5,a,,"{'Line in File': '12', 'Position in File': '5', 'Condition': 'if (pco%use_obj_labels == ""n"")', 'Local (Y/N)': 'N', 'TYPE': 'pco', 'Component': 'a', 'Type': 'unknown', 'Dimensions': '-', 'Swat_codetype': 'in_sim'}"
input,print.prt,13,1,name,"{'Line in File': '13', 'Position in File': '1', 'Condition': 'if (pco%aa_numint > 0)', 'Local (Y/N)': 'Y', 'TYPE': '-', 'Component': 'name', 'Type': 'character(len=16)', 'Dimensions': '-', 'Swat_codetype': '-'}","{'Line in File': '13', 'Position in File': '1', 'Condition': 'if (pco%use_obj_labels == ""n"")', 'Local (Y/N)': 'Y', 'TYPE': '-', 'Component': 'name', 'Type': 'character(len=16)', 'Dimensions': '-', 'Swat_codetype': '-'}"
input,print.prt,13,2,d,,"{'Line in File': '13', 'Position in File': '2', 'Condition': 'if (pco%use_obj_labels == ""n"")', 'Local (Y/N)': 'N', 'TYPE': 'pco', 'Component': 'd', 'Type': 'unknown', 'Dimensions': '-', 'Swat_codetype': 'in_sim'}"
input,print.prt,13,2,ls_bsn,"{'Line in File': '13', 'Position in File': '2', 'Condition': 'if (pco%aa_numint > 0)', 'Local (Y/N)': 'N', 'TYPE': 'pco', 'Component': 'ls_bsn', 'Type': 'type(print_interval)', 'Dimensions': '-', 'Swat_codetype': 'in_sim'}",
input,print.prt,13,3,m,,"{'Line in File': '13', 'Position in File': '3', 'Condition': 'if (pco%use_obj_labels == ""n"")', 'Local (Y/N)': 'N', 'TYPE': 'pco', 'Component': 'm', 'Type': 'unknown', 'Dimensions': '-', 'Swat_codetype': 'in_sim'}"
input,print.prt,13,4,y,,"{'Line in File': '13', 'Position in File': '4', 'Condition': 'if (pco%use_obj_labels == ""n"")', 'Local (Y/N)': 'N', 'TYPE': 'pco', 'Component': 'y', 'Type': 'unknown', 'Dimensions': '-', 'Swat_codetype': 'in_sim'}"
input,print.prt,13,5,a,,"{'Line in File': '13', 'Position in File': '5', 'Condition': 'if (pco%use_obj_labels == ""n"")', 'Local (Y/N)': 'N', 'TYPE': 'pco', 'Component': 'a', 'Type': 'unknown', 'Dimensions': '-', 'Swat_codetype': 'in_sim'}"
input,print.prt,14,1,name,"{'Line in File': '14', 'Position in File': '1', 'Condition': 'if (pco%aa_numint > 0)', 'Local (Y/N)': 'Y', 'TYPE': '-', 'Component': 'name', 'Type': 'character(len=16)', 'Dimensions': '-', 'Swat_codetype': '-'}","{'Line in File': '14', 'Position in File': '1', 'Condition': 'if (pco%use_obj_labels == ""n"")', 'Local (Y/N)': 'Y', 'TYPE': '-', 'Component': 'name', 'Type': 'character(len=16)', 'Dimensions': '-', 'Swat_codetype': '-'}"
input,print.prt,14,2,d,,"{'Line in File': '14', 'Position in File': '2', 'Condition': 'if (pco%use_obj_labels == ""n"")', 'Local (Y/N)': 'N', 'TYPE': 'pco', 'Component': 'd', 'Type': 'unknown', 'Dimensions': '-', 'Swat_codetype': 'in_sim'}"
input,print.prt,14,2,pw_bsn,"{'Line in File': '14', 'Position in File': '2', 'Condition': 'if (pco%aa_numint > 0)', 'Local (Y/N)': 'N', 'TYPE': 'pco', 'Component': 'pw_bsn', 'Type': 'type(print_interval)', 'Dimensions': '-', 'Swat_codetype': 'in_sim'}",
input,print.prt,14,3,m,,"{'Line in File': '14', 'Position in File': '3', 'Condition': 'if (pco%use_obj_labels == ""n"")', 'Local (Y/N)': 'N', 'TYPE': 'pco', 'Component': 'm', 'Type': 'unknown', 'Dimensions': '-', 'Swat_codetype': 'in_sim'}"
input,print.prt,14,4,y,,"{'Line in File': '14', 'Position in File': '4', 'Condition': 'if (pco%use_obj_labels == ""n"")', 'Local (Y/N)': 'N', 'TYPE': 'pco', 'Component': 'y', 'Type': 'unknown', 'Dimensions': '-', 'Swat_codetype': 'in_sim'}"
input,print.prt,14,5,a,,"{'Line in File': '14', 'Position in File': '5', 'Condition': 'if (pco%use_obj_labels == ""n"")', 'Local (Y/N)': 'N', 'TYPE': 'pco', 'Component': 'a', 'Type': 'unknown', 'Dimensions': '-', 'Swat_codetype': 'in_sim'}"
input,print.prt,15,1,name,"{'Line in File': '15', 'Position in File': '1', 'Condition': 'if (pco%aa_numint > 0)', 'Local (Y/N)': 'Y', 'TYPE': '-', 'Component': 'name', 'Type': 'character(len=16)', 'Dimensions': '-', 'Swat_codetype': '-'}","{'Line in File': '15', 'Position in File': '1', 'Condition': 'if (pco%use_obj_labels == ""n"")', 'Local (Y/N)': 'Y', 'TYPE': '-', 'Component': 'name', 'Type': 'character(len=16)', 'Dimensions': '-', 'Swat_codetype': '-'}"
input,print.prt,15,2,aqu_bsn,"{'Line in File': '15', 'Position in File': '2', 'Condition': 'if (pco%aa_numint > 0)', 'Local (Y/N)': 'N', 'TYPE': 'pco', 'Component': 'aqu_bsn', 'Type': 'type(print_interval)', 'Dimensions': '-', 'Swat_codetype': 'in_sim'}",
input,print.prt,15,2,d,,"{'Line in File': '15', 'Position in File': '2', 'Condition': 'if (pco%use_obj_labels == ""n"")', 'Local (Y/N)': 'N', 'TYPE': 'pco', 'Component': 'd', 'Type': 'unknown', 'Dimensions': '-', 'Swat_codetype': 'in_sim'}"
input,print.prt,15,3,m,,"{'Line in File': '15', 'Position in File': '3', 'Condition': 'if (pco%use_obj_labels == ""n"")', 'Local (Y/N)': 'N', 'TYPE': 'pco', 'Component': 'm', 'Type': 'unknown', 'Dimensions': '-', 'Swat_codetype': 'in_sim'}"
input,print.prt,15,4,y,,"{'Line in File': '15', 'Position in File': '4', 'Condition': 'if (pco%use_obj_labels == ""n"")', 'Local (Y/N)': 'N', 'TYPE': 'pco', 'Component': 'y', 'Type': 'unknown', 'Dimensions': '-', 'Swat_codetype': 'in_sim'}"
input,print.prt,15,5,a,,"{'Line in File': '15', 'Position in File': '5', 'Condition': 'if (pco%use_obj_labels == ""n"")', 'Local (Y/N)': 'N', 'TYPE': 'pco', 'Component': 'a', 'Type': 'unknown', 'Dimensions': '-', 'Swat_codetype': 'in_sim'}"
input,print.prt,16,1,name,"{'Line in File': '16', 'Position in File': '1', 'Condition': 'if (pco%aa_numint > 0)', 'Local (Y/N)': 'Y', 'TYPE': '-', 'Component': 'name', 'Type': 'character(len=16)', 'Dimensions': '-', 'Swat_codetype': '-'}","{'Line in File': '16', 'Position in File': '1', 'Condition': 'if (pco%use_obj_labels == ""n"")', 'Local (Y/N)': 'Y', 'TYPE': '-', 'Component': 'name', 'Type': 'character(len=16)', 'Dimensions': '-', 'Swat_codetype': '-'}"
input,print.prt,16,2,d,,"{'Line in File': '16', 'Position in File': '2', 'Condition': 'if (pco%use_obj_labels == ""n"")', 'Local (Y/N)': 'N', 'TYPE': 'pco', 'Component': 'd', 'Type': 'unknown', 'Dimensions': '-', 'Swat_codetype': 'in_sim'}"
input,print.prt,16,2,res_bsn,"{'Line in File': '16', 'Position in File': '2', 'Condition': 'if (pco%aa_numint > 0)', 'Local (Y/N)': 'N', 'TYPE': 'pco', 'Component': 'res_bsn', 'Type': 'type(print_interval)', 'Dimensions': '-', 'Swat_codetype': 'in_sim'}",
input,print.prt,16,3,m,,"{'Line in File': '16', 'Position in File': '3', 'Condition': 'if (pco%use_obj_labels == ""n"")', 'Local (Y/N)': 'N', 'TYPE': 'pco', 'Component': 'm', 'Type': 'unknown', 'Dimensions': '-', 'Swat_codetype': 'in_sim'}"
input,print.prt,16,4,y,,"{'Line in File': '16', 'Position in File': '4', 'Condition': 'if (pco%use_obj_labels == ""n"")', 'Local (Y/N)': 'N', 'TYPE': 'pco', 'Component': 'y', 'Type': 'unknown', 'Dimensions': '-', 'Swat_codetype': 'in_sim'}"
input,print.prt,16,5,a,,"{'Line in File': '16', 'Position in File': '5', 'Condition': 'if (pco%use_obj_labels == ""n"")', 'Local (Y/N)': 'N', 'TYPE': 'pco', 'Component': 'a', 'Type': 'unknown', 'Dimensions': '-', 'Swat_codetype': 'in_sim'}"
input,print.prt,17,1,name,"{'Line in File': '17', 'Position in File': '1', 'Condition': 'if (pco%aa_numint > 0)', 'Local (Y/N)': 'Y', 'TYPE': '-', 'Component': 'name', 'Type': 'character(len=16)', 'Dimensions': '-', 'Swat_codetype': '-'}","{'Line in File': '17', 'Position in File': '1', 'Condition': 'if (pco%use_obj_labels == ""n"")', 'Local (Y/N)': 'Y', 'TYPE': '-', 'Component': 'name', 'Type': 'character(len=16)', 'Dimensions': '-', 'Swat_codetype': '-'}"
input,print.prt,17,2,chan_bsn,"{'Line in File': '17', 'Position in File': '2', 'Condition': 'if (pco%aa_numint > 0)', 'Local (Y/N)': 'N', 'TYPE': 'pco', 'Component': 'chan_bsn', 'Type': 'type(print_interval)', 'Dimensions': '-', 'Swat_codetype': 'in_sim'}",
input,print.prt,17,2,d,,"{'Line in File': '17', 'Position in File': '2', 'Condition': 'if (pco%use_obj_labels == ""n"")', 'Local (Y/N)': 'N', 'TYPE': 'pco', 'Component': 'd', 'Type': 'unknown', 'Dimensions': '-', 'Swat_codetype': 'in_sim'}"
input,print.prt,17,3,m,,"{'Line in File': '17', 'Position in File': '3', 'Condition': 'if (pco%use_obj_labels == ""n"")', 'Local (Y/N)': 'N', 'TYPE': 'pco', 'Component': 'm', 'Type': 'unknown', 'Dimensions': '-', 'Swat_codetype': 'in_sim'}"
input,print.prt,17,4,y,,"{'Line in File': '17', 'Position in File': '4', 'Condition': 'if (pco%use_obj_labels == ""n"")', 'Local (Y/N)': 'N', 'TYPE': 'pco', 'Component': 'y', 'Type': 'unknown', 'Dimensions': '-', 'Swat_codetype': 'in_sim'}"
input,print.prt,17,5,a,,"{'Line in File': '17', 'Position in File': '5', 'Condition': 'if (pco%use_obj_labels == ""n"")', 'Local (Y/N)': 'N', 'TYPE': 'pco', 'Component': 'a', 'Type': 'unknown', 'Dimensions': '-', 'Swat_codetype': 'in_sim'}"
input,print.prt,18,1,name,"{'Line in File': '18', 'Position in File': '1', 'Condition': 'if (pco%aa_numint > 0)', 'Local (Y/N)': 'Y', 'TYPE': '-', 'Component': 'name', 'Type': 'character(len=16)', 'Dimensions': '-', 'Swat_codetype': '-'}","{'Line in File': '18', 'Position in File': '1', 'Condition': 'if (pco%use_obj_labels == ""n"")', 'Local (Y/N)': 'Y', 'TYPE': '-', 'Component': 'name', 'Type': 'character(len=16)', 'Dimensions': '-', 'Swat_codetype': '-'}"
input,print.prt,18,2,d,,"{'Line in File': '18', 'Position in File': '2', 'Condition': 'if (pco%use_obj_labels == ""n"")', 'Local (Y/N)': 'N', 'TYPE': 'pco', 'Component': 'd', 'Type': 'unknown', 'Dimensions': '-', 'Swat_codetype': 'in_sim'}"
input,print.prt,18,2,sd_chan_bsn,"{'Line in File': '18', 'Position in File': '2', 'Condition': 'if (pco%aa_numint > 0)', 'Local (Y/N)': 'N', 'TYPE': 'pco', 'Component': 'sd_chan_bsn', 'Type': 'type(print_interval)', 'Dimensions': '-', 'Swat_codetype': 'in_sim'}",
input,print.prt,18,3,m,,"{'Line in File': '18', 'Position in File': '3', 'Condition': 'if (pco%use_obj_labels == ""n"")', 'Local (Y/N)': 'N', 'TYPE': 'pco', 'Component': 'm', 'Type': 'unknown', 'Dimensions': '-', 'Swat_codetype': 'in_sim'}"
input,print.prt,18,4,y,,"{'Line in File': '18', 'Position in File': '4', 'Condition': 'if (pco%use_obj_labels == ""n"")', 'Local (Y/N)': 'N', 'TYPE': 'pco', 'Component': 'y', 'Type': 'unknown', 'Dimensions': '-', 'Swat_codetype': 'in_sim'}"
input,print.prt,18,5,a,,"{'Line in File': '18', 'Position in File': '5', 'Condition': 'if (pco%use_obj_labels == ""n"")', 'Local (Y/N)': 'N', 'TYPE': 'pco', 'Component': 'a', 'Type': 'unknown', 'Dimensions': '-', 'Swat_codetype': 'in_sim'}"
input,print.prt,19,1,name,"{'Line in File': '19', 'Position in File': '1', 'Condition': 'if (pco%aa_numint > 0)', 'Local (Y/N)': 'Y', 'TYPE': '-', 'Component': 'name', 'Type': 'character(len=16)', 'Dimensions': '-', 'Swat_codetype': '-'}","{'Line in File': '19', 'Position in File': '1', 'Condition': 'if (pco%use_obj_labels == ""n"")', 'Local (Y/N)': 'Y', 'TYPE': '-', 'Component': 'name', 'Type': 'character(len=16)', 'Dimensions': '-', 'Swat_codetype': '-'}"
input,print.prt,19,2,d,,"{'Line in File': '19', 'Position in File': '2', 'Condition': 'if (pco%use_obj_labels == ""n"")', 'Local (Y/N)': 'N', 'TYPE': 'pco', 'Component': 'd', 'Type': 'unknown', 'Dimensions': '-', 'Swat_codetype': 'in_sim'}"
input,print.prt,19,2,recall_bsn,"{'Line in File': '19', 'Position in File': '2', 'Condition': 'if (pco%aa_numint > 0)', 'Local (Y/N)': 'N', 'TYPE': 'pco', 'Component': 'recall_bsn', 'Type': 'type(print_interval)', 'Dimensions': '-', 'Swat_codetype': 'in_sim'}",
input,print.prt,19,3,m,,"{'Line in File': '19', 'Position in File': '3', 'Condition': 'if (pco%use_obj_labels == ""n"")', 'Local (Y/N)': 'N', 'TYPE': 'pco', 'Component': 'm', 'Type': 'unknown', 'Dimensions': '-', 'Swat_codetype': 'in_sim'}"
input,print.prt,19,4,y,,"{'Line in File': '19', 'Position in File': '4', 'Condition': 'if (pco%use_obj_labels == ""n"")', 'Local (Y/N)': 'N', 'TYPE': 'pco', 'Component': 'y', 'Type': 'unknown', 'Dimensions': '-', 'Swat_codetype': 'in_sim'}"
input,print.prt,19,5,a,,"{'Line in File': '19', 'Position in File': '5', 'Condition': 'if (pco%use_obj_labels == ""n"")', 'Local (Y/N)': 'N', 'TYPE': 'pco', 'Component': 'a', 'Type': 'unknown', 'Dimensions': '-', 'Swat_codetype': 'in_sim'}"
input,print.prt,20,1,name,"{'Line in File': '20', 'Position in File': '1', 'Condition': 'if (pco%aa_numint > 0)', 'Local (Y/N)': 'Y', 'TYPE': '-', 'Component': 'name', 'Type': 'character(len=16)', 'Dimensions': '-', 'Swat_codetype': '-'}","{'Line in File': '20', 'Position in File': '1', 'Condition': 'if (pco%use_obj_labels == ""n"")', 'Local (Y/N)': 'Y', 'TYPE': '-', 'Component': 'name', 'Type': 'character(len=16)', 'Dimensions': '-', 'Swat_codetype': '-'}"
input,print.prt,20,2,d,,"{'Line in File': '20', 'Position in File': '2', 'Condition': 'if (pco%use_obj_labels == ""n"")', 'Local (Y/N)': 'N', 'TYPE': 'pco', 'Component': 'd', 'Type': 'unknown', 'Dimensions': '-', 'Swat_codetype': 'in_sim'}"
input,print.prt,20,2,wb_reg,"{'Line in File': '20', 'Position in File': '2', 'Condition': 'if (pco%aa_numint > 0)', 'Local (Y/N)': 'N', 'TYPE': 'pco', 'Component': 'wb_reg', 'Type': 'type(print_interval)', 'Dimensions': '-', 'Swat_codetype': 'in_sim'}",
input,print.prt,20,3,m,,"{'Line in File': '20', 'Position in File': '3', 'Condition': 'if (pco%use_obj_labels == ""n"")', 'Local (Y/N)': 'N', 'TYPE': 'pco', 'Component': 'm', 'Type': 'unknown', 'Dimensions': '-', 'Swat_codetype': 'in_sim'}"
input,print.prt,20,4,y,,"{'Line in File': '20', 'Position in File': '4', 'Condition': 'if (pco%use_obj_labels == ""n"")', 'Local (Y/N)': 'N', 'TYPE': 'pco', 'Component': 'y', 'Type': 'unknown', 'Dimensions': '-', 'Swat_codetype': 'in_sim'}"
input,print.prt,20,5,a,,"{'Line in File': '20', 'Position in File': '5', 'Condition': 'if (pco%use_obj_labels == ""n"")', 'Local (Y/N)': 'N', 'TYPE': 'pco', 'Component': 'a', 'Type': 'unknown', 'Dimensions': '-', 'Swat_codetype': 'in_sim'}"
input,print.prt,21,1,name,"{'Line in File': '21', 'Position in File': '1', 'Condition': 'if (pco%aa_numint > 0)', 'Local (Y/N)': 'Y', 'TYPE': '-', 'Component': 'name', 'Type': 'character(len=16)', 'Dimensions': '-', 'Swat_codetype': '-'}","{'Line in File': '21', 'Position in File': '1', 'Condition': 'if (pco%use_obj_labels == ""n"")', 'Local (Y/N)': 'Y', 'TYPE': '-', 'Component': 'name', 'Type': 'character(len=16)', 'Dimensions': '-', 'Swat_codetype': '-'}"
input,print.prt,21,2,d,,"{'Line in File': '21', 'Position in File': '2', 'Condition': 'if (pco%use_obj_labels == ""n"")', 'Local (Y/N)': 'N', 'TYPE': 'pco', 'Component': 'd', 'Type': 'unknown', 'Dimensions': '-', 'Swat_codetype': 'in_sim'}"
input,print.prt,21,2,nb_reg,"{'Line in File': '21', 'Position in File': '2', 'Condition': 'if (pco%aa_numint > 0)', 'Local (Y/N)': 'N', 'TYPE': 'pco', 'Component': 'nb_reg', 'Type': 'type(print_interval)', 'Dimensions': '-', 'Swat_codetype': 'in_sim'}",
input,print.prt,21,3,m,,"{'Line in File': '21', 'Position in File': '3', 'Condition': 'if (pco%use_obj_labels == ""n"")', 'Local (Y/N)': 'N', 'TYPE': 'pco', 'Component': 'm', 'Type': 'unknown', 'Dimensions': '-', 'Swat_codetype': 'in_sim'}"
input,print.prt,21,4,y,,"{'Line in File': '21', 'Position in File': '4', 'Condition': 'if (pco%use_obj_labels == ""n"")', 'Local (Y/N)': 'N', 'TYPE': 'pco', 'Component': 'y', 'Type': 'unknown', 'Dimensions': '-', 'Swat_codetype': 'in_sim'}"
input,print.prt,21,5,a,,"{'Line in File': '21', 'Position in File': '5', 'Condition': 'if (pco%use_obj_labels == ""n"")', 'Local (Y/N)': 'N', 'TYPE': 'pco', 'Component': 'a', 'Type': 'unknown', 'Dimensions': '-', 'Swat_codetype': 'in_sim'}"
input,print.prt,22,1,name,"{'Line in File': '22', 'Position in File': '1', 'Condition': 'if (pco%aa_numint > 0)', 'Local (Y/N)': 'Y', 'TYPE': '-', 'Component': 'name', 'Type': 'character(len=16)', 'Dimensions': '-', 'Swat_codetype': '-'}","{'Line in File': '22', 'Position in File': '1', 'Condition': 'if (pco%use_obj_labels == ""n"")', 'Local (Y/N)': 'Y', 'TYPE': '-', 'Component': 'name', 'Type': 'character(len=16)', 'Dimensions': '-', 'Swat_codetype': '-'}"
input,print.prt,22,2,d,,"{'Line in File': '22', 'Position in File': '2', 'Condition': 'if (pco%use_obj_labels == ""n"")', 'Local (Y/N)': 'N', 'TYPE': 'pco', 'Component': 'd', 'Type': 'unknown', 'Dimensions': '-', 'Swat_codetype': 'in_sim'}"
input,print.prt,22,2,ls_reg,"{'Line in File': '22', 'Position in File': '2', 'Condition': 'if (pco%aa_numint > 0)', 'Local (Y/N)': 'N', 'TYPE': 'pco', 'Component': 'ls_reg', 'Type': 'type(print_interval)', 'Dimensions': '-', 'Swat_codetype': 'in_sim'}",
input,print.prt,22,3,m,,"{'Line in File': '22', 'Position in File': '3', 'Condition': 'if (pco%use_obj_labels == ""n"")', 'Local (Y/N)': 'N', 'TYPE': 'pco', 'Component': 'm', 'Type': 'unknown', 'Dimensions': '-', 'Swat_codetype': 'in_sim'}"
input,print.prt,22,4,y,,"{'Line in File': '22', 'Position in File': '4', 'Condition': 'if (pco%use_obj_labels == ""n"")', 'Local (Y/N)': 'N', 'TYPE': 'pco', 'Component': 'y', 'Type': 'unknown', 'Dimensions': '-', 'Swat_codetype': 'in_sim'}"
input,print.prt,22,5,a,,"{'Line in File': '22', 'Position in File': '5', 'Condition': 'if (pco%use_obj_labels == ""n"")', 'Local (Y/N)': 'N', 'TYPE': 'pco', 'Component': 'a', 'Type': 'unknown', 'Dimensions': '-', 'Swat_codetype': 'in_sim'}"
input,print.prt,23,1,name,"{'Line in File': '23', 'Position in File': '1', 'Condition': 'if (pco%aa_numint > 0)', 'Local (Y/N)': 'Y', 'TYPE': '-', 'Component': 'name', 'Type': 'character(len=16)', 'Dimensions': '-', 'Swat_codetype': '-'}","{'Line in File': '23', 'Position in File': '1', 'Condition': 'if (pco%use_obj_labels == ""n"")', 'Local (Y/N)': 'Y', 'TYPE': '-', 'Component': 'name', 'Type': 'character(len=16)', 'Dimensions': '-', 'Swat_codetype': '-'}"
input,print.prt,23,2,d,,"{'Line in File': '23', 'Position in File': '2', 'Condition': 'if (pco%use_obj_labels == ""n"")', 'Local (Y/N)': 'N', 'TYPE': 'pco', 'Component': 'd', 'Type': 'unknown', 'Dimensions': '-', 'Swat_codetype': 'in_sim'}"
input,print.prt,23,2,pw_reg,"{'Line in File': '23', 'Position in File': '2', 'Condition': 'if (pco%aa_numint > 0)', 'Local (Y/N)': 'N', 'TYPE': 'pco', 'Component': 'pw_reg', 'Type': 'type(print_interval)', 'Dimensions': '-', 'Swat_codetype': 'in_sim'}",
input,print.prt,23,3,m,,"{'Line in File': '23', 'Position in File': '3', 'Condition': 'if (pco%use_obj_labels == ""n"")', 'Local (Y/N)': 'N', 'TYPE': 'pco', 'Component': 'm', 'Type': 'unknown', 'Dimensions': '-', 'Swat_codetype': 'in_sim'}"
input,print.prt,23,4,y,,"{'Line in File': '23', 'Position in File': '4', 'Condition': 'if (pco%use_obj_labels == ""n"")', 'Local (Y/N)': 'N', 'TYPE': 'pco', 'Component': 'y', 'Type': 'unknown', 'Dimensions': '-', 'Swat_codetype': 'in_sim'}"
input,print.prt,23,5,a,,"{'Line in File': '23', 'Position in File': '5', 'Condition': 'if (pco%use_obj_labels == ""n"")', 'Local (Y/N)': 'N', 'TYPE': 'pco', 'Component': 'a', 'Type': 'unknown', 'Dimensions': '-', 'Swat_codetype': 'in_sim'}"
input,print.prt,24,1,name,"{'Line in File': '24', 'Position in File': '1', 'Condition': 'if (pco%aa_numint > 0)', 'Local (Y/N)': 'Y', 'TYPE': '-', 'Component': 'name', 'Type': 'character(len=16)', 'Dimensions': '-', 'Swat_codetype': '-'}","{'Line in File': '24', 'Position in File': '1', 'Condition': 'if (pco%use_obj_labels == ""n"")', 'Local (Y/N)': 'Y', 'TYPE': '-', 'Component': 'name', 'Type': 'character(len=16)', 'Dimensions': '-', 'Swat_codetype': '-'}"
input,print.prt,24,2,aqu_reg,"{'Line in File': '24', 'Position in File': '2', 'Condition': 'if (pco%aa_numint > 0)', 'Local (Y/N)': 'N', 'TYPE': 'pco', 'Component': 'aqu_reg', 'Type': 'type(print_interval)', 'Dimensions': '-', 'Swat_codetype': 'in_sim'}",
input,print.prt,24,2,d,,"{'Line in File': '24', 'Position in File': '2', 'Condition': 'if (pco%use_obj_labels == ""n"")', 'Local (Y/N)': 'N', 'TYPE': 'pco', 'Component': 'd', 'Type': 'unknown', 'Dimensions': '-', 'Swat_codetype': 'in_sim'}"
input,print.prt,24,3,m,,"{'Line in File': '24', 'Position in File': '3', 'Condition': 'if (pco%use_obj_labels == ""n"")', 'Local (Y/N)': 'N', 'TYPE': 'pco', 'Component': 'm', 'Type': 'unknown', 'Dimensions': '-', 'Swat_codetype': 'in_sim'}"
input,print.prt,24,4,y,,"{'Line in File': '24', 'Position in File': '4', 'Condition': 'if (pco%use_obj_labels == ""n"")', 'Local (Y/N)': 'N', 'TYPE': 'pco', 'Component': 'y', 'Type': 'unknown', 'Dimensions': '-', 'Swat_codetype': 'in_sim'}"
input,print.prt,24,5,a,,"{'Line in File': '24', 'Position in File': '5', 'Condition': 'if (pco%use_obj_labels == ""n"")', 'Local (Y/N)': 'N', 'TYPE': 'pco', 'Component': 'a', 'Type': 'unknown', 'Dimensions': '-', 'Swat_codetype': 'in_sim'}"
input,print.prt,25,1,name,"{'Line in File': '25', 'Position in File': '1', 'Condition': 'if (pco%aa_numint > 0)', 'Local (Y/N)': 'Y', 'TYPE': '-', 'Component': 'name', 'Type': 'character(len=16)', 'Dimensions': '-', 'Swat_codetype': '-'}","{'Line in File': '25', 'Position in File': '1', 'Condition': 'if (pco%use_obj_labels == ""n"")', 'Local (Y/N)': 'Y', 'TYPE': '-', 'Component': 'name', 'Type': 'character(len=16)', 'Dimensions': '-', 'Swat_codetype': '-'}"
input,print.prt,25,2,d,,"{'Line in File': '25', 'Position in File': '2', 'Condition': 'if (pco%use_obj_labels == ""n"")', 'Local (Y/N)': 'N', 'TYPE': 'pco', 'Component': 'd', 'Type': 'unknown', 'Dimensions': '-', 'Swat_codetype': 'in_sim'}"
input,print.prt,25,2,res_reg,"{'Line in File': '25', 'Position in File': '2', 'Condition': 'if (pco%aa_numint > 0)', 'Local (Y/N)': 'N', 'TYPE': 'pco', 'Component': 'res_reg', 'Type': 'type(print_interval)', 'Dimensions': '-', 'Swat_codetype': 'in_sim'}",
input,print.prt,25,3,m,,"{'Line in File': '25', 'Position in File': '3', 'Condition': 'if (pco%use_obj_labels == ""n"")', 'Local (Y/N)': 'N', 'TYPE': 'pco', 'Component': 'm', 'Type': 'unknown', 'Dimensions': '-', 'Swat_codetype': 'in_sim'}"
input,print.prt,25,4,y,,"{'Line in File': '25', 'Position in File': '4', 'Condition': 'if (pco%use_obj_labels == ""n"")', 'Local (Y/N)': 'N', 'TYPE': 'pco', 'Component': 'y', 'Type': 'unknown', 'Dimensions': '-', 'Swat_codetype': 'in_sim'}"
input,print.prt,25,5,a,,"{'Line in File': '25', 'Position in File': '5', 'Condition': 'if (pco%use_obj_labels == ""n"")', 'Local (Y/N)': 'N', 'TYPE': 'pco', 'Component': 'a', 'Type': 'unknown', 'Dimensions': '-', 'Swat_codetype': 'in_sim'}"
input,print.prt,26,1,name,"{'Line in File': '26', 'Position in File': '1', 'Condition': 'if (pco%aa_numint > 0)', 'Local (Y/N)': 'Y', 'TYPE': '-', 'Component': 'name', 'Type': 'character(len=16)', 'Dimensions': '-', 'Swat_codetype': '-'}","{'Line in File': '26', 'Position in File': '1', 'Condition': 'if (pco%use_obj_labels == ""n"")', 'Local (Y/N)': 'Y', 'TYPE': '-', 'Component': 'name', 'Type': 'character(len=16)', 'Dimensions': '-', 'Swat_codetype': '-'}"
input,print.prt,26,2,d,,"{'Line in File': '26', 'Position in File': '2', 'Condition': 'if (pco%use_obj_labels == ""n"")', 'Local (Y/N)': 'N', 'TYPE': 'pco', 'Component': 'd', 'Type': 'unknown', 'Dimensions': '-', 'Swat_codetype': 'in_sim'}"
input,print.prt,26,2,sd_chan_reg,"{'Line in File': '26', 'Position in File': '2', 'Condition': 'if (pco%aa_numint > 0)', 'Local (Y/N)': 'N', 'TYPE': 'pco', 'Component': 'sd_chan_reg', 'Type': 'type(print_interval)', 'Dimensions': '-', 'Swat_codetype': 'in_sim'}",
input,print.prt,26,3,m,,"{'Line in File': '26', 'Position in File': '3', 'Condition': 'if (pco%use_obj_labels == ""n"")', 'Local (Y/N)': 'N', 'TYPE': 'pco', 'Component': 'm', 'Type': 'unknown', 'Dimensions': '-', 'Swat_codetype': 'in_sim'}"
input,print.prt,26,4,y,,"{'Line in File': '26', 'Position in File': '4', 'Condition': 'if (pco%use_obj_labels == ""n"")', 'Local (Y/N)': 'N', 'TYPE': 'pco', 'Component': 'y', 'Type': 'unknown', 'Dimensions': '-', 'Swat_codetype': 'in_sim'}"
input,print.prt,26,5,a,,"{'Line in File': '26', 'Position in File': '5', 'Condition': 'if (pco%use_obj_labels == ""n"")', 'Local (Y/N)': 'N', 'TYPE': 'pco', 'Component': 'a', 'Type': 'unknown', 'Dimensions': '-', 'Swat_codetype': 'in_sim'}"
input,print.prt,27,1,name,"{'Line in File': '27', 'Position in File': '1', 'Condition': 'if (pco%aa_numint > 0)', 'Local (Y/N)': 'Y', 'TYPE': '-', 'Component': 'name', 'Type': 'character(len=16)', 'Dimensions': '-', 'Swat_codetype': '-'}","{'Line in File': '27', 'Position in File': '1', 'Condition': 'if (pco%use_obj_labels == ""n"")', 'Local (Y/N)': 'Y', 'TYPE': '-', 'Component': 'name', 'Type': 'character(len=16)', 'Dimensions': '-', 'Swat_codetype': '-'}"
input,print.prt,27,2,d,,"{'Line in File': '27', 'Position in File': '2', 'Condition': 'if (pco%use_obj_labels == ""n"")', 'Local (Y/N)': 'N', 'TYPE': 'pco', 'Component': 'd', 'Type': 'unknown', 'Dimensions': '-', 'Swat_codetype': 'in_sim'}"
input,print.prt,27,2,recall_reg,"{'Line in File': '27', 'Position in File': '2', 'Condition': 'if (pco%aa_numint > 0)', 'Local (Y/N)': 'N', 'TYPE': 'pco', 'Component': 'recall_reg', 'Type': 'type(print_interval)', 'Dimensions': '-', 'Swat_codetype': 'in_sim'}",
input,print.prt,27,3,m,,"{'Line in File': '27', 'Position in File': '3', 'Condition': 'if (pco%use_obj_labels == ""n"")', 'Local (Y/N)': 'N', 'TYPE': 'pco', 'Component': 'm', 'Type': 'unknown', 'Dimensions': '-', 'Swat_codetype': 'in_sim'}"
input,print.prt,27,4,y,,"{'Line in File': '27', 'Position in File': '4', 'Condition': 'if (pco%use_obj_labels == ""n"")', 'Local (Y/N)': 'N', 'TYPE': 'pco', 'Component': 'y', 'Type': 'unknown', 'Dimensions': '-', 'Swat_codetype': 'in_sim'}"
input,print.prt,27,5,a,,"{'Line in File': '27', 'Position in File': '5', 'Condition': 'if (pco%use_obj_labels == ""n"")', 'Local (Y/N)': 'N', 'TYPE': 'pco', 'Component': 'a', 'Type': 'unknown', 'Dimensions': '-', 'Swat_codetype': 'in_sim'}"
input,print.prt,28,1,name,"{'Line in File': '28', 'Position in File': '1', 'Condition': 'if (pco%aa_numint > 0)', 'Local (Y/N)': 'Y', 'TYPE': '-', 'Component': 'name', 'Type': 'character(len=16)', 'Dimensions': '-', 'Swat_codetype': '-'}","{'Line in File': '28', 'Position in File': '1', 'Condition': 'if (pco%use_obj_labels == ""n"")', 'Local (Y/N)': 'Y', 'TYPE': '-', 'Component': 'name', 'Type': 'character(len=16)', 'Dimensions': '-', 'Swat_codetype': '-'}"
input,print.prt,28,2,d,,"{'Line in File': '28', 'Position in File': '2', 'Condition': 'if (pco%use_obj_labels == ""n"")', 'Local (Y/N)': 'N', 'TYPE': 'pco', 'Component': 'd', 'Type': 'unknown', 'Dimensions': '-', 'Swat_codetype': 'in_sim'}"
input,print.prt,28,2,water_allo,"{'Line in File': '28', 'Position in File': '2', 'Condition': 'if (pco%aa_numint > 0)', 'Local (Y/N)': 'N', 'TYPE': 'pco', 'Component': 'water_allo', 'Type': 'type(print_interval)', 'Dimensions': '-', 'Swat_codetype': 'in_sim'}",
input,print.prt,28,3,m,,"{'Line in File': '28', 'Position in File': '3', 'Condition': 'if (pco%use_obj_labels == ""n"")', 'Local (Y/N)': 'N', 'TYPE': 'pco', 'Component': 'm', 'Type': 'unknown', 'Dimensions': '-', 'Swat_codetype': 'in_sim'}"
input,print.prt,28,4,y,,"{'Line in File': '28', 'Position in File': '4', 'Condition': 'if (pco%use_obj_labels == ""n"")', 'Local (Y/N)': 'N', 'TYPE': 'pco', 'Component': 'y', 'Type': 'unknown', 'Dimensions': '-', 'Swat_codetype': 'in_sim'}"
input,print.prt,28,5,a,,"{'Line in File': '28', 'Position in File': '5', 'Condition': 'if (pco%use_obj_labels == ""n"")', 'Local (Y/N)': 'N', 'TYPE': 'pco', 'Component': 'a', 'Type': 'unknown', 'Dimensions': '-', 'Swat_codetype': 'in_sim'}"
input,print.prt,29,1,name,"{'Line in File': '29', 'Position in File': '1', 'Condition': 'if (pco%aa_numint > 0)', 'Local (Y/N)': 'Y', 'TYPE': '-', 'Component': 'name', 'Type': 'character(len=16)', 'Dimensions': '-', 'Swat_codetype': '-'}","{'Line in File': '29', 'Position in File': '1', 'Condition': 'if (pco%use_obj_labels == ""n"")', 'Local (Y/N)': 'Y', 'TYPE': '-', 'Component': 'name', 'Type': 'character(len=16)', 'Dimensions': '-', 'Swat_codetype': '-'}"
input,print.prt,29,2,d,,"{'Line in File': '29', 'Position in File': '2', 'Condition': 'if (pco%use_obj_labels == ""n"")', 'Local (Y/N)': 'N', 'TYPE': 'pco', 'Component': 'd', 'Type': 'unknown', 'Dimensions': '-', 'Swat_codetype': 'in_sim'}"
input,print.prt,29,2,wb_lsu,"{'Line in File': '29', 'Position in File': '2', 'Condition': 'if (pco%aa_numint > 0)', 'Local (Y/N)': 'N', 'TYPE': 'pco', 'Component': 'wb_lsu', 'Type': 'type(print_interval)', 'Dimensions': '-', 'Swat_codetype': 'in_sim'}",
input,print.prt,29,3,m,,"{'Line in File': '29', 'Position in File': '3', 'Condition': 'if (pco%use_obj_labels == ""n"")', 'Local (Y/N)': 'N', 'TYPE': 'pco', 'Component': 'm', 'Type': 'unknown', 'Dimensions': '-', 'Swat_codetype': 'in_sim'}"
input,print.prt,29,4,y,,"{'Line in File': '29', 'Position in File': '4', 'Condition': 'if (pco%use_obj_labels == ""n"")', 'Local (Y/N)': 'N', 'TYPE': 'pco', 'Component': 'y', 'Type': 'unknown', 'Dimensions': '-', 'Swat_codetype': 'in_sim'}"
input,print.prt,29,5,a,,"{'Line in File': '29', 'Position in File': '5', 'Condition': 'if (pco%use_obj_labels == ""n"")', 'Local (Y/N)': 'N', 'TYPE': 'pco', 'Component': 'a', 'Type': 'unknown', 'Dimensions': '-', 'Swat_codetype': 'in_sim'}"
input,print.prt,30,1,name,"{'Line in File': '30', 'Position in File': '1', 'Condition': 'if (pco%aa_numint > 0)', 'Local (Y/N)': 'Y', 'TYPE': '-', 'Component': 'name', 'Type': 'character(len=16)', 'Dimensions': '-', 'Swat_codetype': '-'}","{'Line in File': '30', 'Position in File': '1', 'Condition': 'if (pco%use_obj_labels == ""n"")', 'Local (Y/N)': 'Y', 'TYPE': '-', 'Component': 'name', 'Type': 'character(len=16)', 'Dimensions': '-', 'Swat_codetype': '-'}"
input,print.prt,30,2,d,,"{'Line in File': '30', 'Position in File': '2', 'Condition': 'if (pco%use_obj_labels == ""n"")', 'Local (Y/N)': 'N', 'TYPE': 'pco', 'Component': 'd', 'Type': 'unknown', 'Dimensions': '-', 'Swat_codetype': 'in_sim'}"
input,print.prt,30,2,nb_lsu,"{'Line in File': '30', 'Position in File': '2', 'Condition': 'if (pco%aa_numint > 0)', 'Local (Y/N)': 'N', 'TYPE': 'pco', 'Component': 'nb_lsu', 'Type': 'type(print_interval)', 'Dimensions': '-', 'Swat_codetype': 'in_sim'}",
input,print.prt,30,3,m,,"{'Line in File': '30', 'Position in File': '3', 'Condition': 'if (pco%use_obj_labels == ""n"")', 'Local (Y/N)': 'N', 'TYPE': 'pco', 'Component': 'm', 'Type': 'unknown', 'Dimensions': '-', 'Swat_codetype': 'in_sim'}"
input,print.prt,30,4,y,,"{'Line in File': '30', 'Position in File': '4', 'Condition': 'if (pco%use_obj_labels == ""n"")', 'Local (Y/N)': 'N', 'TYPE': 'pco', 'Component': 'y', 'Type': 'unknown', 'Dimensions': '-', 'Swat_codetype': 'in_sim'}"
input,print.prt,30,5,a,,"{'Line in File': '30', 'Position in File': '5', 'Condition': 'if (pco%use_obj_labels == ""n"")', 'Local (Y/N)': 'N', 'TYPE': 'pco', 'Component': 'a', 'Type': 'unknown', 'Dimensions': '-', 'Swat_codetype': 'in_sim'}"
input,print.prt,31,1,name,"{'Line in File': '31', 'Position in File': '1', 'Condition': 'if (pco%aa_numint > 0)', 'Local (Y/N)': 'Y', 'TYPE': '-', 'Component': 'name', 'Type': 'character(len=16)', 'Dimensions': '-', 'Swat_codetype': '-'}","{'Line in File': '31', 'Position in File': '1', 'Condition': 'if (pco%use_obj_labels == ""n"")', 'Local (Y/N)': 'Y', 'TYPE': '-', 'Component': 'name', 'Type': 'character(len=16)', 'Dimensions': '-', 'Swat_codetype': '-'}"
input,print.prt,31,2,d,,"{'Line in File': '31', 'Position in File': '2', 'Condition': 'if (pco%use_obj_labels == ""n"")', 'Local (Y/N)': 'N', 'TYPE': 'pco', 'Component': 'd', 'Type': 'unknown', 'Dimensions': '-', 'Swat_codetype': 'in_sim'}"
input,print.prt,31,2,ls_lsu,"{'Line in File': '31', 'Position in File': '2', 'Condition': 'if (pco%aa_numint > 0)', 'Local (Y/N)': 'N', 'TYPE': 'pco', 'Component': 'ls_lsu', 'Type': 'type(print_interval)', 'Dimensions': '-', 'Swat_codetype': 'in_sim'}",
input,print.prt,31,3,m,,"{'Line in File': '31', 'Position in File': '3', 'Condition': 'if (pco%use_obj_labels == ""n"")', 'Local (Y/N)': 'N', 'TYPE': 'pco', 'Component': 'm', 'Type': 'unknown', 'Dimensions': '-', 'Swat_codetype': 'in_sim'}"
input,print.prt,31,4,y,,"{'Line in File': '31', 'Position in File': '4', 'Condition': 'if (pco%use_obj_labels == ""n"")', 'Local (Y/N)': 'N', 'TYPE': 'pco', 'Component': 'y', 'Type': 'unknown', 'Dimensions': '-', 'Swat_codetype': 'in_sim'}"
input,print.prt,31,5,a,,"{'Line in File': '31', 'Position in File': '5', 'Condition': 'if (pco%use_obj_labels == ""n"")', 'Local (Y/N)': 'N', 'TYPE': 'pco', 'Component': 'a', 'Type': 'unknown', 'Dimensions': '-', 'Swat_codetype': 'in_sim'}"
input,print.prt,32,1,name,"{'Line in File': '32', 'Position in File': '1', 'Condition': 'if (pco%aa_numint > 0)', 'Local (Y/N)': 'Y', 'TYPE': '-', 'Component': 'name', 'Type': 'character(len=16)', 'Dimensions': '-', 'Swat_codetype': '-'}","{'Line in File': '32', 'Position in File': '1', 'Condition': 'if (pco%use_obj_labels == ""n"")', 'Local (Y/N)': 'Y', 'TYPE': '-', 'Component': 'name', 'Type': 'character(len=16)', 'Dimensions': '-', 'Swat_codetype': '-'}"
input,print.prt,32,2,d,,"{'Line in File': '32', 'Position in File': '2', 'Condition': 'if (pco%use_obj_labels == ""n"")', 'Local (Y/N)': 'N', 'TYPE': 'pco', 'Component': 'd', 'Type': 'unknown', 'Dimensions': '-', 'Swat_codetype': 'in_sim'}"
input,print.prt,32,2,pw_lsu,"{'Line in File': '32', 'Position in File': '2', 'Condition': 'if (pco%aa_numint > 0)', 'Local (Y/N)': 'N', 'TYPE': 'pco', 'Component': 'pw_lsu', 'Type': 'type(print_interval)', 'Dimensions': '-', 'Swat_codetype': 'in_sim'}",
input,print.prt,32,3,m,,"{'Line in File': '32', 'Position in File': '3', 'Condition': 'if (pco%use_obj_labels == ""n"")', 'Local (Y/N)': 'N', 'TYPE': 'pco', 'Component': 'm', 'Type': 'unknown', 'Dimensions': '-', 'Swat_codetype': 'in_sim'}"
input,print.prt,32,4,y,,"{'Line in File': '32', 'Position in File': '4', 'Condition': 'if (pco%use_obj_labels == ""n"")', 'Local (Y/N)': 'N', 'TYPE': 'pco', 'Component': 'y', 'Type': 'unknown', 'Dimensions': '-', 'Swat_codetype': 'in_sim'}"
input,print.prt,32,5,a,,"{'Line in File': '32', 'Position in File': '5', 'Condition': 'if (pco%use_obj_labels == ""n"")', 'Local (Y/N)': 'N', 'TYPE': 'pco', 'Component': 'a', 'Type': 'unknown', 'Dimensions': '-', 'Swat_codetype': 'in_sim'}"
input,print.prt,33,1,name,"{'Line in File': '33', 'Position in File': '1', 'Condition': 'if (pco%aa_numint > 0)', 'Local (Y/N)': 'Y', 'TYPE': '-', 'Component': 'name', 'Type': 'character(len=16)', 'Dimensions': '-', 'Swat_codetype': '-'}","{'Line in File': '33', 'Position in File': '1', 'Condition': 'if (pco%use_obj_labels == ""n"")', 'Local (Y/N)': 'Y', 'TYPE': '-', 'Component': 'name', 'Type': 'character(len=16)', 'Dimensions': '-', 'Swat_codetype': '-'}"
input,print.prt,33,2,d,,"{'Line in File': '33', 'Position in File': '2', 'Condition': 'if (pco%use_obj_labels == ""n"")', 'Local (Y/N)': 'N', 'TYPE': 'pco', 'Component': 'd', 'Type': 'unknown', 'Dimensions': '-', 'Swat_codetype': 'in_sim'}"
input,print.prt,33,2,wb_hru,"{'Line in File': '33', 'Position in File': '2', 'Condition': 'if (pco%aa_numint > 0)', 'Local (Y/N)': 'N', 'TYPE': 'pco', 'Component': 'wb_hru', 'Type': 'type(print_interval)', 'Dimensions': '-', 'Swat_codetype': 'in_sim'}",
input,print.prt,33,3,m,,"{'Line in File': '33', 'Position in File': '3', 'Condition': 'if (pco%use_obj_labels == ""n"")', 'Local (Y/N)': 'N', 'TYPE': 'pco', 'Component': 'm', 'Type': 'unknown', 'Dimensions': '-', 'Swat_codetype': 'in_sim'}"
input,print.prt,33,4,y,,"{'Line in File': '33', 'Position in File': '4', 'Condition': 'if (pco%use_obj_labels == ""n"")', 'Local (Y/N)': 'N', 'TYPE': 'pco', 'Component': 'y', 'Type': 'unknown', 'Dimensions': '-', 'Swat_codetype': 'in_sim'}"
input,print.prt,33,5,a,,"{'Line in File': '33', 'Position in File': '5', 'Condition': 'if (pco%use_obj_labels == ""n"")', 'Local (Y/N)': 'N', 'TYPE': 'pco', 'Component': 'a', 'Type': 'unknown', 'Dimensions': '-', 'Swat_codetype': 'in_sim'}"
input,print.prt,34,1,name,"{'Line in File': '34', 'Position in File': '1', 'Condition': 'if (pco%aa_numint > 0)', 'Local (Y/N)': 'Y', 'TYPE': '-', 'Component': 'name', 'Type': 'character(len=16)', 'Dimensions': '-', 'Swat_codetype': '-'}","{'Line in File': '34', 'Position in File': '1', 'Condition': 'if (pco%use_obj_labels == ""n"")', 'Local (Y/N)': 'Y', 'TYPE': '-', 'Component': 'name', 'Type': 'character(len=16)', 'Dimensions': '-', 'Swat_codetype': '-'}"
input,print.prt,34,2,d,,"{'Line in File': '34', 'Position in File': '2', 'Condition': 'if (pco%use_obj_labels == ""n"")', 'Local (Y/N)': 'N', 'TYPE': 'pco', 'Component': 'd', 'Type': 'unknown', 'Dimensions': '-', 'Swat_codetype': 'in_sim'}"
input,print.prt,34,2,nb_hru,"{'Line in File': '34', 'Position in File': '2', 'Condition': 'if (pco%aa_numint > 0)', 'Local (Y/N)': 'N', 'TYPE': 'pco', 'Component': 'nb_hru', 'Type': 'type(print_interval)', 'Dimensions': '-', 'Swat_codetype': 'in_sim'}",
input,print.prt,34,3,m,,"{'Line in File': '34', 'Position in File': '3', 'Condition': 'if (pco%use_obj_labels == ""n"")', 'Local (Y/N)': 'N', 'TYPE': 'pco', 'Component': 'm', 'Type': 'unknown', 'Dimensions': '-', 'Swat_codetype': 'in_sim'}"
input,print.prt,34,4,y,,"{'Line in File': '34', 'Position in File': '4', 'Condition': 'if (pco%use_obj_labels == ""n"")', 'Local (Y/N)': 'N', 'TYPE': 'pco', 'Component': 'y', 'Type': 'unknown', 'Dimensions': '-', 'Swat_codetype': 'in_sim'}"
input,print.prt,34,5,a,,"{'Line in File': '34', 'Position in File': '5', 'Condition': 'if (pco%use_obj_labels == ""n"")', 'Local (Y/N)': 'N', 'TYPE': 'pco', 'Component': 'a', 'Type': 'unknown', 'Dimensions': '-', 'Swat_codetype': 'in_sim'}"
input,print.prt,35,1,name,"{'Line in File': '35', 'Position in File': '1', 'Condition': 'if (pco%aa_numint > 0)', 'Local (Y/N)': 'Y', 'TYPE': '-', 'Component': 'name', 'Type': 'character(len=16)', 'Dimensions': '-', 'Swat_codetype': '-'}","{'Line in File': '35', 'Position in File': '1', 'Condition': 'if (pco%use_obj_labels == ""n"")', 'Local (Y/N)': 'Y', 'TYPE': '-', 'Component': 'name', 'Type': 'character(len=16)', 'Dimensions': '-', 'Swat_codetype': '-'}"
input,print.prt,35,2,d,,"{'Line in File': '35', 'Position in File': '2', 'Condition': 'if (pco%use_obj_labels == ""n"")', 'Local (Y/N)': 'N', 'TYPE': 'pco', 'Component': 'd', 'Type': 'unknown', 'Dimensions': '-', 'Swat_codetype': 'in_sim'}"
input,print.prt,35,2,ls_hru,"{'Line in File': '35', 'Position in File': '2', 'Condition': 'if (pco%aa_numint > 0)', 'Local (Y/N)': 'N', 'TYPE': 'pco', 'Component': 'ls_hru', 'Type': 'type(print_interval)', 'Dimensions': '-', 'Swat_codetype': 'in_sim'}",
input,print.prt,35,3,m,,"{'Line in File': '35', 'Position in File': '3', 'Condition': 'if (pco%use_obj_labels == ""n"")', 'Local (Y/N)': 'N', 'TYPE': 'pco', 'Component': 'm', 'Type': 'unknown', 'Dimensions': '-', 'Swat_codetype': 'in_sim'}"
input,print.prt,35,4,y,,"{'Line in File': '35', 'Position in File': '4', 'Condition': 'if (pco%use_obj_labels == ""n"")', 'Local (Y/N)': 'N', 'TYPE': 'pco', 'Component': 'y', 'Type': 'unknown', 'Dimensions': '-', 'Swat_codetype': 'in_sim'}"
input,print.prt,35,5,a,,"{'Line in File': '35', 'Position in File': '5', 'Condition': 'if (pco%use_obj_labels == ""n"")', 'Local (Y/N)': 'N', 'TYPE': 'pco', 'Component': 'a', 'Type': 'unknown', 'Dimensions': '-', 'Swat_codetype': 'in_sim'}"
input,print.prt,36,1,name,"{'Line in File': '36', 'Position in File': '1', 'Condition': 'if (pco%aa_numint > 0)', 'Local (Y/N)': 'Y', 'TYPE': '-', 'Component': 'name', 'Type': 'character(len=16)', 'Dimensions': '-', 'Swat_codetype': '-'}","{'Line in File': '36', 'Position in File': '1', 'Condition': 'if (pco%use_obj_labels == ""n"")', 'Local (Y/N)': 'Y', 'TYPE': '-', 'Component': 'name', 'Type': 'character(len=16)', 'Dimensions': '-', 'Swat_codetype': '-'}"
input,print.prt,36,2,d,,"{'Line in File': '36', 'Position in File': '2', 'Condition': 'if (pco%use_obj_labels == ""n"")', 'Local (Y/N)': 'N', 'TYPE': 'pco', 'Component': 'd', 'Type': 'unknown', 'Dimensions': '-', 'Swat_codetype': 'in_sim'}"
input,print.prt,36,2,pw_hru,"{'Line in File': '36', 'Position in File': '2', 'Condition': 'if (pco%aa_numint > 0)', 'Local (Y/N)': 'N', 'TYPE': 'pco', 'Component': 'pw_hru', 'Type': 'type(print_interval)', 'Dimensions': '-', 'Swat_codetype': 'in_sim'}",
input,print.prt,36,3,m,,"{'Line in File': '36', 'Position in File': '3', 'Condition': 'if (pco%use_obj_labels == ""n"")', 'Local (Y/N)': 'N', 'TYPE': 'pco', 'Component': 'm', 'Type': 'unknown', 'Dimensions': '-', 'Swat_codetype': 'in_sim'}"
input,print.prt,36,4,y,,"{'Line in File': '36', 'Position in File': '4', 'Condition': 'if (pco%use_obj_labels == ""n"")', 'Local (Y/N)': 'N', 'TYPE': 'pco', 'Component': 'y', 'Type': 'unknown', 'Dimensions': '-', 'Swat_codetype': 'in_sim'}"
input,print.prt,36,5,a,,"{'Line in File': '36', 'Position in File': '5', 'Condition': 'if (pco%use_obj_labels == ""n"")', 'Local (Y/N)': 'N', 'TYPE': 'pco', 'Component': 'a', 'Type': 'unknown', 'Dimensions': '-', 'Swat_codetype': 'in_sim'}"
input,print.prt,37,1,name,"{'Line in File': '37', 'Position in File': '1', 'Condition': 'if (pco%aa_numint > 0)', 'Local (Y/N)': 'Y', 'TYPE': '-', 'Component': 'name', 'Type': 'character(len=16)', 'Dimensions': '-', 'Swat_codetype': '-'}","{'Line in File': '37', 'Position in File': '1', 'Condition': 'if (pco%use_obj_labels == ""n"")', 'Local (Y/N)': 'Y', 'TYPE': '-', 'Component': 'name', 'Type': 'character(len=16)', 'Dimensions': '-', 'Swat_codetype': '-'}"
input,print.prt,37,2,d,,"{'Line in File': '37', 'Position in File': '2', 'Condition': 'if (pco%use_obj_labels == ""n"")', 'Local (Y/N)': 'N', 'TYPE': 'pco', 'Component': 'd', 'Type': 'unknown', 'Dimensions': '-', 'Swat_codetype': 'in_sim'}"
input,print.prt,37,2,wb_sd,"{'Line in File': '37', 'Position in File': '2', 'Condition': 'if (pco%aa_numint > 0)', 'Local (Y/N)': 'N', 'TYPE': 'pco', 'Component': 'wb_sd', 'Type': 'type(print_interval)', 'Dimensions': '-', 'Swat_codetype': 'in_sim'}",
input,print.prt,37,3,m,,"{'Line in File': '37', 'Position in File': '3', 'Condition': 'if (pco%use_obj_labels == ""n"")', 'Local (Y/N)': 'N', 'TYPE': 'pco', 'Component': 'm', 'Type': 'unknown', 'Dimensions': '-', 'Swat_codetype': 'in_sim'}"
input,print.prt,37,4,y,,"{'Line in File': '37', 'Position in File': '4', 'Condition': 'if (pco%use_obj_labels == ""n"")', 'Local (Y/N)': 'N', 'TYPE': 'pco', 'Component': 'y', 'Type': 'unknown', 'Dimensions': '-', 'Swat_codetype': 'in_sim'}"
input,print.prt,37,5,a,,"{'Line in File': '37', 'Position in File': '5', 'Condition': 'if (pco%use_obj_labels == ""n"")', 'Local (Y/N)': 'N', 'TYPE': 'pco', 'Component': 'a', 'Type': 'unknown', 'Dimensions': '-', 'Swat_codetype': 'in_sim'}"
input,print.prt,38,1,name,"{'Line in File': '38', 'Position in File': '1', 'Condition': 'if (pco%aa_numint > 0)', 'Local (Y/N)': 'Y', 'TYPE': '-', 'Component': 'name', 'Type': 'character(len=16)', 'Dimensions': '-', 'Swat_codetype': '-'}","{'Line in File': '38', 'Position in File': '1', 'Condition': 'if (pco%use_obj_labels == ""n"")', 'Local (Y/N)': 'Y', 'TYPE': '-', 'Component': 'name', 'Type': 'character(len=16)', 'Dimensions': '-', 'Swat_codetype': '-'}"
input,print.prt,38,2,d,,"{'Line in File': '38', 'Position in File': '2', 'Condition': 'if (pco%use_obj_labels == ""n"")', 'Local (Y/N)': 'N', 'TYPE': 'pco', 'Component': 'd', 'Type': 'unknown', 'Dimensions': '-', 'Swat_codetype': 'in_sim'}"
input,print.prt,38,2,nb_sd,"{'Line in File': '38', 'Position in File': '2', 'Condition': 'if (pco%aa_numint > 0)', 'Local (Y/N)': 'N', 'TYPE': 'pco', 'Component': 'nb_sd', 'Type': 'type(print_interval)', 'Dimensions': '-', 'Swat_codetype': 'in_sim'}",
input,print.prt,38,3,m,,"{'Line in File': '38', 'Position in File': '3', 'Condition': 'if (pco%use_obj_labels == ""n"")', 'Local (Y/N)': 'N', 'TYPE': 'pco', 'Component': 'm', 'Type': 'unknown', 'Dimensions': '-', 'Swat_codetype': 'in_sim'}"
input,print.prt,38,4,y,,"{'Line in File': '38', 'Position in File': '4', 'Condition': 'if (pco%use_obj_labels == ""n"")', 'Local (Y/N)': 'N', 'TYPE': 'pco', 'Component': 'y', 'Type': 'unknown', 'Dimensions': '-', 'Swat_codetype': 'in_sim'}"
input,print.prt,38,5,a,,"{'Line in File': '38', 'Position in File': '5', 'Condition': 'if (pco%use_obj_labels == ""n"")', 'Local (Y/N)': 'N', 'TYPE': 'pco', 'Component': 'a', 'Type': 'unknown', 'Dimensions': '-', 'Swat_codetype': 'in_sim'}"
input,print.prt,39,1,name,"{'Line in File': '39', 'Position in File': '1', 'Condition': 'if (pco%aa_numint > 0)', 'Local (Y/N)': 'Y', 'TYPE': '-', 'Component': 'name', 'Type': 'character(len=16)', 'Dimensions': '-', 'Swat_codetype': '-'}","{'Line in File': '39', 'Position in File': '1', 'Condition': 'if (pco%use_obj_labels == ""n"")', 'Local (Y/N)': 'Y', 'TYPE': '-', 'Component': 'name', 'Type': 'character(len=16)', 'Dimensions': '-', 'Swat_codetype': '-'}"
input,print.prt,39,2,d,,"{'Line in File': '39', 'Position in File': '2', 'Condition': 'if (pco%use_obj_labels == ""n"")', 'Local (Y/N)': 'N', 'TYPE': 'pco', 'Component': 'd', 'Type': 'unknown', 'Dimensions': '-', 'Swat_codetype': 'in_sim'}"
input,print.prt,39,2,ls_sd,"{'Line in File': '39', 'Position in File': '2', 'Condition': 'if (pco%aa_numint > 0)', 'Local (Y/N)': 'N', 'TYPE': 'pco', 'Component': 'ls_sd', 'Type': 'type(print_interval)', 'Dimensions': '-', 'Swat_codetype': 'in_sim'}",
input,print.prt,39,3,m,,"{'Line in File': '39', 'Position in File': '3', 'Condition': 'if (pco%use_obj_labels == ""n"")', 'Local (Y/N)': 'N', 'TYPE': 'pco', 'Component': 'm', 'Type': 'unknown', 'Dimensions': '-', 'Swat_codetype': 'in_sim'}"
input,print.prt,39,4,y,,"{'Line in File': '39', 'Position in File': '4', 'Condition': 'if (pco%use_obj_labels == ""n"")', 'Local (Y/N)': 'N', 'TYPE': 'pco', 'Component': 'y', 'Type': 'unknown', 'Dimensions': '-', 'Swat_codetype': 'in_sim'}"
input,print.prt,39,5,a,,"{'Line in File': '39', 'Position in File': '5', 'Condition': 'if (pco%use_obj_labels == ""n"")', 'Local (Y/N)': 'N', 'TYPE': 'pco', 'Component': 'a', 'Type': 'unknown', 'Dimensions': '-', 'Swat_codetype': 'in_sim'}"
input,print.prt,40,1,name,"{'Line in File': '40', 'Position in File': '1', 'Condition': 'if (pco%aa_numint > 0)', 'Local (Y/N)': 'Y', 'TYPE': '-', 'Component': 'name', 'Type': 'character(len=16)', 'Dimensions': '-', 'Swat_codetype': '-'}","{'Line in File': '40', 'Position in File': '1', 'Condition': 'if (pco%use_obj_labels == ""n"")', 'Local (Y/N)': 'Y', 'TYPE': '-', 'Component': 'name', 'Type': 'character(len=16)', 'Dimensions': '-', 'Swat_codetype': '-'}"
input,print.prt,40,2,d,,"{'Line in File': '40', 'Position in File': '2', 'Condition': 'if (pco%use_obj_labels == ""n"")', 'Local (Y/N)': 'N', 'TYPE': 'pco', 'Component': 'd', 'Type': 'unknown', 'Dimensions': '-', 'Swat_codetype': 'in_sim'}"
input,print.prt,40,2,pw_sd,"{'Line in File': '40', 'Position in File': '2', 'Condition': 'if (pco%aa_numint > 0)', 'Local (Y/N)': 'N', 'TYPE': 'pco', 'Component': 'pw_sd', 'Type': 'type(print_interval)', 'Dimensions': '-', 'Swat_codetype': 'in_sim'}",
input,print.prt,40,3,m,,"{'Line in File': '40', 'Position in File': '3', 'Condition': 'if (pco%use_obj_labels == ""n"")', 'Local (Y/N)': 'N', 'TYPE': 'pco', 'Component': 'm', 'Type': 'unknown', 'Dimensions': '-', 'Swat_codetype': 'in_sim'}"
input,print.prt,40,4,y,,"{'Line in File': '40', 'Position in File': '4', 'Condition': 'if (pco%use_obj_labels == ""n"")', 'Local (Y/N)': 'N', 'TYPE': 'pco', 'Component': 'y', 'Type': 'unknown', 'Dimensions': '-', 'Swat_codetype': 'in_sim'}"
input,print.prt,40,5,a,,"{'Line in File': '40', 'Position in File': '5', 'Condition': 'if (pco%use_obj_labels == ""n"")', 'Local (Y/N)': 'N', 'TYPE': 'pco', 'Component': 'a', 'Type': 'unknown', 'Dimensions': '-', 'Swat_codetype': 'in_sim'}"
input,print.prt,41,1,name,"{'Line in File': '41', 'Position in File': '1', 'Condition': 'if (pco%aa_numint > 0)', 'Local (Y/N)': 'Y', 'TYPE': '-', 'Component': 'name', 'Type': 'character(len=16)', 'Dimensions': '-', 'Swat_codetype': '-'}","{'Line in File': '41', 'Position in File': '1', 'Condition': 'if (pco%use_obj_labels == ""n"")', 'Local (Y/N)': 'Y', 'TYPE': '-', 'Component': 'name', 'Type': 'character(len=16)', 'Dimensions': '-', 'Swat_codetype': '-'}"
input,print.prt,41,2,chan,"{'Line in File': '41', 'Position in File': '2', 'Condition': 'if (pco%aa_numint > 0)', 'Local (Y/N)': 'N', 'TYPE': 'pco', 'Component': 'chan', 'Type': 'type(print_interval)', 'Dimensions': '-', 'Swat_codetype': 'in_sim'}",
input,print.prt,41,2,d,,"{'Line in File': '41', 'Position in File': '2', 'Condition': 'if (pco%use_obj_labels == ""n"")', 'Local (Y/N)': 'N', 'TYPE': 'pco', 'Component': 'd', 'Type': 'unknown', 'Dimensions': '-', 'Swat_codetype': 'in_sim'}"
input,print.prt,41,3,m,,"{'Line in File': '41', 'Position in File': '3', 'Condition': 'if (pco%use_obj_labels == ""n"")', 'Local (Y/N)': 'N', 'TYPE': 'pco', 'Component': 'm', 'Type': 'unknown', 'Dimensions': '-', 'Swat_codetype': 'in_sim'}"
input,print.prt,41,4,y,,"{'Line in File': '41', 'Position in File': '4', 'Condition': 'if (pco%use_obj_labels == ""n"")', 'Local (Y/N)': 'N', 'TYPE': 'pco', 'Component': 'y', 'Type': 'unknown', 'Dimensions': '-', 'Swat_codetype': 'in_sim'}"
input,print.prt,41,5,a,,"{'Line in File': '41', 'Position in File': '5', 'Condition': 'if (pco%use_obj_labels == ""n"")', 'Local (Y/N)': 'N', 'TYPE': 'pco', 'Component': 'a', 'Type': 'unknown', 'Dimensions': '-', 'Swat_codetype': 'in_sim'}"
input,print.prt,42,1,name,"{'Line in File': '42', 'Position in File': '1', 'Condition': 'if (pco%aa_numint > 0)', 'Local (Y/N)': 'Y', 'TYPE': '-', 'Component': 'name', 'Type': 'character(len=16)', 'Dimensions': '-', 'Swat_codetype': '-'}","{'Line in File': '42', 'Position in File': '1', 'Condition': 'if (pco%use_obj_labels == ""n"")', 'Local (Y/N)': 'Y', 'TYPE': '-', 'Component': 'name', 'Type': 'character(len=16)', 'Dimensions': '-', 'Swat_codetype': '-'}"
input,print.prt,42,2,d,,"{'Line in File': '42', 'Position in File': '2', 'Condition': 'if (pco%use_obj_labels == ""n"")', 'Local (Y/N)': 'N', 'TYPE': 'pco', 'Component': 'd', 'Type': 'unknown', 'Dimensions': '-', 'Swat_codetype': 'in_sim'}"
input,print.prt,42,2,sd_chan,"{'Line in File': '42', 'Position in File': '2', 'Condition': 'if (pco%aa_numint > 0)', 'Local (Y/N)': 'N', 'TYPE': 'pco', 'Component': 'sd_chan', 'Type': 'type(print_interval)', 'Dimensions': '-', 'Swat_codetype': 'in_sim'}",
input,print.prt,42,3,m,,"{'Line in File': '42', 'Position in File': '3', 'Condition': 'if (pco%use_obj_labels == ""n"")', 'Local (Y/N)': 'N', 'TYPE': 'pco', 'Component': 'm', 'Type': 'unknown', 'Dimensions': '-', 'Swat_codetype': 'in_sim'}"
input,print.prt,42,4,y,,"{'Line in File': '42', 'Position in File': '4', 'Condition': 'if (pco%use_obj_labels == ""n"")', 'Local (Y/N)': 'N', 'TYPE': 'pco', 'Component': 'y', 'Type': 'unknown', 'Dimensions': '-', 'Swat_codetype': 'in_sim'}"
input,print.prt,42,5,a,,"{'Line in File': '42', 'Position in File': '5', 'Condition': 'if (pco%use_obj_labels == ""n"")', 'Local (Y/N)': 'N', 'TYPE': 'pco', 'Component': 'a', 'Type': 'unknown', 'Dimensions': '-', 'Swat_codetype': 'in_sim'}"
input,print.prt,43,1,name,"{'Line in File': '43', 'Position in File': '1', 'Condition': 'if (pco%aa_numint > 0)', 'Local (Y/N)': 'Y', 'TYPE': '-', 'Component': 'name', 'Type': 'character(len=16)', 'Dimensions': '-', 'Swat_codetype': '-'}","{'Line in File': '43', 'Position in File': '1', 'Condition': 'if (pco%use_obj_labels == ""n"")', 'Local (Y/N)': 'Y', 'TYPE': '-', 'Component': 'name', 'Type': 'character(len=16)', 'Dimensions': '-', 'Swat_codetype': '-'}"
input,print.prt,43,2,aqu,"{'Line in File': '43', 'Position in File': '2', 'Condition': 'if (pco%aa_numint > 0)', 'Local (Y/N)': 'N', 'TYPE': 'pco', 'Component': 'aqu', 'Type': 'type(print_interval)', 'Dimensions': '-', 'Swat_codetype': 'in_sim'}",
input,print.prt,43,2,d,,"{'Line in File': '43', 'Position in File': '2', 'Condition': 'if (pco%use_obj_labels == ""n"")', 'Local (Y/N)': 'N', 'TYPE': 'pco', 'Component': 'd', 'Type': 'unknown', 'Dimensions': '-', 'Swat_codetype': 'in_sim'}"
input,print.prt,43,3,m,,"{'Line in File': '43', 'Position in File': '3', 'Condition': 'if (pco%use_obj_labels == ""n"")', 'Local (Y/N)': 'N', 'TYPE': 'pco', 'Component': 'm', 'Type': 'unknown', 'Dimensions': '-', 'Swat_codetype': 'in_sim'}"
input,print.prt,43,4,y,,"{'Line in File': '43', 'Position in File': '4', 'Condition': 'if (pco%use_obj_labels == ""n"")', 'Local (Y/N)': 'N', 'TYPE': 'pco', 'Component': 'y', 'Type': 'unknown', 'Dimensions': '-', 'Swat_codetype': 'in_sim'}"
input,print.prt,43,5,a,,"{'Line in File': '43', 'Position in File': '5', 'Condition': 'if (pco%use_obj_labels == ""n"")', 'Local (Y/N)': 'N', 'TYPE': 'pco', 'Component': 'a', 'Type': 'unknown', 'Dimensions': '-', 'Swat_codetype': 'in_sim'}"
input,print.prt,44,1,name,"{'Line in File': '44', 'Position in File': '1', 'Condition': 'if (pco%aa_numint > 0)', 'Local (Y/N)': 'Y', 'TYPE': '-', 'Component': 'name', 'Type': 'character(len=16)', 'Dimensions': '-', 'Swat_codetype': '-'}","{'Line in File': '44', 'Position in File': '1', 'Condition': 'if (pco%use_obj_labels == ""n"")', 'Local (Y/N)': 'Y', 'TYPE': '-', 'Component': 'name', 'Type': 'character(len=16)', 'Dimensions': '-', 'Swat_codetype': '-'}"
input,print.prt,44,2,d,,"{'Line in File': '44', 'Position in File': '2', 'Condition': 'if (pco%use_obj_labels == ""n"")', 'Local (Y/N)': 'N', 'TYPE': 'pco', 'Component': 'd', 'Type': 'unknown', 'Dimensions': '-', 'Swat_codetype': 'in_sim'}"
input,print.prt,44,2,res,"{'Line in File': '44', 'Position in File': '2', 'Condition': 'if (pco%aa_numint > 0)', 'Local (Y/N)': 'N', 'TYPE': 'pco', 'Component': 'res', 'Type': 'type(print_interval)', 'Dimensions': '-', 'Swat_codetype': 'in_sim'}",
input,print.prt,44,3,m,,"{'Line in File': '44', 'Position in File': '3', 'Condition': 'if (pco%use_obj_labels == ""n"")', 'Local (Y/N)': 'N', 'TYPE': 'pco', 'Component': 'm', 'Type': 'unknown', 'Dimensions': '-', 'Swat_codetype': 'in_sim'}"
input,print.prt,44,4,y,,"{'Line in File': '44', 'Position in File': '4', 'Condition': 'if (pco%use_obj_labels == ""n"")', 'Local (Y/N)': 'N', 'TYPE': 'pco', 'Component': 'y', 'Type': 'unknown', 'Dimensions': '-', 'Swat_codetype': 'in_sim'}"
input,print.prt,44,5,a,,"{'Line in File': '44', 'Position in File': '5', 'Condition': 'if (pco%use_obj_labels == ""n"")', 'Local (Y/N)': 'N', 'TYPE': 'pco', 'Component': 'a', 'Type': 'unknown', 'Dimensions': '-', 'Swat_codetype': 'in_sim'}"
input,print.prt,45,1,name,"{'Line in File': '45', 'Position in File': '1', 'Condition': 'if (pco%aa_numint > 0)', 'Local (Y/N)': 'Y', 'TYPE': '-', 'Component': 'name', 'Type': 'character(len=16)', 'Dimensions': '-', 'Swat_codetype': '-'}","{'Line in File': '45', 'Position in File': '1', 'Condition': 'if (pco%use_obj_labels == ""n"")', 'Local (Y/N)': 'Y', 'TYPE': '-', 'Component': 'name', 'Type': 'character(len=16)', 'Dimensions': '-', 'Swat_codetype': '-'}"
input,print.prt,45,2,d,,"{'Line in File': '45', 'Position in File': '2', 'Condition': 'if (pco%use_obj_labels == ""n"")', 'Local (Y/N)': 'N', 'TYPE': 'pco', 'Component': 'd', 'Type': 'unknown', 'Dimensions': '-', 'Swat_codetype': 'in_sim'}"
input,print.prt,45,2,recall,"{'Line in File': '45', 'Position in File': '2', 'Condition': 'if (pco%aa_numint > 0)', 'Local (Y/N)': 'N', 'TYPE': 'pco', 'Component': 'recall', 'Type': 'type(print_interval)', 'Dimensions': '-', 'Swat_codetype': 'in_sim'}",
input,print.prt,45,3,m,,"{'Line in File': '45', 'Position in File': '3', 'Condition': 'if (pco%use_obj_labels == ""n"")', 'Local (Y/N)': 'N', 'TYPE': 'pco', 'Component': 'm', 'Type': 'unknown', 'Dimensions': '-', 'Swat_codetype': 'in_sim'}"
input,print.prt,45,4,y,,"{'Line in File': '45', 'Position in File': '4', 'Condition': 'if (pco%use_obj_labels == ""n"")', 'Local (Y/N)': 'N', 'TYPE': 'pco', 'Component': 'y', 'Type': 'unknown', 'Dimensions': '-', 'Swat_codetype': 'in_sim'}"
input,print.prt,45,5,a,,"{'Line in File': '45', 'Position in File': '5', 'Condition': 'if (pco%use_obj_labels == ""n"")', 'Local (Y/N)': 'N', 'TYPE': 'pco', 'Component': 'a', 'Type': 'unknown', 'Dimensions': '-', 'Swat_codetype': 'in_sim'}"
input,print.prt,46,1,name,"{'Line in File': '46', 'Position in File': '1', 'Condition': 'if (pco%aa_numint > 0)', 'Local (Y/N)': 'Y', 'TYPE': '-', 'Component': 'name', 'Type': 'character(len=16)', 'Dimensions': '-', 'Swat_codetype': '-'}","{'Line in File': '46', 'Position in File': '1', 'Condition': 'if (pco%use_obj_labels == ""n"")', 'Local (Y/N)': 'Y', 'TYPE': '-', 'Component': 'name', 'Type': 'character(len=16)', 'Dimensions': '-', 'Swat_codetype': '-'}"
input,print.prt,46,2,d,,"{'Line in File': '46', 'Position in File': '2', 'Condition': 'if (pco%use_obj_labels == ""n"")', 'Local (Y/N)': 'N', 'TYPE': 'pco', 'Component': 'd', 'Type': 'unknown', 'Dimensions': '-', 'Swat_codetype': 'in_sim'}"
input,print.prt,46,2,hyd,"{'Line in File': '46', 'Position in File': '2', 'Condition': 'if (pco%aa_numint > 0)', 'Local (Y/N)': 'N', 'TYPE': 'pco', 'Component': 'hyd', 'Type': 'type(print_interval)', 'Dimensions': '-', 'Swat_codetype': 'in_sim'}",
input,print.prt,46,3,m,,"{'Line in File': '46', 'Position in File': '3', 'Condition': 'if (pco%use_obj_labels == ""n"")', 'Local (Y/N)': 'N', 'TYPE': 'pco', 'Component': 'm', 'Type': 'unknown', 'Dimensions': '-', 'Swat_codetype': 'in_sim'}"
input,print.prt,46,4,y,,"{'Line in File': '46', 'Position in File': '4', 'Condition': 'if (pco%use_obj_labels == ""n"")', 'Local (Y/N)': 'N', 'TYPE': 'pco', 'Component': 'y', 'Type': 'unknown', 'Dimensions': '-', 'Swat_codetype': 'in_sim'}"
input,print.prt,46,5,a,,"{'Line in File': '46', 'Position in File': '5', 'Condition': 'if (pco%use_obj_labels == ""n"")', 'Local (Y/N)': 'N', 'TYPE': 'pco', 'Component': 'a', 'Type': 'unknown', 'Dimensions': '-', 'Swat_codetype': 'in_sim'}"
input,print.prt,47,1,name,"{'Line in File': '47', 'Position in File': '1', 'Condition': 'if (pco%aa_numint > 0)', 'Local (Y/N)': 'Y', 'TYPE': '-', 'Component': 'name', 'Type': 'character(len=16)', 'Dimensions': '-', 'Swat_codetype': '-'}","{'Line in File': '47', 'Position in File': '1', 'Condition': 'if (pco%use_obj_labels == ""n"")', 'Local (Y/N)': 'Y', 'TYPE': '-', 'Component': 'name', 'Type': 'character(len=16)', 'Dimensions': '-', 'Swat_codetype': '-'}"
input,print.prt,47,2,d,,"{'Line in File': '47', 'Position in File': '2', 'Condition': 'if (pco%use_obj_labels == ""n"")', 'Local (Y/N)': 'N', 'TYPE': 'pco', 'Component': 'd', 'Type': 'unknown', 'Dimensions': '-', 'Swat_codetype': 'in_sim'}"
input,print.prt,47,2,ru,"{'Line in File': '47', 'Position in File': '2', 'Condition': 'if (pco%aa_numint > 0)', 'Local (Y/N)': 'N', 'TYPE': 'pco', 'Component': 'ru', 'Type': 'type(print_interval)', 'Dimensions': '-', 'Swat_codetype': 'in_sim'}",
input,print.prt,47,3,m,,"{'Line in File': '47', 'Position in File': '3', 'Condition': 'if (pco%use_obj_labels == ""n"")', 'Local (Y/N)': 'N', 'TYPE': 'pco', 'Component': 'm', 'Type': 'unknown', 'Dimensions': '-', 'Swat_codetype': 'in_sim'}"
input,print.prt,47,4,y,,"{'Line in File': '47', 'Position in File': '4', 'Condition': 'if (pco%use_obj_labels == ""n"")', 'Local (Y/N)': 'N', 'TYPE': 'pco', 'Component': 'y', 'Type': 'unknown', 'Dimensions': '-', 'Swat_codetype': 'in_sim'}"
input,print.prt,47,5,a,,"{'Line in File': '47', 'Position in File': '5', 'Condition': 'if (pco%use_obj_labels == ""n"")', 'Local (Y/N)': 'N', 'TYPE': 'pco', 'Component': 'a', 'Type': 'unknown', 'Dimensions': '-', 'Swat_codetype': 'in_sim'}"
input,print.prt,48,1,name,"{'Line in File': '48', 'Position in File': '1', 'Condition': 'if (pco%aa_numint > 0)', 'Local (Y/N)': 'Y', 'TYPE': '-', 'Component': 'name', 'Type': 'character(len=16)', 'Dimensions': '-', 'Swat_codetype': '-'}","{'Line in File': '48', 'Position in File': '1', 'Condition': 'if (pco%use_obj_labels == ""n"")', 'Local (Y/N)': 'Y', 'TYPE': '-', 'Component': 'name', 'Type': 'character(len=16)', 'Dimensions': '-', 'Swat_codetype': '-'}"
input,print.prt,48,2,d,,"{'Line in File': '48', 'Position in File': '2', 'Condition': 'if (pco%use_obj_labels == ""n"")', 'Local (Y/N)': 'N', 'TYPE': 'pco', 'Component': 'd', 'Type': 'unknown', 'Dimensions': '-', 'Swat_codetype': 'in_sim'}"
input,print.prt,48,2,pest,"{'Line in File': '48', 'Position in File': '2', 'Condition': 'if (pco%aa_numint > 0)', 'Local (Y/N)': 'N', 'TYPE': 'pco', 'Component': 'pest', 'Type': 'type(print_interval)', 'Dimensions': '-', 'Swat_codetype': 'in_sim'}",
input,print.prt,48,3,m,,"{'Line in File': '48', 'Position in File': '3', 'Condition': 'if (pco%use_obj_labels == ""n"")', 'Local (Y/N)': 'N', 'TYPE': 'pco', 'Component': 'm', 'Type': 'unknown', 'Dimensions': '-', 'Swat_codetype': 'in_sim'}"
input,print.prt,48,4,y,,"{'Line in File': '48', 'Position in File': '4', 'Condition': 'if (pco%use_obj_labels == ""n"")', 'Local (Y/N)': 'N', 'TYPE': 'pco', 'Component': 'y', 'Type': 'unknown', 'Dimensions': '-', 'Swat_codetype': 'in_sim'}"
input,print.prt,48,5,a,,"{'Line in File': '48', 'Position in File': '5', 'Condition': 'if (pco%use_obj_labels == ""n"")', 'Local (Y/N)': 'N', 'TYPE': 'pco', 'Component': 'a', 'Type': 'unknown', 'Dimensions': '-', 'Swat_codetype': 'in_sim'}"
input,print.prt,49,1,name,"{'Line in File': '49', 'Position in File': '1', 'Condition': 'if (pco%aa_numint > 0)', 'Local (Y/N)': 'Y', 'TYPE': '-', 'Component': 'name', 'Type': 'character(len=16)', 'Dimensions': '-', 'Swat_codetype': '-'}","{'Line in File': '49', 'Position in File': '1', 'Condition': 'if (pco%use_obj_labels == ""n"")', 'Local (Y/N)': 'Y', 'TYPE': '-', 'Component': 'name', 'Type': 'character(len=16)', 'Dimensions': '-', 'Swat_codetype': '-'}"
input,print.prt,49,2,d,,"{'Line in File': '49', 'Position in File': '2', 'Condition': 'if (pco%use_obj_labels == ""n"")', 'Local (Y/N)': 'N', 'TYPE': 'pco', 'Component': 'd', 'Type': 'unknown', 'Dimensions': '-', 'Swat_codetype': 'in_sim'}"
input,print.prt,49,2,salt_basin,"{'Line in File': '49', 'Position in File': '2', 'Condition': 'if (pco%aa_numint > 0)', 'Local (Y/N)': 'N', 'TYPE': 'pco', 'Component': 'salt_basin', 'Type': 'type(print_interval)', 'Dimensions': '-', 'Swat_codetype': 'in_sim'}",
input,print.prt,49,3,m,,"{'Line in File': '49', 'Position in File': '3', 'Condition': 'if (pco%use_obj_labels == ""n"")', 'Local (Y/N)': 'N', 'TYPE': 'pco', 'Component': 'm', 'Type': 'unknown', 'Dimensions': '-', 'Swat_codetype': 'in_sim'}"
input,print.prt,49,4,y,,"{'Line in File': '49', 'Position in File': '4', 'Condition': 'if (pco%use_obj_labels == ""n"")', 'Local (Y/N)': 'N', 'TYPE': 'pco', 'Component': 'y', 'Type': 'unknown', 'Dimensions': '-', 'Swat_codetype': 'in_sim'}"
input,print.prt,49,5,a,,"{'Line in File': '49', 'Position in File': '5', 'Condition': 'if (pco%use_obj_labels == ""n"")', 'Local (Y/N)': 'N', 'TYPE': 'pco', 'Component': 'a', 'Type': 'unknown', 'Dimensions': '-', 'Swat_codetype': 'in_sim'}"
input,print.prt,5,2,aa_yrs,"{'Line in File': '5', 'Position in File': '2', 'Condition': 'if (pco%aa_numint > 0)', 'Local (Y/N)': 'N', 'TYPE': 'pco', 'Component': 'aa_yrs', 'Type': 'integer', 'Dimensions': 'allocatable', 'Swat_codetype': 'in_sim'}","{'Line in File': '5', 'Position in File': '2', 'Condition': 'if (pco%aa_numint > 0)', 'Local (Y/N)': 'N', 'TYPE': 'pco', 'Component': 'aa_yrs', 'Type': 'integer', 'Dimensions': 'dimension (:), allocatable', 'Swat_codetype': 'in_sim'}"
input,print.prt,50,1,name,"{'Line in File': '50', 'Position in File': '1', 'Condition': 'if (pco%aa_numint > 0)', 'Local (Y/N)': 'Y', 'TYPE': '-', 'Component': 'name', 'Type': 'character(len=16)', 'Dimensions': '-', 'Swat_codetype': '-'}","{'Line in File': '50', 'Position in File': '1', 'Condition': 'if (pco%use_obj_labels == ""n"")', 'Local (Y/N)': 'Y', 'TYPE': '-', 'Component': 'name', 'Type': 'character(len=16)', 'Dimensions': '-', 'Swat_codetype': '-'}"
input,print.prt,50,2,d,,"{'Line in File': '50', 'Position in File': '2', 'Condition': 'if (pco%use_obj_labels == ""n"")', 'Local (Y/N)': 'N', 'TYPE': 'pco', 'Component': 'd', 'Type': 'unknown', 'Dimensions': '-', 'Swat_codetype': 'in_sim'}"
input,print.prt,50,2,salt_hru,"{'Line in File': '50', 'Position in File': '2', 'Condition': 'if (pco%aa_numint > 0)', 'Local (Y/N)': 'N', 'TYPE': 'pco', 'Component': 'salt_hru', 'Type': 'type(print_interval)', 'Dimensions': '-', 'Swat_codetype': 'in_sim'}",
input,print.prt,50,3,m,,"{'Line in File': '50', 'Position in File': '3', 'Condition': 'if (pco%use_obj_labels == ""n"")', 'Local (Y/N)': 'N', 'TYPE': 'pco', 'Component': 'm', 'Type': 'unknown', 'Dimensions': '-', 'Swat_codetype': 'in_sim'}"
input,print.prt,50,4,y,,"{'Line in File': '50', 'Position in File': '4', 'Condition': 'if (pco%use_obj_labels == ""n"")', 'Local (Y/N)': 'N', 'TYPE': 'pco', 'Component': 'y', 'Type': 'unknown', 'Dimensions': '-', 'Swat_codetype': 'in_sim'}"
input,print.prt,50,5,a,,"{'Line in File': '50', 'Position in File': '5', 'Condition': 'if (pco%use_obj_labels == ""n"")', 'Local (Y/N)': 'N', 'TYPE': 'pco', 'Component': 'a', 'Type': 'unknown', 'Dimensions': '-', 'Swat_codetype': 'in_sim'}"
input,print.prt,51,1,name,"{'Line in File': '51', 'Position in File': '1', 'Condition': 'if (pco%aa_numint > 0)', 'Local (Y/N)': 'Y', 'TYPE': '-', 'Component': 'name', 'Type': 'character(len=16)', 'Dimensions': '-', 'Swat_codetype': '-'}","{'Line in File': '51', 'Position in File': '1', 'Condition': 'if (pco%use_obj_labels == ""n"")', 'Local (Y/N)': 'Y', 'TYPE': '-', 'Component': 'name', 'Type': 'character(len=16)', 'Dimensions': '-', 'Swat_codetype': '-'}"
input,print.prt,51,2,d,,"{'Line in File': '51', 'Position in File': '2', 'Condition': 'if (pco%use_obj_labels == ""n"")', 'Local (Y/N)': 'N', 'TYPE': 'pco', 'Component': 'd', 'Type': 'unknown', 'Dimensions': '-', 'Swat_codetype': 'in_sim'}"
input,print.prt,51,2,salt_ru,"{'Line in File': '51', 'Position in File': '2', 'Condition': 'if (pco%aa_numint > 0)', 'Local (Y/N)': 'N', 'TYPE': 'pco', 'Component': 'salt_ru', 'Type': 'type(print_interval)', 'Dimensions': '-', 'Swat_codetype': 'in_sim'}",
input,print.prt,51,3,m,,"{'Line in File': '51', 'Position in File': '3', 'Condition': 'if (pco%use_obj_labels == ""n"")', 'Local (Y/N)': 'N', 'TYPE': 'pco', 'Component': 'm', 'Type': 'unknown', 'Dimensions': '-', 'Swat_codetype': 'in_sim'}"
input,print.prt,51,4,y,,"{'Line in File': '51', 'Position in File': '4', 'Condition': 'if (pco%use_obj_labels == ""n"")', 'Local (Y/N)': 'N', 'TYPE': 'pco', 'Component': 'y', 'Type': 'unknown', 'Dimensions': '-', 'Swat_codetype': 'in_sim'}"
input,print.prt,51,5,a,,"{'Line in File': '51', 'Position in File': '5', 'Condition': 'if (pco%use_obj_labels == ""n"")', 'Local (Y/N)': 'N', 'TYPE': 'pco', 'Component': 'a', 'Type': 'unknown', 'Dimensions': '-', 'Swat_codetype': 'in_sim'}"
input,print.prt,52,1,name,"{'Line in File': '52', 'Position in File': '1', 'Condition': 'if (pco%aa_numint > 0)', 'Local (Y/N)': 'Y', 'TYPE': '-', 'Component': 'name', 'Type': 'character(len=16)', 'Dimensions': '-', 'Swat_codetype': '-'}","{'Line in File': '52', 'Position in File': '1', 'Condition': 'if (pco%use_obj_labels == ""n"")', 'Local (Y/N)': 'Y', 'TYPE': '-', 'Component': 'name', 'Type': 'character(len=16)', 'Dimensions': '-', 'Swat_codetype': '-'}"
input,print.prt,52,2,d,,"{'Line in File': '52', 'Position in File': '2', 'Condition': 'if (pco%use_obj_labels == ""n"")', 'Local (Y/N)': 'N', 'TYPE': 'pco', 'Component': 'd', 'Type': 'unknown', 'Dimensions': '-', 'Swat_codetype': 'in_sim'}"
input,print.prt,52,2,salt_aqu,"{'Line in File': '52', 'Position in File': '2', 'Condition': 'if (pco%aa_numint > 0)', 'Local (Y/N)': 'N', 'TYPE': 'pco', 'Component': 'salt_aqu', 'Type': 'type(print_interval)', 'Dimensions': '-', 'Swat_codetype': 'in_sim'}",
input,print.prt,52,3,m,,"{'Line in File': '52', 'Position in File': '3', 'Condition': 'if (pco%use_obj_labels == ""n"")', 'Local (Y/N)': 'N', 'TYPE': 'pco', 'Component': 'm', 'Type': 'unknown', 'Dimensions': '-', 'Swat_codetype': 'in_sim'}"
input,print.prt,52,4,y,,"{'Line in File': '52', 'Position in File': '4', 'Condition': 'if (pco%use_obj_labels == ""n"")', 'Local (Y/N)': 'N', 'TYPE': 'pco', 'Component': 'y', 'Type': 'unknown', 'Dimensions': '-', 'Swat_codetype': 'in_sim'}"
input,print.prt,52,5,a,,"{'Line in File': '52', 'Position in File': '5', 'Condition': 'if (pco%use_obj_labels == ""n"")', 'Local (Y/N)': 'N', 'TYPE': 'pco', 'Component': 'a', 'Type': 'unknown', 'Dimensions': '-', 'Swat_codetype': 'in_sim'}"
input,print.prt,53,1,name,"{'Line in File': '53', 'Position in File': '1', 'Condition': 'if (pco%aa_numint > 0)', 'Local (Y/N)': 'Y', 'TYPE': '-', 'Component': 'name', 'Type': 'character(len=16)', 'Dimensions': '-', 'Swat_codetype': '-'}","{'Line in File': '53', 'Position in File': '1', 'Condition': 'if (pco%use_obj_labels == ""n"")', 'Local (Y/N)': 'Y', 'TYPE': '-', 'Component': 'name', 'Type': 'character(len=16)', 'Dimensions': '-', 'Swat_codetype': '-'}"
input,print.prt,53,2,d,,"{'Line in File': '53', 'Position in File': '2', 'Condition': 'if (pco%use_obj_labels == ""n"")', 'Local (Y/N)': 'N', 'TYPE': 'pco', 'Component': 'd', 'Type': 'unknown', 'Dimensions': '-', 'Swat_codetype': 'in_sim'}"
input,print.prt,53,2,salt_chn,"{'Line in File': '53', 'Position in File': '2', 'Condition': 'if (pco%aa_numint > 0)', 'Local (Y/N)': 'N', 'TYPE': 'pco', 'Component': 'salt_chn', 'Type': 'type(print_interval)', 'Dimensions': '-', 'Swat_codetype': 'in_sim'}",
input,print.prt,53,3,m,,"{'Line in File': '53', 'Position in File': '3', 'Condition': 'if (pco%use_obj_labels == ""n"")', 'Local (Y/N)': 'N', 'TYPE': 'pco', 'Component': 'm', 'Type': 'unknown', 'Dimensions': '-', 'Swat_codetype': 'in_sim'}"
input,print.prt,53,4,y,,"{'Line in File': '53', 'Position in File': '4', 'Condition': 'if (pco%use_obj_labels == ""n"")', 'Local (Y/N)': 'N', 'TYPE': 'pco', 'Component': 'y', 'Type': 'unknown', 'Dimensions': '-', 'Swat_codetype': 'in_sim'}"
input,print.prt,53,5,a,,"{'Line in File': '53', 'Position in File': '5', 'Condition': 'if (pco%use_obj_labels == ""n"")', 'Local (Y/N)': 'N', 'TYPE': 'pco', 'Component': 'a', 'Type': 'unknown', 'Dimensions': '-', 'Swat_codetype': 'in_sim'}"
input,print.prt,54,1,name,"{'Line in File': '54', 'Position in File': '1', 'Condition': 'if (pco%aa_numint > 0)', 'Local (Y/N)': 'Y', 'TYPE': '-', 'Component': 'name', 'Type': 'character(len=16)', 'Dimensions': '-', 'Swat_codetype': '-'}","{'Line in File': '54', 'Position in File': '1', 'Condition': 'if (pco%use_obj_labels == ""n"")', 'Local (Y/N)': 'Y', 'TYPE': '-', 'Component': 'name', 'Type': 'character(len=16)', 'Dimensions': '-', 'Swat_codetype': '-'}"
input,print.prt,54,2,d,,"{'Line in File': '54', 'Position in File': '2', 'Condition': 'if (pco%use_obj_labels == ""n"")', 'Local (Y/N)': 'N', 'TYPE': 'pco', 'Component': 'd', 'Type': 'unknown', 'Dimensions': '-', 'Swat_codetype': 'in_sim'}"
input,print.prt,54,2,salt_res,"{'Line in File': '54', 'Position in File': '2', 'Condition': 'if (pco%aa_numint > 0)', 'Local (Y/N)': 'N', 'TYPE': 'pco', 'Component': 'salt_res', 'Type': 'type(print_interval)', 'Dimensions': '-', 'Swat_codetype': 'in_sim'}",
input,print.prt,54,3,m,,"{'Line in File': '54', 'Position in File': '3', 'Condition': 'if (pco%use_obj_labels == ""n"")', 'Local (Y/N)': 'N', 'TYPE': 'pco', 'Component': 'm', 'Type': 'unknown', 'Dimensions': '-', 'Swat_codetype': 'in_sim'}"
input,print.prt,54,4,y,,"{'Line in File': '54', 'Position in File': '4', 'Condition': 'if (pco%use_obj_labels == ""n"")', 'Local (Y/N)': 'N', 'TYPE': 'pco', 'Component': 'y', 'Type': 'unknown', 'Dimensions': '-', 'Swat_codetype': 'in_sim'}"
input,print.prt,54,5,a,,"{'Line in File': '54', 'Position in File': '5', 'Condition': 'if (pco%use_obj_labels == ""n"")', 'Local (Y/N)': 'N', 'TYPE': 'pco', 'Component': 'a', 'Type': 'unknown', 'Dimensions': '-', 'Swat_codetype': 'in_sim'}"
input,print.prt,55,1,name,"{'Line in File': '55', 'Position in File': '1', 'Condition': 'if (pco%aa_numint > 0)', 'Local (Y/N)': 'Y', 'TYPE': '-', 'Component': 'name', 'Type': 'character(len=16)', 'Dimensions': '-', 'Swat_codetype': '-'}","{'Line in File': '55', 'Position in File': '1', 'Condition': 'if (pco%use_obj_labels == ""n"")', 'Local (Y/N)': 'Y', 'TYPE': '-', 'Component': 'name', 'Type': 'character(len=16)', 'Dimensions': '-', 'Swat_codetype': '-'}"
input,print.prt,55,2,d,,"{'Line in File': '55', 'Position in File': '2', 'Condition': 'if (pco%use_obj_labels == ""n"")', 'Local (Y/N)': 'N', 'TYPE': 'pco', 'Component': 'd', 'Type': 'unknown', 'Dimensions': '-', 'Swat_codetype': 'in_sim'}"
input,print.prt,55,2,salt_wet,"{'Line in File': '55', 'Position in File': '2', 'Condition': 'if (pco%aa_numint > 0)', 'Local (Y/N)': 'N', 'TYPE': 'pco', 'Component': 'salt_wet', 'Type': 'type(print_interval)', 'Dimensions': '-', 'Swat_codetype': 'in_sim'}",
input,print.prt,55,3,m,,"{'Line in File': '55', 'Position in File': '3', 'Condition': 'if (pco%use_obj_labels == ""n"")', 'Local (Y/N)': 'N', 'TYPE': 'pco', 'Component': 'm', 'Type': 'unknown', 'Dimensions': '-', 'Swat_codetype': 'in_sim'}"
input,print.prt,55,4,y,,"{'Line in File': '55', 'Position in File': '4', 'Condition': 'if (pco%use_obj_labels == ""n"")', 'Local (Y/N)': 'N', 'TYPE': 'pco', 'Component': 'y', 'Type': 'unknown', 'Dimensions': '-', 'Swat_codetype': 'in_sim'}"
input,print.prt,55,5,a,,"{'Line in File': '55', 'Position in File': '5', 'Condition': 'if (pco%use_obj_labels == ""n"")', 'Local (Y/N)': 'N', 'TYPE': 'pco', 'Component': 'a', 'Type': 'unknown', 'Dimensions': '-', 'Swat_codetype': 'in_sim'}"
input,print.prt,56,1,name,"{'Line in File': '56', 'Position in File': '1', 'Condition': 'if (pco%aa_numint > 0)', 'Local (Y/N)': 'Y', 'TYPE': '-', 'Component': 'name', 'Type': 'character(len=16)', 'Dimensions': '-', 'Swat_codetype': '-'}","{'Line in File': '56', 'Position in File': '1', 'Condition': 'if (pco%use_obj_labels == ""n"")', 'Local (Y/N)': 'Y', 'TYPE': '-', 'Component': 'name', 'Type': 'character(len=16)', 'Dimensions': '-', 'Swat_codetype': '-'}"
input,print.prt,56,2,cs_basin,"{'Line in File': '56', 'Position in File': '2', 'Condition': 'if (pco%aa_numint > 0)', 'Local (Y/N)': 'N', 'TYPE': 'pco', 'Component': 'cs_basin', 'Type': 'type(print_interval)', 'Dimensions': '-', 'Swat_codetype': 'in_sim'}",
input,print.prt,56,2,d,,"{'Line in File': '56', 'Position in File': '2', 'Condition': 'if (pco%use_obj_labels == ""n"")', 'Local (Y/N)': 'N', 'TYPE': 'pco', 'Component': 'd', 'Type': 'unknown', 'Dimensions': '-', 'Swat_codetype': 'in_sim'}"
input,print.prt,56,3,m,,"{'Line in File': '56', 'Position in File': '3', 'Condition': 'if (pco%use_obj_labels == ""n"")', 'Local (Y/N)': 'N', 'TYPE': 'pco', 'Component': 'm', 'Type': 'unknown', 'Dimensions': '-', 'Swat_codetype': 'in_sim'}"
input,print.prt,56,4,y,,"{'Line in File': '56', 'Position in File': '4', 'Condition': 'if (pco%use_obj_labels == ""n"")', 'Local (Y/N)': 'N', 'TYPE': 'pco', 'Component': 'y', 'Type': 'unknown', 'Dimensions': '-', 'Swat_codetype': 'in_sim'}"
input,print.prt,56,5,a,,"{'Line in File': '56', 'Position in File': '5', 'Condition': 'if (pco%use_obj_labels == ""n"")', 'Local (Y/N)': 'N', 'TYPE': 'pco', 'Component': 'a', 'Type': 'unknown', 'Dimensions': '-', 'Swat_codetype': 'in_sim'}"
input,print.prt,57,1,name,"{'Line in File': '57', 'Position in File': '1', 'Condition': 'if (pco%aa_numint > 0)', 'Local (Y/N)': 'Y', 'TYPE': '-', 'Component': 'name', 'Type': 'character(len=16)', 'Dimensions': '-', 'Swat_codetype': '-'}","{'Line in File': '57', 'Position in File': '1', 'Condition': 'if (pco%use_obj_labels == ""n"")', 'Local (Y/N)': 'Y', 'TYPE': '-', 'Component': 'name', 'Type': 'character(len=16)', 'Dimensions': '-', 'Swat_codetype': '-'}"
input,print.prt,57,2,cs_hru,"{'Line in File': '57', 'Position in File': '2', 'Condition': 'if (pco%aa_numint > 0)', 'Local (Y/N)': 'N', 'TYPE': 'pco', 'Component': 'cs_hru', 'Type': 'type(print_interval)', 'Dimensions': '-', 'Swat_codetype': 'in_sim'}",
input,print.prt,57,2,d,,"{'Line in File': '57', 'Position in File': '2', 'Condition': 'if (pco%use_obj_labels == ""n"")', 'Local (Y/N)': 'N', 'TYPE': 'pco', 'Component': 'd', 'Type': 'unknown', 'Dimensions': '-', 'Swat_codetype': 'in_sim'}"
input,print.prt,57,3,m,,"{'Line in File': '57', 'Position in File': '3', 'Condition': 'if (pco%use_obj_labels == ""n"")', 'Local (Y/N)': 'N', 'TYPE': 'pco', 'Component': 'm', 'Type': 'unknown', 'Dimensions': '-', 'Swat_codetype': 'in_sim'}"
input,print.prt,57,4,y,,"{'Line in File': '57', 'Position in File': '4', 'Condition': 'if (pco%use_obj_labels == ""n"")', 'Local (Y/N)': 'N', 'TYPE': 'pco', 'Component': 'y', 'Type': 'unknown', 'Dimensions': '-', 'Swat_codetype': 'in_sim'}"
input,print.prt,57,5,a,,"{'Line in File': '57', 'Position in File': '5', 'Condition': 'if (pco%use_obj_labels == ""n"")', 'Local (Y/N)': 'N', 'TYPE': 'pco', 'Component': 'a', 'Type': 'unknown', 'Dimensions': '-', 'Swat_codetype': 'in_sim'}"
input,print.prt,58,1,name,"{'Line in File': '58', 'Position in File': '1', 'Condition': 'if (pco%aa_numint > 0)', 'Local (Y/N)': 'Y', 'TYPE': '-', 'Component': 'name', 'Type': 'character(len=16)', 'Dimensions': '-', 'Swat_codetype': '-'}","{'Line in File': '58', 'Position in File': '1', 'Condition': 'if (pco%use_obj_labels == ""n"")', 'Local (Y/N)': 'Y', 'TYPE': '-', 'Component': 'name', 'Type': 'character(len=16)', 'Dimensions': '-', 'Swat_codetype': '-'}"
input,print.prt,58,2,cs_ru,"{'Line in File': '58', 'Position in File': '2', 'Condition': 'if (pco%aa_numint > 0)', 'Local (Y/N)': 'N', 'TYPE': 'pco', 'Component': 'cs_ru', 'Type': 'type(print_interval)', 'Dimensions': '-', 'Swat_codetype': 'in_sim'}",
input,print.prt,58,2,d,,"{'Line in File': '58', 'Position in File': '2', 'Condition': 'if (pco%use_obj_labels == ""n"")', 'Local (Y/N)': 'N', 'TYPE': 'pco', 'Component': 'd', 'Type': 'unknown', 'Dimensions': '-', 'Swat_codetype': 'in_sim'}"
input,print.prt,58,3,m,,"{'Line in File': '58', 'Position in File': '3', 'Condition': 'if (pco%use_obj_labels == ""n"")', 'Local (Y/N)': 'N', 'TYPE': 'pco', 'Component': 'm', 'Type': 'unknown', 'Dimensions': '-', 'Swat_codetype': 'in_sim'}"
input,print.prt,58,4,y,,"{'Line in File': '58', 'Position in File': '4', 'Condition': 'if (pco%use_obj_labels == ""n"")', 'Local (Y/N)': 'N', 'TYPE': 'pco', 'Component': 'y', 'Type': 'unknown', 'Dimensions': '-', 'Swat_codetype': 'in_sim'}"
input,print.prt,58,5,a,,"{'Line in File': '58', 'Position in File': '5', 'Condition': 'if (pco%use_obj_labels == ""n"")', 'Local (Y/N)': 'N', 'TYPE': 'pco', 'Component': 'a', 'Type': 'unknown', 'Dimensions': '-', 'Swat_codetype': 'in_sim'}"
input,print.prt,59,1,name,"{'Line in File': '59', 'Position in File': '1', 'Condition': 'if (pco%aa_numint > 0)', 'Local (Y/N)': 'Y', 'TYPE': '-', 'Component': 'name', 'Type': 'character(len=16)', 'Dimensions': '-', 'Swat_codetype': '-'}","{'Line in File': '59', 'Position in File': '1', 'Condition': 'if (pco%use_obj_labels == ""n"")', 'Local (Y/N)': 'Y', 'TYPE': '-', 'Component': 'name', 'Type': 'character(len=16)', 'Dimensions': '-', 'Swat_codetype': '-'}"
input,print.prt,59,2,cs_aqu,"{'Line in File': '59', 'Position in File': '2', 'Condition': 'if (pco%aa_numint > 0)', 'Local (Y/N)': 'N', 'TYPE': 'pco', 'Component': 'cs_aqu', 'Type': 'type(print_interval)', 'Dimensions': '-', 'Swat_codetype': 'in_sim'}",
input,print.prt,59,2,d,,"{'Line in File': '59', 'Position in File': '2', 'Condition': 'if (pco%use_obj_labels == ""n"")', 'Local (Y/N)': 'N', 'TYPE': 'pco', 'Component': 'd', 'Type': 'unknown', 'Dimensions': '-', 'Swat_codetype': 'in_sim'}"
input,print.prt,59,3,m,,"{'Line in File': '59', 'Position in File': '3', 'Condition': 'if (pco%use_obj_labels == ""n"")', 'Local (Y/N)': 'N', 'TYPE': 'pco', 'Component': 'm', 'Type': 'unknown', 'Dimensions': '-', 'Swat_codetype': 'in_sim'}"
input,print.prt,59,4,y,,"{'Line in File': '59', 'Position in File': '4', 'Condition': 'if (pco%use_obj_labels == ""n"")', 'Local (Y/N)': 'N', 'TYPE': 'pco', 'Component': 'y', 'Type': 'unknown', 'Dimensions': '-', 'Swat_codetype': 'in_sim'}"
input,print.prt,59,5,a,,"{'Line in File': '59', 'Position in File': '5', 'Condition': 'if (pco%use_obj_labels == ""n"")', 'Local (Y/N)': 'N', 'TYPE': 'pco', 'Component': 'a', 'Type': 'unknown', 'Dimensions': '-', 'Swat_codetype': 'in_sim'}"
input,print.prt,60,1,name,"{'Line in File': '60', 'Position in File': '1', 'Condition': 'if (pco%aa_numint > 0)', 'Local (Y/N)': 'Y', 'TYPE': '-', 'Component': 'name', 'Type': 'character(len=16)', 'Dimensions': '-', 'Swat_codetype': '-'}","{'Line in File': '60', 'Position in File': '1', 'Condition': 'if (pco%use_obj_labels == ""n"")', 'Local (Y/N)': 'Y', 'TYPE': '-', 'Component': 'name', 'Type': 'character(len=16)', 'Dimensions': '-', 'Swat_codetype': '-'}"
input,print.prt,60,2,cs_chn,"{'Line in File': '60', 'Position in File': '2', 'Condition': 'if (pco%aa_numint > 0)', 'Local (Y/N)': 'N', 'TYPE': 'pco', 'Component': 'cs_chn', 'Type': 'type(print_interval)', 'Dimensions': '-', 'Swat_codetype': 'in_sim'}",
input,print.prt,60,2,d,,"{'Line in File': '60', 'Position in File': '2', 'Condition': 'if (pco%use_obj_labels == ""n"")', 'Local (Y/N)': 'N', 'TYPE': 'pco', 'Component': 'd', 'Type': 'unknown', 'Dimensions': '-', 'Swat_codetype': 'in_sim'}"
input,print.prt,60,3,m,,"{'Line in File': '60', 'Position in File': '3', 'Condition': 'if (pco%use_obj_labels == ""n"")', 'Local (Y/N)': 'N', 'TYPE': 'pco', 'Component': 'm', 'Type': 'unknown', 'Dimensions': '-', 'Swat_codetype': 'in_sim'}"
input,print.prt,60,4,y,,"{'Line in File': '60', 'Position in File': '4', 'Condition': 'if (pco%use_obj_labels == ""n"")', 'Local (Y/N)': 'N', 'TYPE': 'pco', 'Component': 'y', 'Type': 'unknown', 'Dimensions': '-', 'Swat_codetype': 'in_sim'}"
input,print.prt,60,5,a,,"{'Line in File': '60', 'Position in File': '5', 'Condition': 'if (pco%use_obj_labels == ""n"")', 'Local (Y/N)': 'N', 'TYPE': 'pco', 'Component': 'a', 'Type': 'unknown', 'Dimensions': '-', 'Swat_codetype': 'in_sim'}"
input,print.prt,61,1,name,"{'Line in File': '61', 'Position in File': '1', 'Condition': 'if (pco%aa_numint > 0)', 'Local (Y/N)': 'Y', 'TYPE': '-', 'Component': 'name', 'Type': 'character(len=16)', 'Dimensions': '-', 'Swat_codetype': '-'}","{'Line in File': '61', 'Position in File': '1', 'Condition': 'if (pco%use_obj_labels == ""n"")', 'Local (Y/N)': 'Y', 'TYPE': '-', 'Component': 'name', 'Type': 'character(len=16)', 'Dimensions': '-', 'Swat_codetype': '-'}"
input,print.prt,61,2,cs_res,"{'Line in File': '61', 'Position in File': '2', 'Condition': 'if (pco%aa_numint > 0)', 'Local (Y/N)': 'N', 'TYPE': 'pco', 'Component': 'cs_res', 'Type': 'type(print_interval)', 'Dimensions': '-', 'Swat_codetype': 'in_sim'}",
input,print.prt,61,2,d,,"{'Line in File': '61', 'Position in File': '2', 'Condition': 'if (pco%use_obj_labels == ""n"")', 'Local (Y/N)': 'N', 'TYPE': 'pco', 'Component': 'd', 'Type': 'unknown', 'Dimensions': '-', 'Swat_codetype': 'in_sim'}"
input,print.prt,61,3,m,,"{'Line in File': '61', 'Position in File': '3', 'Condition': 'if (pco%use_obj_labels == ""n"")', 'Local (Y/N)': 'N', 'TYPE': 'pco', 'Component': 'm', 'Type': 'unknown', 'Dimensions': '-', 'Swat_codetype': 'in_sim'}"
input,print.prt,61,4,y,,"{'Line in File': '61', 'Position in File': '4', 'Condition': 'if (pco%use_obj_labels == ""n"")', 'Local (Y/N)': 'N', 'TYPE': 'pco', 'Component': 'y', 'Type': 'unknown', 'Dimensions': '-', 'Swat_codetype': 'in_sim'}"
input,print.prt,61,5,a,,"{'Line in File': '61', 'Position in File': '5', 'Condition': 'if (pco%use_obj_labels == ""n"")', 'Local (Y/N)': 'N', 'TYPE': 'pco', 'Component': 'a', 'Type': 'unknown', 'Dimensions': '-', 'Swat_codetype': 'in_sim'}"
input,print.prt,62,1,name,"{'Line in File': '62', 'Position in File': '1', 'Condition': 'if (pco%aa_numint > 0)', 'Local (Y/N)': 'Y', 'TYPE': '-', 'Component': 'name', 'Type': 'character(len=16)', 'Dimensions': '-', 'Swat_codetype': '-'}","{'Line in File': '62', 'Position in File': '1', 'Condition': 'if (pco%use_obj_labels == ""n"")', 'Local (Y/N)': 'Y', 'TYPE': '-', 'Component': 'name', 'Type': 'character(len=16)', 'Dimensions': '-', 'Swat_codetype': '-'}"
input,print.prt,62,2,cs_wet,"{'Line in File': '62', 'Position in File': '2', 'Condition': 'if (pco%aa_numint > 0)', 'Local (Y/N)': 'N', 'TYPE': 'pco', 'Component': 'cs_wet', 'Type': 'type(print_interval)', 'Dimensions': '-', 'Swat_codetype': 'in_sim'}",
input,print.prt,62,2,d,,"{'Line in File': '62', 'Position in File': '2', 'Condition': 'if (pco%use_obj_labels == ""n"")', 'Local (Y/N)': 'N', 'TYPE': 'pco', 'Component': 'd', 'Type': 'unknown', 'Dimensions': '-', 'Swat_codetype': 'in_sim'}"
input,print.prt,62,3,m,,"{'Line in File': '62', 'Position in File': '3', 'Condition': 'if (pco%use_obj_labels == ""n"")', 'Local (Y/N)': 'N', 'TYPE': 'pco', 'Component': 'm', 'Type': 'unknown', 'Dimensions': '-', 'Swat_codetype': 'in_sim'}"
input,print.prt,62,4,y,,"{'Line in File': '62', 'Position in File': '4', 'Condition': 'if (pco%use_obj_labels == ""n"")', 'Local (Y/N)': 'N', 'TYPE': 'pco', 'Component': 'y', 'Type': 'unknown', 'Dimensions': '-', 'Swat_codetype': 'in_sim'}"
input,print.prt,62,5,a,,"{'Line in File': '62', 'Position in File': '5', 'Condition': 'if (pco%use_obj_labels == ""n"")', 'Local (Y/N)': 'N', 'TYPE': 'pco', 'Component': 'a', 'Type': 'unknown', 'Dimensions': '-', 'Swat_codetype': 'in_sim'}"
input,print.prt,63,1,name,,"{'Line in File': '63', 'Position in File': '1', 'Condition': 'if (pco%cs_wet%already_read_in)', 'Local (Y/N)': 'Y', 'TYPE': '-', 'Component': 'name', 'Type': 'character(len=16)', 'Dimensions': '-', 'Swat_codetype': '-'}"
input,print.prt,63,2,d,,"{'Line in File': '63', 'Position in File': '2', 'Condition': 'if (pco%cs_wet%already_read_in)', 'Local (Y/N)': 'N', 'TYPE': 'pco', 'Component': 'd', 'Type': 'unknown', 'Dimensions': '-', 'Swat_codetype': 'in_sim'}"
input,print.prt,63,3,m,,"{'Line in File': '63', 'Position in File': '3', 'Condition': 'if (pco%cs_wet%already_read_in)', 'Local (Y/N)': 'N', 'TYPE': 'pco', 'Component': 'm', 'Type': 'unknown', 'Dimensions': '-', 'Swat_codetype': 'in_sim'}"
input,print.prt,63,4,y,,"{'Line in File': '63', 'Position in File': '4', 'Condition': 'if (pco%cs_wet%already_read_in)', 'Local (Y/N)': 'N', 'TYPE': 'pco', 'Component': 'y', 'Type': 'unknown', 'Dimensions': '-', 'Swat_codetype': 'in_sim'}"
input,print.prt,63,5,a,,"{'Line in File': '63', 'Position in File': '5', 'Condition': 'if (pco%cs_wet%already_read_in)', 'Local (Y/N)': 'N', 'TYPE': 'pco', 'Component': 'a', 'Type': 'unknown', 'Dimensions': '-', 'Swat_codetype': 'in_sim'}"
input,print.prt,7,2,carbout,"{'Line in File': '7', 'Position in File': '2', 'Condition': 'if (pco%aa_numint > 0)', 'Local (Y/N)': 'N', 'TYPE': 'pco', 'Component': 'carbout', 'Type': 'character(len=1)', 'Dimensions': '-', 'Swat_codetype': 'in_sim'}",
input,print.prt,7,2,use_obj_labels,,"{'Line in File': '7', 'Position in File': '2', 'Condition': 'if (pco%aa_numint > 0)', 'Local (Y/N)': 'N', 'TYPE': 'pco', 'Component': 'use_obj_labels', 'Type': 'character(len=1)', 'Dimensions': '-', 'Swat_codetype': 'in_sim'}"
input,rec_catunit.def,4,5,elem_cnt(isp),"{'Line in File': '4', 'Position in File': '5', 'Condition': 'if (nspu > 0)', 'Local (Y/N)': 'N', 'TYPE': '-', 'Component': 'elem_cnt(isp)', 'Type': 'integer', 'Dimensions': 'allocatable', 'Swat_codetype': 'in_regs'}","{'Line in File': '4', 'Position in File': '5', 'Condition': 'if (nspu > 0)', 'Local (Y/N)': 'N', 'TYPE': '-', 'Component': 'elem_cnt(isp)', 'Type': 'integer', 'Dimensions': 'dimension (:), allocatable', 'Swat_codetype': 'in_regs'}"
input,rec_pest(i)%filename,4,10,nh3,,"{'Line in File': '4', 'Position in File': '10', 'Condition': 'case (3)', 'Local (Y/N)': 'N', 'TYPE': 'hd', 'Component': 'nh3', 'Type': 'unknown', 'Dimensions': '-', 'Swat_codetype': 'recall'}"
input,rec_pest(i)%filename,4,11,no2,,"{'Line in File': '4', 'Position in File': '11', 'Condition': 'case (3)', 'Local (Y/N)': 'N', 'TYPE': 'hd', 'Component': 'no2', 'Type': 'unknown', 'Dimensions': '-', 'Swat_codetype': 'recall'}"
input,rec_pest(i)%filename,4,12,cbod,,"{'Line in File': '4', 'Position in File': '12', 'Condition': 'case (3)', 'Local (Y/N)': 'N', 'TYPE': 'hd', 'Component': 'cbod', 'Type': 'unknown', 'Dimensions': '-', 'Swat_codetype': 'recall'}"
input,rec_pest(i)%filename,4,13,dox,,"{'Line in File': '4', 'Position in File': '13', 'Condition': 'case (3)', 'Local (Y/N)': 'N', 'TYPE': 'hd', 'Component': 'dox', 'Type': 'unknown', 'Dimensions': '-', 'Swat_codetype': 'recall'}"
input,rec_pest(i)%filename,4,14,san,,"{'Line in File': '4', 'Position in File': '14', 'Condition': 'case (3)', 'Local (Y/N)': 'N', 'TYPE': 'hd', 'Component': 'san', 'Type': 'unknown', 'Dimensions': '-', 'Swat_codetype': 'recall'}"
input,rec_pest(i)%filename,4,15,sil,,"{'Line in File': '4', 'Position in File': '15', 'Condition': 'case (3)', 'Local (Y/N)': 'N', 'TYPE': 'hd', 'Component': 'sil', 'Type': 'unknown', 'Dimensions': '-', 'Swat_codetype': 'recall'}"
input,rec_pest(i)%filename,4,16,cla,,"{'Line in File': '4', 'Position in File': '16', 'Condition': 'case (3)', 'Local (Y/N)': 'N', 'TYPE': 'hd', 'Component': 'cla', 'Type': 'unknown', 'Dimensions': '-', 'Swat_codetype': 'recall'}"
input,rec_pest(i)%filename,4,17,sag,,"{'Line in File': '4', 'Position in File': '17', 'Condition': 'case (3)', 'Local (Y/N)': 'N', 'TYPE': 'hd', 'Component': 'sag', 'Type': 'unknown', 'Dimensions': '-', 'Swat_codetype': 'recall'}"
input,rec_pest(i)%filename,4,18,lag,,"{'Line in File': '4', 'Position in File': '18', 'Condition': 'case (3)', 'Local (Y/N)': 'N', 'TYPE': 'hd', 'Component': 'lag', 'Type': 'unknown', 'Dimensions': '-', 'Swat_codetype': 'recall'}"
input,rec_pest(i)%filename,4,19,grv,,"{'Line in File': '4', 'Position in File': '19', 'Condition': 'case (3)', 'Local (Y/N)': 'N', 'TYPE': 'hd', 'Component': 'grv', 'Type': 'unknown', 'Dimensions': '-', 'Swat_codetype': 'recall'}"
input,rec_pest(i)%filename,4,20,temp,,"{'Line in File': '4', 'Position in File': '20', 'Condition': 'case (3)', 'Local (Y/N)': 'N', 'TYPE': 'hd', 'Component': 'temp', 'Type': 'unknown', 'Dimensions': '-', 'Swat_codetype': 'recall'}"
input,rec_pest(i)%filename,4,3,flo,,"{'Line in File': '4', 'Position in File': '3', 'Condition': 'case (3)', 'Local (Y/N)': 'N', 'TYPE': 'hd', 'Component': 'flo', 'Type': 'unknown', 'Dimensions': '-', 'Swat_codetype': 'recall'}"
input,rec_pest(i)%filename,4,3,hd,"{'Line in File': '4', 'Position in File': '3', 'Condition': 'case (3)', 'Local (Y/N)': 'N', 'TYPE': 'recall', 'Component': 'hd', 'Type': 'type(hyd_output)', 'Dimensions': 'allocatable', 'Swat_codetype': 'recall'}",
input,rec_pest(i)%filename,4,4,sed,,"{'Line in File': '4', 'Position in File': '4', 'Condition': 'case (3)', 'Local (Y/N)': 'N', 'TYPE': 'hd', 'Component': 'sed', 'Type': 'unknown', 'Dimensions': '-', 'Swat_codetype': 'recall'}"
input,rec_pest(i)%filename,4,5,orgn,,"{'Line in File': '4', 'Position in File': '5', 'Condition': 'case (3)', 'Local (Y/N)': 'N', 'TYPE': 'hd', 'Component': 'orgn', 'Type': 'unknown', 'Dimensions': '-', 'Swat_codetype': 'recall'}"
input,rec_pest(i)%filename,4,6,sedp,,"{'Line in File': '4', 'Position in File': '6', 'Condition': 'case (3)', 'Local (Y/N)': 'N', 'TYPE': 'hd', 'Component': 'sedp', 'Type': 'unknown', 'Dimensions': '-', 'Swat_codetype': 'recall'}"
input,rec_pest(i)%filename,4,7,no3,,"{'Line in File': '4', 'Position in File': '7', 'Condition': 'case (3)', 'Local (Y/N)': 'N', 'TYPE': 'hd', 'Component': 'no3', 'Type': 'unknown', 'Dimensions': '-', 'Swat_codetype': 'recall'}"
input,rec_pest(i)%filename,4,8,solp,,"{'Line in File': '4', 'Position in File': '8', 'Condition': 'case (3)', 'Local (Y/N)': 'N', 'TYPE': 'hd', 'Component': 'solp', 'Type': 'unknown', 'Dimensions': '-', 'Swat_codetype': 'recall'}"
input,rec_pest(i)%filename,4,9,chla,,"{'Line in File': '4', 'Position in File': '9', 'Condition': 'case (3)', 'Local (Y/N)': 'N', 'TYPE': 'hd', 'Component': 'chla', 'Type': 'unknown', 'Dimensions': '-', 'Swat_codetype': 'recall'}"
input,rec_reg.def,4,5,elem_cnt(isp),"{'Line in File': '4', 'Position in File': '5', 'Condition': 'if (nspu > 0)', 'Local (Y/N)': 'N', 'TYPE': '-', 'Component': 'elem_cnt(isp)', 'Type': 'integer', 'Dimensions': 'allocatable', 'Swat_codetype': 'in_regs'}","{'Line in File': '4', 'Position in File': '5', 'Condition': 'if (nspu > 0)', 'Local (Y/N)': 'N', 'TYPE': '-', 'Component': 'elem_cnt(isp)', 'Type': 'integer', 'Dimensions': 'dimension (:), allocatable', 'Swat_codetype': 'in_regs'}"
input,recall.con,3,14,obtyp_out,"{'Line in File': '3', 'Position in File': '14', 'Condition': 'if (ncs > 0)', 'Local (Y/N)': 'N', 'TYPE': 'ob', 'Component': 'obtyp_out', 'Type': 'character(len=3)', 'Dimensions': 'allocatable', 'Swat_codetype': 'ob'}","{'Line in File': '3', 'Position in File': '14', 'Condition': 'if (ncs > 0)', 'Local (Y/N)': 'N', 'TYPE': 'ob', 'Component': 'obtyp_out', 'Type': 'character(len=3)', 'Dimensions': 'dimension (:), allocatable', 'Swat_codetype': 'ob'}"
input,recall.con,3,15,obtypno_out,"{'Line in File': '3', 'Position in File': '15', 'Condition': 'if (ncs > 0)', 'Local (Y/N)': 'N', 'TYPE': 'ob', 'Component': 'obtypno_out', 'Type': 'integer', 'Dimensions': 'allocatable', 'Swat_codetype': 'ob'}","{'Line in File': '3', 'Position in File': '15', 'Condition': 'if (ncs > 0)', 'Local (Y/N)': 'N', 'TYPE': 'ob', 'Component': 'obtypno_out', 'Type': 'integer', 'Dimensions': 'dimension (:), allocatable', 'Swat_codetype': 'ob'}"
input,recall.con,3,16,htyp_out,"{'Line in File': '3', 'Position in File': '16', 'Condition': 'if (ncs > 0)', 'Local (Y/N)': 'N', 'TYPE': 'ob', 'Component': 'htyp_out', 'Type': 'character(len=3)', 'Dimensions': 'allocatable', 'Swat_codetype': 'ob'}","{'Line in File': '3', 'Position in File': '16', 'Condition': 'if (ncs > 0)', 'Local (Y/N)': 'N', 'TYPE': 'ob', 'Component': 'htyp_out', 'Type': 'character(len=3)', 'Dimensions': 'dimension (:), allocatable', 'Swat_codetype': 'ob'}"
input,recall.con,3,17,frac_out,"{'Line in File': '3', 'Position in File': '17', 'Condition': 'if (ncs > 0)', 'Local (Y/N)': 'N', 'TYPE': 'ob', 'Component': 'frac_out', 'Type': 'real', 'Dimensions': 'allocatable', 'Swat_codetype': 'ob'}","{'Line in File': '3', 'Position in File': '17', 'Condition': 'if (ncs > 0)', 'Local (Y/N)': 'N', 'TYPE': 'ob', 'Component': 'frac_out', 'Type': 'real', 'Dimensions': 'dimension (:), allocatable', 'Swat_codetype': 'ob'}"
input,res_catunit.def,4,5,elem_cnt(isp),"{'Line in File': '4', 'Position in File': '5', 'Condition': 'if (nspu > 0)', 'Local (Y/N)': 'N', 'TYPE': '-', 'Component': 'elem_cnt(isp)', 'Type': 'integer', 'Dimensions': 'allocatable', 'Swat_codetype': 'in_regs'}","{'Line in File': '4', 'Position in File': '5', 'Condition': 'if (nspu > 0)', 'Local (Y/N)': 'N', 'TYPE': '-', 'Component': 'elem_cnt(isp)', 'Type': 'integer', 'Dimensions': 'dimension (:), allocatable', 'Swat_codetype': 'in_regs'}"
input,res_conds.dat,4,2,scon,"{'Line in File': '4', 'Position in File': '2', 'Condition': '-', 'Local (Y/N)': 'N', 'TYPE': 'ctbl', 'Component': 'scon', 'Type': 'unknown', 'Dimensions': '-', 'Swat_codetype': 'ctbl'}",
input,res_conds.dat,4,2,var,,"{'Line in File': '4', 'Position in File': '2', 'Condition': '-', 'Local (Y/N)': 'N', 'TYPE': 'scon', 'Component': 'var', 'Type': 'unknown', 'Dimensions': '-', 'Swat_codetype': 'ctbl'}"
input,res_conds.dat,4,3,action,"{'Line in File': '4', 'Position in File': '3', 'Condition': '-', 'Local (Y/N)': 'N', 'TYPE': 'ctbl', 'Component': 'action', 'Type': 'unknown', 'Dimensions': '-', 'Swat_codetype': 'ctbl'}",
input,res_conds.dat,4,3,op,,"{'Line in File': '4', 'Position in File': '3', 'Condition': '-', 'Local (Y/N)': 'N', 'TYPE': 'scon', 'Component': 'op', 'Type': 'unknown', 'Dimensions': '-', 'Swat_codetype': 'ctbl'}"
input,res_conds.dat,4,4,val,,"{'Line in File': '4', 'Position in File': '4', 'Condition': '-', 'Local (Y/N)': 'N', 'TYPE': 'scon', 'Component': 'val', 'Type': 'unknown', 'Dimensions': '-', 'Swat_codetype': 'ctbl'}"
input,res_conds.dat,4,5,action,,"{'Line in File': '4', 'Position in File': '5', 'Condition': '-', 'Local (Y/N)': 'N', 'TYPE': 'ctbl', 'Component': 'action', 'Type': 'unknown', 'Dimensions': '-', 'Swat_codetype': 'ctbl'}"
input,res_conds.dat,6,2,scon,"{'Line in File': '6', 'Position in File': '2', 'Condition': '-', 'Local (Y/N)': 'N', 'TYPE': 'ctbl', 'Component': 'scon', 'Type': 'unknown', 'Dimensions': '-', 'Swat_codetype': 'ctbl'}",
input,res_conds.dat,6,2,var,,"{'Line in File': '6', 'Position in File': '2', 'Condition': '-', 'Local (Y/N)': 'N', 'TYPE': 'scon', 'Component': 'var', 'Type': 'unknown', 'Dimensions': '-', 'Swat_codetype': 'ctbl'}"
input,res_conds.dat,6,3,action,"{'Line in File': '6', 'Position in File': '3', 'Condition': '-', 'Local (Y/N)': 'N', 'TYPE': 'ctbl', 'Component': 'action', 'Type': 'unknown', 'Dimensions': '-', 'Swat_codetype': 'ctbl'}",
input,res_conds.dat,6,3,op,,"{'Line in File': '6', 'Position in File': '3', 'Condition': '-', 'Local (Y/N)': 'N', 'TYPE': 'scon', 'Component': 'op', 'Type': 'unknown', 'Dimensions': '-', 'Swat_codetype': 'ctbl'}"
input,res_conds.dat,6,4,val,,"{'Line in File': '6', 'Position in File': '4', 'Condition': '-', 'Local (Y/N)': 'N', 'TYPE': 'scon', 'Component': 'val', 'Type': 'unknown', 'Dimensions': '-', 'Swat_codetype': 'ctbl'}"
input,res_conds.dat,6,5,action,,"{'Line in File': '6', 'Position in File': '5', 'Condition': '-', 'Local (Y/N)': 'N', 'TYPE': 'ctbl', 'Component': 'action', 'Type': 'unknown', 'Dimensions': '-', 'Swat_codetype': 'ctbl'}"
input,res_reg.def,4,5,elem_cnt(isp),"{'Line in File': '4', 'Position in File': '5', 'Condition': 'if (nspu > 0)', 'Local (Y/N)': 'N', 'TYPE': '-', 'Component': 'elem_cnt(isp)', 'Type': 'integer', 'Dimensions': 'allocatable', 'Swat_codetype': 'in_regs'}","{'Line in File': '4', 'Position in File': '5', 'Condition': 'if (nspu > 0)', 'Local (Y/N)': 'N', 'TYPE': '-', 'Component': 'elem_cnt(isp)', 'Type': 'integer', 'Dimensions': 'dimension (:), allocatable', 'Swat_codetype': 'in_regs'}"
input,res_rel.dtl,5,1,name,"{'Line in File': '5', 'Position in File': '1', 'Condition': '-', 'Local (Y/N)': 'N', 'TYPE': 'dtbl_res', 'Component': 'name', 'Type': 'character(len=25)', 'Dimensions': '-', 'Swat_codetype': 'in_cond'}","{'Line in File': '5', 'Position in File': '1', 'Condition': '-', 'Local (Y/N)': 'N', 'TYPE': 'dtbl_res', 'Component': 'name', 'Type': 'character(len=40)', 'Dimensions': '-', 'Swat_codetype': 'in_cond'}"
input,res_rel.dtl,7,1,cond,"{'Line in File': '7', 'Position in File': '1', 'Condition': '-', 'Local (Y/N)': 'N', 'TYPE': 'dtbl_res', 'Component': 'cond', 'Type': 'type(conditions_var)', 'Dimensions': 'allocatable', 'Swat_codetype': 'in_cond'}",
input,res_rel.dtl,7,1,var,,"{'Line in File': '7', 'Position in File': '1', 'Condition': '-', 'Local (Y/N)': 'N', 'TYPE': 'cond', 'Component': 'var', 'Type': 'unknown', 'Dimensions': '-', 'Swat_codetype': 'in_cond'}"
input,res_rel.dtl,7,2,alt,"{'Line in File': '7', 'Position in File': '2', 'Condition': '-', 'Local (Y/N)': 'N', 'TYPE': 'dtbl_res', 'Component': 'alt', 'Type': 'character(len=25)', 'Dimensions': 'allocatable', 'Swat_codetype': 'in_cond'}",
input,res_rel.dtl,7,2,ob,,"{'Line in File': '7', 'Position in File': '2', 'Condition': '-', 'Local (Y/N)': 'N', 'TYPE': 'cond', 'Component': 'ob', 'Type': 'unknown', 'Dimensions': '-', 'Swat_codetype': 'in_cond'}"
input,res_rel.dtl,7,3,ob_num,,"{'Line in File': '7', 'Position in File': '3', 'Condition': '-', 'Local (Y/N)': 'N', 'TYPE': 'cond', 'Component': 'ob_num', 'Type': 'unknown', 'Dimensions': '-', 'Swat_codetype': 'in_cond'}"
input,res_rel.dtl,7,4,lim_var,,"{'Line in File': '7', 'Position in File': '4', 'Condition': '-', 'Local (Y/N)': 'N', 'TYPE': 'cond', 'Component': 'lim_var', 'Type': 'unknown', 'Dimensions': '-', 'Swat_codetype': 'in_cond'}"
input,res_rel.dtl,7,5,lim_op,,"{'Line in File': '7', 'Position in File': '5', 'Condition': '-', 'Local (Y/N)': 'N', 'TYPE': 'cond', 'Component': 'lim_op', 'Type': 'unknown', 'Dimensions': '-', 'Swat_codetype': 'in_cond'}"
input,res_rel.dtl,7,6,lim_const,,"{'Line in File': '7', 'Position in File': '6', 'Condition': '-', 'Local (Y/N)': 'N', 'TYPE': 'cond', 'Component': 'lim_const', 'Type': 'unknown', 'Dimensions': '-', 'Swat_codetype': 'in_cond'}"
input,res_rel.dtl,7,7,alt,,"{'Line in File': '7', 'Position in File': '7', 'Condition': '-', 'Local (Y/N)': 'N', 'TYPE': 'dtbl_res', 'Component': 'alt', 'Type': 'character(len=25)', 'Dimensions': 'dimension (:,:), allocatable', 'Swat_codetype': 'in_cond'}"
input,res_rel.dtl,9,1,act,"{'Line in File': '9', 'Position in File': '1', 'Condition': '-', 'Local (Y/N)': 'N', 'TYPE': 'dtbl_res', 'Component': 'act', 'Type': 'type(actions_var)', 'Dimensions': 'allocatable', 'Swat_codetype': 'in_cond'}",
input,res_rel.dtl,9,1,typ,,"{'Line in File': '9', 'Position in File': '1', 'Condition': '-', 'Local (Y/N)': 'N', 'TYPE': 'act', 'Component': 'typ', 'Type': 'unknown', 'Dimensions': '-', 'Swat_codetype': 'in_cond'}"
input,res_rel.dtl,9,2,act_outcomes,"{'Line in File': '9', 'Position in File': '2', 'Condition': '-', 'Local (Y/N)': 'N', 'TYPE': 'dtbl_res', 'Component': 'act_outcomes', 'Type': 'character(len=1)', 'Dimensions': 'allocatable', 'Swat_codetype': 'in_cond'}",
input,res_rel.dtl,9,2,ob,,"{'Line in File': '9', 'Position in File': '2', 'Condition': '-', 'Local (Y/N)': 'N', 'TYPE': 'act', 'Component': 'ob', 'Type': 'unknown', 'Dimensions': '-', 'Swat_codetype': 'in_cond'}"
input,res_rel.dtl,9,3,ob_num,,"{'Line in File': '9', 'Position in File': '3', 'Condition': '-', 'Local (Y/N)': 'N', 'TYPE': 'act', 'Component': 'ob_num', 'Type': 'unknown', 'Dimensions': '-', 'Swat_codetype': 'in_cond'}"
input,res_rel.dtl,9,4,name,,"{'Line in File': '9', 'Position in File': '4', 'Condition': '-', 'Local (Y/N)': 'N', 'TYPE': 'act', 'Component': 'name', 'Type': 'character(len=40)', 'Dimensions': '-', 'Swat_codetype': 'in_cond'}"
input,res_rel.dtl,9,5,option,,"{'Line in File': '9', 'Position in File': '5', 'Condition': '-', 'Local (Y/N)': 'N', 'TYPE': 'act', 'Component': 'option', 'Type': 'unknown', 'Dimensions': '-', 'Swat_codetype': 'in_cond'}"
input,res_rel.dtl,9,6,const,,"{'Line in File': '9', 'Position in File': '6', 'Condition': '-', 'Local (Y/N)': 'N', 'TYPE': 'act', 'Component': 'const', 'Type': 'unknown', 'Dimensions': '-', 'Swat_codetype': 'in_cond'}"
input,res_rel.dtl,9,7,const2,,"{'Line in File': '9', 'Position in File': '7', 'Condition': '-', 'Local (Y/N)': 'N', 'TYPE': 'act', 'Component': 'const2', 'Type': 'unknown', 'Dimensions': '-', 'Swat_codetype': 'in_cond'}"
input,res_rel.dtl,9,8,file_pointer,,"{'Line in File': '9', 'Position in File': '8', 'Condition': '-', 'Local (Y/N)': 'N', 'TYPE': 'act', 'Component': 'file_pointer', 'Type': 'unknown', 'Dimensions': '-', 'Swat_codetype': 'in_cond'}"
input,res_rel.dtl,9,9,act_outcomes,,"{'Line in File': '9', 'Position in File': '9', 'Condition': '-', 'Local (Y/N)': 'N', 'TYPE': 'dtbl_res', 'Component': 'act_outcomes', 'Type': 'character(len=1)', 'Dimensions': 'dimension (:,:), allocatable', 'Swat_codetype': 'in_cond'}"
input,reservoir.con,3,14,obtyp_out,"{'Line in File': '3', 'Position in File': '14', 'Condition': 'if (ncs > 0)', 'Local (Y/N)': 'N', 'TYPE': 'ob', 'Component': 'obtyp_out', 'Type': 'character(len=3)', 'Dimensions': 'allocatable', 'Swat_codetype': 'ob'}","{'Line in File': '3', 'Position in File': '14', 'Condition': 'if (ncs > 0)', 'Local (Y/N)': 'N', 'TYPE': 'ob', 'Component': 'obtyp_out', 'Type': 'character(len=3)', 'Dimensions': 'dimension (:), allocatable', 'Swat_codetype': 'ob'}"
input,reservoir.con,3,15,obtypno_out,"{'Line in File': '3', 'Position in File': '15', 'Condition': 'if (ncs > 0)', 'Local (Y/N)': 'N', 'TYPE': 'ob', 'Component': 'obtypno_out', 'Type': 'integer', 'Dimensions': 'allocatable', 'Swat_codetype': 'ob'}","{'Line in File': '3', 'Position in File': '15', 'Condition': 'if (ncs > 0)', 'Local (Y/N)': 'N', 'TYPE': 'ob', 'Component': 'obtypno_out', 'Type': 'integer', 'Dimensions': 'dimension (:), allocatable', 'Swat_codetype': 'ob'}"
input,reservoir.con,3,16,htyp_out,"{'Line in File': '3', 'Position in File': '16', 'Condition': 'if (ncs > 0)', 'Local (Y/N)': 'N', 'TYPE': 'ob', 'Component': 'htyp_out', 'Type': 'character(len=3)', 'Dimensions': 'allocatable', 'Swat_codetype': 'ob'}","{'Line in File': '3', 'Position in File': '16', 'Condition': 'if (ncs > 0)', 'Local (Y/N)': 'N', 'TYPE': 'ob', 'Component': 'htyp_out', 'Type': 'character(len=3)', 'Dimensions': 'dimension (:), allocatable', 'Swat_codetype': 'ob'}"
input,reservoir.con,3,17,frac_out,"{'Line in File': '3', 'Position in File': '17', 'Condition': 'if (ncs > 0)', 'Local (Y/N)': 'N', 'TYPE': 'ob', 'Component': 'frac_out', 'Type': 'real', 'Dimensions': 'allocatable', 'Swat_codetype': 'ob'}","{'Line in File': '3', 'Position in File': '17', 'Condition': 'if (ncs > 0)', 'Local (Y/N)': 'N', 'TYPE': 'ob', 'Component': 'frac_out', 'Type': 'real', 'Dimensions': 'dimension (:), allocatable', 'Swat_codetype': 'ob'}"
input,rout_unit.con,3,14,obtyp_out,"{'Line in File': '3', 'Position in File': '14', 'Condition': 'if (ncs > 0)', 'Local (Y/N)': 'N', 'TYPE': 'ob', 'Component': 'obtyp_out', 'Type': 'character(len=3)', 'Dimensions': 'allocatable', 'Swat_codetype': 'ob'}","{'Line in File': '3', 'Position in File': '14', 'Condition': 'if (ncs > 0)', 'Local (Y/N)': 'N', 'TYPE': 'ob', 'Component': 'obtyp_out', 'Type': 'character(len=3)', 'Dimensions': 'dimension (:), allocatable', 'Swat_codetype': 'ob'}"
input,rout_unit.con,3,15,obtypno_out,"{'Line in File': '3', 'Position in File': '15', 'Condition': 'if (ncs > 0)', 'Local (Y/N)': 'N', 'TYPE': 'ob', 'Component': 'obtypno_out', 'Type': 'integer', 'Dimensions': 'allocatable', 'Swat_codetype': 'ob'}","{'Line in File': '3', 'Position in File': '15', 'Condition': 'if (ncs > 0)', 'Local (Y/N)': 'N', 'TYPE': 'ob', 'Component': 'obtypno_out', 'Type': 'integer', 'Dimensions': 'dimension (:), allocatable', 'Swat_codetype': 'ob'}"
input,rout_unit.con,3,16,htyp_out,"{'Line in File': '3', 'Position in File': '16', 'Condition': 'if (ncs > 0)', 'Local (Y/N)': 'N', 'TYPE': 'ob', 'Component': 'htyp_out', 'Type': 'character(len=3)', 'Dimensions': 'allocatable', 'Swat_codetype': 'ob'}","{'Line in File': '3', 'Position in File': '16', 'Condition': 'if (ncs > 0)', 'Local (Y/N)': 'N', 'TYPE': 'ob', 'Component': 'htyp_out', 'Type': 'character(len=3)', 'Dimensions': 'dimension (:), allocatable', 'Swat_codetype': 'ob'}"
input,rout_unit.con,3,17,frac_out,"{'Line in File': '3', 'Position in File': '17', 'Condition': 'if (ncs > 0)', 'Local (Y/N)': 'N', 'TYPE': 'ob', 'Component': 'frac_out', 'Type': 'real', 'Dimensions': 'allocatable', 'Swat_codetype': 'ob'}","{'Line in File': '3', 'Position in File': '17', 'Condition': 'if (ncs > 0)', 'Local (Y/N)': 'N', 'TYPE': 'ob', 'Component': 'frac_out', 'Type': 'real', 'Dimensions': 'dimension (:), allocatable', 'Swat_codetype': 'ob'}"
input,rout_unit.def,3,4,elem_cnt(isp),"{'Line in File': '3', 'Position in File': '4', 'Condition': 'if (nspu > 0)', 'Local (Y/N)': 'N', 'TYPE': '-', 'Component': 'elem_cnt(isp)', 'Type': 'integer', 'Dimensions': 'allocatable', 'Swat_codetype': 'in_ru'}","{'Line in File': '3', 'Position in File': '4', 'Condition': 'if (nspu > 0)', 'Local (Y/N)': 'N', 'TYPE': '-', 'Component': 'elem_cnt(isp)', 'Type': 'integer', 'Dimensions': 'dimension (:), allocatable', 'Swat_codetype': 'in_ru'}"
input,rout_unit.rtu,3,3,dbsc,"{'Line in File': '3', 'Position in File': '3', 'Condition': 'if (cs_db%num_cs > 0)', 'Local (Y/N)': 'N', 'TYPE': 'ru', 'Component': 'dbsc', 'Type': 'type(ru_databases_char)', 'Dimensions': '-', 'Swat_codetype': 'in_ru'}",
input,rout_unit.rtu,3,3,elem_def,,"{'Line in File': '3', 'Position in File': '3', 'Condition': 'if (cs_db%num_cs > 0)', 'Local (Y/N)': 'N', 'TYPE': 'dbsc', 'Component': 'elem_def', 'Type': 'unknown', 'Dimensions': '-', 'Swat_codetype': 'in_ru'}"
input,rout_unit.rtu,3,4,elem_dr,,"{'Line in File': '3', 'Position in File': '4', 'Condition': 'if (cs_db%num_cs > 0)', 'Local (Y/N)': 'N', 'TYPE': 'dbsc', 'Component': 'elem_dr', 'Type': 'unknown', 'Dimensions': '-', 'Swat_codetype': 'in_ru'}"
input,rout_unit.rtu,3,5,toposub_db,,"{'Line in File': '3', 'Position in File': '5', 'Condition': 'if (cs_db%num_cs > 0)', 'Local (Y/N)': 'N', 'TYPE': 'dbsc', 'Component': 'toposub_db', 'Type': 'unknown', 'Dimensions': '-', 'Swat_codetype': 'in_ru'}"
input,rout_unit.rtu,3,6,field_db,,"{'Line in File': '3', 'Position in File': '6', 'Condition': 'if (cs_db%num_cs > 0)', 'Local (Y/N)': 'N', 'TYPE': 'dbsc', 'Component': 'field_db', 'Type': 'unknown', 'Dimensions': '-', 'Swat_codetype': 'in_ru'}"
input,salt_aqu.ini,5,2,conc,"{'Line in File': '5', 'Position in File': '2', 'Condition': '-', 'Local (Y/N)': 'N', 'TYPE': 'salt_aqu_ini', 'Component': 'conc', 'Type': 'real', 'Dimensions': 'allocatable', 'Swat_codetype': 'salt_aqu_ini'}","{'Line in File': '5', 'Position in File': '2', 'Condition': '-', 'Local (Y/N)': 'N', 'TYPE': 'salt_aqu_ini', 'Component': 'conc', 'Type': 'real', 'Dimensions': 'dimension (:), allocatable', 'Swat_codetype': 'salt_aqu_ini'}"
input,salt_aqu.ini,5,3,frac,"{'Line in File': '5', 'Position in File': '3', 'Condition': '-', 'Local (Y/N)': 'N', 'TYPE': 'salt_aqu_ini', 'Component': 'frac', 'Type': 'real', 'Dimensions': 'allocatable', 'Swat_codetype': 'salt_aqu_ini'}","{'Line in File': '5', 'Position in File': '3', 'Condition': '-', 'Local (Y/N)': 'N', 'TYPE': 'salt_aqu_ini', 'Component': 'frac', 'Type': 'real', 'Dimensions': 'dimension (:), allocatable', 'Swat_codetype': 'salt_aqu_ini'}"
input,salt_channel.ini,3,2,conc,"{'Line in File': '3', 'Position in File': '2', 'Condition': '-', 'Local (Y/N)': 'N', 'TYPE': 'salt_cha_ini', 'Component': 'conc', 'Type': 'real', 'Dimensions': 'allocatable', 'Swat_codetype': 'salt_cha_ini'}","{'Line in File': '3', 'Position in File': '2', 'Condition': '-', 'Local (Y/N)': 'N', 'TYPE': 'salt_cha_ini', 'Component': 'conc', 'Type': 'real', 'Dimensions': 'dimension (:), allocatable', 'Swat_codetype': 'salt_cha_ini'}"
input,salt_hru.ini,7,1,soil,"{'Line in File': '7', 'Position in File': '1', 'Condition': '-', 'Local (Y/N)': 'N', 'TYPE': 'salt_soil_ini', 'Component': 'soil', 'Type': 'real', 'Dimensions': 'allocatable', 'Swat_codetype': 'salt_soil_ini'}","{'Line in File': '7', 'Position in File': '1', 'Condition': '-', 'Local (Y/N)': 'N', 'TYPE': 'salt_soil_ini', 'Component': 'soil', 'Type': 'real', 'Dimensions': 'dimension (:), allocatable', 'Swat_codetype': 'salt_soil_ini'}"
input,salt_hru.ini,8,1,plt,"{'Line in File': '8', 'Position in File': '1', 'Condition': '-', 'Local (Y/N)': 'N', 'TYPE': 'salt_soil_ini', 'Component': 'plt', 'Type': 'real', 'Dimensions': 'allocatable', 'Swat_codetype': 'salt_soil_ini'}","{'Line in File': '8', 'Position in File': '1', 'Condition': '-', 'Local (Y/N)': 'N', 'TYPE': 'salt_soil_ini', 'Component': 'plt', 'Type': 'real', 'Dimensions': 'dimension (:), allocatable', 'Swat_codetype': 'salt_soil_ini'}"
input,salt_irrigation,3,2,water,"{'Line in File': '3', 'Position in File': '2', 'Condition': '-', 'Local (Y/N)': 'N', 'TYPE': 'salt_water_irr', 'Component': 'water', 'Type': 'real', 'Dimensions': 'allocatable', 'Swat_codetype': 'salt_water_irr'}","{'Line in File': '3', 'Position in File': '2', 'Condition': '-', 'Local (Y/N)': 'N', 'TYPE': 'salt_water_irr', 'Component': 'water', 'Type': 'real', 'Dimensions': 'dimension (:), allocatable', 'Swat_codetype': 'salt_water_irr'}"
input,salt_plants,13,2,salt_stress_a(iplant),"{'Line in File': '13', 'Position in File': '2', 'Condition': '-', 'Local (Y/N)': 'N', 'TYPE': '-', 'Component': 'salt_stress_a(iplant)', 'Type': 'real', 'Dimensions': 'allocatable', 'Swat_codetype': 'salt_stress_a'}","{'Line in File': '13', 'Position in File': '2', 'Condition': '-', 'Local (Y/N)': 'N', 'TYPE': '-', 'Component': 'salt_stress_a(iplant)', 'Type': 'real', 'Dimensions': 'dimension (:), allocatable', 'Swat_codetype': 'salt_stress_a'}"
input,salt_plants,13,3,salt_stress_b(iplant),"{'Line in File': '13', 'Position in File': '3', 'Condition': '-', 'Local (Y/N)': 'N', 'TYPE': '-', 'Component': 'salt_stress_b(iplant)', 'Type': 'real', 'Dimensions': 'allocatable', 'Swat_codetype': 'salt_stress_b'}","{'Line in File': '13', 'Position in File': '3', 'Condition': '-', 'Local (Y/N)': 'N', 'TYPE': '-', 'Component': 'salt_stress_b(iplant)', 'Type': 'real', 'Dimensions': 'dimension (:), allocatable', 'Swat_codetype': 'salt_stress_b'}"
input,salt_res,5,2,c_init,"{'Line in File': '5', 'Position in File': '2', 'Condition': '-', 'Local (Y/N)': 'N', 'TYPE': 'res_salt_data', 'Component': 'c_init', 'Type': 'real', 'Dimensions': 'allocatable', 'Swat_codetype': 'res_salt_data'}","{'Line in File': '5', 'Position in File': '2', 'Condition': '-', 'Local (Y/N)': 'N', 'TYPE': 'res_salt_data', 'Component': 'c_init', 'Type': 'real', 'Dimensions': 'dimension (:), allocatable', 'Swat_codetype': 'res_salt_data'}"
input,salt_uptake,4,2,"salt_uptake_kg(i,j)","{'Line in File': '4', 'Position in File': '2', 'Condition': '-', 'Local (Y/N)': 'N', 'TYPE': '-', 'Component': 'salt_uptake_kg(i,j)', 'Type': 'real', 'Dimensions': 'allocatable', 'Swat_codetype': 'salt_uptake_kg'}","{'Line in File': '4', 'Position in File': '2', 'Condition': '-', 'Local (Y/N)': 'N', 'TYPE': '-', 'Component': 'salt_uptake_kg(i,j)', 'Type': 'real', 'Dimensions': 'dimension (:,:), allocatable', 'Swat_codetype': 'salt_uptake_kg'}"
input,salt_urban,3,2,"salt_urban_conc(iu,isalt)","{'Line in File': '3', 'Position in File': '2', 'Condition': 'if (urb_type == urbdb(iu)%urbnm)', 'Local (Y/N)': 'N', 'TYPE': '-', 'Component': 'salt_urban_conc(iu,isalt)', 'Type': 'real', 'Dimensions': 'allocatable', 'Swat_codetype': 'salt_urban_conc'}","{'Line in File': '3', 'Position in File': '2', 'Condition': 'if (urb_type == urbdb(iu)%urbnm)', 'Local (Y/N)': 'N', 'TYPE': '-', 'Component': 'salt_urban_conc(iu,isalt)', 'Type': 'real', 'Dimensions': 'dimension (:,:), allocatable', 'Swat_codetype': 'salt_urban_conc'}"
input,scen_lu.dtl,5,1,name,"{'Line in File': '5', 'Position in File': '1', 'Condition': '-', 'Local (Y/N)': 'N', 'TYPE': 'dtbl_scen', 'Component': 'name', 'Type': 'character(len=25)', 'Dimensions': '-', 'Swat_codetype': 'in_cond'}","{'Line in File': '5', 'Position in File': '1', 'Condition': '-', 'Local (Y/N)': 'N', 'TYPE': 'dtbl_scen', 'Component': 'name', 'Type': 'character(len=40)', 'Dimensions': '-', 'Swat_codetype': 'in_cond'}"
input,scen_lu.dtl,7,1,cond,"{'Line in File': '7', 'Position in File': '1', 'Condition': '-', 'Local (Y/N)': 'N', 'TYPE': 'dtbl_scen', 'Component': 'cond', 'Type': 'type(conditions_var)', 'Dimensions': 'allocatable', 'Swat_codetype': 'in_cond'}",
input,scen_lu.dtl,7,1,var,,"{'Line in File': '7', 'Position in File': '1', 'Condition': '-', 'Local (Y/N)': 'N', 'TYPE': 'cond', 'Component': 'var', 'Type': 'unknown', 'Dimensions': '-', 'Swat_codetype': 'in_cond'}"
input,scen_lu.dtl,7,2,alt,"{'Line in File': '7', 'Position in File': '2', 'Condition': '-', 'Local (Y/N)': 'N', 'TYPE': 'dtbl_scen', 'Component': 'alt', 'Type': 'character(len=25)', 'Dimensions': 'allocatable', 'Swat_codetype': 'in_cond'}",
input,scen_lu.dtl,7,2,ob,,"{'Line in File': '7', 'Position in File': '2', 'Condition': '-', 'Local (Y/N)': 'N', 'TYPE': 'cond', 'Component': 'ob', 'Type': 'unknown', 'Dimensions': '-', 'Swat_codetype': 'in_cond'}"
input,scen_lu.dtl,7,3,ob_num,,"{'Line in File': '7', 'Position in File': '3', 'Condition': '-', 'Local (Y/N)': 'N', 'TYPE': 'cond', 'Component': 'ob_num', 'Type': 'unknown', 'Dimensions': '-', 'Swat_codetype': 'in_cond'}"
input,scen_lu.dtl,7,4,lim_var,,"{'Line in File': '7', 'Position in File': '4', 'Condition': '-', 'Local (Y/N)': 'N', 'TYPE': 'cond', 'Component': 'lim_var', 'Type': 'unknown', 'Dimensions': '-', 'Swat_codetype': 'in_cond'}"
input,scen_lu.dtl,7,5,lim_op,,"{'Line in File': '7', 'Position in File': '5', 'Condition': '-', 'Local (Y/N)': 'N', 'TYPE': 'cond', 'Component': 'lim_op', 'Type': 'unknown', 'Dimensions': '-', 'Swat_codetype': 'in_cond'}"
input,scen_lu.dtl,7,6,lim_const,,"{'Line in File': '7', 'Position in File': '6', 'Condition': '-', 'Local (Y/N)': 'N', 'TYPE': 'cond', 'Component': 'lim_const', 'Type': 'unknown', 'Dimensions': '-', 'Swat_codetype': 'in_cond'}"
input,scen_lu.dtl,7,7,alt,,"{'Line in File': '7', 'Position in File': '7', 'Condition': '-', 'Local (Y/N)': 'N', 'TYPE': 'dtbl_scen', 'Component': 'alt', 'Type': 'character(len=25)', 'Dimensions': 'dimension (:,:), allocatable', 'Swat_codetype': 'in_cond'}"
input,scen_lu.dtl,9,1,act,"{'Line in File': '9', 'Position in File': '1', 'Condition': '-', 'Local (Y/N)': 'N', 'TYPE': 'dtbl_scen', 'Component': 'act', 'Type': 'type(actions_var)', 'Dimensions': 'allocatable', 'Swat_codetype': 'in_cond'}",
input,scen_lu.dtl,9,1,typ,,"{'Line in File': '9', 'Position in File': '1', 'Condition': '-', 'Local (Y/N)': 'N', 'TYPE': 'act', 'Component': 'typ', 'Type': 'unknown', 'Dimensions': '-', 'Swat_codetype': 'in_cond'}"
input,scen_lu.dtl,9,2,act_outcomes,"{'Line in File': '9', 'Position in File': '2', 'Condition': '-', 'Local (Y/N)': 'N', 'TYPE': 'dtbl_scen', 'Component': 'act_outcomes', 'Type': 'character(len=1)', 'Dimensions': 'allocatable', 'Swat_codetype': 'in_cond'}",
input,scen_lu.dtl,9,2,ob,,"{'Line in File': '9', 'Position in File': '2', 'Condition': '-', 'Local (Y/N)': 'N', 'TYPE': 'act', 'Component': 'ob', 'Type': 'unknown', 'Dimensions': '-', 'Swat_codetype': 'in_cond'}"
input,scen_lu.dtl,9,3,ob_num,,"{'Line in File': '9', 'Position in File': '3', 'Condition': '-', 'Local (Y/N)': 'N', 'TYPE': 'act', 'Component': 'ob_num', 'Type': 'unknown', 'Dimensions': '-', 'Swat_codetype': 'in_cond'}"
input,scen_lu.dtl,9,4,name,,"{'Line in File': '9', 'Position in File': '4', 'Condition': '-', 'Local (Y/N)': 'N', 'TYPE': 'act', 'Component': 'name', 'Type': 'character(len=40)', 'Dimensions': '-', 'Swat_codetype': 'in_cond'}"
input,scen_lu.dtl,9,5,option,,"{'Line in File': '9', 'Position in File': '5', 'Condition': '-', 'Local (Y/N)': 'N', 'TYPE': 'act', 'Component': 'option', 'Type': 'unknown', 'Dimensions': '-', 'Swat_codetype': 'in_cond'}"
input,scen_lu.dtl,9,6,const,,"{'Line in File': '9', 'Position in File': '6', 'Condition': '-', 'Local (Y/N)': 'N', 'TYPE': 'act', 'Component': 'const', 'Type': 'unknown', 'Dimensions': '-', 'Swat_codetype': 'in_cond'}"
input,scen_lu.dtl,9,7,const2,,"{'Line in File': '9', 'Position in File': '7', 'Condition': '-', 'Local (Y/N)': 'N', 'TYPE': 'act', 'Component': 'const2', 'Type': 'unknown', 'Dimensions': '-', 'Swat_codetype': 'in_cond'}"
input,scen_lu.dtl,9,8,file_pointer,,"{'Line in File': '9', 'Position in File': '8', 'Condition': '-', 'Local (Y/N)': 'N', 'TYPE': 'act', 'Component': 'file_pointer', 'Type': 'unknown', 'Dimensions': '-', 'Swat_codetype': 'in_cond'}"
input,scen_lu.dtl,9,9,act_outcomes,,"{'Line in File': '9', 'Position in File': '9', 'Condition': '-', 'Local (Y/N)': 'N', 'TYPE': 'dtbl_scen', 'Component': 'act_outcomes', 'Type': 'character(len=1)', 'Dimensions': 'dimension (:,:), allocatable', 'Swat_codetype': 'in_cond'}"
input,sediment.cha,3,13,erod,"{'Line in File': '3', 'Position in File': '13', 'Condition': '-', 'Local (Y/N)': 'N', 'TYPE': 'ch_sed', 'Component': 'erod', 'Type': 'real', 'Dimensions': '-', 'Swat_codetype': 'in_cha'}","{'Line in File': '3', 'Position in File': '13', 'Condition': '-', 'Local (Y/N)': 'N', 'TYPE': 'ch_sed', 'Component': 'erod', 'Type': 'real', 'Dimensions': 'dimension (12)', 'Swat_codetype': 'in_cha'}"
input,slr(i)%filename,4,3,ts,"{'Line in File': '4', 'Position in File': '3', 'Condition': 'if (iyr > time%yrc)', 'Local (Y/N)': 'N', 'TYPE': 'slr', 'Component': 'ts', 'Type': 'real', 'Dimensions': 'allocatable', 'Swat_codetype': 'slr'}","{'Line in File': '4', 'Position in File': '3', 'Condition': 'if (iyr > time%yrc)', 'Local (Y/N)': 'N', 'TYPE': 'slr', 'Component': 'ts', 'Type': 'real', 'Dimensions': 'dimension (:,:), allocatable', 'Swat_codetype': 'slr'}"
input,soil_plant.ini,3,1,name,"{'Line in File': '3', 'Position in File': '1', 'Condition': '-', 'Local (Y/N)': 'N', 'TYPE': 'sol_plt_ini', 'Component': 'name', 'Type': 'character(len=40)', 'Dimensions': '-', 'Swat_codetype': 'in_init'}","{'Line in File': '3', 'Position in File': '1', 'Condition': 'if (bsn_cc%nam1 == 0)', 'Local (Y/N)': 'N', 'TYPE': 'sol_plt_ini', 'Component': 'name', 'Type': 'character(len=40)', 'Dimensions': '-', 'Swat_codetype': 'in_init'}"
input,soil_plant.ini,3,2,sw_frac,"{'Line in File': '3', 'Position in File': '2', 'Condition': '-', 'Local (Y/N)': 'N', 'TYPE': 'sol_plt_ini', 'Component': 'sw_frac', 'Type': 'real', 'Dimensions': '-', 'Swat_codetype': 'in_init'}","{'Line in File': '3', 'Position in File': '2', 'Condition': 'if (bsn_cc%nam1 == 0)', 'Local (Y/N)': 'N', 'TYPE': 'sol_plt_ini', 'Component': 'sw_frac', 'Type': 'real', 'Dimensions': '-', 'Swat_codetype': 'in_init'}"
input,soil_plant.ini,3,3,nutc,"{'Line in File': '3', 'Position in File': '3', 'Condition': '-', 'Local (Y/N)': 'N', 'TYPE': 'sol_plt_ini', 'Component': 'nutc', 'Type': 'character(len=40)', 'Dimensions': '-', 'Swat_codetype': 'in_init'}","{'Line in File': '3', 'Position in File': '3', 'Condition': 'if (bsn_cc%nam1 == 0)', 'Local (Y/N)': 'N', 'TYPE': 'sol_plt_ini', 'Component': 'nutc', 'Type': 'character(len=40)', 'Dimensions': '-', 'Swat_codetype': 'in_init'}"
input,soil_plant.ini,3,4,pestc,"{'Line in File': '3', 'Position in File': '4', 'Condition': '-', 'Local (Y/N)': 'N', 'TYPE': 'sol_plt_ini', 'Component': 'pestc', 'Type': 'character(len=40)', 'Dimensions': '-', 'Swat_codetype': 'in_init'}","{'Line in File': '3', 'Position in File': '4', 'Condition': 'if (bsn_cc%nam1 == 0)', 'Local (Y/N)': 'N', 'TYPE': 'sol_plt_ini', 'Component': 'pestc', 'Type': 'character(len=40)', 'Dimensions': '-', 'Swat_codetype': 'in_init'}"
input,soil_plant.ini,3,5,pathc,"{'Line in File': '3', 'Position in File': '5', 'Condition': '-', 'Local (Y/N)': 'N', 'TYPE': 'sol_plt_ini', 'Component': 'pathc', 'Type': 'character(len=40)', 'Dimensions': '-', 'Swat_codetype': 'in_init'}","{'Line in File': '3', 'Position in File': '5', 'Condition': 'if (bsn_cc%nam1 == 0)', 'Local (Y/N)': 'N', 'TYPE': 'sol_plt_ini', 'Component': 'pathc', 'Type': 'character(len=40)', 'Dimensions': '-', 'Swat_codetype': 'in_init'}"
input,soil_plant.ini,3,6,saltc,"{'Line in File': '3', 'Position in File': '6', 'Condition': '-', 'Local (Y/N)': 'N', 'TYPE': 'sol_plt_ini', 'Component': 'saltc', 'Type': 'character(len=40)', 'Dimensions': '-', 'Swat_codetype': 'in_init'}","{'Line in File': '3', 'Position in File': '6', 'Condition': 'if (bsn_cc%nam1 == 0)', 'Local (Y/N)': 'N', 'TYPE': 'sol_plt_ini', 'Component': 'saltc', 'Type': 'character(len=40)', 'Dimensions': '-', 'Swat_codetype': 'in_init'}"
input,soil_plant.ini,3,7,hmetc,"{'Line in File': '3', 'Position in File': '7', 'Condition': '-', 'Local (Y/N)': 'N', 'TYPE': 'sol_plt_ini', 'Component': 'hmetc', 'Type': 'character(len=40)', 'Dimensions': '-', 'Swat_codetype': 'in_init'}","{'Line in File': '3', 'Position in File': '7', 'Condition': 'if (bsn_cc%nam1 == 0)', 'Local (Y/N)': 'N', 'TYPE': 'sol_plt_ini', 'Component': 'hmetc', 'Type': 'character(len=40)', 'Dimensions': '-', 'Swat_codetype': 'in_init'}"
input,soil_plant.ini,4,1,name,,"{'Line in File': '4', 'Position in File': '1', 'Condition': 'if (bsn_cc%nam1 == 0)', 'Local (Y/N)': 'N', 'TYPE': 'sol_plt_ini', 'Component': 'name', 'Type': 'character(len=40)', 'Dimensions': '-', 'Swat_codetype': 'in_init'}"
input,soil_plant.ini,4,2,sw_frac,,"{'Line in File': '4', 'Position in File': '2', 'Condition': 'if (bsn_cc%nam1 == 0)', 'Local (Y/N)': 'N', 'TYPE': 'sol_plt_ini', 'Component': 'sw_frac', 'Type': 'real', 'Dimensions': '-', 'Swat_codetype': 'in_init'}"
input,soil_plant.ini,4,3,nutc,,"{'Line in File': '4', 'Position in File': '3', 'Condition': 'if (bsn_cc%nam1 == 0)', 'Local (Y/N)': 'N', 'TYPE': 'sol_plt_ini', 'Component': 'nutc', 'Type': 'character(len=40)', 'Dimensions': '-', 'Swat_codetype': 'in_init'}"
input,soil_plant.ini,4,4,pestc,,"{'Line in File': '4', 'Position in File': '4', 'Condition': 'if (bsn_cc%nam1 == 0)', 'Local (Y/N)': 'N', 'TYPE': 'sol_plt_ini', 'Component': 'pestc', 'Type': 'character(len=40)', 'Dimensions': '-', 'Swat_codetype': 'in_init'}"
input,soil_plant.ini,4,5,pathc,,"{'Line in File': '4', 'Position in File': '5', 'Condition': 'if (bsn_cc%nam1 == 0)', 'Local (Y/N)': 'N', 'TYPE': 'sol_plt_ini', 'Component': 'pathc', 'Type': 'character(len=40)', 'Dimensions': '-', 'Swat_codetype': 'in_init'}"
input,soil_plant.ini,4,6,saltc,,"{'Line in File': '4', 'Position in File': '6', 'Condition': 'if (bsn_cc%nam1 == 0)', 'Local (Y/N)': 'N', 'TYPE': 'sol_plt_ini', 'Component': 'saltc', 'Type': 'character(len=40)', 'Dimensions': '-', 'Swat_codetype': 'in_init'}"
input,soil_plant.ini,4,7,hmetc,,"{'Line in File': '4', 'Position in File': '7', 'Condition': 'if (bsn_cc%nam1 == 0)', 'Local (Y/N)': 'N', 'TYPE': 'sol_plt_ini', 'Component': 'hmetc', 'Type': 'character(len=40)', 'Dimensions': '-', 'Swat_codetype': 'in_init'}"
input,soil_plant.ini,4,8,csc,,"{'Line in File': '4', 'Position in File': '8', 'Condition': 'if (bsn_cc%nam1 == 0)', 'Local (Y/N)': 'N', 'TYPE': 'sol_plt_ini', 'Component': 'csc', 'Type': 'character(len=40)', 'Dimensions': '-', 'Swat_codetype': 'in_init'}"
input,tmp(i)%filename,4,3,ts,"{'Line in File': '4', 'Position in File': '3', 'Condition': 'if (mod(iyr,4) == 0)', 'Local (Y/N)': 'N', 'TYPE': 'tmp', 'Component': 'ts', 'Type': 'real', 'Dimensions': 'allocatable', 'Swat_codetype': 'tmp'}","{'Line in File': '4', 'Position in File': '3', 'Condition': 'if (mod(iyr,4) == 0)', 'Local (Y/N)': 'N', 'TYPE': 'tmp', 'Component': 'ts', 'Type': 'real', 'Dimensions': 'dimension (:,:), allocatable', 'Swat_codetype': 'tmp'}"
input,tmp(i)%filename,4,4,ts2,"{'Line in File': '4', 'Position in File': '4', 'Condition': 'if (mod(iyr,4) == 0)', 'Local (Y/N)': 'N', 'TYPE': 'tmp', 'Component': 'ts2', 'Type': 'real', 'Dimensions': 'allocatable', 'Swat_codetype': 'tmp'}","{'Line in File': '4', 'Position in File': '4', 'Condition': 'if (mod(iyr,4) == 0)', 'Local (Y/N)': 'N', 'TYPE': 'tmp', 'Component': 'ts2', 'Type': 'real', 'Dimensions': 'dimension (:,:), allocatable', 'Swat_codetype': 'tmp'}"
input,water_allocation.wro,10,1,div_delay,"{'Line in File': '10', 'Position in File': '1', 'Condition': 'if (div_found == 1)', 'Local (Y/N)': 'N', 'TYPE': '-', 'Component': 'div_delay', 'Type': 'real', 'Dimensions': '-', 'Swat_codetype': 'in_watrts'}",
input,water_allocation.wro,4,3,src_obs,"{'Line in File': '4', 'Position in File': '3', 'Condition': '-', 'Local (Y/N)': 'N', 'TYPE': 'wallo', 'Component': 'src_obs', 'Type': 'integer', 'Dimensions': '-', 'Swat_codetype': 'in_watrts'}",
input,water_allocation.wro,4,3,trn_obs,,"{'Line in File': '4', 'Position in File': '3', 'Condition': '-', 'Local (Y/N)': 'N', 'TYPE': 'wallo', 'Component': 'trn_obs', 'Type': 'integer', 'Dimensions': '-', 'Swat_codetype': 'in_watrts'}"
input,water_allocation.wro,4,4,dmd_obs,"{'Line in File': '4', 'Position in File': '4', 'Condition': '-', 'Local (Y/N)': 'N', 'TYPE': 'wallo', 'Component': 'dmd_obs', 'Type': 'integer', 'Dimensions': '-', 'Swat_codetype': 'in_watrts'}",
input,water_allocation.wro,4,5,cha_ob,"{'Line in File': '4', 'Position in File': '5', 'Condition': '-', 'Local (Y/N)': 'N', 'TYPE': 'wallo', 'Component': 'cha_ob', 'Type': 'character(len=1)', 'Dimensions': '-', 'Swat_codetype': 'in_watrts'}",
input,water_allocation.wro,6,1,k,"{'Line in File': '6', 'Position in File': '1', 'Condition': '-', 'Local (Y/N)': 'Y', 'TYPE': '-', 'Component': 'k', 'Type': 'integer', 'Dimensions': '-', 'Swat_codetype': '-'}","{'Line in File': '6', 'Position in File': '1', 'Condition': 'if (wallo(iwro)%trn(i)%trn_typ_name == dtbl_flo(idb)%name)', 'Local (Y/N)': 'Y', 'TYPE': '-', 'Component': 'k', 'Type': 'integer', 'Dimensions': '-', 'Swat_codetype': '-'}"
input,water_allocation.wro,6,10,conv_typ,,"{'Line in File': '6', 'Position in File': '10', 'Condition': 'if (wallo(iwro)%trn(i)%trn_typ_name == dtbl_flo(idb)%name)', 'Local (Y/N)': 'N', 'TYPE': 'src', 'Component': 'conv_typ', 'Type': 'unknown', 'Dimensions': '-', 'Swat_codetype': 'in_watrts'}"
input,water_allocation.wro,6,11,conv_num,,"{'Line in File': '6', 'Position in File': '11', 'Condition': 'if (wallo(iwro)%trn(i)%trn_typ_name == dtbl_flo(idb)%name)', 'Local (Y/N)': 'N', 'TYPE': 'src', 'Component': 'conv_num', 'Type': 'unknown', 'Dimensions': '-', 'Swat_codetype': 'in_watrts'}"
input,water_allocation.wro,6,12,dtbl_lim,,"{'Line in File': '6', 'Position in File': '12', 'Condition': 'if (wallo(iwro)%trn(i)%trn_typ_name == dtbl_flo(idb)%name)', 'Local (Y/N)': 'N', 'TYPE': 'src', 'Component': 'dtbl_lim', 'Type': 'unknown', 'Dimensions': '-', 'Swat_codetype': 'in_watrts'}"
input,water_allocation.wro,6,13,wdraw_lim,,"{'Line in File': '6', 'Position in File': '13', 'Condition': 'if (wallo(iwro)%trn(i)%trn_typ_name == dtbl_flo(idb)%name)', 'Local (Y/N)': 'N', 'TYPE': 'src', 'Component': 'wdraw_lim', 'Type': 'unknown', 'Dimensions': '-', 'Swat_codetype': 'in_watrts'}"
input,water_allocation.wro,6,14,frac,,"{'Line in File': '6', 'Position in File': '14', 'Condition': 'if (wallo(iwro)%trn(i)%trn_typ_name == dtbl_flo(idb)%name)', 'Local (Y/N)': 'N', 'TYPE': 'src', 'Component': 'frac', 'Type': 'unknown', 'Dimensions': '-', 'Swat_codetype': 'in_watrts'}"
input,water_allocation.wro,6,15,comp,,"{'Line in File': '6', 'Position in File': '15', 'Condition': 'if (wallo(iwro)%trn(i)%trn_typ_name == dtbl_flo(idb)%name)', 'Local (Y/N)': 'N', 'TYPE': 'src', 'Component': 'comp', 'Type': 'unknown', 'Dimensions': '-', 'Swat_codetype': 'in_watrts'}"
input,water_allocation.wro,6,16,typ,,"{'Line in File': '6', 'Position in File': '16', 'Condition': 'if (wallo(iwro)%trn(i)%trn_typ_name == dtbl_flo(idb)%name)', 'Local (Y/N)': 'N', 'TYPE': 'rcv', 'Component': 'typ', 'Type': 'unknown', 'Dimensions': '-', 'Swat_codetype': 'in_watrts'}"
input,water_allocation.wro,6,17,num,,"{'Line in File': '6', 'Position in File': '17', 'Condition': 'if (wallo(iwro)%trn(i)%trn_typ_name == dtbl_flo(idb)%name)', 'Local (Y/N)': 'N', 'TYPE': 'rcv', 'Component': 'num', 'Type': 'unknown', 'Dimensions': '-', 'Swat_codetype': 'in_watrts'}"
input,water_allocation.wro,6,18,frac,,"{'Line in File': '6', 'Position in File': '18', 'Condition': 'if (wallo(iwro)%trn(i)%trn_typ_name == dtbl_flo(idb)%name)', 'Local (Y/N)': 'N', 'TYPE': 'rcv', 'Component': 'frac', 'Type': 'unknown', 'Dimensions': '-', 'Swat_codetype': 'in_watrts'}"
input,water_allocation.wro,6,2,ob_typ,"{'Line in File': '6', 'Position in File': '2', 'Condition': '-', 'Local (Y/N)': 'N', 'TYPE': 'wallo', 'Component': 'ob_typ', 'Type': 'unknown', 'Dimensions': '-', 'Swat_codetype': 'in_watrts'}",
input,water_allocation.wro,6,2,trn_typ,,"{'Line in File': '6', 'Position in File': '2', 'Condition': 'if (wallo(iwro)%trn(i)%trn_typ_name == dtbl_flo(idb)%name)', 'Local (Y/N)': 'N', 'TYPE': 'wallo', 'Component': 'trn_typ', 'Type': 'unknown', 'Dimensions': '-', 'Swat_codetype': 'in_watrts'}"
input,water_allocation.wro,6,3,ob_num,"{'Line in File': '6', 'Position in File': '3', 'Condition': '-', 'Local (Y/N)': 'N', 'TYPE': 'wallo', 'Component': 'ob_num', 'Type': 'unknown', 'Dimensions': '-', 'Swat_codetype': 'in_watrts'}",
input,water_allocation.wro,6,3,trn_typ_name,,"{'Line in File': '6', 'Position in File': '3', 'Condition': 'if (wallo(iwro)%trn(i)%trn_typ_name == dtbl_flo(idb)%name)', 'Local (Y/N)': 'N', 'TYPE': 'wallo', 'Component': 'trn_typ_name', 'Type': 'unknown', 'Dimensions': '-', 'Swat_codetype': 'in_watrts'}"
input,water_allocation.wro,6,4,amount,,"{'Line in File': '6', 'Position in File': '4', 'Condition': 'if (wallo(iwro)%trn(i)%trn_typ_name == dtbl_flo(idb)%name)', 'Local (Y/N)': 'N', 'TYPE': 'wallo', 'Component': 'amount', 'Type': 'unknown', 'Dimensions': '-', 'Swat_codetype': 'in_watrts'}"
input,water_allocation.wro,6,4,limit_mon,"{'Line in File': '6', 'Position in File': '4', 'Condition': '-', 'Local (Y/N)': 'N', 'TYPE': 'wallo', 'Component': 'limit_mon', 'Type': 'unknown', 'Dimensions': '-', 'Swat_codetype': 'in_watrts'}",
input,water_allocation.wro,6,5,right,,"{'Line in File': '6', 'Position in File': '5', 'Condition': 'if (wallo(iwro)%trn(i)%trn_typ_name == dtbl_flo(idb)%name)', 'Local (Y/N)': 'N', 'TYPE': 'wallo', 'Component': 'right', 'Type': 'unknown', 'Dimensions': '-', 'Swat_codetype': 'in_watrts'}"
input,water_allocation.wro,6,6,src_num,,"{'Line in File': '6', 'Position in File': '6', 'Condition': 'if (wallo(iwro)%trn(i)%trn_typ_name == dtbl_flo(idb)%name)', 'Local (Y/N)': 'N', 'TYPE': 'wallo', 'Component': 'src_num', 'Type': 'unknown', 'Dimensions': '-', 'Swat_codetype': 'in_watrts'}"
input,water_allocation.wro,6,7,dtbl_src,,"{'Line in File': '6', 'Position in File': '7', 'Condition': 'if (wallo(iwro)%trn(i)%trn_typ_name == dtbl_flo(idb)%name)', 'Local (Y/N)': 'N', 'TYPE': 'wallo', 'Component': 'dtbl_src', 'Type': 'unknown', 'Dimensions': '-', 'Swat_codetype': 'in_watrts'}"
input,water_allocation.wro,6,8,typ,,"{'Line in File': '6', 'Position in File': '8', 'Condition': 'if (wallo(iwro)%trn(i)%trn_typ_name == dtbl_flo(idb)%name)', 'Local (Y/N)': 'N', 'TYPE': 'src', 'Component': 'typ', 'Type': 'unknown', 'Dimensions': '-', 'Swat_codetype': 'in_watrts'}"
input,water_allocation.wro,6,9,num,,"{'Line in File': '6', 'Position in File': '9', 'Condition': 'if (wallo(iwro)%trn(i)%trn_typ_name == dtbl_flo(idb)%name)', 'Local (Y/N)': 'N', 'TYPE': 'src', 'Component': 'num', 'Type': 'unknown', 'Dimensions': '-', 'Swat_codetype': 'in_watrts'}"
input,water_allocation.wro,7,1,header,"{'Line in File': '7', 'Position in File': '1', 'Condition': 'if (wallo(iwro)%src(i)%ob_typ == ""cha"")', 'Local (Y/N)': 'Y', 'TYPE': '-', 'Component': 'header', 'Type': 'character(len=80)', 'Dimensions': '-', 'Swat_codetype': '-'}",
input,water_allocation.wro,8,1,k,"{'Line in File': '8', 'Position in File': '1', 'Condition': 'if (wallo(iwro)%dmd(idmd)%treatment == trt_om_name(idb))', 'Local (Y/N)': 'Y', 'TYPE': '-', 'Component': 'k', 'Type': 'integer', 'Dimensions': '-', 'Swat_codetype': '-'}",
input,water_allocation.wro,8,10,rcv_num,"{'Line in File': '8', 'Position in File': '10', 'Condition': 'if (wallo(iwro)%dmd(idmd)%treatment == trt_om_name(idb))', 'Local (Y/N)': 'N', 'TYPE': 'wallo', 'Component': 'rcv_num', 'Type': 'unknown', 'Dimensions': '-', 'Swat_codetype': 'in_watrts'}",
input,water_allocation.wro,8,11,rcv_dtl,"{'Line in File': '8', 'Position in File': '11', 'Condition': 'if (wallo(iwro)%dmd(idmd)%treatment == trt_om_name(idb))', 'Local (Y/N)': 'N', 'TYPE': 'wallo', 'Component': 'rcv_dtl', 'Type': 'unknown', 'Dimensions': '-', 'Swat_codetype': 'in_watrts'}",
input,water_allocation.wro,8,12,dmd_src_obs,"{'Line in File': '8', 'Position in File': '12', 'Condition': 'if (wallo(iwro)%dmd(idmd)%treatment == trt_om_name(idb))', 'Local (Y/N)': 'N', 'TYPE': 'wallo', 'Component': 'dmd_src_obs', 'Type': 'unknown', 'Dimensions': '-', 'Swat_codetype': 'in_watrts'}",
input,water_allocation.wro,8,13,src,"{'Line in File': '8', 'Position in File': '13', 'Condition': 'if (wallo(iwro)%dmd(idmd)%treatment == trt_om_name(idb))', 'Local (Y/N)': 'N', 'TYPE': 'wallo', 'Component': 'src', 'Type': 'type(water_source_objects)', 'Dimensions': 'allocatable', 'Swat_codetype': 'in_watrts'}",
input,water_allocation.wro,8,2,ob_typ,"{'Line in File': '8', 'Position in File': '2', 'Condition': 'if (wallo(iwro)%dmd(idmd)%treatment == trt_om_name(idb))', 'Local (Y/N)': 'N', 'TYPE': 'wallo', 'Component': 'ob_typ', 'Type': 'unknown', 'Dimensions': '-', 'Swat_codetype': 'in_watrts'}",
input,water_allocation.wro,8,3,ob_num,"{'Line in File': '8', 'Position in File': '3', 'Condition': 'if (wallo(iwro)%dmd(idmd)%treatment == trt_om_name(idb))', 'Local (Y/N)': 'N', 'TYPE': 'wallo', 'Component': 'ob_num', 'Type': 'unknown', 'Dimensions': '-', 'Swat_codetype': 'in_watrts'}",
input,water_allocation.wro,8,4,withdr,"{'Line in File': '8', 'Position in File': '4', 'Condition': 'if (wallo(iwro)%dmd(idmd)%treatment == trt_om_name(idb))', 'Local (Y/N)': 'N', 'TYPE': 'wallo', 'Component': 'withdr', 'Type': 'unknown', 'Dimensions': '-', 'Swat_codetype': 'in_watrts'}",
input,water_allocation.wro,8,5,amount,"{'Line in File': '8', 'Position in File': '5', 'Condition': 'if (wallo(iwro)%dmd(idmd)%treatment == trt_om_name(idb))', 'Local (Y/N)': 'N', 'TYPE': 'wallo', 'Component': 'amount', 'Type': 'unknown', 'Dimensions': '-', 'Swat_codetype': 'in_watrts'}",
input,water_allocation.wro,8,6,right,"{'Line in File': '8', 'Position in File': '6', 'Condition': 'if (wallo(iwro)%dmd(idmd)%treatment == trt_om_name(idb))', 'Local (Y/N)': 'N', 'TYPE': 'wallo', 'Component': 'right', 'Type': 'unknown', 'Dimensions': '-', 'Swat_codetype': 'in_watrts'}",
input,water_allocation.wro,8,7,treat_typ,"{'Line in File': '8', 'Position in File': '7', 'Condition': 'if (wallo(iwro)%dmd(idmd)%treatment == trt_om_name(idb))', 'Local (Y/N)': 'N', 'TYPE': 'wallo', 'Component': 'treat_typ', 'Type': 'unknown', 'Dimensions': '-', 'Swat_codetype': 'in_watrts'}",
input,water_allocation.wro,8,8,treatment,"{'Line in File': '8', 'Position in File': '8', 'Condition': 'if (wallo(iwro)%dmd(idmd)%treatment == trt_om_name(idb))', 'Local (Y/N)': 'N', 'TYPE': 'wallo', 'Component': 'treatment', 'Type': 'unknown', 'Dimensions': '-', 'Swat_codetype': 'in_watrts'}",
input,water_allocation.wro,8,9,rcv_ob,"{'Line in File': '8', 'Position in File': '9', 'Condition': 'if (wallo(iwro)%dmd(idmd)%treatment == trt_om_name(idb))', 'Local (Y/N)': 'N', 'TYPE': 'wallo', 'Component': 'rcv_ob', 'Type': 'unknown', 'Dimensions': '-', 'Swat_codetype': 'in_watrts'}",
input,water_balance.sft,6,1,meas,"{'Line in File': '6', 'Position in File': '1', 'Condition': 'if (mlug > 0)', 'Local (Y/N)': 'N', 'TYPE': 'lscal', 'Component': 'meas', 'Type': 'unknown', 'Dimensions': '-', 'Swat_codetype': 'in_chg'}",
input,water_balance.sft,6,1,name,,"{'Line in File': '6', 'Position in File': '1', 'Condition': 'if (mlug > 0)', 'Local (Y/N)': 'N', 'TYPE': 'meas', 'Component': 'name', 'Type': 'character(len=16)', 'Dimensions': '-', 'Swat_codetype': 'in_chg'}"
input,water_balance.sft,6,10,bfr,,"{'Line in File': '6', 'Position in File': '10', 'Condition': 'if (mlug > 0)', 'Local (Y/N)': 'N', 'TYPE': 'meas', 'Component': 'bfr', 'Type': 'unknown', 'Dimensions': '-', 'Swat_codetype': 'in_chg'}"
input,water_balance.sft,6,11,solp,,"{'Line in File': '6', 'Position in File': '11', 'Condition': 'if (mlug > 0)', 'Local (Y/N)': 'N', 'TYPE': 'meas', 'Component': 'solp', 'Type': 'unknown', 'Dimensions': '-', 'Swat_codetype': 'in_chg'}"
input,water_balance.sft,6,2,srr,,"{'Line in File': '6', 'Position in File': '2', 'Condition': 'if (mlug > 0)', 'Local (Y/N)': 'N', 'TYPE': 'meas', 'Component': 'srr', 'Type': 'unknown', 'Dimensions': '-', 'Swat_codetype': 'in_chg'}"
input,water_balance.sft,6,3,lfr,,"{'Line in File': '6', 'Position in File': '3', 'Condition': 'if (mlug > 0)', 'Local (Y/N)': 'N', 'TYPE': 'meas', 'Component': 'lfr', 'Type': 'unknown', 'Dimensions': '-', 'Swat_codetype': 'in_chg'}"
input,water_balance.sft,6,4,pcr,,"{'Line in File': '6', 'Position in File': '4', 'Condition': 'if (mlug > 0)', 'Local (Y/N)': 'N', 'TYPE': 'meas', 'Component': 'pcr', 'Type': 'unknown', 'Dimensions': '-', 'Swat_codetype': 'in_chg'}"
input,water_balance.sft,6,5,etr,,"{'Line in File': '6', 'Position in File': '5', 'Condition': 'if (mlug > 0)', 'Local (Y/N)': 'N', 'TYPE': 'meas', 'Component': 'etr', 'Type': 'unknown', 'Dimensions': '-', 'Swat_codetype': 'in_chg'}"
input,water_balance.sft,6,6,tfr,,"{'Line in File': '6', 'Position in File': '6', 'Condition': 'if (mlug > 0)', 'Local (Y/N)': 'N', 'TYPE': 'meas', 'Component': 'tfr', 'Type': 'unknown', 'Dimensions': '-', 'Swat_codetype': 'in_chg'}"
input,water_balance.sft,6,7,pet,,"{'Line in File': '6', 'Position in File': '7', 'Condition': 'if (mlug > 0)', 'Local (Y/N)': 'N', 'TYPE': 'meas', 'Component': 'pet', 'Type': 'unknown', 'Dimensions': '-', 'Swat_codetype': 'in_chg'}"
input,water_balance.sft,6,8,sed,,"{'Line in File': '6', 'Position in File': '8', 'Condition': 'if (mlug > 0)', 'Local (Y/N)': 'N', 'TYPE': 'meas', 'Component': 'sed', 'Type': 'unknown', 'Dimensions': '-', 'Swat_codetype': 'in_chg'}"
input,water_balance.sft,6,9,wyr,,"{'Line in File': '6', 'Position in File': '9', 'Condition': 'if (mlug > 0)', 'Local (Y/N)': 'N', 'TYPE': 'meas', 'Component': 'wyr', 'Type': 'unknown', 'Dimensions': '-', 'Swat_codetype': 'in_chg'}"
input,weather-sta.cli,3,2,wco_c,"{'Line in File': '3', 'Position in File': '2', 'Condition': '-', 'Local (Y/N)': 'N', 'TYPE': 'wst', 'Component': 'wco_c', 'Type': 'type(weather_codes_station_char)', 'Dimensions': '-', 'Swat_codetype': 'in_cli'}",
input,weather-sta.cli,3,2,wgn,,"{'Line in File': '3', 'Position in File': '2', 'Condition': '-', 'Local (Y/N)': 'N', 'TYPE': 'wco_c', 'Component': 'wgn', 'Type': 'unknown', 'Dimensions': '-', 'Swat_codetype': 'in_cli'}"
input,weather-sta.cli,3,3,pgage,,"{'Line in File': '3', 'Position in File': '3', 'Condition': '-', 'Local (Y/N)': 'N', 'TYPE': 'wco_c', 'Component': 'pgage', 'Type': 'unknown', 'Dimensions': '-', 'Swat_codetype': 'in_cli'}"
input,weather-sta.cli,3,4,tgage,,"{'Line in File': '3', 'Position in File': '4', 'Condition': '-', 'Local (Y/N)': 'N', 'TYPE': 'wco_c', 'Component': 'tgage', 'Type': 'unknown', 'Dimensions': '-', 'Swat_codetype': 'in_cli'}"
input,weather-sta.cli,3,5,sgage,,"{'Line in File': '3', 'Position in File': '5', 'Condition': '-', 'Local (Y/N)': 'N', 'TYPE': 'wco_c', 'Component': 'sgage', 'Type': 'unknown', 'Dimensions': '-', 'Swat_codetype': 'in_cli'}"
input,weather-sta.cli,3,6,hgage,,"{'Line in File': '3', 'Position in File': '6', 'Condition': '-', 'Local (Y/N)': 'N', 'TYPE': 'wco_c', 'Component': 'hgage', 'Type': 'unknown', 'Dimensions': '-', 'Swat_codetype': 'in_cli'}"
input,weather-sta.cli,3,7,wgage,,"{'Line in File': '3', 'Position in File': '7', 'Condition': '-', 'Local (Y/N)': 'N', 'TYPE': 'wco_c', 'Component': 'wgage', 'Type': 'unknown', 'Dimensions': '-', 'Swat_codetype': 'in_cli'}"
input,weather-sta.cli,3,8,petgage,,"{'Line in File': '3', 'Position in File': '8', 'Condition': '-', 'Local (Y/N)': 'N', 'TYPE': 'wco_c', 'Component': 'petgage', 'Type': 'unknown', 'Dimensions': '-', 'Swat_codetype': 'in_cli'}"
input,weather-sta.cli,3,9,atmodep,,"{'Line in File': '3', 'Position in File': '9', 'Condition': '-', 'Local (Y/N)': 'N', 'TYPE': 'wco_c', 'Component': 'atmodep', 'Type': 'unknown', 'Dimensions': '-', 'Swat_codetype': 'in_cli'}"
input,weather-wgn.cli,2,1,wgn_n(iwgn),"{'Line in File': '2', 'Position in File': '1', 'Condition': '-', 'Local (Y/N)': 'N', 'TYPE': '-', 'Component': 'wgn_n(iwgn)', 'Type': 'character(len=50)', 'Dimensions': 'allocatable', 'Swat_codetype': 'in_cli'}","{'Line in File': '2', 'Position in File': '1', 'Condition': '-', 'Local (Y/N)': 'N', 'TYPE': '-', 'Component': 'wgn_n(iwgn)', 'Type': 'character(len=50)', 'Dimensions': 'dimension (:), allocatable', 'Swat_codetype': 'in_cli'}"
input,weather-wgn.cli,4,1,tmpmx,"{'Line in File': '4', 'Position in File': '1', 'Condition': '-', 'Local (Y/N)': 'N', 'TYPE': 'wgn', 'Component': 'tmpmx', 'Type': 'real', 'Dimensions': '-', 'Swat_codetype': 'in_cli'}","{'Line in File': '4', 'Position in File': '1', 'Condition': '-', 'Local (Y/N)': 'N', 'TYPE': 'wgn', 'Component': 'tmpmx', 'Type': 'real', 'Dimensions': 'dimension (12)', 'Swat_codetype': 'in_cli'}"
input,weather-wgn.cli,4,10,pcpd,"{'Line in File': '4', 'Position in File': '10', 'Condition': '-', 'Local (Y/N)': 'N', 'TYPE': 'wgn', 'Component': 'pcpd', 'Type': 'real', 'Dimensions': '-', 'Swat_codetype': 'in_cli'}","{'Line in File': '4', 'Position in File': '10', 'Condition': '-', 'Local (Y/N)': 'N', 'TYPE': 'wgn', 'Component': 'pcpd', 'Type': 'real', 'Dimensions': 'dimension (12)', 'Swat_codetype': 'in_cli'}"
input,weather-wgn.cli,4,11,rainhmx,"{'Line in File': '4', 'Position in File': '11', 'Condition': '-', 'Local (Y/N)': 'N', 'TYPE': 'wgn', 'Component': 'rainhmx', 'Type': 'real', 'Dimensions': '-', 'Swat_codetype': 'in_cli'}","{'Line in File': '4', 'Position in File': '11', 'Condition': '-', 'Local (Y/N)': 'N', 'TYPE': 'wgn', 'Component': 'rainhmx', 'Type': 'real', 'Dimensions': 'dimension (12)', 'Swat_codetype': 'in_cli'}"
input,weather-wgn.cli,4,12,solarav,"{'Line in File': '4', 'Position in File': '12', 'Condition': '-', 'Local (Y/N)': 'N', 'TYPE': 'wgn', 'Component': 'solarav', 'Type': 'real', 'Dimensions': '-', 'Swat_codetype': 'in_cli'}","{'Line in File': '4', 'Position in File': '12', 'Condition': '-', 'Local (Y/N)': 'N', 'TYPE': 'wgn', 'Component': 'solarav', 'Type': 'real', 'Dimensions': 'dimension (12)', 'Swat_codetype': 'in_cli'}"
input,weather-wgn.cli,4,13,dewpt,"{'Line in File': '4', 'Position in File': '13', 'Condition': '-', 'Local (Y/N)': 'N', 'TYPE': 'wgn', 'Component': 'dewpt', 'Type': 'real', 'Dimensions': '-', 'Swat_codetype': 'in_cli'}","{'Line in File': '4', 'Position in File': '13', 'Condition': '-', 'Local (Y/N)': 'N', 'TYPE': 'wgn', 'Component': 'dewpt', 'Type': 'real', 'Dimensions': 'dimension (12)', 'Swat_codetype': 'in_cli'}"
input,weather-wgn.cli,4,14,windav,"{'Line in File': '4', 'Position in File': '14', 'Condition': '-', 'Local (Y/N)': 'N', 'TYPE': 'wgn', 'Component': 'windav', 'Type': 'real', 'Dimensions': '-', 'Swat_codetype': 'in_cli'}","{'Line in File': '4', 'Position in File': '14', 'Condition': '-', 'Local (Y/N)': 'N', 'TYPE': 'wgn', 'Component': 'windav', 'Type': 'real', 'Dimensions': 'dimension (12)', 'Swat_codetype': 'in_cli'}"
input,weather-wgn.cli,4,2,tmpmn,"{'Line in File': '4', 'Position in File': '2', 'Condition': '-', 'Local (Y/N)': 'N', 'TYPE': 'wgn', 'Component': 'tmpmn', 'Type': 'real', 'Dimensions': '-', 'Swat_codetype': 'in_cli'}","{'Line in File': '4', 'Position in File': '2', 'Condition': '-', 'Local (Y/N)': 'N', 'TYPE': 'wgn', 'Component': 'tmpmn', 'Type': 'real', 'Dimensions': 'dimension (12)', 'Swat_codetype': 'in_cli'}"
input,weather-wgn.cli,4,3,tmpstdmx,"{'Line in File': '4', 'Position in File': '3', 'Condition': '-', 'Local (Y/N)': 'N', 'TYPE': 'wgn', 'Component': 'tmpstdmx', 'Type': 'real', 'Dimensions': '-', 'Swat_codetype': 'in_cli'}","{'Line in File': '4', 'Position in File': '3', 'Condition': '-', 'Local (Y/N)': 'N', 'TYPE': 'wgn', 'Component': 'tmpstdmx', 'Type': 'real', 'Dimensions': 'dimension (12)', 'Swat_codetype': 'in_cli'}"
input,weather-wgn.cli,4,4,tmpstdmn,"{'Line in File': '4', 'Position in File': '4', 'Condition': '-', 'Local (Y/N)': 'N', 'TYPE': 'wgn', 'Component': 'tmpstdmn', 'Type': 'real', 'Dimensions': '-', 'Swat_codetype': 'in_cli'}","{'Line in File': '4', 'Position in File': '4', 'Condition': '-', 'Local (Y/N)': 'N', 'TYPE': 'wgn', 'Component': 'tmpstdmn', 'Type': 'real', 'Dimensions': 'dimension (12)', 'Swat_codetype': 'in_cli'}"
input,weather-wgn.cli,4,5,pcpmm,"{'Line in File': '4', 'Position in File': '5', 'Condition': '-', 'Local (Y/N)': 'N', 'TYPE': 'wgn', 'Component': 'pcpmm', 'Type': 'real', 'Dimensions': '-', 'Swat_codetype': 'in_cli'}","{'Line in File': '4', 'Position in File': '5', 'Condition': '-', 'Local (Y/N)': 'N', 'TYPE': 'wgn', 'Component': 'pcpmm', 'Type': 'real', 'Dimensions': 'dimension (12)', 'Swat_codetype': 'in_cli'}"
input,weather-wgn.cli,4,6,pcpstd,"{'Line in File': '4', 'Position in File': '6', 'Condition': '-', 'Local (Y/N)': 'N', 'TYPE': 'wgn', 'Component': 'pcpstd', 'Type': 'real', 'Dimensions': '-', 'Swat_codetype': 'in_cli'}","{'Line in File': '4', 'Position in File': '6', 'Condition': '-', 'Local (Y/N)': 'N', 'TYPE': 'wgn', 'Component': 'pcpstd', 'Type': 'real', 'Dimensions': 'dimension (12)', 'Swat_codetype': 'in_cli'}"
input,weather-wgn.cli,4,7,pcpskw,"{'Line in File': '4', 'Position in File': '7', 'Condition': '-', 'Local (Y/N)': 'N', 'TYPE': 'wgn', 'Component': 'pcpskw', 'Type': 'real', 'Dimensions': '-', 'Swat_codetype': 'in_cli'}","{'Line in File': '4', 'Position in File': '7', 'Condition': '-', 'Local (Y/N)': 'N', 'TYPE': 'wgn', 'Component': 'pcpskw', 'Type': 'real', 'Dimensions': 'dimension (12)', 'Swat_codetype': 'in_cli'}"
input,weather-wgn.cli,4,8,pr_wd,"{'Line in File': '4', 'Position in File': '8', 'Condition': '-', 'Local (Y/N)': 'N', 'TYPE': 'wgn', 'Component': 'pr_wd', 'Type': 'real', 'Dimensions': '-', 'Swat_codetype': 'in_cli'}","{'Line in File': '4', 'Position in File': '8', 'Condition': '-', 'Local (Y/N)': 'N', 'TYPE': 'wgn', 'Component': 'pr_wd', 'Type': 'real', 'Dimensions': 'dimension (12)', 'Swat_codetype': 'in_cli'}"
input,weather-wgn.cli,4,9,pr_ww,"{'Line in File': '4', 'Position in File': '9', 'Condition': '-', 'Local (Y/N)': 'N', 'TYPE': 'wgn', 'Component': 'pr_ww', 'Type': 'real', 'Dimensions': '-', 'Swat_codetype': 'in_cli'}","{'Line in File': '4', 'Position in File': '9', 'Condition': '-', 'Local (Y/N)': 'N', 'TYPE': 'wgn', 'Component': 'pr_ww', 'Type': 'real', 'Dimensions': 'dimension (12)', 'Swat_codetype': 'in_cli'}"
input,wnd(i)%filename,4,3,ts,"{'Line in File': '4', 'Position in File': '3', 'Condition': 'if (iyr > time%yrc)', 'Local (Y/N)': 'N', 'TYPE': 'wnd', 'Component': 'ts', 'Type': 'real', 'Dimensions': 'allocatable', 'Swat_codetype': 'wnd'}","{'Line in File': '4', 'Position in File': '3', 'Condition': 'if (iyr > time%yrc)', 'Local (Y/N)': 'N', 'TYPE': 'wnd', 'Component': 'ts', 'Type': 'real', 'Dimensions': 'dimension (:,:), allocatable', 'Swat_codetype': 'wnd'}"
input_output,gwflow.con,,,,,"{'Line': '-', 'Operation': 'Close', 'Raw Statement': 'close(107)'}"
input_output,gwflow.con,1,1,titldum,"{'Line in File': '1', 'Position in File': '1', 'Condition': '-', 'Local (Y/N)': 'Y', 'TYPE': '-', 'Component': 'titldum', 'Type': 'character(len=80)', 'Dimensions': '-', 'Swat_codetype': '-'}",
input_output,gwflow.con,2,1,header,"{'Line in File': '2', 'Position in File': '1', 'Condition': '-', 'Local (Y/N)': 'Y', 'TYPE': '-', 'Component': 'header', 'Type': 'character(len=80)', 'Dimensions': '-', 'Swat_codetype': '-'}",
input_output,gwflow.con,3,1,num,"{'Line in File': '3', 'Position in File': '1', 'Condition': 'if (ncs > 0)', 'Local (Y/N)': 'N', 'TYPE': 'ob', 'Component': 'num', 'Type': 'integer', 'Dimensions': '-', 'Swat_codetype': 'ob'}",
input_output,gwflow.con,3,10,constit,"{'Line in File': '3', 'Position in File': '10', 'Condition': 'if (ncs > 0)', 'Local (Y/N)': 'N', 'TYPE': 'ob', 'Component': 'constit', 'Type': 'integer', 'Dimensions': '-', 'Swat_codetype': 'ob'}",
input_output,gwflow.con,3,11,props2,"{'Line in File': '3', 'Position in File': '11', 'Condition': 'if (ncs > 0)', 'Local (Y/N)': 'N', 'TYPE': 'ob', 'Component': 'props2', 'Type': 'integer', 'Dimensions': '-', 'Swat_codetype': 'ob'}",
input_output,gwflow.con,3,12,ruleset,"{'Line in File': '3', 'Position in File': '12', 'Condition': 'if (ncs > 0)', 'Local (Y/N)': 'N', 'TYPE': 'ob', 'Component': 'ruleset', 'Type': 'character(len=16)', 'Dimensions': '-', 'Swat_codetype': 'ob'}",
input_output,gwflow.con,3,13,src_tot,"{'Line in File': '3', 'Position in File': '13', 'Condition': 'if (ncs > 0)', 'Local (Y/N)': 'N', 'TYPE': 'ob', 'Component': 'src_tot', 'Type': 'integer', 'Dimensions': '-', 'Swat_codetype': 'ob'}",
input_output,gwflow.con,3,14,obtyp_out,"{'Line in File': '3', 'Position in File': '14', 'Condition': 'if (ncs > 0)', 'Local (Y/N)': 'N', 'TYPE': 'ob', 'Component': 'obtyp_out', 'Type': 'character(len=3)', 'Dimensions': 'allocatable', 'Swat_codetype': 'ob'}",
input_output,gwflow.con,3,15,obtypno_out,"{'Line in File': '3', 'Position in File': '15', 'Condition': 'if (ncs > 0)', 'Local (Y/N)': 'N', 'TYPE': 'ob', 'Component': 'obtypno_out', 'Type': 'integer', 'Dimensions': 'allocatable', 'Swat_codetype': 'ob'}",
input_output,gwflow.con,3,16,htyp_out,"{'Line in File': '3', 'Position in File': '16', 'Condition': 'if (ncs > 0)', 'Local (Y/N)': 'N', 'TYPE': 'ob', 'Component': 'htyp_out', 'Type': 'character(len=3)', 'Dimensions': 'allocatable', 'Swat_codetype': 'ob'}",
input_output,gwflow.con,3,17,frac_out,"{'Line in File': '3', 'Position in File': '17', 'Condition': 'if (ncs > 0)', 'Local (Y/N)': 'N', 'TYPE': 'ob', 'Component': 'frac_out', 'Type': 'real', 'Dimensions': 'allocatable', 'Swat_codetype': 'ob'}",
input_output,gwflow.con,3,2,name,"{'Line in File': '3', 'Position in File': '2', 'Condition': 'if (ncs > 0)', 'Local (Y/N)': 'N', 'TYPE': 'ob', 'Component': 'name', 'Type': 'character(len=16)', 'Dimensions': '-', 'Swat_codetype': 'ob'}",
input_output,gwflow.con,3,3,gis_id,"{'Line in File': '3', 'Position in File': '3', 'Condition': 'if (ncs > 0)', 'Local (Y/N)': 'N', 'TYPE': 'ob', 'Component': 'gis_id', 'Type': 'integer(kind=8)', 'Dimensions': '-', 'Swat_codetype': 'ob'}",
input_output,gwflow.con,3,4,area_ha,"{'Line in File': '3', 'Position in File': '4', 'Condition': 'if (ncs > 0)', 'Local (Y/N)': 'N', 'TYPE': 'ob', 'Component': 'area_ha', 'Type': 'real', 'Dimensions': '-', 'Swat_codetype': 'ob'}",
input_output,gwflow.con,3,5,lat,"{'Line in File': '3', 'Position in File': '5', 'Condition': 'if (ncs > 0)', 'Local (Y/N)': 'N', 'TYPE': 'ob', 'Component': 'lat', 'Type': 'real', 'Dimensions': '-', 'Swat_codetype': 'ob'}",
input_output,gwflow.con,3,6,long,"{'Line in File': '3', 'Position in File': '6', 'Condition': 'if (ncs > 0)', 'Local (Y/N)': 'N', 'TYPE': 'ob', 'Component': 'long', 'Type': 'real', 'Dimensions': '-', 'Swat_codetype': 'ob'}",
input_output,gwflow.con,3,7,elev,"{'Line in File': '3', 'Position in File': '7', 'Condition': 'if (ncs > 0)', 'Local (Y/N)': 'N', 'TYPE': 'ob', 'Component': 'elev', 'Type': 'real', 'Dimensions': '-', 'Swat_codetype': 'ob'}",
input_output,gwflow.con,3,8,props,"{'Line in File': '3', 'Position in File': '8', 'Condition': 'if (ncs > 0)', 'Local (Y/N)': 'N', 'TYPE': 'ob', 'Component': 'props', 'Type': 'integer', 'Dimensions': '-', 'Swat_codetype': 'ob'}",
input_output,gwflow.con,3,9,wst_c,"{'Line in File': '3', 'Position in File': '9', 'Condition': 'if (ncs > 0)', 'Local (Y/N)': 'N', 'TYPE': 'ob', 'Component': 'wst_c', 'Type': 'character(len=50)', 'Dimensions': '-', 'Swat_codetype': 'ob'}",
output,cs_streamobs_output,,,,"{'Line': '83', 'Operation': 'Write', 'Raw Statement': 'write(8200,*)'}","{'Line': '85', 'Operation': 'Write', 'Raw Statement': 'write(8200,*)'}"
output,gwflow_balance_gw_aa,,,,"{'Line': '1752', 'Operation': 'Write', 'Raw Statement': 'write(out_gwbal_aa,105) time%yrc, ss_grid_tt%chng,ss_grid_tt%rech,ss_grid_tt%gwet,ss_grid_tt%gwsw,ss_grid_tt%swgw, ss_grid_tt%satx,ss_grid_tt%soil,ss_grid_tt%latl,ss_grid_tt%bndr,ss_grid_tt%ppag, ss_grid_tt%ppex,ss_grid_tt%tile,ss_grid_tt%resv,ss_grid_tt%wetl,ss_grid_tt%canl, ss_grid_tt%fpln,ss_grid_tt%ppdf'}","{'Line': '2003', 'Operation': 'Write', 'Raw Statement': 'write(out_gwbal_aa,120) (gwflow_hdr_aa(j),j=1,18)'}"
output,gwflow_balance_gw_day,,,,"{'Line': '736', 'Operation': 'Write', 'Raw Statement': 'write(out_gwbal,102) time%yrc,time%day,gw_time_step,vbef_grid,vaft_grid,rech_grid,gwet_grid,gwsw_grid,swgw_grid, satx_grid,soil_grid,latl_grid,bndr_grid,ppag_grid,ppex_grid, tile_grid,resv_grid,wetl_grid,canl_grid,fpln_grid, mass_error,frac_sat,depth_wt_avg,ppdf_grid'}","{'Line': '1937', 'Operation': 'Write', 'Raw Statement': 'write(out_gwbal,119) (gwflow_hdr_day(j),j=1,24)'}"
output,gwflow_balance_gw_yr,,,,"{'Line': '1647', 'Operation': 'Write', 'Raw Statement': 'write(out_gwbal_yr,105) time%yrc, ss_grid_yr%chng,ss_grid_yr%rech,ss_grid_yr%gwet,ss_grid_yr%gwsw,ss_grid_yr%swgw, ss_grid_yr%satx,ss_grid_yr%soil,ss_grid_yr%latl,ss_grid_yr%bndr,ss_grid_yr%ppag, ss_grid_yr%ppex,ss_grid_yr%tile,ss_grid_yr%resv,ss_grid_yr%wetl,ss_grid_yr%canl, ss_grid_yr%fpln,ss_grid_yr%ppdf'}","{'Line': '1970', 'Operation': 'Write', 'Raw Statement': 'write(out_gwbal_yr,120) (gwflow_hdr_yr(j),j=1,18)'}"
output,gwflow_balance_huc12,,,,"{'Line': '2214', 'Operation': 'Write', 'Raw Statement': 'write(out_huc12wb,112) huc12(n),(gw_huc12_wb(i,n),i=1,14)'}","{'Line': '2033', 'Operation': 'Write', 'Raw Statement': 'write(out_huc12wb,122) (gwflow_hdr_huc12(j),j=1,16)'}"
output,gwflow_flux_canl,,,,"{'Line': '1492', 'Operation': 'Write', 'Raw Statement': 'write(out_gw_canal,*)'}","{'Line': '1335', 'Operation': 'Write', 'Raw Statement': ""write(out_gw_canal,*) 'Annual canal seepage (m3/day)'""}"
output,gwflow_flux_floodplain,,,,"{'Line': '1533', 'Operation': 'Write', 'Raw Statement': 'write(out_gw_fp,*)'}","{'Line': '1176', 'Operation': 'Write', 'Raw Statement': ""write(out_gw_fp,*) 'Annual floodplain seepage (m3/day)'""}"
output,gwflow_flux_gwet,,,,"{'Line': '1108', 'Operation': 'Write', 'Raw Statement': 'write(out_gw_et,*)'}","{'Line': '790', 'Operation': 'Write', 'Raw Statement': ""write(out_gw_et,*) 'Annual groundwater ET rates (m3/day)'""}"
output,gwflow_flux_gwsw,,,,"{'Line': '1126', 'Operation': 'Write', 'Raw Statement': 'write(out_gwsw,*)'}","{'Line': '808', 'Operation': 'Write', 'Raw Statement': ""write(out_gwsw,*) 'Annual GW-SW Exchange flows (m3/day)'""}"
output,gwflow_flux_ppag,,,,"{'Line': '1306', 'Operation': 'Write', 'Raw Statement': 'write(out_gw_pumpag,*)'}","{'Line': '902', 'Operation': 'Write', 'Raw Statement': ""write(out_gw_pumpag,*) 'Annual pumping rate (m3/day) (irrigation)'""}"
output,gwflow_flux_pumping_deficient,,,,"{'Line': '1350', 'Operation': 'Write', 'Raw Statement': 'write(out_gw_pumpdef,*)'}","{'Line': '905', 'Operation': 'Write', 'Raw Statement': ""write(out_gw_pumpdef,*) 'Annual rate (m3/day) not satisfied (irrigation)'""}"
output,gwflow_flux_pumping_hru_mo,,,,"{'Line': '1725', 'Operation': 'Write', 'Raw Statement': 'write(out_hru_pump_mo,105) i,(hru_pump_mo_all(i,j),j=1,num_months)'}","{'Line': '922', 'Operation': 'Write', 'Raw Statement': ""write(out_hru_pump_mo,*) 'Columns: each month of the simulation'""}"
output,gwflow_flux_pumping_hru_obs,,,,"{'Line': '138', 'Operation': 'Write', 'Raw Statement': 'write(out_hru_pump_obs,119) time%yrc,time%day, (hru_pump_obs(i),i=1,num_hru_pump_obs)'}","{'Line': '937', 'Operation': 'Write', 'Raw Statement': ""write(out_hru_pump_obs,*) 'Time(day) Daily pumping (m3)'""}"
output,gwflow_flux_pumping_hru_yr,,,,"{'Line': '1726', 'Operation': 'Write', 'Raw Statement': 'write(out_hru_pump_yr,105) i,(hru_pump_yr_all(i,j),j=1,time%nbyr)'}","{'Line': '919', 'Operation': 'Write', 'Raw Statement': ""write(out_hru_pump_yr,*) 'Columns: each year of the simulation'""}"
output,gwflow_flux_rech,,,,"{'Line': '1069', 'Operation': 'Write', 'Raw Statement': 'write(out_gw_rech,*)'}","{'Line': '782', 'Operation': 'Write', 'Raw Statement': ""write(out_gw_rech,*) 'Annual recharge flow (m3/day)'""}"
output,gwflow_flux_resv,,,,"{'Line': '1410', 'Operation': 'Write', 'Raw Statement': 'write(out_gw_res,*)'}","{'Line': '1104', 'Operation': 'Write', 'Raw Statement': ""write(out_gw_res,*) 'Annual groundwater-reservoir exchange (m3/day)'""}"
output,gwflow_flux_satx,,,,"{'Line': '1166', 'Operation': 'Write', 'Raw Statement': 'write(out_gw_satex,*)'}","{'Line': '895', 'Operation': 'Write', 'Raw Statement': ""write(out_gw_satex,*) 'Annual saturation excess flows (m3/day)'""}"
output,gwflow_flux_soil,,,,"{'Line': '1207', 'Operation': 'Write', 'Raw Statement': 'write(out_gw_soil,*)'}","{'Line': '840', 'Operation': 'Write', 'Raw Statement': ""write(out_gw_soil,*) 'Annual groundwater-->soil transfers (m3/day)'""}"
output,gwflow_flux_tile,,,,"{'Line': '1266', 'Operation': 'Write', 'Raw Statement': 'write(out_gw_tile,*)'}","{'Line': '1046', 'Operation': 'Write', 'Raw Statement': ""write(out_gw_tile,*) 'Annual tile flows (m3/day)'""}"
output,gwflow_flux_wetland,,,,"{'Line': '1451', 'Operation': 'Write', 'Raw Statement': 'write(out_gw_wet,*)'}","{'Line': '1118', 'Operation': 'Write', 'Raw Statement': ""write(out_gw_wet,*) 'Annual groundwater outflow to wetlands (m3/day)'""}"
output,gwflow_mass_canl,,,,"{'Line': '1511', 'Operation': 'Write', 'Raw Statement': 'write(out_sol_canl,*)'}","{'Line': '1642', 'Operation': 'Write', 'Raw Statement': ""write(out_sol_canl,*) 'Annual canal seepage mass (kg/day)'""}"
output,gwflow_mass_fpln,,,,"{'Line': '1552', 'Operation': 'Write', 'Raw Statement': 'write(out_sol_fpln,*)'}","{'Line': '1637', 'Operation': 'Write', 'Raw Statement': ""write(out_sol_fpln,*) 'Annual floodplain seepage mass (kg/day)'""}"
output,gwflow_mass_gwsw,,,,"{'Line': '1145', 'Operation': 'Write', 'Raw Statement': 'write(out_sol_gwsw,*)'}","{'Line': '1598', 'Operation': 'Write', 'Raw Statement': ""write(out_sol_gwsw,*) 'Annual gw-channel exchange mass (kg/day)'""}"
output,gwflow_mass_ppag,,,,"{'Line': '1325', 'Operation': 'Write', 'Raw Statement': 'write(out_sol_ppag,*)'}","{'Line': '1613', 'Operation': 'Write', 'Raw Statement': ""write(out_sol_ppag,*) 'Annual mass in pumping (kg/day) (irrigation)'""}"
output,gwflow_mass_ppex,,,,"{'Line': '1388', 'Operation': 'Write', 'Raw Statement': 'write(out_sol_ppex,*)'}","{'Line': '1617', 'Operation': 'Write', 'Raw Statement': ""write(out_sol_ppex,*) 'Annual mass in pumping (kg/day) (specified)'""}"
output,gwflow_mass_rech,,,,"{'Line': '1088', 'Operation': 'Write', 'Raw Statement': 'write(out_sol_rech,*)'}","{'Line': '1591', 'Operation': 'Write', 'Raw Statement': ""write(out_sol_rech,*) 'Annual recharge mass (kg/day)'""}"
output,gwflow_mass_resv,,,,"{'Line': '1429', 'Operation': 'Write', 'Raw Statement': 'write(out_sol_resv,*)'}","{'Line': '1627', 'Operation': 'Write', 'Raw Statement': ""write(out_sol_resv,*) 'Annual groundwater-reservoir exchange mass (kg/day)'""}"
output,gwflow_mass_satx,,,,"{'Line': '1185', 'Operation': 'Write', 'Raw Statement': 'write(out_sol_satx,*)'}","{'Line': '1609', 'Operation': 'Write', 'Raw Statement': ""write(out_sol_satx,*) 'Annual saturation excess flow mass (kg/day)'""}"
output,gwflow_mass_soil,,,,"{'Line': '1226', 'Operation': 'Write', 'Raw Statement': 'write(out_sol_soil,*)'}","{'Line': '1602', 'Operation': 'Write', 'Raw Statement': ""write(out_sol_soil,*) 'Annual groundwater-->soil mass transfer (kg/day)'""}"
output,gwflow_mass_tile,,,,"{'Line': '1285', 'Operation': 'Write', 'Raw Statement': 'write(out_sol_tile,*)'}","{'Line': '1622', 'Operation': 'Write', 'Raw Statement': ""write(out_sol_tile,*) 'Annual mass in tile flow (kg/day)'""}"
output,gwflow_mass_wetl,,,,"{'Line': '1470', 'Operation': 'Write', 'Raw Statement': 'write(out_sol_wetl,*)'}","{'Line': '1632', 'Operation': 'Write', 'Raw Statement': ""write(out_sol_wetl,*) 'Annual groundwater-wetland exchange mass (kg/day)'""}"
output,gwflow_record,,,,"{'Line': '92', 'Operation': 'Write', 'Raw Statement': ""write(out_gw,*) 'gwflow subroutine called:',time%yrc,time%day""}","{'Line': '87', 'Operation': 'Write', 'Raw Statement': 'write(out_gw,*)'}"
output,gwflow_state_conc,,,,"{'Line': '542', 'Operation': 'Write', 'Raw Statement': 'write(out_gwconc,*)'}","{'Line': '2353', 'Operation': 'Write', 'Raw Statement': 'write(out_gwconc,*)'}"
output,gwflow_state_conc_mo,,,,"{'Line': '937', 'Operation': 'Write', 'Raw Statement': 'write(out_conc_mo,*)'}","{'Line': '2371', 'Operation': 'Write', 'Raw Statement': 'write(out_conc_mo,*)'}"
output,gwflow_state_conc_yr,,,,"{'Line': '1006', 'Operation': 'Write', 'Raw Statement': 'write(out_conc_yr,*)'}","{'Line': '2373', 'Operation': 'Write', 'Raw Statement': 'write(out_conc_yr,*)'}"
output,gwflow_state_head,,,,"{'Line': '523', 'Operation': 'Write', 'Raw Statement': 'write(out_gwheads,*)'}","{'Line': '2331', 'Operation': 'Write', 'Raw Statement': 'write(out_gwheads,*)'}"
output,gwflow_state_head_mo,,,,"{'Line': '902', 'Operation': 'Write', 'Raw Statement': 'write(out_head_mo,*)'}","{'Line': '2361', 'Operation': 'Write', 'Raw Statement': 'write(out_head_mo,*)'}"
output,gwflow_state_head_yr,,,,"{'Line': '971', 'Operation': 'Write', 'Raw Statement': 'write(out_head_yr,*)'}","{'Line': '2363', 'Operation': 'Write', 'Raw Statement': 'write(out_head_yr,*)'}"
output,gwflow_state_hydsep,,,,"{'Line': '568', 'Operation': 'Write', 'Raw Statement': 'write(out_hyd_sep,102) time%yrc,time%day,i_chan,(hyd_sep_array(i_chan,i_count),i_count=1,7)'}","{'Line': '2426', 'Operation': 'Write', 'Raw Statement': 'write(out_hyd_sep,121) (hydsep_hdr(j),j=1,10)'}"
output,gwflow_state_obs_conc,,,,"{'Line': '576', 'Operation': 'Write', 'Raw Statement': 'write(out_gwobs_sol,119) time%yrc,time%day,(gw_obs_solute(k,1),k=1,gw_num_obs_wells), (gw_obs_solute(k,2),k=1,gw_num_obs_wells)'}","{'Line': '1651', 'Operation': 'Write', 'Raw Statement': 'write(out_gwobs_sol,*)'}"
output,gwflow_state_obs_flow,,,,"{'Line': '2206', 'Operation': 'Write', 'Raw Statement': 'write(out_strobs,*)'}","{'Line': '2382', 'Operation': 'Write', 'Raw Statement': ""write(out_strobs,*) 'Channels: observed vs. simulated monthly values'""}"
output,gwflow_state_obs_head,,,,"{'Line': '573', 'Operation': 'Write', 'Raw Statement': 'write(out_gwobs,119) time%yrc,time%day,(gw_obs_head(k),k=1,gw_num_obs_wells)'}","{'Line': '653', 'Operation': 'Write', 'Raw Statement': 'write(out_gwobs,*)'}"
output,gwflow_state_obs_head_usgs,,,,"{'Line': '1939', 'Operation': 'Write', 'Raw Statement': 'write(out_gwobs_usgs,110) write_yr,usgs_id(k),gw_obs_cells(k),usgs_head_vals(k,usgs_yr), sim_head_vals(k,j),sim_sat_vals(k,j)'}","{'Line': '696', 'Operation': 'Write', 'Raw Statement': ""write(out_gwobs_usgs,*) 'Average annual heads: USGS observed vs. simulated'""}"
output,gwflow_tile_cell_groups,,,,"{'Line': '185', 'Operation': 'Write', 'Raw Statement': 'write(out_tile_cells,102) time%day,time%yrc, (sum_tile(i),i=1,gw_tile_num_group)'}","{'Line': '1002', 'Operation': 'Write', 'Raw Statement': ""write(out_tile_cells,*) 'Total tile flow (m3/sec)'""}"
output,hru-new.cal,,,,"{'Line': '33', 'Operation': 'Open', 'Raw Statement': 'open (5000,file=""hru-new.cal"", recl = 800)'}",
output,hru-out.cal,,,,"{'Line': '26', 'Operation': 'Write', 'Raw Statement': 'write (4999,*) calb_hdr'}","{'Line': '89', 'Operation': 'Write', 'Raw Statement': 'write (4999,*) hlt(isdh)%name, hlt_db(idb)%dakm2, hlt(isdh)%cn2, hlt(isdh)%cn3_swf, hlt_db(idb)%tc, hlt_db(idb)%soildep, hlt(isdh)%perco, hlt_db(isdh)%slope, hlt_db(idb)%slopelen, hlt(isdh)%etco, hlt_db(idb)%sy, hlt_db(idb)%abf, hlt(idb)%revapc, hlt_db(idb)%percc, hlt_db(idb)%sw, hlt_db(idb)%gw, hlt_db(idb)%gwflow, hlt_db(idb)%gwdeep, hlt_db(idb)%snow, hlt_db(idb)%xlat, hlt_db(idb)%text, hlt_db(idb)%tropical, hlt_db(idb)%igrow1, hlt_db(idb)%igrow2, hlt_db(idb)%plant, hlt(isdh)%stress, hlt_db(idb)%ipet, hlt_db(idb)%irr, hlt_db(idb)%irrsrc, hlt_db(idb)%tdrain, hlt_db(idb)%uslek, hlt_db(idb)%uslec, hlt_db(idb)%uslep, hlt_db(idb)%uslels'}"
output,hydrology-cal.hyd,,,,"{'Line': '39', 'Operation': 'Open', 'Raw Statement': 'open (5001,file=""hydrology-cal.hyd"", recl = 800)'}",
output,unit_*,,,,"{'Line': '426', 'Operation': 'Write', 'Raw Statement': 'write (*,1002)'}","{'Line': '427', 'Operation': 'Write', 'Raw Statement': 'write (*,1002)'}"
output,unit_4544,,,,,"{'Line': '41', 'Operation': 'Write', 'Raw Statement': 'write (4544,\'(*(G0.3,:"",""))\') time%day, time%mo, time%day_mo, time%yrc, j, ob(iob)%gis_id, ob(iob)%name, hpc_d(j)'}"
output,unit_9003,,,,"{'Line': '46', 'Operation': 'Write', 'Raw Statement': 'write (9003,111) ""reading from wx station file "", date_time(5), date_time(6), date_time(7)'}",
